{
  "dataset_info": {
    "total_samples": 1998,
    "total_features": 68,
    "total_targets": 8,
    "feature_types": {
      "binary": 57,
      "categorical": 0,
      "numeric": 68,
      "embeddings": 0
    },
    "target_distributions": {
      "fine_imposed": {
        "type": "binary",
        "unique_values": 2,
        "null_count": 0,
        "value_counts": {
          "0": 1028,
          "1": 970
        }
      },
      "fine_amount_log": {
        "type": "multiclass",
        "unique_values": 212,
        "null_count": 0,
        "value_counts": {
          "0.0": 590,
          "8.006700845440367": 492,
          "7.601402334583733": 52,
          "8.517393171418904": 48,
          "9.210440366976517": 42,
          "9.90353755128617": 36,
          "6.90875477931522": 35,
          "10.819798284210286": 24,
          "9.61587214452889": 21,
          "8.294299608857235": 20,
          "8.699681400989514": 20,
          "12.206077645517674": 20,
          "11.51293546492023": 19,
          "10.308985993422082": 19,
          "11.156264806643742": 17,
          "11.225256725762893": 16,
          "11.002116507732017": 15,
          "7.313886831633462": 14,
          "10.596659732783579": 14,
          "12.611541086966115": 14,
          "11.695255355062795": 14,
          "9.392745258631441": 13,
          "8.987321812850125": 13,
          "11.918397239722838": 13,
          "10.12667110305036": 13,
          "11.289794413577894": 11,
          "10.085850775128717": 10,
          "13.122365377402328": 10,
          "12.899222326086994": 10,
          "13.304686600863562": 10,
          "15.424948670398354": 9,
          "7.0909098220799835": 9,
          "13.815511557963774": 9,
          "6.2166061010848646": 8,
          "16.118095750958314": 7,
          "10.778977123006351": 7,
          "10.714439990727769": 6,
          "6.398594934535208": 6,
          "10.933124826700707": 6,
          "9.798182590890704": 6,
          "13.592368256649284": 5,
          "7.496097345175956": 5,
          "10.645448706505872": 5,
          "12.429220196836383": 5,
          "14.914123179965662": 5,
          "14.508658238524095": 5,
          "12.100717685412471": 5,
          "13.171155446333852": 5,
          "11.407576060361786": 5,
          "5.707110264748875": 5,
          "7.824445930877619": 4,
          "6.803505257608338": 4,
          "13.997832948091215": 4,
          "15.201805169084134": 4,
          "8.922791623969637": 4,
          "15.068273812173887": 4,
          "9.105090961257085": 3,
          "10.915106645867503": 3,
          "14.731801689838349": 3,
          "13.710151153416941": 3,
          "11.350418300109132": 3,
          "18.197537205138154": 3,
          "14.220976332738882": 3,
          "12.388398368982115": 3,
          "7.3783837129967145": 3,
          "10.491301994830229": 3,
          "11.472113887062386": 3,
          "9.680406499268875": 3,
          "9.741027444837728": 3,
          "16.811242881518265": 3,
          "17.370858648025116": 3,
          "13.527829818844937": 3,
          "15.830413711839864": 3,
          "8.853808274977197": 3,
          "12.994532278619134": 2,
          "12.04355959836804": 2,
          "16.52356082573315": 2,
          "15.607270193858982": 2,
          "16.300417291085605": 2,
          "11.736077016252437": 2,
          "13.038983942375959": 2,
          "11.082157933374816": 2,
          "14.180535543074416": 2,
          "14.285514812209815": 2,
          "13.317931805683793": 2,
          "8.160803920954665": 2,
          "13.493928313146206": 2,
          "11.184435286790631": 2,
          "15.320003201846868": 1,
          "16.63269022330622": 1,
          "14.77102238760702": 1,
          "8.740496729931813": 1,
          "10.165890277802454": 1,
          "15.008319376255447": 1,
          "17.140652580236743": 1,
          "9.769727562356604": 1,
          "13.910821646859095": 1,
          "14.684825818118206": 1,
          "9.433563920090563": 1,
          "8.824824939175638": 1,
          "7.650168700845001": 1,
          "8.575650760987806": 1,
          "8.936035096566041": 1,
          "7.937731775260109": 1,
          "15.404745967162468": 1,
          "15.373655386537118": 1,
          "13.017005083966255": 1,
          "11.711784520403112": 1,
          "8.77971129020447": 1,
          "14.827111833279051": 1,
          "13.244582780038517": 1,
          "14.151983508870947": 1,
          "16.648723960844016": 1,
          "15.84775251982444": 1,
          "14.912501866887638": 1,
          "17.909855136853043": 1,
          "16.15731646026544": 1,
          "17.72753358339242": 1,
          "14.375126917328105": 1,
          "13.711693117819493": 1,
          "15.894952224644102": 1,
          "17.50439003707821": 1,
          "17.281246492014": 1,
          "17.378223119119006": 1,
          "12.278397958261774": 1,
          "15.123843647884687": 1,
          "17.622173069956816": 1,
          "7.244941546337007": 1,
          "11.757517347490309": 1,
          "11.561725152903833": 1,
          "10.613024681075675": 1,
          "17.216707972959764": 1,
          "17.44932384619553": 1,
          "9.04793908261736": 1,
          "12.644330802262578": 1,
          "19.23161096461314": 1,
          "20.088387566397234": 1,
          "19.34096350108012": 1,
          "13.702049543902207": 1,
          "13.428226174343434": 1,
          "9.99884318585288": 1,
          "12.323860125621126": 1,
          "8.412054873292933": 1,
          "12.509877789891931": 1,
          "14.845130332288226": 1,
          "14.652758515398315": 1,
          "11.580593459194764": 1,
          "13.07107218827772": 1,
          "6.175867270105761": 1,
          "8.188966863648876": 1,
          "8.476579508530941": 1,
          "7.783640596221253": 1,
          "8.962007209588313": 1,
          "14.557448378884015": 1,
          "8.343077871169383": 1,
          "14.739769856312924": 1,
          "10.404293143019792": 1,
          "10.463131911491967": 1,
          "10.691967639914864": 1,
          "11.790564777297387": 1,
          "15.913528607916424": 1,
          "12.793862088206213": 1,
          "12.506180941677357": 1,
          "12.301387370778713": 1,
          "12.807655372286902": 1,
          "9.546884034617925": 1,
          "9.952325334619427": 1,
          "16.380459992348886": 1,
          "17.87595358575207": 1,
          "12.765691290604371": 1,
          "13.217675375388819": 1,
          "18.132998684833918": 1,
          "11.49273296168228": 1,
          "14.115615891155079": 1,
          "11.884495917930655": 1,
          "11.775297421715827": 1,
          "14.038654909278163": 1,
          "16.72786127692704": 1,
          "10.896757843893464": 1,
          "8.741296282225147": 1,
          "18.420680753952364": 1,
          "5.303304908059076": 1,
          "13.399996629152975": 1,
          "10.757924157061597": 1,
          "10.404656702268806": 1,
          "10.856630811006672": 1,
          "9.375091807576673": 1,
          "13.209914442069696": 1,
          "10.068196582013169": 1,
          "7.350516171833998": 1,
          "12.381478678448937": 1,
          "9.521128433142438": 1,
          "11.823625577967215": 1,
          "13.951693930978179": 1,
          "10.298398494185761": 1,
          "11.977772069593474": 1,
          "15.407137390654214": 1,
          "16.644754741195534": 1,
          "14.23937600342996": 1,
          "12.775893328802736": 1,
          "13.943882664330474": 1,
          "15.215010835851032": 1,
          "13.264246546647021": 1,
          "10.72980981224849": 1,
          "9.680031452383618": 1,
          "11.357312049199503": 1,
          "9.808792183696804": 1,
          "8.162276700492368": 1,
          "10.054361440970256": 1,
          "7.063903961472068": 1,
          "5.017279836814924": 1,
          "10.859018228147887": 1
        }
      },
      "fine_category": {
        "type": "multiclass",