{
  "dataset_info": {
    "total_samples": 999,
    "total_features": 68,
    "total_targets": 8,
    "feature_types": {
      "binary": 57,
      "categorical": 0,
      "numeric": 68,
      "embeddings": 0
    },
    "target_distributions": {
      "fine_imposed": {
        "type": "binary",
        "unique_values": 2,
        "null_count": 0,
        "value_counts": {
          "1": 526,
          "0": 473
        }
      },
      "fine_amount_log": {
        "type": "multiclass",
        "unique_values": 117,
        "null_count": 0,
        "value_counts": {
          "0.0": 299,
          "7.824445930877619": 175,
          "8.006700845440367": 45,
          "7.601402334583733": 38,
          "8.517393171418904": 30,
          "9.210440366976517": 21,
          "6.90875477931522": 18,
          "8.294299608857235": 14,
          "7.313886831633462": 14,
          "10.819798284210286": 13,
          "8.699681400989514": 13,
          "11.156264806643742": 13,
          "12.206077645517674": 13,
          "11.002116507732017": 12,
          "9.392745258631441": 11,
          "9.90353755128617": 11,
          "10.308985993422082": 11,
          "10.085850775128717": 10,
          "11.51293546492023": 10,
          "11.695255355062795": 10,
          "11.225256725762893": 9,
          "7.0909098220799835": 9,
          "9.61587214452889": 8,
          "10.778977123006351": 7,
          "6.2166061010848646": 7,
          "10.12667110305036": 7,
          "10.596659732783579": 6,
          "6.398594934535208": 6,
          "10.933124826700707": 6,
          "8.987321812850125": 5,
          "12.611541086966115": 5,
          "10.645448706505872": 5,
          "11.289794413577894": 5,
          "5.707110264748875": 5,
          "7.496097345175956": 5,
          "9.798182590890704": 4,
          "10.714439990727769": 4,
          "12.100717685412471": 4,
          "11.472113887062386": 3,
          "9.680406499268875": 3,
          "8.853808274977197": 3,
          "15.201805169084134": 3,
          "15.068273812173887": 3,
          "13.122365377402328": 3,
          "7.3783837129967145": 3,
          "6.803505257608338": 3,
          "11.407576060361786": 3,
          "9.105090961257085": 3,
          "10.491301994830229": 3,
          "12.04355959836804": 2,
          "11.184435286790631": 2,
          "9.741027444837728": 2,
          "14.914123179965662": 2,
          "13.304686600863562": 2,
          "13.997832948091215": 2,
          "8.922791623969637": 2,
          "11.918397239722838": 2,
          "14.220976332738882": 2,
          "10.915106645867503": 2,
          "13.264246546647021": 1,
          "10.72980981224849": 1,
          "8.343077871169383": 1,
          "14.739769856312924": 1,
          "14.557448378884015": 1,
          "5.303304908059076": 1,
          "8.962007209588313": 1,
          "13.038983942375959": 1,
          "6.175867270105761": 1,
          "10.896757843893464": 1,
          "8.188966863648876": 1,
          "8.476579508530941": 1,
          "5.017279836814924": 1,
          "12.899222326086994": 1,
          "11.580593459194764": 1,
          "7.063903961472068": 1,
          "8.741296282225147": 1,
          "7.783640596221253": 1,
          "10.054361440970256": 1,
          "8.162276700492368": 1,
          "9.808792183696804": 1,
          "11.357312049199503": 1,
          "9.680031452383618": 1,
          "14.508658238524095": 1,
          "10.404293143019792": 1,
          "14.652758515398315": 1,
          "10.463131911491967": 1,
          "10.691967639914864": 1,
          "16.72786127692704": 1,
          "14.038654909278163": 1,
          "11.775297421715827": 1,
          "11.884495917930655": 1,
          "14.115615891155079": 1,
          "11.350418300109132": 1,
          "11.49273296168228": 1,
          "14.731801689838349": 1,
          "18.132998684833918": 1,
          "13.217675375388819": 1,
          "12.765691290604371": 1,
          "15.830413711839864": 1,
          "17.87595358575207": 1,
          "16.380459992348886": 1,
          "16.300417291085605": 1,
          "17.370858648025116": 1,
          "16.52356082573315": 1,
          "9.952325334619427": 1,
          "9.546884034617925": 1,
          "12.807655372286902": 1,
          "12.429220196836383": 1,
          "12.301387370778713": 1,
          "14.285514812209815": 1,
          "12.506180941677357": 1,
          "12.793862088206213": 1,
          "12.388398368982115": 1,
          "15.913528607916424": 1,
          "15.424948670398354": 1,
          "11.790564777297387": 1,
          "14.180535543074416": 1
        }
      },
      "fine_category": {
        "type": "multiclass",
        "unique_values": 6,
        "null_count": 0,
        "value_counts": {
          "0": 299,
          "1": 256,
          "2": 183,
          "-1": 174,
          "3": 56,
          "4": 31
        }
      },
      "severe_measures": {
        "type": "binary",
        "unique_values": 2,
        "null_count": 0,
        "value_counts": {
          "1": 551,
          "0": 448
        }
      },
      "remedy_only": {
        "type": "binary",
        "unique_values": 2,
        "null_count": 0,
        "value_counts": {
          "0": 786,
          "1": 213
        }
      },
      "article5_violation": {
        "type": "binary",
        "unique_values": 2,
        "null_count": 0,
        "value_counts": {
          "1": 509,
          "0": 490
        }
      },
      "rights_violation": {
        "type": "binary",
        "unique_values": 2,
        "null_count": 0,
        "value_counts": {
          "1": 543,
          "0": 456
        }
      },
      "enforcement_outcome": {
        "type": "multiclass",
        "unique_values": 3,
        "null_count": 0,
        "value_counts": {
          "2": 404,
          "0": 326,
          "1": 269
        }
      }
    }
  },
  "feature_categories": {
    "geographic": [
      "country_eu",
      "country_eea",
      "country_non_eea"
    ],
    "temporal": [
      "decision_year",
      "years_since_gdpr",
      "decision_year_normalized",
      "quarter_q1",
      "quarter_q2",
      "quarter_q3",
      "quarter_q4"
    ],
    "legal_complexity": [
      "n_principles_discussed",
      "n_principles_violated",
      "n_corrective_measures",
      "legal_complexity_index"
    ],
    "violation_types": [
      "article5_LAWFULNESS_FAIRNESS_TRANSPARENCY",
      "article5_PURPOSE_LIMITATION",
      "article5_DATA_MINIMISATION",
      "article5_ACCURACY",
      "article5_STORAGE_LIMITATION",
      "article5_SECURITY",
      "article5_ACCOUNTABILITY",
      "article5_NONE_VIOLATED",
      "article5_NOT_DETERMINED",
      "rights_ACCESS",
      "rights_RECTIFICATION",
      "rights_ERASURE",
      "rights_RESTRICTION_OF_PROCESSING",
      "rights_DATA_PORTABILITY",
      "rights_OBJECTION",
      "rights_AUTOMATED_DECISION_MAKING",
      "rights_INFORMATION_OBLIGATIONS",
      "rights_NONE_VIOLATED",
      "rights_NOT_DETERMINED"
    ],
    "enforcement": [
      "violation_severity_index"
    ],
    "embeddings": [],
    "economic": [
      "has_turnover_info",
      "turnover_log1p"
    ],
    "dpa_characteristics": [
      "dpa_frequency",
      "dpa_avg_fine"
    ],
    "sector": [
      "sector_J",
      "sector_Q",
      "sector_I",
      "sector_L",
      "sector_O",
      "sector_M",
      "sector_K",
      "sector_N",
      "sector_P",
      "sector_G",
      "sector_S",
      "sector_R",
      "sector_D",
      "sector_C",
      "sector_H",
      "sector_F",
      "sector_E"
    ]
  },
  "target_variables": {
    "regression_targets": [
      "fine_amount_log"
    ],
    "classification_targets": [
      "fine_imposed",
      "fine_category",
      "severe_measures",
      "remedy_only",
      "article5_violation",
      "rights_violation",
      "enforcement_outcome"
    ],