source_id,target_id,distance,weight,match_rank,match_type,stratum_key,source_country,target_country
Spain_176,Romania_166,0.25,1.0,1,cross,0|0|0|1|0|nan|NA|ORGANIZATION,ES,RO
Spain_386,Italy_160,0.25,1.0,1,cross,0|0|0|1|0|nan|NA|ORGANIZATION,ES,IT
Spain_601,Italy_237,0.2,1.0,1,cross,0|0|0|1|0|nan|NA|ORGANIZATION,ES,IT
Romania_166,Spain_176,0.25,1.0,1,cross,0|0|0|1|0|nan|NA|ORGANIZATION,RO,ES
Norway_14,Italy_211,0.2,0.3333333333333333,1,cross,0|0|0|1|0|nan|NA|ORGANIZATION,NO,IT
Norway_14,Italy_249,0.2,0.3333333333333333,2,cross,0|0|0|1|0|nan|NA|ORGANIZATION,NO,IT
Norway_14,Iceland_92,0.2,0.3333333333333333,3,cross,0|0|0|1|0|nan|NA|ORGANIZATION,NO,IS
Netherlands_9,Iceland_25,0.2,1.0,1,cross,0|0|0|1|0|nan|NA|ORGANIZATION,NL,IS
Italy_160,Spain_386,0.25,1.0,1,cross,0|0|0|1|0|nan|NA|ORGANIZATION,IT,ES
Italy_211,Norway_14,0.2,0.5,1,cross,0|0|0|1|0|nan|NA|ORGANIZATION,IT,NO
Italy_211,Iceland_92,0.2,0.5,2,cross,0|0|0|1|0|nan|NA|ORGANIZATION,IT,IS
Italy_237,Spain_601,0.2,1.0,1,cross,0|0|0|1|0|nan|NA|ORGANIZATION,IT,ES
Italy_249,Norway_14,0.2,0.5,1,cross,0|0|0|1|0|nan|NA|ORGANIZATION,IT,NO
Italy_249,Iceland_92,0.2,0.5,2,cross,0|0|0|1|0|nan|NA|ORGANIZATION,IT,IS
Iceland_25,Netherlands_9,0.2,1.0,1,cross,0|0|0|1|0|nan|NA|ORGANIZATION,IS,NL
Iceland_92,Norway_14,0.2,0.3333333333333333,1,cross,0|0|0|1|0|nan|NA|ORGANIZATION,IS,NO
Iceland_92,Italy_211,0.2,0.3333333333333333,2,cross,0|0|0|1|0|nan|NA|ORGANIZATION,IS,IT
Iceland_92,Italy_249,0.2,0.3333333333333333,3,cross,0|0|0|1|0|nan|NA|ORGANIZATION,IS,IT
Spain_454,France_36,0.25,1.0,1,cross,0|0|0|1|NA|nan|J|ORGANIZATION,ES,FR
France_36,Spain_454,0.25,1.0,1,cross,0|0|0|1|NA|nan|J|ORGANIZATION,FR,ES
Spain_274,Romania_5,0.2,0.5,1,cross,0|0|0|1|NA|nan|NA|NATURAL_PERSON,ES,RO
Spain_274,Greece_27,0.2,0.5,2,cross,0|0|0|1|NA|nan|NA|NATURAL_PERSON,ES,GR
Spain_320,Romania_5,0.2,0.5,1,cross,0|0|0|1|NA|nan|NA|NATURAL_PERSON,ES,RO
Spain_320,Greece_27,0.2,0.5,2,cross,0|0|0|1|NA|nan|NA|NATURAL_PERSON,ES,GR
Romania_5,Spain_274,0.2,0.3333333333333333,1,cross,0|0|0|1|NA|nan|NA|NATURAL_PERSON,RO,ES
Romania_5,Spain_320,0.2,0.3333333333333333,2,cross,0|0|0|1|NA|nan|NA|NATURAL_PERSON,RO,ES
Romania_5,Greece_27,0.2,0.3333333333333333,3,cross,0|0|0|1|NA|nan|NA|NATURAL_PERSON,RO,GR
Greece_27,Spain_274,0.2,0.3333333333333333,1,cross,0|0|0|1|NA|nan|NA|NATURAL_PERSON,GR,ES
Greece_27,Spain_320,0.2,0.3333333333333333,2,cross,0|0|0|1|NA|nan|NA|NATURAL_PERSON,GR,ES
Greece_27,Romania_5,0.2,0.3333333333333333,3,cross,0|0|0|1|NA|nan|NA|NATURAL_PERSON,GR,RO
United Kingdom_52,Norway_52,0.22857142857142856,1.0,1,cross,0|0|0|1|NA|nan|NA|ORGANIZATION,GB,NO
United Kingdom_61,Greece_48,0.0,0.2,1,cross,0|0|0|1|NA|nan|NA|ORGANIZATION,UNCLEAR,GR
United Kingdom_61,Romania_95,0.02857142857142857,0.2,2,cross,0|0|0|1|NA|nan|NA|ORGANIZATION,UNCLEAR,RO
United Kingdom_61,Germany_2,0.06190476190476191,0.2,3,cross,0|0|0|1|NA|nan|NA|ORGANIZATION,UNCLEAR,DE
United Kingdom_61,Romania_154,0.06666666666666667,0.2,4,cross,0|0|0|1|NA|nan|NA|ORGANIZATION,UNCLEAR,RO
United Kingdom_61,Romania_82,0.2,0.2,5,cross,0|0|0|1|NA|nan|NA|ORGANIZATION,UNCLEAR,RO
Sweden_32,Romania_122,0.22857142857142856,0.5,1,cross,0|0|0|1|NA|nan|NA|ORGANIZATION,SE,RO
Sweden_32,Greece_18,0.22857142857142856,0.5,2,cross,0|0|0|1|NA|nan|NA|ORGANIZATION,SE,GR
Sweden_45,Spain_554,0.2,0.2,1,cross,0|0|0|1|NA|nan|NA|ORGANIZATION,SE,ES
Sweden_45,Spain_248,0.22857142857142856,0.2,2,cross,0|0|0|1|NA|nan|NA|ORGANIZATION,SE,ES
Sweden_45,Spain_251,0.22857142857142856,0.2,3,cross,0|0|0|1|NA|nan|NA|ORGANIZATION,SE,ES
Sweden_45,Spain_249,0.22857142857142856,0.2,4,cross,0|0|0|1|NA|nan|NA|ORGANIZATION,SE,ES
Sweden_45,Spain_308,0.22857142857142856,0.2,5,cross,0|0|0|1|NA|nan|NA|ORGANIZATION,SE,ES
Sweden_54,Spain_334,0.22857142857142856,0.2,1,cross,0|0|0|1|NA|nan|NA|ORGANIZATION,SE,ES
Sweden_54,Spain_419,0.22857142857142856,0.2,2,cross,0|0|0|1|NA|nan|NA|ORGANIZATION,SE,ES
Sweden_54,Spain_423,0.22857142857142856,0.2,3,cross,0|0|0|1|NA|nan|NA|ORGANIZATION,SE,ES
Sweden_54,Spain_519,0.22857142857142856,0.2,4,cross,0|0|0|1|NA|nan|NA|ORGANIZATION,SE,ES
Sweden_54,Iceland_15,0.23333333333333334,0.2,5,cross,0|0|0|1|NA|nan|NA|ORGANIZATION,SE,IS
Spain_34,Netherlands_25,0.2,0.2,1,cross,0|0|0|1|NA|nan|NA|ORGANIZATION,ES,NL
Spain_34,Greece_92,0.22857142857142856,0.2,2,cross,0|0|0|1|NA|nan|NA|ORGANIZATION,ES,GR
Spain_34,Italy_104,0.23333333333333334,0.2,3,cross,0|0|0|1|NA|nan|NA|ORGANIZATION,ES,IT
Spain_34,Lithuania_8,0.23333333333333334,0.2,4,cross,0|0|0|1|NA|nan|NA|ORGANIZATION,ES,LT
Spain_34,Iceland_58,0.23333333333333334,0.2,5,cross,0|0|0|1|NA|nan|NA|ORGANIZATION,ES,IS
Spain_61,Romania_99,0.2,0.3333333333333333,1,cross,0|0|0|1|NA|nan|NA|ORGANIZATION,ES,RO
Spain_61,Iceland_24,0.22857142857142856,0.3333333333333333,2,cross,0|0|0|1|NA|nan|NA|ORGANIZATION,ES,IS
Spain_61,Germany_16,0.22857142857142856,0.3333333333333333,3,cross,0|0|0|1|NA|nan|NA|ORGANIZATION,ES,DE
Spain_65,Greece_114,0.2,0.5,1,cross,0|0|0|1|NA|nan|NA|ORGANIZATION,ES,GR
Spain_65,Romania_82,0.22857142857142856,0.5,2,cross,0|0|0|1|NA|nan|NA|ORGANIZATION,ES,RO
Spain_104,Greece_114,0.2,0.5,1,cross,0|0|0|1|NA|nan|NA|ORGANIZATION,ES,GR
Spain_104,Romania_82,0.22857142857142856,0.5,2,cross,0|0|0|1|NA|nan|NA|ORGANIZATION,ES,RO
Spain_156,Italy_91,0.22857142857142856,0.25,1,cross,0|0|0|1|NA|nan|NA|ORGANIZATION,ES,IT
Spain_156,Romania_122,0.23333333333333334,0.25,2,cross,0|0|0|1|NA|nan|NA|ORGANIZATION,ES,RO
Spain_156,Greece_18,0.23333333333333334,0.25,3,cross,0|0|0|1|NA|nan|NA|ORGANIZATION,ES,GR
Spain_156,Greece_114,0.23333333333333334,0.25,4,cross,0|0|0|1|NA|nan|NA|ORGANIZATION,ES,GR
Spain_248,Sweden_45,0.22857142857142856,1.0,1,cross,0|0|0|1|NA|nan|NA|ORGANIZATION,ES,SE
Spain_249,Sweden_45,0.22857142857142856,1.0,1,cross,0|0|0|1|NA|nan|NA|ORGANIZATION,ES,SE
Spain_251,Sweden_45,0.22857142857142856,1.0,1,cross,0|0|0|1|NA|nan|NA|ORGANIZATION,ES,SE
Spain_308,Sweden_45,0.22857142857142856,1.0,1,cross,0|0|0|1|NA|nan|NA|ORGANIZATION,ES,SE
Spain_311,Romania_99,0.2,0.3333333333333333,1,cross,0|0|0|1|NA|nan|NA|ORGANIZATION,ES,RO
Spain_311,Iceland_24,0.22857142857142856,0.3333333333333333,2,cross,0|0|0|1|NA|nan|NA|ORGANIZATION,ES,IS
Spain_311,Germany_16,0.22857142857142856,0.3333333333333333,3,cross,0|0|0|1|NA|nan|NA|ORGANIZATION,ES,DE
Spain_316,Sweden_45,0.22857142857142856,1.0,1,cross,0|0|0|1|NA|nan|NA|ORGANIZATION,ES,SE
Spain_334,Sweden_54,0.22857142857142856,0.5,1,cross,0|0|0|1|NA|nan|NA|ORGANIZATION,ES,SE
Spain_334,Romania_107,0.23333333333333334,0.5,2,cross,0|0|0|1|NA|nan|NA|ORGANIZATION,ES,RO
Spain_341,Romania_95,0.2,0.2,1,cross,0|0|0|1|NA|nan|NA|ORGANIZATION,ES,RO
Spain_341,Germany_12,0.2,0.2,2,cross,0|0|0|1|NA|nan|NA|ORGANIZATION,ES,DE
Spain_341,Greece_48,0.22857142857142856,0.2,3,cross,0|0|0|1|NA|nan|NA|ORGANIZATION,ES,GR
Spain_341,United Kingdom_61,0.22857142857142856,0.2,4,cross,0|0|0|1|NA|nan|NA|ORGANIZATION,ES,UNCLEAR
Spain_341,Greece_77,0.22857142857142856,0.2,5,cross,0|0|0|1|NA|nan|NA|ORGANIZATION,ES,UNCLEAR
Spain_357,Greece_35,0.22857142857142856,1.0,1,cross,0|0|0|1|NA|nan|NA|ORGANIZATION,ES,GR
Spain_363,Greece_114,0.2,0.5,1,cross,0|0|0|1|NA|nan|NA|ORGANIZATION,ES,GR
Spain_363,Romania_82,0.22857142857142856,0.5,2,cross,0|0|0|1|NA|nan|NA|ORGANIZATION,ES,RO
Spain_369,France_13,0.22857142857142856,0.5,1,cross,0|0|0|1|NA|nan|NA|ORGANIZATION,ES,FR
Spain_369,France_30,0.22857142857142856,0.5,2,cross,0|0|0|1|NA|nan|NA|ORGANIZATION,ES,FR
Spain_419,Sweden_54,0.22857142857142856,0.5,1,cross,0|0|0|1|NA|nan|NA|ORGANIZATION,ES,SE
Spain_419,Romania_107,0.23333333333333334,0.5,2,cross,0|0|0|1|NA|nan|NA|ORGANIZATION,ES,RO
Spain_423,Sweden_54,0.22857142857142856,0.5,1,cross,0|0|0|1|NA|nan|NA|ORGANIZATION,ES,SE
Spain_423,Romania_107,0.23333333333333334,0.5,2,cross,0|0|0|1|NA|nan|NA|ORGANIZATION,ES,RO
Spain_435,Romania_99,0.22857142857142856,0.3333333333333333,1,cross,0|0|0|1|NA|nan|NA|ORGANIZATION,ES,RO
Spain_435,Romania_40,0.23333333333333334,0.3333333333333333,2,cross,0|0|0|1|NA|nan|NA|ORGANIZATION,ES,RO
Spain_435,Italy_225,0.23333333333333334,0.3333333333333333,3,cross,0|0|0|1|NA|nan|NA|ORGANIZATION,ES,IT
Spain_451,Sweden_45,0.22857142857142856,1.0,1,cross,0|0|0|1|NA|nan|NA|ORGANIZATION,ES,SE
Spain_450,Sweden_45,0.22857142857142856,1.0,1,cross,0|0|0|1|NA|nan|NA|ORGANIZATION,ES,SE
Spain_460,Romania_99,0.2,0.3333333333333333,1,cross,0|0|0|1|NA|nan|NA|ORGANIZATION,ES,RO
Spain_460,Iceland_24,0.22857142857142856,0.3333333333333333,2,cross,0|0|0|1|NA|nan|NA|ORGANIZATION,ES,IS
Spain_460,Germany_16,0.22857142857142856,0.3333333333333333,3,cross,0|0|0|1|NA|nan|NA|ORGANIZATION,ES,DE
Spain_495,Greece_114,0.22857142857142856,0.5,1,cross,0|0|0|1|NA|nan|NA|ORGANIZATION,ES,GR
Spain_495,Italy_91,0.23333333333333334,0.5,2,cross,0|0|0|1|NA|nan|NA|ORGANIZATION,ES,IT
Spain_519,Sweden_54,0.22857142857142856,0.5,1,cross,0|0|0|1|NA|nan|NA|ORGANIZATION,ES,SE
Spain_519,Romania_107,0.23333333333333334,0.5,2,cross,0|0|0|1|NA|nan|NA|ORGANIZATION,ES,RO
Spain_523,Greece_114,0.2,0.5,1,cross,0|0|0|1|NA|nan|NA|ORGANIZATION,ES,GR
Spain_523,Romania_82,0.22857142857142856,0.5,2,cross,0|0|0|1|NA|nan|NA|ORGANIZATION,ES,RO
Spain_551,Romania_99,0.2,0.3333333333333333,1,cross,0|0|0|1|NA|nan|NA|ORGANIZATION,ES,RO
Spain_551,Iceland_24,0.22857142857142856,0.3333333333333333,2,cross,0|0|0|1|NA|nan|NA|ORGANIZATION,ES,IS
Spain_551,Germany_16,0.22857142857142856,0.3333333333333333,3,cross,0|0|0|1|NA|nan|NA|ORGANIZATION,ES,DE
Spain_554,Sweden_45,0.2,0.5,1,cross,0|0|0|1|NA|nan|NA|ORGANIZATION,ES,SE
Spain_554,Romania_80,0.23333333333333334,0.5,2,cross,0|0|0|1|NA|nan|NA|ORGANIZATION,ES,RO
Spain_561,Greece_35,0.22857142857142856,1.0,1,cross,0|0|0|1|NA|nan|NA|ORGANIZATION,ES,GR
Spain_569,Romania_99,0.2,0.3333333333333333,1,cross,0|0|0|1|NA|nan|NA|ORGANIZATION,ES,RO
Spain_569,Iceland_24,0.22857142857142856,0.3333333333333333,2,cross,0|0|0|1|NA|nan|NA|ORGANIZATION,ES,IS
Spain_569,Germany_16,0.22857142857142856,0.3333333333333333,3,cross,0|0|0|1|NA|nan|NA|ORGANIZATION,ES,DE
Slovenia_63,Poland_33,0.23333333333333334,1.0,1,cross,0|0|0|1|NA|nan|NA|ORGANIZATION,SI,PL
Romania_3,Greece_26,0.22857142857142856,1.0,1,cross,0|0|0|1|NA|nan|NA|ORGANIZATION,RO,GR
Romania_20,Norway_33,0.22857142857142856,0.5,1,cross,0|0|0|1|NA|nan|NA|ORGANIZATION,RO,NO
Romania_20,Italy_225,0.23333333333333334,0.5,2,cross,0|0|0|1|NA|nan|NA|ORGANIZATION,RO,IT
Romania_21,Italy_74,0.2,1.0,1,cross,0|0|0|1|NA|nan|NA|ORGANIZATION,RO,IT
Romania_37,Poland_17,0.22857142857142856,1.0,1,cross,0|0|0|1|NA|nan|NA|ORGANIZATION,RO,PL
Romania_38,Iceland_75,0.23333333333333334,1.0,1,cross,0|0|0|1|NA|nan|NA|ORGANIZATION,RO,IS
Romania_40,Italy_225,0.2,0.25,1,cross,0|0|0|1|NA|nan|NA|ORGANIZATION,RO,IT
Romania_40,United Kingdom_61,0.23333333333333334,0.25,2,cross,0|0|0|1|NA|nan|NA|ORGANIZATION,RO,UNCLEAR
Romania_40,Spain_435,0.23333333333333334,0.25,3,cross,0|0|0|1|NA|nan|NA|ORGANIZATION,RO,ES
Romania_40,Greece_48,0.23333333333333334,0.25,4,cross,0|0|0|1|NA|nan|NA|ORGANIZATION,RO,GR
Romania_61,Italy_74,0.2,1.0,1,cross,0|0|0|1|NA|nan|NA|ORGANIZATION,RO,IT
Romania_67,Italy_180,0.23333333333333334,1.0,1,cross,0|0|0|1|NA|nan|NA|ORGANIZATION,RO,IT
Romania_71,Portugal_4,0.23333333333333334,1.0,1,cross,0|0|0|1|NA|nan|NA|ORGANIZATION,RO,PT
Romania_73,Norway_70,0.23333333333333334,1.0,1,cross,0|0|0|1|NA|nan|NA|ORGANIZATION,RO,NO
Romania_80,Sweden_45,0.23333333333333334,0.5,1,cross,0|0|0|1|NA|nan|NA|ORGANIZATION,RO,SE
Romania_80,Spain_554,0.23333333333333334,0.5,2,cross,0|0|0|1|NA|nan|NA|ORGANIZATION,RO,ES
Romania_82,Greece_18,0.09523809523809523,0.2,1,cross,0|0|0|1|NA|nan|NA|ORGANIZATION,RO,GR
Romania_82,United Kingdom_61,0.2,0.2,2,cross,0|0|0|1|NA|nan|NA|ORGANIZATION,RO,UNCLEAR
Romania_82,Greece_48,0.2,0.2,3,cross,0|0|0|1|NA|nan|NA|ORGANIZATION,RO,GR
Romania_82,Spain_65,0.22857142857142856,0.2,4,cross,0|0|0|1|NA|nan|NA|ORGANIZATION,RO,ES
Romania_82,Spain_363,0.22857142857142856,0.2,5,cross,0|0|0|1|NA|nan|NA|ORGANIZATION,RO,ES
Romania_92,Italy_74,0.23333333333333334,1.0,1,cross,0|0|0|1|NA|nan|NA|ORGANIZATION,RO,IT
Romania_95,United Kingdom_61,0.02857142857142857,0.2,1,cross,0|0|0|1|NA|nan|NA|ORGANIZATION,RO,UNCLEAR
Romania_95,Greece_48,0.02857142857142857,0.2,2,cross,0|0|0|1|NA|nan|NA|ORGANIZATION,RO,GR
Romania_95,Greece_77,0.02857142857142857,0.2,3,cross,0|0|0|1|NA|nan|NA|ORGANIZATION,RO,UNCLEAR
Romania_95,Germany_2,0.03333333333333333,0.2,4,cross,0|0|0|1|NA|nan|NA|ORGANIZATION,RO,DE
Romania_95,Spain_341,0.2,0.2,5,cross,0|0|0|1|NA|nan|NA|ORGANIZATION,RO,ES
Romania_99,Spain_61,0.2,0.2,1,cross,0|0|0|1|NA|nan|NA|ORGANIZATION,RO,ES
Romania_99,Spain_311,0.2,0.2,2,cross,0|0|0|1|NA|nan|NA|ORGANIZATION,RO,ES
Romania_99,Spain_460,0.2,0.2,3,cross,0|0|0|1|NA|nan|NA|ORGANIZATION,RO,ES
Romania_99,Spain_551,0.2,0.2,4,cross,0|0|0|1|NA|nan|NA|ORGANIZATION,RO,ES
Romania_99,Spain_569,0.2,0.2,5,cross,0|0|0|1|NA|nan|NA|ORGANIZATION,RO,ES
Romania_107,Spain_334,0.23333333333333334,0.2,1,cross,0|0|0|1|NA|nan|NA|ORGANIZATION,RO,ES
Romania_107,Spain_419,0.23333333333333334,0.2,2,cross,0|0|0|1|NA|nan|NA|ORGANIZATION,RO,ES
Romania_107,Spain_423,0.23333333333333334,0.2,3,cross,0|0|0|1|NA|nan|NA|ORGANIZATION,RO,ES
Romania_107,Spain_519,0.23333333333333334,0.2,4,cross,0|0|0|1|NA|nan|NA|ORGANIZATION,RO,ES
Romania_107,Iceland_75,0.23333333333333334,0.2,5,cross,0|0|0|1|NA|nan|NA|ORGANIZATION,RO,IS
Romania_122,Greece_18,0.2,0.3333333333333333,1,cross,0|0|0|1|NA|nan|NA|ORGANIZATION,RO,GR
Romania_122,Sweden_32,0.22857142857142856,0.3333333333333333,2,cross,0|0|0|1|NA|nan|NA|ORGANIZATION,RO,SE
Romania_122,Spain_156,0.23333333333333334,0.3333333333333333,3,cross,0|0|0|1|NA|nan|NA|ORGANIZATION,RO,ES
Romania_142,Greece_18,0.06190476190476191,0.5,1,cross,0|0|0|1|NA|nan|NA|ORGANIZATION,RO,GR
Romania_142,Greece_26,0.23333333333333334,0.5,2,cross,0|0|0|1|NA|nan|NA|ORGANIZATION,RO,GR
Romania_154,United Kingdom_61,0.06666666666666667,0.2,1,cross,0|0|0|1|NA|nan|NA|ORGANIZATION,RO,UNCLEAR
Romania_154,Greece_48,0.06666666666666667,0.2,2,cross,0|0|0|1|NA|nan|NA|ORGANIZATION,RO,GR
Romania_154,Greece_77,0.12380952380952381,0.2,3,cross,0|0|0|1|NA|nan|NA|ORGANIZATION,RO,UNCLEAR
Romania_154,Germany_2,0.12857142857142856,0.2,4,cross,0|0|0|1|NA|nan|NA|ORGANIZATION,RO,DE
Romania_154,Greece_18,0.22857142857142856,0.2,5,cross,0|0|0|1|NA|nan|NA|ORGANIZATION,RO,GR
Romania_159,Italy_300,0.22857142857142856,0.5,1,cross,0|0|0|1|NA|nan|NA|ORGANIZATION,RO,IT
Romania_159,Greece_18,0.23333333333333334,0.5,2,cross,0|0|0|1|NA|nan|NA|ORGANIZATION,RO,GR
Portugal_4,Romania_71,0.23333333333333334,1.0,1,cross,0|0|0|1|NA|nan|NA|ORGANIZATION,PT,RO
Poland_17,Romania_37,0.22857142857142856,0.3333333333333333,1,cross,0|0|0|1|NA|nan|NA|ORGANIZATION,PL,RO
Poland_17,Italy_316,0.22857142857142856,0.3333333333333333,2,cross,0|0|0|1|NA|nan|NA|ORGANIZATION,PL,IT
Poland_17,Italy_276,0.23333333333333334,0.3333333333333333,3,cross,0|0|0|1|NA|nan|NA|ORGANIZATION,PL,IT
Poland_33,Slovenia_63,0.23333333333333334,1.0,1,cross,0|0|0|1|NA|nan|NA|ORGANIZATION,PL,SI
Norway_33,Romania_20,0.22857142857142856,0.5,1,cross,0|0|0|1|NA|nan|NA|ORGANIZATION,NO,RO
Norway_33,Luxembourg_3,0.23333333333333334,0.5,2,cross,0|0|0|1|NA|nan|NA|ORGANIZATION,NO,LU
Norway_52,United Kingdom_52,0.22857142857142856,1.0,1,cross,0|0|0|1|NA|nan|NA|ORGANIZATION,NO,GB
Norway_70,Romania_73,0.23333333333333334,1.0,1,cross,0|0|0|1|NA|nan|NA|ORGANIZATION,NO,RO
Netherlands_25,Spain_34,0.2,0.2,1,cross,0|0|0|1|NA|nan|NA|ORGANIZATION,NL,ES
Netherlands_25,Greece_92,0.22857142857142856,0.2,2,cross,0|0|0|1|NA|nan|NA|ORGANIZATION,NL,GR
Netherlands_25,Italy_104,0.23333333333333334,0.2,3,cross,0|0|0|1|NA|nan|NA|ORGANIZATION,NL,IT
Netherlands_25,Lithuania_8,0.23333333333333334,0.2,4,cross,0|0|0|1|NA|nan|NA|ORGANIZATION,NL,LT
Netherlands_25,Iceland_58,0.23333333333333334,0.2,5,cross,0|0|0|1|NA|nan|NA|ORGANIZATION,NL,IS
Luxembourg_3,Norway_33,0.23333333333333334,1.0,1,cross,0|0|0|1|NA|nan|NA|ORGANIZATION,LU,NO
Lithuania_8,Italy_104,0.2,0.2,1,cross,0|0|0|1|NA|nan|NA|ORGANIZATION,LT,IT
Lithuania_8,Iceland_58,0.2,0.2,2,cross,0|0|0|1|NA|nan|NA|ORGANIZATION,LT,IS
Lithuania_8,Greece_72,0.22857142857142856,0.2,3,cross,0|0|0|1|NA|nan|NA|ORGANIZATION,LT,GR
Lithuania_8,Italy_18,0.22857142857142856,0.2,4,cross,0|0|0|1|NA|nan|NA|ORGANIZATION,LT,IT
Lithuania_8,Spain_34,0.23333333333333334,0.2,5,cross,0|0|0|1|NA|nan|NA|ORGANIZATION,LT,ES
Italy_18,Greece_72,0.2,0.25,1,cross,0|0|0|1|NA|nan|NA|ORGANIZATION,IT,GR
Italy_18,Lithuania_8,0.22857142857142856,0.25,2,cross,0|0|0|1|NA|nan|NA|ORGANIZATION,IT,LT
Italy_18,Iceland_58,0.22857142857142856,0.25,3,cross,0|0|0|1|NA|nan|NA|ORGANIZATION,IT,IS
Italy_18,Greece_92,0.23333333333333334,0.25,4,cross,0|0|0|1|NA|nan|NA|ORGANIZATION,IT,GR
Italy_74,Romania_21,0.2,0.3333333333333333,1,cross,0|0|0|1|NA|nan|NA|ORGANIZATION,IT,RO
Italy_74,Romania_61,0.2,0.3333333333333333,2,cross,0|0|0|1|NA|nan|NA|ORGANIZATION,IT,RO
Italy_74,Romania_92,0.23333333333333334,0.3333333333333333,3,cross,0|0|0|1|NA|nan|NA|ORGANIZATION,IT,RO
Italy_91,Spain_156,0.22857142857142856,0.5,1,cross,0|0|0|1|NA|nan|NA|ORGANIZATION,IT,ES
Italy_91,Spain_495,0.23333333333333334,0.5,2,cross,0|0|0|1|NA|nan|NA|ORGANIZATION,IT,ES
Italy_104,Iceland_58,0.2,0.2,1,cross,0|0|0|1|NA|nan|NA|ORGANIZATION,IT,IS
Italy_104,Lithuania_8,0.2,0.2,2,cross,0|0|0|1|NA|nan|NA|ORGANIZATION,IT,LT
Italy_104,Greece_72,0.22857142857142856,0.2,3,cross,0|0|0|1|NA|nan|NA|ORGANIZATION,IT,GR
Italy_104,Netherlands_25,0.23333333333333334,0.2,4,cross,0|0|0|1|NA|nan|NA|ORGANIZATION,IT,NL
Italy_104,Spain_34,0.23333333333333334,0.2,5,cross,0|0|0|1|NA|nan|NA|ORGANIZATION,IT,ES
Italy_138,Iceland_24,0.23333333333333334,0.5,1,cross,0|0|0|1|NA|nan|NA|ORGANIZATION,IT,IS
Italy_138,Germany_16,0.23333333333333334,0.5,2,cross,0|0|0|1|NA|nan|NA|ORGANIZATION,IT,DE
Italy_180,Romania_67,0.23333333333333334,1.0,1,cross,0|0|0|1|NA|nan|NA|ORGANIZATION,IT,RO
Italy_225,Romania_40,0.2,0.3333333333333333,1,cross,0|0|0|1|NA|nan|NA|ORGANIZATION,IT,RO
Italy_225,Spain_435,0.23333333333333334,0.3333333333333333,2,cross,0|0|0|1|NA|nan|NA|ORGANIZATION,IT,ES
Italy_225,Romania_20,0.23333333333333334,0.3333333333333333,3,cross,0|0|0|1|NA|nan|NA|ORGANIZATION,IT,RO
Italy_241,Greece_47,0.23333333333333334,1.0,1,cross,0|0|0|1|NA|nan|NA|ORGANIZATION,IT,GR
Italy_276,Poland_17,0.23333333333333334,1.0,1,cross,0|0|0|1|NA|nan|NA|ORGANIZATION,IT,PL
Italy_279,Greece_92,0.22857142857142856,1.0,1,cross,0|0|0|1|NA|nan|NA|ORGANIZATION,IT,GR
Italy_300,Romania_159,0.22857142857142856,1.0,1,cross,0|0|0|1|NA|nan|NA|ORGANIZATION,IT,RO
Italy_316,Poland_17,0.22857142857142856,1.0,1,cross,0|0|0|1|NA|nan|NA|ORGANIZATION,IT,PL
Iceland_6,Romania_82,0.23333333333333334,1.0,1,cross,0|0|0|1|NA|nan|NA|ORGANIZATION,IS,RO
Iceland_15,Sweden_54,0.23333333333333334,1.0,1,cross,0|0|0|1|NA|nan|NA|ORGANIZATION,IS,SE
Iceland_24,Germany_16,0.2,0.2,1,cross,0|0|0|1|NA|nan|NA|ORGANIZATION,IS,DE
Iceland_24,Spain_61,0.22857142857142856,0.2,2,cross,0|0|0|1|NA|nan|NA|ORGANIZATION,IS,ES
Iceland_24,Spain_460,0.22857142857142856,0.2,3,cross,0|0|0|1|NA|nan|NA|ORGANIZATION,IS,ES
Iceland_24,Spain_311,0.22857142857142856,0.2,4,cross,0|0|0|1|NA|nan|NA|ORGANIZATION,IS,ES
Iceland_24,Spain_551,0.22857142857142856,0.2,5,cross,0|0|0|1|NA|nan|NA|ORGANIZATION,IS,ES
Iceland_58,Lithuania_8,0.2,0.2,1,cross,0|0|0|1|NA|nan|NA|ORGANIZATION,IS,LT
Iceland_58,Italy_104,0.2,0.2,2,cross,0|0|0|1|NA|nan|NA|ORGANIZATION,IS,IT
Iceland_58,Greece_72,0.22857142857142856,0.2,3,cross,0|0|0|1|NA|nan|NA|ORGANIZATION,IS,GR
Iceland_58,Italy_18,0.22857142857142856,0.2,4,cross,0|0|0|1|NA|nan|NA|ORGANIZATION,IS,IT
Iceland_58,Spain_34,0.23333333333333334,0.2,5,cross,0|0|0|1|NA|nan|NA|ORGANIZATION,IS,ES
Iceland_75,Romania_38,0.23333333333333334,0.5,1,cross,0|0|0|1|NA|nan|NA|ORGANIZATION,IS,RO
Iceland_75,Romania_107,0.23333333333333334,0.5,2,cross,0|0|0|1|NA|nan|NA|ORGANIZATION,IS,RO
Iceland_80,Sweden_54,0.23333333333333334,1.0,1,cross,0|0|0|1|NA|nan|NA|ORGANIZATION,IS,SE
Greece_18,Romania_142,0.06190476190476191,0.2,1,cross,0|0|0|1|NA|nan|NA|ORGANIZATION,GR,RO
Greece_18,Romania_82,0.09523809523809523,0.2,2,cross,0|0|0|1|NA|nan|NA|ORGANIZATION,GR,RO
Greece_18,Romania_122,0.2,0.2,3,cross,0|0|0|1|NA|nan|NA|ORGANIZATION,GR,RO
Greece_18,Sweden_32,0.22857142857142856,0.2,4,cross,0|0|0|1|NA|nan|NA|ORGANIZATION,GR,SE
Greece_18,Romania_154,0.22857142857142856,0.2,5,cross,0|0|0|1|NA|nan|NA|ORGANIZATION,GR,RO
Greece_26,Romania_3,0.22857142857142856,0.5,1,cross,0|0|0|1|NA|nan|NA|ORGANIZATION,GR,RO
Greece_26,Romania_142,0.23333333333333334,0.5,2,cross,0|0|0|1|NA|nan|NA|ORGANIZATION,GR,RO
Greece_35,Spain_357,0.22857142857142856,0.5,1,cross,0|0|0|1|NA|nan|NA|ORGANIZATION,GR,ES
Greece_35,Spain_561,0.22857142857142856,0.5,2,cross,0|0|0|1|NA|nan|NA|ORGANIZATION,GR,ES
Greece_48,United Kingdom_61,0.0,0.2,1,cross,0|0|0|1|NA|nan|NA|ORGANIZATION,GR,UNCLEAR
Greece_48,Romania_95,0.02857142857142857,0.2,2,cross,0|0|0|1|NA|nan|NA|ORGANIZATION,GR,RO
Greece_48,Greece_77,0.05714285714285714,0.2,3,cross,0|0|0|1|NA|nan|NA|ORGANIZATION,GR,UNCLEAR
Greece_48,Germany_2,0.06190476190476191,0.2,4,cross,0|0|0|1|NA|nan|NA|ORGANIZATION,GR,DE
Greece_48,Romania_154,0.06666666666666667,0.2,5,cross,0|0|0|1|NA|nan|NA|ORGANIZATION,GR,RO
Greece_47,Italy_241,0.23333333333333334,1.0,1,cross,0|0|0|1|NA|nan|NA|ORGANIZATION,GR,IT
Greece_72,Italy_18,0.2,0.25,1,cross,0|0|0|1|NA|nan|NA|ORGANIZATION,GR,IT
Greece_72,Lithuania_8,0.22857142857142856,0.25,2,cross,0|0|0|1|NA|nan|NA|ORGANIZATION,GR,LT
Greece_72,Italy_104,0.22857142857142856,0.25,3,cross,0|0|0|1|NA|nan|NA|ORGANIZATION,GR,IT
Greece_72,Iceland_58,0.22857142857142856,0.25,4,cross,0|0|0|1|NA|nan|NA|ORGANIZATION,GR,IS
Greece_77,Romania_95,0.02857142857142857,0.2,1,cross,0|0|0|1|NA|nan|NA|ORGANIZATION,UNCLEAR,RO
Greece_77,Greece_48,0.05714285714285714,0.2,2,cross,0|0|0|1|NA|nan|NA|ORGANIZATION,UNCLEAR,GR
Greece_77,Germany_2,0.06190476190476191,0.2,3,cross,0|0|0|1|NA|nan|NA|ORGANIZATION,UNCLEAR,DE
Greece_77,Romania_154,0.12380952380952381,0.2,4,cross,0|0|0|1|NA|nan|NA|ORGANIZATION,UNCLEAR,RO
Greece_77,Spain_341,0.22857142857142856,0.2,5,cross,0|0|0|1|NA|nan|NA|ORGANIZATION,UNCLEAR,ES
Greece_92,Spain_34,0.22857142857142856,0.2,1,cross,0|0|0|1|NA|nan|NA|ORGANIZATION,GR,ES
Greece_92,Netherlands_25,0.22857142857142856,0.2,2,cross,0|0|0|1|NA|nan|NA|ORGANIZATION,GR,NL
Greece_92,Italy_279,0.22857142857142856,0.2,3,cross,0|0|0|1|NA|nan|NA|ORGANIZATION,GR,IT
Greece_92,Italy_18,0.23333333333333334,0.2,4,cross,0|0|0|1|NA|nan|NA|ORGANIZATION,GR,IT
Greece_92,Greece_77,0.23333333333333334,0.2,5,cross,0|0|0|1|NA|nan|NA|ORGANIZATION,GR,UNCLEAR
Greece_97,Romania_95,0.22857142857142856,1.0,1,cross,0|0|0|1|NA|nan|NA|ORGANIZATION,UNCLEAR,RO
Greece_114,Spain_65,0.2,0.2,1,cross,0|0|0|1|NA|nan|NA|ORGANIZATION,GR,ES
Greece_114,Spain_104,0.2,0.2,2,cross,0|0|0|1|NA|nan|NA|ORGANIZATION,GR,ES
Greece_114,Spain_363,0.2,0.2,3,cross,0|0|0|1|NA|nan|NA|ORGANIZATION,GR,ES
Greece_114,Spain_523,0.2,0.2,4,cross,0|0|0|1|NA|nan|NA|ORGANIZATION,GR,ES
Greece_114,Romania_82,0.22857142857142856,0.2,5,cross,0|0|0|1|NA|nan|NA|ORGANIZATION,GR,RO
Germany_2,Romania_95,0.03333333333333333,0.2,1,cross,0|0|0|1|NA|nan|NA|ORGANIZATION,DE,RO
Germany_2,United Kingdom_61,0.06190476190476191,0.2,2,cross,0|0|0|1|NA|nan|NA|ORGANIZATION,DE,UNCLEAR
Germany_2,Greece_77,0.06190476190476191,0.2,3,cross,0|0|0|1|NA|nan|NA|ORGANIZATION,DE,UNCLEAR
Germany_2,Greece_48,0.06190476190476191,0.2,4,cross,0|0|0|1|NA|nan|NA|ORGANIZATION,DE,GR
Germany_2,Romania_154,0.12857142857142856,0.2,5,cross,0|0|0|1|NA|nan|NA|ORGANIZATION,DE,RO
Germany_12,Spain_341,0.2,0.2,1,cross,0|0|0|1|NA|nan|NA|ORGANIZATION,DE,ES
Germany_12,Romania_95,0.2,0.2,2,cross,0|0|0|1|NA|nan|NA|ORGANIZATION,DE,RO
Germany_12,United Kingdom_61,0.22857142857142856,0.2,3,cross,0|0|0|1|NA|nan|NA|ORGANIZATION,DE,UNCLEAR
Germany_12,Greece_48,0.22857142857142856,0.2,4,cross,0|0|0|1|NA|nan|NA|ORGANIZATION,DE,GR
Germany_12,Greece_77,0.22857142857142856,0.2,5,cross,0|0|0|1|NA|nan|NA|ORGANIZATION,DE,UNCLEAR
Germany_16,Iceland_24,0.2,0.2,1,cross,0|0|0|1|NA|nan|NA|ORGANIZATION,DE,IS
Germany_16,Spain_61,0.22857142857142856,0.2,2,cross,0|0|0|1|NA|nan|NA|ORGANIZATION,DE,ES
Germany_16,Spain_460,0.22857142857142856,0.2,3,cross,0|0|0|1|NA|nan|NA|ORGANIZATION,DE,ES
Germany_16,Spain_311,0.22857142857142856,0.2,4,cross,0|0|0|1|NA|nan|NA|ORGANIZATION,DE,ES
Germany_16,Spain_551,0.22857142857142856,0.2,5,cross,0|0|0|1|NA|nan|NA|ORGANIZATION,DE,ES
Germany_33,France_19,0.23333333333333334,1.0,1,cross,0|0|0|1|NA|nan|NA|ORGANIZATION,DE,FR
France_13,Spain_369,0.22857142857142856,1.0,1,cross,0|0|0|1|NA|nan|NA|ORGANIZATION,FR,ES
France_19,Germany_33,0.23333333333333334,1.0,1,cross,0|0|0|1|NA|nan|NA|ORGANIZATION,FR,DE
France_30,Spain_369,0.22857142857142856,1.0,1,cross,0|0|0|1|NA|nan|NA|ORGANIZATION,FR,ES
Sweden_6,Netherlands_20,0.23333333333333334,1.0,1,cross,0|1|0|0|0|nan|NA|ORGANIZATION,SE,NL
Sweden_13,Netherlands_14,0.2,0.2,1,cross,0|1|0|0|0|nan|NA|ORGANIZATION,SE,NL
Sweden_13,Italy_40,0.2,0.2,2,cross,0|1|0|0|0|nan|NA|ORGANIZATION,SE,IT
Sweden_13,Italy_137,0.2,0.2,3,cross,0|1|0|0|0|nan|NA|ORGANIZATION,SE,IT
Sweden_13,Norway_22,0.23333333333333334,0.2,4,cross,0|1|0|0|0|nan|NA|ORGANIZATION,SE,NO
Sweden_13,Norway_78,0.23333333333333334,0.2,5,cross,0|1|0|0|0|nan|NA|ORGANIZATION,SE,NO
Sweden_43,Netherlands_14,0.2,0.2,1,cross,0|1|0|0|0|nan|NA|ORGANIZATION,SE,NL
Sweden_43,Italy_40,0.2,0.2,2,cross,0|1|0|0|0|nan|NA|ORGANIZATION,SE,IT
Sweden_43,Italy_137,0.2,0.2,3,cross,0|1|0|0|0|nan|NA|ORGANIZATION,SE,IT
Sweden_43,Norway_22,0.23333333333333334,0.2,4,cross,0|1|0|0|0|nan|NA|ORGANIZATION,SE,NO
Sweden_43,Norway_78,0.23333333333333334,0.2,5,cross,0|1|0|0|0|nan|NA|ORGANIZATION,SE,NO
Spain_74,Germany_23,0.2,1.0,1,cross,0|1|0|0|0|nan|NA|ORGANIZATION,ES,DE
Spain_97,Malta_12,0.23333333333333334,1.0,1,cross,0|1|0|0|0|nan|NA|ORGANIZATION,ES,UNCLEAR
Spain_277,Italy_121,0.23333333333333334,0.5,1,cross,0|1|0|0|0|nan|NA|ORGANIZATION,ES,IT
Spain_277,Italy_172,0.23333333333333334,0.5,2,cross,0|1|0|0|0|nan|NA|ORGANIZATION,ES,IT
Spain_333,Italy_222,0.2,0.2,1,cross,0|1|0|0|0|nan|NA|ORGANIZATION,ES,IT
Spain_333,Slovenia_10,0.23333333333333334,0.2,2,cross,0|1|0|0|0|nan|NA|ORGANIZATION,ES,SI
Spain_333,Italy_208,0.23333333333333334,0.2,3,cross,0|1|0|0|0|nan|NA|ORGANIZATION,ES,IT
Spain_333,Italy_251,0.23333333333333334,0.2,4,cross,0|1|0|0|0|nan|NA|ORGANIZATION,ES,IT
Spain_333,Italy_272,0.23333333333333334,0.2,5,cross,0|1|0|0|0|nan|NA|ORGANIZATION,ES,IT
Spain_414,Italy_222,0.2,0.2,1,cross,0|1|0|0|0|nan|NA|ORGANIZATION,ES,IT
Spain_414,Slovenia_10,0.23333333333333334,0.2,2,cross,0|1|0|0|0|nan|NA|ORGANIZATION,ES,SI
Spain_414,Italy_208,0.23333333333333334,0.2,3,cross,0|1|0|0|0|nan|NA|ORGANIZATION,ES,IT
Spain_414,Italy_251,0.23333333333333334,0.2,4,cross,0|1|0|0|0|nan|NA|ORGANIZATION,ES,IT
Spain_414,Italy_272,0.23333333333333334,0.2,5,cross,0|1|0|0|0|nan|NA|ORGANIZATION,ES,IT
Spain_465,Germany_23,0.2,1.0,1,cross,0|1|0|0|0|nan|NA|ORGANIZATION,ES,DE
Spain_585,Italy_99,0.23333333333333334,0.5,1,cross,0|1|0|0|0|nan|NA|ORGANIZATION,ES,IT
Spain_585,Italy_123,0.23333333333333334,0.5,2,cross,0|1|0|0|0|nan|NA|ORGANIZATION,ES,IT
Slovenia_10,Iceland_19,0.2,0.25,1,cross,0|1|0|0|0|nan|NA|ORGANIZATION,SI,IS
Slovenia_10,Spain_333,0.23333333333333334,0.25,2,cross,0|1|0|0|0|nan|NA|ORGANIZATION,SI,ES
Slovenia_10,Spain_414,0.23333333333333334,0.25,3,cross,0|1|0|0|0|nan|NA|ORGANIZATION,SI,ES
Slovenia_10,Italy_222,0.23333333333333334,0.25,4,cross,0|1|0|0|0|nan|NA|ORGANIZATION,SI,IT
Norway_22,Italy_80,0.2,0.2,1,cross,0|1|0|0|0|nan|NA|ORGANIZATION,NO,IT
Norway_22,Italy_56,0.2,0.2,2,cross,0|1|0|0|0|nan|NA|ORGANIZATION,NO,IT
Norway_22,Iceland_81,0.2,0.2,3,cross,0|1|0|0|0|nan|NA|ORGANIZATION,NO,IS
Norway_22,Sweden_13,0.23333333333333334,0.2,4,cross,0|1|0|0|0|nan|NA|ORGANIZATION,NO,SE
Norway_22,Italy_40,0.23333333333333334,0.2,5,cross,0|1|0|0|0|nan|NA|ORGANIZATION,NO,IT
Norway_60,Italy_80,0.2,0.2,1,cross,0|1|0|0|0|nan|NA|ORGANIZATION,NO,IT
Norway_60,Italy_56,0.2,0.2,2,cross,0|1|0|0|0|nan|NA|ORGANIZATION,NO,IT
Norway_60,Iceland_81,0.2,0.2,3,cross,0|1|0|0|0|nan|NA|ORGANIZATION,NO,IS
Norway_60,Sweden_13,0.23333333333333334,0.2,4,cross,0|1|0|0|0|nan|NA|ORGANIZATION,NO,SE
Norway_60,Italy_40,0.23333333333333334,0.2,5,cross,0|1|0|0|0|nan|NA|ORGANIZATION,NO,IT
Norway_78,Italy_80,0.2,0.2,1,cross,0|1|0|0|0|nan|NA|ORGANIZATION,NO,IT
Norway_78,Italy_56,0.2,0.2,2,cross,0|1|0|0|0|nan|NA|ORGANIZATION,NO,IT
Norway_78,Iceland_81,0.2,0.2,3,cross,0|1|0|0|0|nan|NA|ORGANIZATION,NO,IS
Norway_78,Sweden_13,0.23333333333333334,0.2,4,cross,0|1|0|0|0|nan|NA|ORGANIZATION,NO,SE
Norway_78,Italy_40,0.23333333333333334,0.2,5,cross,0|1|0|0|0|nan|NA|ORGANIZATION,NO,IT
Netherlands_14,Sweden_13,0.2,0.2,1,cross,0|1|0|0|0|nan|NA|ORGANIZATION,NL,SE
Netherlands_14,Sweden_43,0.2,0.2,2,cross,0|1|0|0|0|nan|NA|ORGANIZATION,NL,SE
Netherlands_14,Italy_40,0.2,0.2,3,cross,0|1|0|0|0|nan|NA|ORGANIZATION,NL,IT
Netherlands_14,Italy_137,0.2,0.2,4,cross,0|1|0|0|0|nan|NA|ORGANIZATION,NL,IT
Netherlands_14,Norway_60,0.23333333333333334,0.2,5,cross,0|1|0|0|0|nan|NA|ORGANIZATION,NL,NO
Netherlands_20,Sweden_6,0.23333333333333334,1.0,1,cross,0|1|0|0|0|nan|NA|ORGANIZATION,NL,SE
Malta_12,Spain_97,0.23333333333333334,1.0,1,cross,0|1|0|0|0|nan|NA|ORGANIZATION,UNCLEAR,ES
Italy_40,Sweden_13,0.2,0.2,1,cross,0|1|0|0|0|nan|NA|ORGANIZATION,IT,SE
Italy_40,Sweden_43,0.2,0.2,2,cross,0|1|0|0|0|nan|NA|ORGANIZATION,IT,SE
Italy_40,Netherlands_14,0.2,0.2,3,cross,0|1|0|0|0|nan|NA|ORGANIZATION,IT,NL
Italy_40,Norway_22,0.23333333333333334,0.2,4,cross,0|1|0|0|0|nan|NA|ORGANIZATION,IT,NO
Italy_40,Norway_60,0.23333333333333334,0.2,5,cross,0|1|0|0|0|nan|NA|ORGANIZATION,IT,NO
Italy_56,Norway_60,0.2,0.2,1,cross,0|1|0|0|0|nan|NA|ORGANIZATION,IT,NO
Italy_56,Norway_22,0.2,0.2,2,cross,0|1|0|0|0|nan|NA|ORGANIZATION,IT,NO
Italy_56,Iceland_81,0.2,0.2,3,cross,0|1|0|0|0|nan|NA|ORGANIZATION,IT,IS
Italy_56,Norway_78,0.2,0.2,4,cross,0|1|0|0|0|nan|NA|ORGANIZATION,IT,NO
Italy_56,Sweden_13,0.23333333333333334,0.2,5,cross,0|1|0|0|0|nan|NA|ORGANIZATION,IT,SE
Italy_80,Norway_60,0.2,0.2,1,cross,0|1|0|0|0|nan|NA|ORGANIZATION,IT,NO
Italy_80,Norway_22,0.2,0.2,2,cross,0|1|0|0|0|nan|NA|ORGANIZATION,IT,NO
Italy_80,Iceland_81,0.2,0.2,3,cross,0|1|0|0|0|nan|NA|ORGANIZATION,IT,IS
Italy_80,Norway_78,0.2,0.2,4,cross,0|1|0|0|0|nan|NA|ORGANIZATION,IT,NO
Italy_80,Sweden_13,0.23333333333333334,0.2,5,cross,0|1|0|0|0|nan|NA|ORGANIZATION,IT,SE
Italy_82,Norway_22,0.23333333333333334,0.25,1,cross,0|1|0|0|0|nan|NA|ORGANIZATION,IT,NO
Italy_82,Norway_60,0.23333333333333334,0.25,2,cross,0|1|0|0|0|nan|NA|ORGANIZATION,IT,NO
Italy_82,Norway_78,0.23333333333333334,0.25,3,cross,0|1|0|0|0|nan|NA|ORGANIZATION,IT,NO
Italy_82,Iceland_81,0.23333333333333334,0.25,4,cross,0|1|0|0|0|nan|NA|ORGANIZATION,IT,IS
Italy_99,Spain_585,0.23333333333333334,1.0,1,cross,0|1|0|0|0|nan|NA|ORGANIZATION,IT,ES
Italy_121,Spain_277,0.23333333333333334,1.0,1,cross,0|1|0|0|0|nan|NA|ORGANIZATION,IT,ES
Italy_123,Spain_585,0.23333333333333334,0.5,1,cross,0|1|0|0|0|nan|NA|ORGANIZATION,IT,ES
Italy_123,Finland_38,0.23333333333333334,0.5,2,cross,0|1|0|0|0|nan|NA|ORGANIZATION,IT,FI
Italy_137,Sweden_13,0.2,0.2,1,cross,0|1|0|0|0|nan|NA|ORGANIZATION,IT,SE
Italy_137,Sweden_43,0.2,0.2,2,cross,0|1|0|0|0|nan|NA|ORGANIZATION,IT,SE
Italy_137,Netherlands_14,0.2,0.2,3,cross,0|1|0|0|0|nan|NA|ORGANIZATION,IT,NL
Italy_137,Norway_22,0.23333333333333334,0.2,4,cross,0|1|0|0|0|nan|NA|ORGANIZATION,IT,NO
Italy_137,Norway_60,0.23333333333333334,0.2,5,cross,0|1|0|0|0|nan|NA|ORGANIZATION,IT,NO
Italy_172,Spain_277,0.23333333333333334,1.0,1,cross,0|1|0|0|0|nan|NA|ORGANIZATION,IT,ES
Italy_194,Finland_38,0.23333333333333334,1.0,1,cross,0|1|0|0|0|nan|NA|ORGANIZATION,IT,FI
Italy_208,Spain_333,0.23333333333333334,0.5,1,cross,0|1|0|0|0|nan|NA|ORGANIZATION,IT,ES
Italy_208,Spain_414,0.23333333333333334,0.5,2,cross,0|1|0|0|0|nan|NA|ORGANIZATION,IT,ES
Italy_222,Spain_333,0.2,0.25,1,cross,0|1|0|0|0|nan|NA|ORGANIZATION,IT,ES
Italy_222,Spain_414,0.2,0.25,2,cross,0|1|0|0|0|nan|NA|ORGANIZATION,IT,ES
Italy_222,Slovenia_10,0.23333333333333334,0.25,3,cross,0|1|0|0|0|nan|NA|ORGANIZATION,IT,SI
Italy_222,Iceland_19,0.23333333333333334,0.25,4,cross,0|1|0|0|0|nan|NA|ORGANIZATION,IT,IS
Italy_251,Spain_333,0.23333333333333334,0.5,1,cross,0|1|0|0|0|nan|NA|ORGANIZATION,IT,ES
Italy_251,Spain_414,0.23333333333333334,0.5,2,cross,0|1|0|0|0|nan|NA|ORGANIZATION,IT,ES
Italy_272,Spain_333,0.23333333333333334,0.5,1,cross,0|1|0|0|0|nan|NA|ORGANIZATION,IT,ES
Italy_272,Spain_414,0.23333333333333334,0.5,2,cross,0|1|0|0|0|nan|NA|ORGANIZATION,IT,ES
Italy_308,Spain_333,0.23333333333333334,0.5,1,cross,0|1|0|0|0|nan|NA|ORGANIZATION,IT,ES
Italy_308,Spain_414,0.23333333333333334,0.5,2,cross,0|1|0|0|0|nan|NA|ORGANIZATION,IT,ES
Iceland_19,Slovenia_10,0.2,0.25,1,cross,0|1|0|0|0|nan|NA|ORGANIZATION,IS,SI
Iceland_19,Spain_333,0.23333333333333334,0.25,2,cross,0|1|0|0|0|nan|NA|ORGANIZATION,IS,ES
Iceland_19,Spain_414,0.23333333333333334,0.25,3,cross,0|1|0|0|0|nan|NA|ORGANIZATION,IS,ES
Iceland_19,Italy_222,0.23333333333333334,0.25,4,cross,0|1|0|0|0|nan|NA|ORGANIZATION,IS,IT
Iceland_81,Norway_60,0.2,0.2,1,cross,0|1|0|0|0|nan|NA|ORGANIZATION,IS,NO
Iceland_81,Norway_22,0.2,0.2,2,cross,0|1|0|0|0|nan|NA|ORGANIZATION,IS,NO
Iceland_81,Italy_56,0.2,0.2,3,cross,0|1|0|0|0|nan|NA|ORGANIZATION,IS,IT
Iceland_81,Norway_78,0.2,0.2,4,cross,0|1|0|0|0|nan|NA|ORGANIZATION,IS,NO
Iceland_81,Italy_80,0.2,0.2,5,cross,0|1|0|0|0|nan|NA|ORGANIZATION,IS,IT
Germany_23,Spain_74,0.2,0.5,1,cross,0|1|0|0|0|nan|NA|ORGANIZATION,DE,ES
Germany_23,Spain_465,0.2,0.5,2,cross,0|1|0|0|0|nan|NA|ORGANIZATION,DE,ES
Finland_38,Italy_123,0.23333333333333334,0.5,1,cross,0|1|0|0|0|nan|NA|ORGANIZATION,FI,IT
Finland_38,Italy_194,0.23333333333333334,0.5,2,cross,0|1|0|0|0|nan|NA|ORGANIZATION,FI,IT
Sweden_49,Slovenia_74,0.2,0.25,1,cross,0|1|0|0|1|nan|NA|ORGANIZATION,SE,SI
Sweden_49,Iceland_30,0.2,0.25,2,cross,0|1|0|0|1|nan|NA|ORGANIZATION,SE,IS
Sweden_49,Italy_27,0.22857142857142856,0.25,3,cross,0|1|0|0|1|nan|NA|ORGANIZATION,SE,IT
Sweden_49,Iceland_66,0.22857142857142856,0.25,4,cross,0|1|0|0|1|nan|NA|ORGANIZATION,SE,IS
Slovenia_74,Sweden_49,0.2,0.25,1,cross,0|1|0|0|1|nan|NA|ORGANIZATION,SI,SE
Slovenia_74,Iceland_30,0.2,0.25,2,cross,0|1|0|0|1|nan|NA|ORGANIZATION,SI,IS
Slovenia_74,Italy_27,0.22857142857142856,0.25,3,cross,0|1|0|0|1|nan|NA|ORGANIZATION,SI,IT
Slovenia_74,Iceland_66,0.22857142857142856,0.25,4,cross,0|1|0|0|1|nan|NA|ORGANIZATION,SI,IS
Poland_35,Norway_42,0.22857142857142856,0.5,1,cross,0|1|0|0|1|nan|NA|ORGANIZATION,PL,NO
Poland_35,Italy_57,0.22857142857142856,0.5,2,cross,0|1|0|0|1|nan|NA|ORGANIZATION,PL,IT
Norway_42,Italy_57,0.2,0.5,1,cross,0|1|0|0|1|nan|NA|ORGANIZATION,NO,IT
Norway_42,Poland_35,0.22857142857142856,0.5,2,cross,0|1|0|0|1|nan|NA|ORGANIZATION,NO,PL
Italy_27,Iceland_66,0.2,0.25,1,cross,0|1|0|0|1|nan|NA|ORGANIZATION,IT,IS
Italy_27,Sweden_49,0.22857142857142856,0.25,2,cross,0|1|0|0|1|nan|NA|ORGANIZATION,IT,SE
Italy_27,Slovenia_74,0.22857142857142856,0.25,3,cross,0|1|0|0|1|nan|NA|ORGANIZATION,IT,SI
Italy_27,Iceland_30,0.22857142857142856,0.25,4,cross,0|1|0|0|1|nan|NA|ORGANIZATION,IT,IS
Italy_57,Norway_42,0.2,0.5,1,cross,0|1|0|0|1|nan|NA|ORGANIZATION,IT,NO
Italy_57,Poland_35,0.22857142857142856,0.5,2,cross,0|1|0|0|1|nan|NA|ORGANIZATION,IT,PL
Iceland_30,Sweden_49,0.2,0.3333333333333333,1,cross,0|1|0|0|1|nan|NA|ORGANIZATION,IS,SE
Iceland_30,Slovenia_74,0.2,0.3333333333333333,2,cross,0|1|0|0|1|nan|NA|ORGANIZATION,IS,SI
Iceland_30,Italy_27,0.22857142857142856,0.3333333333333333,3,cross,0|1|0|0|1|nan|NA|ORGANIZATION,IS,IT
Iceland_66,Italy_27,0.2,0.3333333333333333,1,cross,0|1|0|0|1|nan|NA|ORGANIZATION,IS,IT
Iceland_66,Sweden_49,0.22857142857142856,0.3333333333333333,2,cross,0|1|0|0|1|nan|NA|ORGANIZATION,IS,SE
Iceland_66,Slovenia_74,0.22857142857142856,0.3333333333333333,3,cross,0|1|0|0|1|nan|NA|ORGANIZATION,IS,SI
Romania_138,Netherlands_10,0.2,1.0,1,cross,0|1|0|0|NA|nan|NA|ORGANIZATION,RO,NL
Netherlands_10,Romania_138,0.2,1.0,1,cross,0|1|0|0|NA|nan|NA|ORGANIZATION,NL,RO
Sweden_18,Italy_29,0.24215367965367965,1.0,1,cross,0|NA|NA|NA|0|2020-2021|O|ORGANIZATION,SE,IT
Norway_21,Italy_29,0.22573953823953827,1.0,1,cross,0|NA|NA|NA|0|2020-2021|O|ORGANIZATION,NO,IT
Italy_29,Norway_21,0.22573953823953827,0.5,1,cross,0|NA|NA|NA|0|2020-2021|O|ORGANIZATION,IT,NO
Italy_29,Sweden_18,0.24215367965367965,0.5,2,cross,0|NA|NA|NA|0|2020-2021|O|ORGANIZATION,IT,SE
United Kingdom_59,Italy_68,0.21598517455762792,0.5,1,cross,0|NA|NA|NA|0|2022-2023|NA|ORGANIZATION,GB,IT
United Kingdom_59,Italy_84,0.2257890961262554,0.5,2,cross,0|NA|NA|NA|0|2022-2023|NA|ORGANIZATION,GB,IT
Italy_68,United Kingdom_59,0.21598517455762792,1.0,1,cross,0|NA|NA|NA|0|2022-2023|NA|ORGANIZATION,IT,GB
Italy_84,United Kingdom_59,0.2257890961262554,1.0,1,cross,0|NA|NA|NA|0|2022-2023|NA|ORGANIZATION,IT,GB
Italy_113,Greece_53,0.24994021999043517,1.0,1,cross,0|NA|NA|NA|0|2022-2023|NA|ORGANIZATION,IT,GR
Italy_183,Iceland_95,0.21335485413677668,1.0,1,cross,0|NA|NA|NA|0|2022-2023|NA|ORGANIZATION,IT,IS
Iceland_95,Italy_183,0.21335485413677668,1.0,1,cross,0|NA|NA|NA|0|2022-2023|NA|ORGANIZATION,IS,IT
Greece_53,Italy_113,0.24994021999043517,1.0,1,cross,0|NA|NA|NA|0|2022-2023|NA|ORGANIZATION,GR,IT
Slovenia_33,Ireland_37,0.2,1.0,1,cross,0|NA|NA|NA|0|nan|NA|NOT_MENTIONED,SI,UNCLEAR
Ireland_37,Slovenia_33,0.2,1.0,1,cross,0|NA|NA|NA|0|nan|NA|NOT_MENTIONED,UNCLEAR,SI
United Kingdom_50,Norway_41,0.2,0.2,1,cross,0|NA|NA|NA|0|nan|NA|ORGANIZATION,GB,NO
United Kingdom_50,Greece_22,0.2,0.2,2,cross,0|NA|NA|NA|0|nan|NA|ORGANIZATION,GB,GR
United Kingdom_50,France_1,0.2,0.2,3,cross,0|NA|NA|NA|0|nan|NA|ORGANIZATION,GB,FR
United Kingdom_50,Greece_63,0.2,0.2,4,cross,0|NA|NA|NA|0|nan|NA|ORGANIZATION,GB,GR
United Kingdom_50,Finland_36,0.2,0.2,5,cross,0|NA|NA|NA|0|nan|NA|ORGANIZATION,GB,FI
Spain_37,Iceland_35,0.2,0.5,1,cross,0|NA|NA|NA|0|nan|NA|ORGANIZATION,ES,IS
Spain_37,Italy_126,0.24,0.5,2,cross,0|NA|NA|NA|0|nan|NA|ORGANIZATION,ES,IT
Spain_76,Greece_80,0.24,1.0,1,cross,0|NA|NA|NA|0|nan|NA|ORGANIZATION,ES,GR
Spain_83,Greece_89,0.2,0.25,1,cross,0|NA|NA|NA|0|nan|NA|ORGANIZATION,ES,GR
Spain_83,Italy_126,0.23333333333333334,0.25,2,cross,0|NA|NA|NA|0|nan|NA|ORGANIZATION,ES,IT
Spain_83,Greece_54,0.23333333333333334,0.25,3,cross,0|NA|NA|NA|0|nan|NA|ORGANIZATION,ES,GR
Spain_83,Finland_32,0.23333333333333334,0.25,4,cross,0|NA|NA|NA|0|nan|NA|ORGANIZATION,ES,FI
Spain_125,Italy_72,0.2,0.2,1,cross,0|NA|NA|NA|0|nan|NA|ORGANIZATION,ES,IT
Spain_125,Germany_43,0.2,0.2,2,cross,0|NA|NA|NA|0|nan|NA|ORGANIZATION,ES,DE
Spain_125,Finland_6,0.2,0.2,3,cross,0|NA|NA|NA|0|nan|NA|ORGANIZATION,ES,FI
Spain_125,Norway_41,0.24,0.2,4,cross,0|NA|NA|NA|0|nan|NA|ORGANIZATION,ES,NO
Spain_125,Greece_22,0.24,0.2,5,cross,0|NA|NA|NA|0|nan|NA|ORGANIZATION,ES,GR
Spain_171,Italy_239,0.23333333333333334,0.5,1,cross,0|NA|NA|NA|0|nan|NA|ORGANIZATION,ES,IT
Spain_171,Germany_38,0.24,0.5,2,cross,0|NA|NA|NA|0|nan|NA|ORGANIZATION,ES,DE
Spain_217,Greece_4,0.24,1.0,1,cross,0|NA|NA|NA|0|nan|NA|ORGANIZATION,ES,GR
Spain_225,Greece_32,0.2,0.5,1,cross,0|NA|NA|NA|0|nan|NA|ORGANIZATION,ES,GR
Spain_225,Romania_103,0.23333333333333334,0.5,2,cross,0|NA|NA|NA|0|nan|NA|ORGANIZATION,ES,RO
Spain_242,Italy_196,0.23333333333333334,1.0,1,cross,0|NA|NA|NA|0|nan|NA|ORGANIZATION,ES,IT
Spain_324,Romania_103,0.2,0.5,1,cross,0|NA|NA|NA|0|nan|NA|ORGANIZATION,ES,RO
Spain_324,Greece_32,0.23333333333333334,0.5,2,cross,0|NA|NA|NA|0|nan|NA|ORGANIZATION,ES,GR
Spain_358,Greece_32,0.2,0.5,1,cross,0|NA|NA|NA|0|nan|NA|ORGANIZATION,ES,GR
Spain_358,Romania_103,0.23333333333333334,0.5,2,cross,0|NA|NA|NA|0|nan|NA|ORGANIZATION,ES,RO
Spain_410,Germany_11,0.2,0.2,1,cross,0|NA|NA|NA|0|nan|NA|ORGANIZATION,ES,DE
Spain_410,Latvia_3,0.23333333333333334,0.2,2,cross,0|NA|NA|NA|0|nan|NA|ORGANIZATION,ES,UNCLEAR
Spain_410,Italy_72,0.24,0.2,3,cross,0|NA|NA|NA|0|nan|NA|ORGANIZATION,ES,IT
Spain_410,Germany_43,0.24,0.2,4,cross,0|NA|NA|NA|0|nan|NA|ORGANIZATION,ES,DE
Spain_410,Finland_6,0.24,0.2,5,cross,0|NA|NA|NA|0|nan|NA|ORGANIZATION,ES,FI
Spain_421,Greece_89,0.2,0.25,1,cross,0|NA|NA|NA|0|nan|NA|ORGANIZATION,ES,GR
Spain_421,Italy_126,0.23333333333333334,0.25,2,cross,0|NA|NA|NA|0|nan|NA|ORGANIZATION,ES,IT
Spain_421,Greece_54,0.23333333333333334,0.25,3,cross,0|NA|NA|NA|0|nan|NA|ORGANIZATION,ES,GR
Spain_421,Finland_32,0.23333333333333334,0.25,4,cross,0|NA|NA|NA|0|nan|NA|ORGANIZATION,ES,FI
Spain_430,Romania_16,0.23333333333333334,0.5,1,cross,0|NA|NA|NA|0|nan|NA|ORGANIZATION,ES,RO
Spain_430,Greece_94,0.24,0.5,2,cross,0|NA|NA|NA|0|nan|NA|ORGANIZATION,ES,UNCLEAR
Spain_434,Germany_11,0.2,0.2,1,cross,0|NA|NA|NA|0|nan|NA|ORGANIZATION,ES,DE
Spain_434,Latvia_3,0.23333333333333334,0.2,2,cross,0|NA|NA|NA|0|nan|NA|ORGANIZATION,ES,UNCLEAR
Spain_434,Italy_72,0.24,0.2,3,cross,0|NA|NA|NA|0|nan|NA|ORGANIZATION,ES,IT
Spain_434,Germany_43,0.24,0.2,4,cross,0|NA|NA|NA|0|nan|NA|ORGANIZATION,ES,DE
Spain_434,Finland_6,0.24,0.2,5,cross,0|NA|NA|NA|0|nan|NA|ORGANIZATION,ES,FI
Spain_480,Greece_89,0.2,0.25,1,cross,0|NA|NA|NA|0|nan|NA|ORGANIZATION,ES,GR
Spain_480,Italy_126,0.23333333333333334,0.25,2,cross,0|NA|NA|NA|0|nan|NA|ORGANIZATION,ES,IT
Spain_480,Greece_54,0.23333333333333334,0.25,3,cross,0|NA|NA|NA|0|nan|NA|ORGANIZATION,ES,GR
Spain_480,Finland_32,0.23333333333333334,0.25,4,cross,0|NA|NA|NA|0|nan|NA|ORGANIZATION,ES,FI
Spain_496,Romania_16,0.23333333333333334,0.5,1,cross,0|NA|NA|NA|0|nan|NA|ORGANIZATION,ES,RO
Spain_496,Italy_314,0.24,0.5,2,cross,0|NA|NA|NA|0|nan|NA|ORGANIZATION,ES,IT
Spain_532,Iceland_35,0.2,0.5,1,cross,0|NA|NA|NA|0|nan|NA|ORGANIZATION,ES,IS
Spain_532,Italy_126,0.24,0.5,2,cross,0|NA|NA|NA|0|nan|NA|ORGANIZATION,ES,IT
Spain_544,Germany_11,0.2,0.2,1,cross,0|NA|NA|NA|0|nan|NA|ORGANIZATION,ES,DE
Spain_544,Latvia_3,0.23333333333333334,0.2,2,cross,0|NA|NA|NA|0|nan|NA|ORGANIZATION,ES,UNCLEAR
Spain_544,Italy_72,0.24,0.2,3,cross,0|NA|NA|NA|0|nan|NA|ORGANIZATION,ES,IT
Spain_544,Germany_43,0.24,0.2,4,cross,0|NA|NA|NA|0|nan|NA|ORGANIZATION,ES,DE
Spain_544,Finland_6,0.24,0.2,5,cross,0|NA|NA|NA|0|nan|NA|ORGANIZATION,ES,FI
Spain_579,Italy_239,0.23333333333333334,0.5,1,cross,0|NA|NA|NA|0|nan|NA|ORGANIZATION,ES,IT
Spain_579,Germany_38,0.24,0.5,2,cross,0|NA|NA|NA|0|nan|NA|ORGANIZATION,ES,DE
Spain_605,Italy_126,0.2,0.25,1,cross,0|NA|NA|NA|0|nan|NA|ORGANIZATION,ES,IT
Spain_605,Greece_89,0.23333333333333334,0.25,2,cross,0|NA|NA|NA|0|nan|NA|ORGANIZATION,ES,GR
Spain_605,Italy_221,0.24,0.25,3,cross,0|NA|NA|NA|0|nan|NA|ORGANIZATION,ES,IT
Spain_605,Iceland_35,0.24,0.25,4,cross,0|NA|NA|NA|0|nan|NA|ORGANIZATION,ES,IS
Spain_607,Greece_54,0.2,0.3333333333333333,1,cross,0|NA|NA|NA|0|nan|NA|ORGANIZATION,ES,GR
Spain_607,Finland_32,0.2,0.3333333333333333,2,cross,0|NA|NA|NA|0|nan|NA|ORGANIZATION,ES,FI
Spain_607,Greece_89,0.23333333333333334,0.3333333333333333,3,cross,0|NA|NA|NA|0|nan|NA|ORGANIZATION,ES,GR
Spain_614,Greece_89,0.2,0.25,1,cross,0|NA|NA|NA|0|nan|NA|ORGANIZATION,ES,GR
Spain_614,Italy_126,0.23333333333333334,0.25,2,cross,0|NA|NA|NA|0|nan|NA|ORGANIZATION,ES,IT
Spain_614,Greece_54,0.23333333333333334,0.25,3,cross,0|NA|NA|NA|0|nan|NA|ORGANIZATION,ES,GR
Spain_614,Finland_32,0.23333333333333334,0.25,4,cross,0|NA|NA|NA|0|nan|NA|ORGANIZATION,ES,FI
Spain_629,Romania_16,0.23333333333333334,0.5,1,cross,0|NA|NA|NA|0|nan|NA|ORGANIZATION,ES,RO
Spain_629,Greece_94,0.24,0.5,2,cross,0|NA|NA|NA|0|nan|NA|ORGANIZATION,ES,UNCLEAR
Romania_16,Greece_94,0.07333333333333333,0.25,1,cross,0|NA|NA|NA|0|nan|NA|ORGANIZATION,RO,UNCLEAR
Romania_16,Spain_430,0.23333333333333334,0.25,2,cross,0|NA|NA|NA|0|nan|NA|ORGANIZATION,RO,ES
Romania_16,Spain_496,0.23333333333333334,0.25,3,cross,0|NA|NA|NA|0|nan|NA|ORGANIZATION,RO,ES
Romania_16,Spain_629,0.23333333333333334,0.25,4,cross,0|NA|NA|NA|0|nan|NA|ORGANIZATION,RO,ES
Romania_49,Iceland_90,0.23333333333333334,1.0,1,cross,0|NA|NA|NA|0|nan|NA|ORGANIZATION,RO,IS
Romania_103,Spain_324,0.2,0.25,1,cross,0|NA|NA|NA|0|nan|NA|ORGANIZATION,RO,ES
Romania_103,Spain_225,0.23333333333333334,0.25,2,cross,0|NA|NA|NA|0|nan|NA|ORGANIZATION,RO,ES
Romania_103,Spain_358,0.23333333333333334,0.25,3,cross,0|NA|NA|NA|0|nan|NA|ORGANIZATION,RO,ES
Romania_103,Greece_32,0.23333333333333334,0.25,4,cross,0|NA|NA|NA|0|nan|NA|ORGANIZATION,RO,GR
Norway_41,United Kingdom_50,0.2,0.2,1,cross,0|NA|NA|NA|0|nan|NA|ORGANIZATION,NO,GB
Norway_41,Greece_22,0.2,0.2,2,cross,0|NA|NA|NA|0|nan|NA|ORGANIZATION,NO,GR
Norway_41,France_1,0.2,0.2,3,cross,0|NA|NA|NA|0|nan|NA|ORGANIZATION,NO,FR
Norway_41,Greece_63,0.2,0.2,4,cross,0|NA|NA|NA|0|nan|NA|ORGANIZATION,NO,GR
Norway_41,Finland_36,0.2,0.2,5,cross,0|NA|NA|NA|0|nan|NA|ORGANIZATION,NO,FI
Luxembourg_20,Italy_38,0.24,1.0,1,cross,0|NA|NA|NA|0|nan|NA|ORGANIZATION,LU,IT
Latvia_3,Spain_410,0.23333333333333334,0.25,1,cross,0|NA|NA|NA|0|nan|NA|ORGANIZATION,UNCLEAR,ES
Latvia_3,Spain_434,0.23333333333333334,0.25,2,cross,0|NA|NA|NA|0|nan|NA|ORGANIZATION,UNCLEAR,ES
Latvia_3,Spain_544,0.23333333333333334,0.25,3,cross,0|NA|NA|NA|0|nan|NA|ORGANIZATION,UNCLEAR,ES
Latvia_3,Germany_11,0.23333333333333334,0.25,4,cross,0|NA|NA|NA|0|nan|NA|ORGANIZATION,UNCLEAR,DE
Italy_38,Luxembourg_20,0.24,1.0,1,cross,0|NA|NA|NA|0|nan|NA|ORGANIZATION,IT,LU
Italy_72,Spain_125,0.2,0.2,1,cross,0|NA|NA|NA|0|nan|NA|ORGANIZATION,IT,ES
Italy_72,Germany_43,0.2,0.2,2,cross,0|NA|NA|NA|0|nan|NA|ORGANIZATION,IT,DE
Italy_72,Finland_6,0.2,0.2,3,cross,0|NA|NA|NA|0|nan|NA|ORGANIZATION,IT,FI
Italy_72,United Kingdom_50,0.24,0.2,4,cross,0|NA|NA|NA|0|nan|NA|ORGANIZATION,IT,GB
Italy_72,Spain_544,0.24,0.2,5,cross,0|NA|NA|NA|0|nan|NA|ORGANIZATION,IT,ES
Italy_126,Spain_605,0.2,0.2,1,cross,0|NA|NA|NA|0|nan|NA|ORGANIZATION,IT,ES
Italy_126,Spain_83,0.23333333333333334,0.2,2,cross,0|NA|NA|NA|0|nan|NA|ORGANIZATION,IT,ES
Italy_126,Spain_480,0.23333333333333334,0.2,3,cross,0|NA|NA|NA|0|nan|NA|ORGANIZATION,IT,ES
Italy_126,Spain_421,0.23333333333333334,0.2,4,cross,0|NA|NA|NA|0|nan|NA|ORGANIZATION,IT,ES
Italy_126,Spain_614,0.23333333333333334,0.2,5,cross,0|NA|NA|NA|0|nan|NA|ORGANIZATION,IT,ES
Italy_196,Spain_242,0.23333333333333334,1.0,1,cross,0|NA|NA|NA|0|nan|NA|ORGANIZATION,IT,ES
Italy_221,Spain_605,0.24,1.0,1,cross,0|NA|NA|NA|0|nan|NA|ORGANIZATION,IT,ES
Italy_239,Spain_171,0.23333333333333334,0.5,1,cross,0|NA|NA|NA|0|nan|NA|ORGANIZATION,IT,ES
Italy_239,Spain_579,0.23333333333333334,0.5,2,cross,0|NA|NA|NA|0|nan|NA|ORGANIZATION,IT,ES
Italy_295,Iceland_103,0.23333333333333334,1.0,1,cross,0|NA|NA|NA|0|nan|NA|ORGANIZATION,IT,IS
Italy_314,Spain_496,0.24,1.0,1,cross,0|NA|NA|NA|0|nan|NA|ORGANIZATION,IT,ES
Iceland_35,Spain_37,0.2,0.25,1,cross,0|NA|NA|NA|0|nan|NA|ORGANIZATION,IS,ES
Iceland_35,Spain_532,0.2,0.25,2,cross,0|NA|NA|NA|0|nan|NA|ORGANIZATION,IS,ES
Iceland_35,Spain_605,0.24,0.25,3,cross,0|NA|NA|NA|0|nan|NA|ORGANIZATION,IS,ES
Iceland_35,Italy_126,0.24,0.25,4,cross,0|NA|NA|NA|0|nan|NA|ORGANIZATION,IS,IT
Iceland_90,Romania_49,0.23333333333333334,1.0,1,cross,0|NA|NA|NA|0|nan|NA|ORGANIZATION,IS,RO
Iceland_103,Italy_295,0.23333333333333334,1.0,1,cross,0|NA|NA|NA|0|nan|NA|ORGANIZATION,IS,IT
Greece_4,Spain_217,0.24,1.0,1,cross,0|NA|NA|NA|0|nan|NA|ORGANIZATION,GR,ES
Greece_22,United Kingdom_50,0.2,0.2,1,cross,0|NA|NA|NA|0|nan|NA|ORGANIZATION,GR,GB
Greece_22,Norway_41,0.2,0.2,2,cross,0|NA|NA|NA|0|nan|NA|ORGANIZATION,GR,NO
Greece_22,Finland_36,0.2,0.2,3,cross,0|NA|NA|NA|0|nan|NA|ORGANIZATION,GR,FI
Greece_22,France_1,0.2,0.2,4,cross,0|NA|NA|NA|0|nan|NA|ORGANIZATION,GR,FR
Greece_22,Italy_72,0.24,0.2,5,cross,0|NA|NA|NA|0|nan|NA|ORGANIZATION,GR,IT
Greece_32,Spain_225,0.2,0.25,1,cross,0|NA|NA|NA|0|nan|NA|ORGANIZATION,GR,ES
Greece_32,Spain_358,0.2,0.25,2,cross,0|NA|NA|NA|0|nan|NA|ORGANIZATION,GR,ES
Greece_32,Spain_324,0.23333333333333334,0.25,3,cross,0|NA|NA|NA|0|nan|NA|ORGANIZATION,GR,ES
Greece_32,Romania_103,0.23333333333333334,0.25,4,cross,0|NA|NA|NA|0|nan|NA|ORGANIZATION,GR,RO
Greece_54,Spain_607,0.2,0.2,1,cross,0|NA|NA|NA|0|nan|NA|ORGANIZATION,GR,ES
Greece_54,Finland_32,0.2,0.2,2,cross,0|NA|NA|NA|0|nan|NA|ORGANIZATION,GR,FI
Greece_54,Spain_421,0.23333333333333334,0.2,3,cross,0|NA|NA|NA|0|nan|NA|ORGANIZATION,GR,ES
Greece_54,Spain_83,0.23333333333333334,0.2,4,cross,0|NA|NA|NA|0|nan|NA|ORGANIZATION,GR,ES
Greece_54,Spain_480,0.23333333333333334,0.2,5,cross,0|NA|NA|NA|0|nan|NA|ORGANIZATION,GR,ES
Greece_63,United Kingdom_50,0.2,0.2,1,cross,0|NA|NA|NA|0|nan|NA|ORGANIZATION,GR,GB
Greece_63,Norway_41,0.2,0.2,2,cross,0|NA|NA|NA|0|nan|NA|ORGANIZATION,GR,NO
Greece_63,Finland_36,0.2,0.2,3,cross,0|NA|NA|NA|0|nan|NA|ORGANIZATION,GR,FI
Greece_63,France_1,0.2,0.2,4,cross,0|NA|NA|NA|0|nan|NA|ORGANIZATION,GR,FR
Greece_63,Italy_72,0.24,0.2,5,cross,0|NA|NA|NA|0|nan|NA|ORGANIZATION,GR,IT
Greece_80,Spain_76,0.24,1.0,1,cross,0|NA|NA|NA|0|nan|NA|ORGANIZATION,GR,ES
Greece_89,Spain_83,0.2,0.2,1,cross,0|NA|NA|NA|0|nan|NA|ORGANIZATION,GR,ES
Greece_89,Spain_421,0.2,0.2,2,cross,0|NA|NA|NA|0|nan|NA|ORGANIZATION,GR,ES
Greece_89,Spain_480,0.2,0.2,3,cross,0|NA|NA|NA|0|nan|NA|ORGANIZATION,GR,ES
Greece_89,Spain_614,0.2,0.2,4,cross,0|NA|NA|NA|0|nan|NA|ORGANIZATION,GR,ES
Greece_89,Spain_605,0.23333333333333334,0.2,5,cross,0|NA|NA|NA|0|nan|NA|ORGANIZATION,GR,ES
Greece_94,Romania_16,0.07333333333333333,0.3333333333333333,1,cross,0|NA|NA|NA|0|nan|NA|ORGANIZATION,UNCLEAR,RO
Greece_94,Spain_430,0.24,0.3333333333333333,2,cross,0|NA|NA|NA|0|nan|NA|ORGANIZATION,UNCLEAR,ES
Greece_94,Spain_629,0.24,0.3333333333333333,3,cross,0|NA|NA|NA|0|nan|NA|ORGANIZATION,UNCLEAR,ES
Germany_11,Spain_410,0.2,0.2,1,cross,0|NA|NA|NA|0|nan|NA|ORGANIZATION,DE,ES
Germany_11,Spain_434,0.2,0.2,2,cross,0|NA|NA|NA|0|nan|NA|ORGANIZATION,DE,ES
Germany_11,Spain_544,0.2,0.2,3,cross,0|NA|NA|NA|0|nan|NA|ORGANIZATION,DE,ES
Germany_11,Latvia_3,0.23333333333333334,0.2,4,cross,0|NA|NA|NA|0|nan|NA|ORGANIZATION,DE,UNCLEAR
Germany_11,Spain_125,0.24,0.2,5,cross,0|NA|NA|NA|0|nan|NA|ORGANIZATION,DE,ES
Germany_38,Spain_171,0.24,0.5,1,cross,0|NA|NA|NA|0|nan|NA|ORGANIZATION,DE,ES
Germany_38,Spain_579,0.24,0.5,2,cross,0|NA|NA|NA|0|nan|NA|ORGANIZATION,DE,ES
Germany_43,Spain_125,0.2,0.2,1,cross,0|NA|NA|NA|0|nan|NA|ORGANIZATION,DE,ES
Germany_43,Italy_72,0.2,0.2,2,cross,0|NA|NA|NA|0|nan|NA|ORGANIZATION,DE,IT
Germany_43,Finland_6,0.2,0.2,3,cross,0|NA|NA|NA|0|nan|NA|ORGANIZATION,DE,FI
Germany_43,Spain_410,0.24,0.2,4,cross,0|NA|NA|NA|0|nan|NA|ORGANIZATION,DE,ES
Germany_43,Spain_434,0.24,0.2,5,cross,0|NA|NA|NA|0|nan|NA|ORGANIZATION,DE,ES
France_1,United Kingdom_50,0.2,0.2,1,cross,0|NA|NA|NA|0|nan|NA|ORGANIZATION,FR,GB
France_1,Norway_41,0.2,0.2,2,cross,0|NA|NA|NA|0|nan|NA|ORGANIZATION,FR,NO
France_1,Greece_63,0.2,0.2,3,cross,0|NA|NA|NA|0|nan|NA|ORGANIZATION,FR,GR
France_1,Greece_22,0.2,0.2,4,cross,0|NA|NA|NA|0|nan|NA|ORGANIZATION,FR,GR
France_1,Finland_36,0.2,0.2,5,cross,0|NA|NA|NA|0|nan|NA|ORGANIZATION,FR,FI
Finland_6,Spain_125,0.2,0.2,1,cross,0|NA|NA|NA|0|nan|NA|ORGANIZATION,FI,ES
Finland_6,Italy_72,0.2,0.2,2,cross,0|NA|NA|NA|0|nan|NA|ORGANIZATION,FI,IT
Finland_6,Germany_43,0.2,0.2,3,cross,0|NA|NA|NA|0|nan|NA|ORGANIZATION,FI,DE
Finland_6,Spain_410,0.24,0.2,4,cross,0|NA|NA|NA|0|nan|NA|ORGANIZATION,FI,ES
Finland_6,Spain_434,0.24,0.2,5,cross,0|NA|NA|NA|0|nan|NA|ORGANIZATION,FI,ES
Finland_32,Spain_607,0.2,0.2,1,cross,0|NA|NA|NA|0|nan|NA|ORGANIZATION,FI,ES
Finland_32,Greece_54,0.2,0.2,2,cross,0|NA|NA|NA|0|nan|NA|ORGANIZATION,FI,GR
Finland_32,Spain_421,0.23333333333333334,0.2,3,cross,0|NA|NA|NA|0|nan|NA|ORGANIZATION,FI,ES
Finland_32,Spain_83,0.23333333333333334,0.2,4,cross,0|NA|NA|NA|0|nan|NA|ORGANIZATION,FI,ES
Finland_32,Spain_480,0.23333333333333334,0.2,5,cross,0|NA|NA|NA|0|nan|NA|ORGANIZATION,FI,ES
Finland_36,United Kingdom_50,0.2,0.2,1,cross,0|NA|NA|NA|0|nan|NA|ORGANIZATION,FI,GB
Finland_36,Norway_41,0.2,0.2,2,cross,0|NA|NA|NA|0|nan|NA|ORGANIZATION,FI,NO
Finland_36,Greece_63,0.2,0.2,3,cross,0|NA|NA|NA|0|nan|NA|ORGANIZATION,FI,GR
Finland_36,Greece_22,0.2,0.2,4,cross,0|NA|NA|NA|0|nan|NA|ORGANIZATION,FI,GR
Finland_36,France_1,0.2,0.2,5,cross,0|NA|NA|NA|0|nan|NA|ORGANIZATION,FI,FR
Spain_121,Malta_5,0.2,1.0,1,cross,0|NA|NA|NA|1|nan|NA|NATURAL_PERSON,ES,MT
Spain_473,Malta_5,0.2,1.0,1,cross,0|NA|NA|NA|1|nan|NA|NATURAL_PERSON,ES,MT
Spain_506,Malta_5,0.2,1.0,1,cross,0|NA|NA|NA|1|nan|NA|NATURAL_PERSON,ES,MT
Malta_5,Spain_121,0.2,0.3333333333333333,1,cross,0|NA|NA|NA|1|nan|NA|NATURAL_PERSON,MT,ES
Malta_5,Spain_473,0.2,0.3333333333333333,2,cross,0|NA|NA|NA|1|nan|NA|NATURAL_PERSON,MT,ES
Malta_5,Spain_506,0.2,0.3333333333333333,3,cross,0|NA|NA|NA|1|nan|NA|NATURAL_PERSON,MT,ES
Spain_52,Slovenia_17,0.2,1.0,1,cross,0|NA|NA|NA|1|nan|NA|NOT_MENTIONED,ES,SI
Slovenia_17,Spain_52,0.2,1.0,1,cross,0|NA|NA|NA|1|nan|NA|NOT_MENTIONED,SI,ES
Spain_105,Italy_20,0.2,0.5,1,cross,0|NA|NA|NA|1|nan|NA|ORGANIZATION,ES,IT
Spain_105,Finland_23,0.24,0.5,2,cross,0|NA|NA|NA|1|nan|NA|ORGANIZATION,ES,FI
Spain_409,Finland_23,0.2,0.5,1,cross,0|NA|NA|NA|1|nan|NA|ORGANIZATION,ES,FI
Spain_409,Italy_20,0.24,0.5,2,cross,0|NA|NA|NA|1|nan|NA|ORGANIZATION,ES,IT
Spain_443,Italy_20,0.22000000000000003,1.0,1,cross,0|NA|NA|NA|1|nan|NA|ORGANIZATION,ES,IT
Slovenia_73,Iceland_86,0.2,1.0,1,cross,0|NA|NA|NA|1|nan|NA|ORGANIZATION,SI,IS
Romania_120,Italy_64,0.2,1.0,1,cross,0|NA|NA|NA|1|nan|NA|ORGANIZATION,RO,IT
Italy_20,Spain_105,0.2,0.25,1,cross,0|NA|NA|NA|1|nan|NA|ORGANIZATION,IT,ES
Italy_20,Spain_443,0.22000000000000003,0.25,2,cross,0|NA|NA|NA|1|nan|NA|ORGANIZATION,IT,ES
Italy_20,Spain_409,0.24,0.25,3,cross,0|NA|NA|NA|1|nan|NA|ORGANIZATION,IT,ES
Italy_20,Finland_23,0.24,0.25,4,cross,0|NA|NA|NA|1|nan|NA|ORGANIZATION,IT,FI
Italy_64,Romania_120,0.2,1.0,1,cross,0|NA|NA|NA|1|nan|NA|ORGANIZATION,IT,RO
Italy_146,Germany_28,0.24,1.0,1,cross,0|NA|NA|NA|1|nan|NA|ORGANIZATION,IT,DE
Iceland_86,Slovenia_73,0.2,1.0,1,cross,0|NA|NA|NA|1|nan|NA|ORGANIZATION,IS,SI
Germany_28,Italy_146,0.24,1.0,1,cross,0|NA|NA|NA|1|nan|NA|ORGANIZATION,DE,IT
Finland_23,Spain_409,0.2,0.3333333333333333,1,cross,0|NA|NA|NA|1|nan|NA|ORGANIZATION,FI,ES
Finland_23,Spain_105,0.24,0.3333333333333333,2,cross,0|NA|NA|NA|1|nan|NA|ORGANIZATION,FI,ES
Finland_23,Italy_20,0.24,0.3333333333333333,3,cross,0|NA|NA|NA|1|nan|NA|ORGANIZATION,FI,IT
Spain_418,Iceland_23,0.21141975308641978,0.3333333333333333,1,cross,0|NA|NA|NA|NA|2020-2021|O|ORGANIZATION,ES,IS
Spain_418,Netherlands_27,0.2303497942386831,0.3333333333333333,2,cross,0|NA|NA|NA|NA|2020-2021|O|ORGANIZATION,ES,NL
Spain_418,Italy_24,0.23585390946502058,0.3333333333333333,3,cross,0|NA|NA|NA|NA|2020-2021|O|ORGANIZATION,ES,IT
Netherlands_27,Iceland_48,0.21141975308641978,0.5,1,cross,0|NA|NA|NA|NA|2020-2021|O|ORGANIZATION,NL,IS
Netherlands_27,Spain_418,0.2303497942386831,0.5,2,cross,0|NA|NA|NA|NA|2020-2021|O|ORGANIZATION,NL,ES
Italy_24,Iceland_23,0.19727366255144033,0.3333333333333333,1,cross,0|NA|NA|NA|NA|2020-2021|O|ORGANIZATION,IT,IS
Italy_24,Iceland_29,0.2006172839506173,0.3333333333333333,2,cross,0|NA|NA|NA|NA|2020-2021|O|ORGANIZATION,IT,IS
Italy_24,Spain_418,0.23585390946502058,0.3333333333333333,3,cross,0|NA|NA|NA|NA|2020-2021|O|ORGANIZATION,IT,ES
Iceland_23,Italy_24,0.19727366255144033,0.5,1,cross,0|NA|NA|NA|NA|2020-2021|O|ORGANIZATION,IS,IT
Iceland_23,Spain_418,0.21141975308641978,0.5,2,cross,0|NA|NA|NA|NA|2020-2021|O|ORGANIZATION,IS,ES
Iceland_29,Italy_24,0.2006172839506173,1.0,1,cross,0|NA|NA|NA|NA|2020-2021|O|ORGANIZATION,IS,IT
Iceland_48,Netherlands_27,0.21141975308641978,1.0,1,cross,0|NA|NA|NA|NA|2020-2021|O|ORGANIZATION,IS,NL
United Kingdom_19,Sweden_26,0.206608005521049,0.5,1,cross,0|NA|NA|NA|NA|2020-2021|NA|ORGANIZATION,GB,SE
United Kingdom_19,Norway_58,0.2370945479641132,0.5,2,cross,0|NA|NA|NA|NA|2020-2021|NA|ORGANIZATION,GB,NO
United Kingdom_62,Spain_530,0.1998792270531401,0.3333333333333333,1,cross,0|NA|NA|NA|NA|2020-2021|NA|ORGANIZATION,GB,ES
United Kingdom_62,Spain_486,0.20686680469289165,0.3333333333333333,2,cross,0|NA|NA|NA|NA|2020-2021|NA|ORGANIZATION,GB,ES
United Kingdom_62,Spain_563,0.24309868875086268,0.3333333333333333,3,cross,0|NA|NA|NA|NA|2020-2021|NA|ORGANIZATION,GB,ES
Sweden_26,United Kingdom_19,0.206608005521049,0.5,1,cross,0|NA|NA|NA|NA|2020-2021|NA|ORGANIZATION,SE,GB
Sweden_26,Norway_58,0.22148033126293995,0.5,2,cross,0|NA|NA|NA|NA|2020-2021|NA|ORGANIZATION,SE,NO
Sweden_27,Iceland_20,0.1682194616977226,0.3333333333333333,1,cross,0|NA|NA|NA|NA|2020-2021|NA|ORGANIZATION,SE,IS
Sweden_27,Iceland_13,0.23240165631469978,0.3333333333333333,2,cross,0|NA|NA|NA|NA|2020-2021|NA|ORGANIZATION,SE,IS
Sweden_27,Norway_81,0.23545548654244305,0.3333333333333333,3,cross,0|NA|NA|NA|NA|2020-2021|NA|ORGANIZATION,SE,NO
Spain_486,United Kingdom_62,0.20686680469289165,1.0,1,cross,0|NA|NA|NA|NA|2020-2021|NA|ORGANIZATION,ES,GB
Spain_530,United Kingdom_62,0.1998792270531401,1.0,1,cross,0|NA|NA|NA|NA|2020-2021|NA|ORGANIZATION,ES,GB
Spain_563,United Kingdom_62,0.24309868875086268,1.0,1,cross,0|NA|NA|NA|NA|2020-2021|NA|ORGANIZATION,ES,GB
Poland_12,Germany_18,0.17779503105590064,1.0,1,cross,0|NA|NA|NA|NA|2020-2021|NA|ORGANIZATION,PL,DE
Norway_58,Sweden_26,0.22148033126293995,0.5,1,cross,0|NA|NA|NA|NA|2020-2021|NA|ORGANIZATION,NO,SE
Norway_58,United Kingdom_19,0.2370945479641132,0.5,2,cross,0|NA|NA|NA|NA|2020-2021|NA|ORGANIZATION,NO,GB
Norway_81,Iceland_13,0.23027950310559006,0.2,1,cross,0|NA|NA|NA|NA|2020-2021|NA|ORGANIZATION,NO,IS
Norway_81,Sweden_27,0.23545548654244305,0.2,2,cross,0|NA|NA|NA|NA|2020-2021|NA|ORGANIZATION,NO,SE
Norway_81,Iceland_20,0.23700828157349896,0.2,3,cross,0|NA|NA|NA|NA|2020-2021|NA|ORGANIZATION,NO,IS
Norway_81,Hungary_11,0.24154589371980675,0.2,4,cross,0|NA|NA|NA|NA|2020-2021|NA|ORGANIZATION,NO,HU
Norway_81,Hungary_13,0.2464113181504486,0.2,5,cross,0|NA|NA|NA|NA|2020-2021|NA|ORGANIZATION,NO,HU
Iceland_13,Norway_81,0.23027950310559006,0.3333333333333333,1,cross,0|NA|NA|NA|NA|2020-2021|NA|ORGANIZATION,IS,NO
Iceland_13,Sweden_27,0.23240165631469978,0.3333333333333333,2,cross,0|NA|NA|NA|NA|2020-2021|NA|ORGANIZATION,IS,SE
Iceland_13,Hungary_11,0.24459972394755003,0.3333333333333333,3,cross,0|NA|NA|NA|NA|2020-2021|NA|ORGANIZATION,IS,HU
Iceland_12,Hungary_13,0.21204278812974464,1.0,1,cross,0|NA|NA|NA|NA|2020-2021|NA|ORGANIZATION,IS,HU
Iceland_20,Sweden_27,0.1682194616977226,0.5,1,cross,0|NA|NA|NA|NA|2020-2021|NA|ORGANIZATION,IS,SE
Iceland_20,Norway_81,0.23700828157349896,0.5,2,cross,0|NA|NA|NA|NA|2020-2021|NA|ORGANIZATION,IS,NO
Hungary_11,Norway_81,0.24154589371980675,0.5,1,cross,0|NA|NA|NA|NA|2020-2021|NA|ORGANIZATION,HU,NO
Hungary_11,Iceland_13,0.24459972394755003,0.5,2,cross,0|NA|NA|NA|NA|2020-2021|NA|ORGANIZATION,HU,IS
Hungary_13,Iceland_12,0.21204278812974464,0.5,1,cross,0|NA|NA|NA|NA|2020-2021|NA|ORGANIZATION,HU,IS
Hungary_13,Norway_81,0.2464113181504486,0.5,2,cross,0|NA|NA|NA|NA|2020-2021|NA|ORGANIZATION,HU,NO
Germany_18,Poland_12,0.17779503105590064,1.0,1,cross,0|NA|NA|NA|NA|2020-2021|NA|ORGANIZATION,DE,PL
Netherlands_19,Iceland_74,0.17235142118863048,1.0,1,cross,0|NA|NA|NA|NA|2022-2023|O|ORGANIZATION,NL,IS
Iceland_74,Netherlands_19,0.17235142118863048,1.0,1,cross,0|NA|NA|NA|NA|2022-2023|O|ORGANIZATION,IS,NL
Sweden_12,Italy_106,0.21270396270396272,0.2,1,cross,0|NA|NA|NA|NA|2022-2023|NA|ORGANIZATION,SE,IT
Sweden_12,Iceland_63,0.21553446553446554,0.2,2,cross,0|NA|NA|NA|NA|2022-2023|NA|ORGANIZATION,SE,IS
Sweden_12,Italy_142,0.22544122544122544,0.2,3,cross,0|NA|NA|NA|NA|2022-2023|NA|ORGANIZATION,SE,IT
Sweden_12,Spain_49,0.22963702963702962,0.2,4,cross,0|NA|NA|NA|NA|2022-2023|NA|ORGANIZATION,SE,ES
Sweden_12,Romania_1,0.24420579420579422,0.2,5,cross,0|NA|NA|NA|NA|2022-2023|NA|ORGANIZATION,SE,RO
Sweden_30,Italy_106,0.22925407925407926,0.2,1,cross,0|NA|NA|NA|NA|2022-2023|NA|ORGANIZATION,SE,IT
Sweden_30,Iceland_63,0.23208458208458208,0.2,2,cross,0|NA|NA|NA|NA|2022-2023|NA|ORGANIZATION,SE,IS
Sweden_30,Italy_158,0.2328171828171828,0.2,3,cross,0|NA|NA|NA|NA|2022-2023|NA|ORGANIZATION,SE,IT
Sweden_30,Italy_142,0.23872793872793874,0.2,4,cross,0|NA|NA|NA|NA|2022-2023|NA|ORGANIZATION,SE,IT
Sweden_30,Spain_49,0.24618714618714618,0.2,5,cross,0|NA|NA|NA|NA|2022-2023|NA|ORGANIZATION,SE,ES
Sweden_33,Italy_184,0.1811188811188811,0.3333333333333333,1,cross,0|NA|NA|NA|NA|2022-2023|NA|ORGANIZATION,SE,IT
Sweden_33,Italy_201,0.23954378954378952,0.3333333333333333,2,cross,0|NA|NA|NA|NA|2022-2023|NA|ORGANIZATION,SE,IT
Sweden_33,Spain_186,0.2478188478188478,0.3333333333333333,3,cross,0|NA|NA|NA|NA|2022-2023|NA|ORGANIZATION,SE,ES
Sweden_41,Spain_49,0.1965034965034965,0.2,1,cross,0|NA|NA|NA|NA|2022-2023|NA|ORGANIZATION,SE,ES
Sweden_41,Germany_14,0.21366966366966367,0.2,2,cross,0|NA|NA|NA|NA|2022-2023|NA|ORGANIZATION,SE,DE
Sweden_41,Hungary_36,0.2416749916749917,0.2,3,cross,0|NA|NA|NA|NA|2022-2023|NA|ORGANIZATION,SE,HU
Sweden_41,Iceland_63,0.24393939393939393,0.2,4,cross,0|NA|NA|NA|NA|2022-2023|NA|ORGANIZATION,SE,IS
Sweden_41,Italy_106,0.24676989676989677,0.2,5,cross,0|NA|NA|NA|NA|2022-2023|NA|ORGANIZATION,SE,IT
Sweden_47,Netherlands_7,0.20516150516150514,0.5,1,cross,0|NA|NA|NA|NA|2022-2023|NA|ORGANIZATION,SE,NL
Sweden_47,Greece_56,0.24295704295704298,0.5,2,cross,0|NA|NA|NA|NA|2022-2023|NA|ORGANIZATION,SE,GR
Sweden_48,Italy_96,0.175990675990676,0.3333333333333333,1,cross,0|NA|NA|NA|NA|2022-2023|NA|ORGANIZATION,SE,IT
Sweden_48,France_7,0.23403263403263405,0.3333333333333333,2,cross,0|NA|NA|NA|NA|2022-2023|NA|ORGANIZATION,SE,FR
Sweden_48,Italy_156,0.23927738927738929,0.3333333333333333,3,cross,0|NA|NA|NA|NA|2022-2023|NA|ORGANIZATION,SE,IT
Sweden_57,Italy_156,0.2426906426906427,1.0,1,cross,0|NA|NA|NA|NA|2022-2023|NA|ORGANIZATION,SE,IT
Spain_49,Sweden_41,0.1965034965034965,0.2,1,cross,0|NA|NA|NA|NA|2022-2023|NA|ORGANIZATION,ES,SE
Spain_49,Iceland_63,0.2141025641025641,0.2,2,cross,0|NA|NA|NA|NA|2022-2023|NA|ORGANIZATION,ES,IS
Spain_49,Italy_106,0.2169330669330669,0.2,3,cross,0|NA|NA|NA|NA|2022-2023|NA|ORGANIZATION,ES,IT
Spain_49,Sweden_12,0.22963702963702962,0.2,4,cross,0|NA|NA|NA|NA|2022-2023|NA|ORGANIZATION,ES,SE
Spain_49,Iceland_83,0.22975357975357977,0.2,5,cross,0|NA|NA|NA|NA|2022-2023|NA|ORGANIZATION,ES,IS
Spain_186,Italy_184,0.23336663336663335,0.5,1,cross,0|NA|NA|NA|NA|2022-2023|NA|ORGANIZATION,ES,IT
Spain_186,Sweden_33,0.2478188478188478,0.5,2,cross,0|NA|NA|NA|NA|2022-2023|NA|ORGANIZATION,ES,SE
Romania_1,Italy_142,0.18869463869463868,0.2,1,cross,0|NA|NA|NA|NA|2022-2023|NA|ORGANIZATION,RO,IT
Romania_1,Iceland_63,0.20466200466200468,0.2,2,cross,0|NA|NA|NA|NA|2022-2023|NA|ORGANIZATION,RO,IS
Romania_1,Iceland_71,0.22206127206127205,0.2,3,cross,0|NA|NA|NA|NA|2022-2023|NA|ORGANIZATION,RO,IS
Romania_1,Sweden_12,0.24420579420579422,0.2,4,cross,0|NA|NA|NA|NA|2022-2023|NA|ORGANIZATION,RO,SE
Romania_1,Italy_106,0.24945054945054945,0.2,5,cross,0|NA|NA|NA|NA|2022-2023|NA|ORGANIZATION,RO,IT
Netherlands_7,Sweden_47,0.20516150516150514,0.5,1,cross,0|NA|NA|NA|NA|2022-2023|NA|ORGANIZATION,NL,SE
Netherlands_7,Greece_56,0.23383283383283382,0.5,2,cross,0|NA|NA|NA|NA|2022-2023|NA|ORGANIZATION,NL,GR
Netherlands_23,Italy_156,0.24627039627039626,1.0,1,cross,0|NA|NA|NA|NA|2022-2023|NA|ORGANIZATION,NL,IT
Italy_90,Hungary_35,0.2292873792873793,1.0,1,cross,0|NA|NA|NA|NA|2022-2023|NA|ORGANIZATION,IT,HU
Italy_96,Sweden_48,0.175990675990676,0.5,1,cross,0|NA|NA|NA|NA|2022-2023|NA|ORGANIZATION,IT,SE
Italy_96,France_7,0.24335664335664334,0.5,2,cross,0|NA|NA|NA|NA|2022-2023|NA|ORGANIZATION,IT,FR
Italy_106,Iceland_63,0.21145521145521143,0.2,1,cross,0|NA|NA|NA|NA|2022-2023|NA|ORGANIZATION,IT,IS
Italy_106,Sweden_12,0.21270396270396272,0.2,2,cross,0|NA|NA|NA|NA|2022-2023|NA|ORGANIZATION,IT,SE
Italy_106,Spain_49,0.2169330669330669,0.2,3,cross,0|NA|NA|NA|NA|2022-2023|NA|ORGANIZATION,IT,ES
Italy_106,Sweden_30,0.22925407925407926,0.2,4,cross,0|NA|NA|NA|NA|2022-2023|NA|ORGANIZATION,IT,SE
Italy_106,Hungary_36,0.24082584082584083,0.2,5,cross,0|NA|NA|NA|NA|2022-2023|NA|ORGANIZATION,IT,HU
Italy_105,Hungary_35,0.216000666000666,1.0,1,cross,0|NA|NA|NA|NA|2022-2023|NA|ORGANIZATION,IT,HU
Italy_142,Romania_1,0.18869463869463868,0.2,1,cross,0|NA|NA|NA|NA|2022-2023|NA|ORGANIZATION,IT,RO
Italy_142,Iceland_63,0.19335664335664338,0.2,2,cross,0|NA|NA|NA|NA|2022-2023|NA|ORGANIZATION,IT,IS
Italy_142,Iceland_71,0.21075591075591074,0.2,3,cross,0|NA|NA|NA|NA|2022-2023|NA|ORGANIZATION,IT,IS
Italy_142,Sweden_12,0.22544122544122544,0.2,4,cross,0|NA|NA|NA|NA|2022-2023|NA|ORGANIZATION,IT,SE
Italy_142,Sweden_30,0.23872793872793874,0.2,5,cross,0|NA|NA|NA|NA|2022-2023|NA|ORGANIZATION,IT,SE
Italy_156,France_7,0.20524475524475524,0.25,1,cross,0|NA|NA|NA|NA|2022-2023|NA|ORGANIZATION,IT,FR
Italy_156,Sweden_48,0.23927738927738929,0.25,2,cross,0|NA|NA|NA|NA|2022-2023|NA|ORGANIZATION,IT,SE
Italy_156,Sweden_57,0.2426906426906427,0.25,3,cross,0|NA|NA|NA|NA|2022-2023|NA|ORGANIZATION,IT,SE
Italy_156,Netherlands_23,0.24627039627039626,0.25,4,cross,0|NA|NA|NA|NA|2022-2023|NA|ORGANIZATION,IT,NL
Italy_158,Iceland_83,0.1979020979020979,0.2,1,cross,0|NA|NA|NA|NA|2022-2023|NA|ORGANIZATION,IT,IS
Italy_158,Hungary_54,0.2055944055944056,0.2,2,cross,0|NA|NA|NA|NA|2022-2023|NA|ORGANIZATION,IT,HU
Italy_158,Sweden_30,0.2328171828171828,0.2,3,cross,0|NA|NA|NA|NA|2022-2023|NA|ORGANIZATION,IT,SE
Italy_158,Germany_14,0.2438228438228438,0.2,4,cross,0|NA|NA|NA|NA|2022-2023|NA|ORGANIZATION,IT,DE
Italy_158,Sweden_12,0.24563769563769564,0.2,5,cross,0|NA|NA|NA|NA|2022-2023|NA|ORGANIZATION,IT,SE
Italy_184,Sweden_33,0.1811188811188811,0.5,1,cross,0|NA|NA|NA|NA|2022-2023|NA|ORGANIZATION,IT,SE
Italy_184,Spain_186,0.23336663336663335,0.5,2,cross,0|NA|NA|NA|NA|2022-2023|NA|ORGANIZATION,IT,ES
Italy_201,Sweden_33,0.23954378954378952,1.0,1,cross,0|NA|NA|NA|NA|2022-2023|NA|ORGANIZATION,IT,SE
Iceland_63,Italy_142,0.19335664335664338,0.2,1,cross,0|NA|NA|NA|NA|2022-2023|NA|ORGANIZATION,IS,IT
Iceland_63,Romania_1,0.20466200466200468,0.2,2,cross,0|NA|NA|NA|NA|2022-2023|NA|ORGANIZATION,IS,RO
Iceland_63,Italy_106,0.21145521145521143,0.2,3,cross,0|NA|NA|NA|NA|2022-2023|NA|ORGANIZATION,IS,IT
Iceland_63,Spain_49,0.2141025641025641,0.2,4,cross,0|NA|NA|NA|NA|2022-2023|NA|ORGANIZATION,IS,ES
Iceland_63,Sweden_12,0.21553446553446554,0.2,5,cross,0|NA|NA|NA|NA|2022-2023|NA|ORGANIZATION,IS,SE
Iceland_71,Italy_142,0.21075591075591074,0.2,1,cross,0|NA|NA|NA|NA|2022-2023|NA|ORGANIZATION,IS,IT
Iceland_71,Romania_1,0.22206127206127205,0.2,2,cross,0|NA|NA|NA|NA|2022-2023|NA|ORGANIZATION,IS,RO
Iceland_71,Italy_106,0.2416749916749917,0.2,3,cross,0|NA|NA|NA|NA|2022-2023|NA|ORGANIZATION,IS,IT
Iceland_71,Spain_49,0.24432234432234434,0.2,4,cross,0|NA|NA|NA|NA|2022-2023|NA|ORGANIZATION,IS,ES
Iceland_71,Italy_158,0.25,0.2,5,cross,0|NA|NA|NA|NA|2022-2023|NA|ORGANIZATION,IS,IT
Iceland_83,Italy_158,0.1979020979020979,0.2,1,cross,0|NA|NA|NA|NA|2022-2023|NA|ORGANIZATION,IS,IT
Iceland_83,Germany_14,0.21258741258741257,0.2,2,cross,0|NA|NA|NA|NA|2022-2023|NA|ORGANIZATION,IS,DE
Iceland_83,Spain_49,0.22975357975357977,0.2,3,cross,0|NA|NA|NA|NA|2022-2023|NA|ORGANIZATION,IS,ES
Iceland_83,Hungary_54,0.23682983682983683,0.2,4,cross,0|NA|NA|NA|NA|2022-2023|NA|ORGANIZATION,IS,HU
Iceland_83,Sweden_12,0.2475024975024975,0.2,5,cross,0|NA|NA|NA|NA|2022-2023|NA|ORGANIZATION,IS,SE
Hungary_35,Italy_105,0.216000666000666,0.5,1,cross,0|NA|NA|NA|NA|2022-2023|NA|ORGANIZATION,HU,IT
Hungary_35,Italy_90,0.2292873792873793,0.5,2,cross,0|NA|NA|NA|NA|2022-2023|NA|ORGANIZATION,HU,IT
Hungary_36,Italy_106,0.24082584082584083,0.5,1,cross,0|NA|NA|NA|NA|2022-2023|NA|ORGANIZATION,HU,IT
Hungary_36,Sweden_41,0.2416749916749917,0.5,2,cross,0|NA|NA|NA|NA|2022-2023|NA|ORGANIZATION,HU,SE
Hungary_54,Italy_158,0.2055944055944056,0.5,1,cross,0|NA|NA|NA|NA|2022-2023|NA|ORGANIZATION,HU,IT
Hungary_54,Iceland_83,0.23682983682983683,0.5,2,cross,0|NA|NA|NA|NA|2022-2023|NA|ORGANIZATION,HU,IS
Greece_56,Netherlands_7,0.23383283383283382,0.5,1,cross,0|NA|NA|NA|NA|2022-2023|NA|ORGANIZATION,GR,NL
Greece_56,Sweden_47,0.24295704295704298,0.5,2,cross,0|NA|NA|NA|NA|2022-2023|NA|ORGANIZATION,GR,SE
Germany_14,Iceland_83,0.21258741258741257,0.25,1,cross,0|NA|NA|NA|NA|2022-2023|NA|ORGANIZATION,DE,IS
Germany_14,Sweden_41,0.21366966366966367,0.25,2,cross,0|NA|NA|NA|NA|2022-2023|NA|ORGANIZATION,DE,SE
Germany_14,Spain_49,0.23045288045288045,0.25,3,cross,0|NA|NA|NA|NA|2022-2023|NA|ORGANIZATION,DE,ES
Germany_14,Italy_158,0.2438228438228438,0.25,4,cross,0|NA|NA|NA|NA|2022-2023|NA|ORGANIZATION,DE,IT
France_7,Italy_156,0.20524475524475524,0.3333333333333333,1,cross,0|NA|NA|NA|NA|2022-2023|NA|ORGANIZATION,FR,IT
France_7,Sweden_48,0.23403263403263405,0.3333333333333333,2,cross,0|NA|NA|NA|NA|2022-2023|NA|ORGANIZATION,FR,SE
France_7,Italy_96,0.24335664335664334,0.3333333333333333,3,cross,0|NA|NA|NA|NA|2022-2023|NA|ORGANIZATION,FR,IT
Sweden_16,Norway_76,0.23251028806584362,1.0,1,cross,0|NA|NA|NA|NA|2024-2025|NA|ORGANIZATION,SE,NO
Spain_192,Ireland_19,0.21680384087791493,1.0,1,cross,0|NA|NA|NA|NA|2024-2025|NA|ORGANIZATION,ES,IE
Norway_76,Sweden_16,0.23251028806584362,1.0,1,cross,0|NA|NA|NA|NA|2024-2025|NA|ORGANIZATION,NO,SE
Netherlands_32,Ireland_35,0.23593964334705075,1.0,1,cross,0|NA|NA|NA|NA|2024-2025|NA|ORGANIZATION,NL,IE
Latvia_11,France_61,0.20068587105624144,0.5,1,cross,0|NA|NA|NA|NA|2024-2025|NA|ORGANIZATION,LV,FR
Latvia_11,France_60,0.22846364883401918,0.5,2,cross,0|NA|NA|NA|NA|2024-2025|NA|ORGANIZATION,LV,FR
Ireland_19,Spain_192,0.21680384087791493,1.0,1,cross,0|NA|NA|NA|NA|2024-2025|NA|ORGANIZATION,IE,ES
Ireland_35,Netherlands_32,0.23593964334705075,1.0,1,cross,0|NA|NA|NA|NA|2024-2025|NA|ORGANIZATION,IE,NL
France_61,Latvia_11,0.20068587105624144,1.0,1,cross,0|NA|NA|NA|NA|2024-2025|NA|ORGANIZATION,FR,LV
France_60,Latvia_11,0.22846364883401918,1.0,1,cross,0|NA|NA|NA|NA|2024-2025|NA|ORGANIZATION,FR,LV
Italy_296,France_38,0.24,1.0,1,cross,0|NA|NA|NA|NA|nan|D|ORGANIZATION,IT,FR
France_38,Italy_296,0.24,1.0,1,cross,0|NA|NA|NA|NA|nan|D|ORGANIZATION,FR,IT
Spain_14,Italy_312,0.2,1.0,1,cross,0|NA|NA|NA|NA|nan|J|ORGANIZATION,ES,IT
Spain_117,Finland_7,0.25,1.0,1,cross,0|NA|NA|NA|NA|nan|J|ORGANIZATION,ES,FI
Spain_195,Germany_35,0.2,1.0,1,cross,0|NA|NA|NA|NA|nan|J|ORGANIZATION,ES,DE
Spain_283,Greece_16,0.25,1.0,1,cross,0|NA|NA|NA|NA|nan|J|ORGANIZATION,ES,GR
Italy_312,Spain_14,0.2,1.0,1,cross,0|NA|NA|NA|NA|nan|J|ORGANIZATION,IT,ES
Greece_16,Spain_283,0.25,1.0,1,cross,0|NA|NA|NA|NA|nan|J|ORGANIZATION,GR,ES
Germany_35,Spain_195,0.2,1.0,1,cross,0|NA|NA|NA|NA|nan|J|ORGANIZATION,DE,ES
Finland_7,Spain_117,0.25,1.0,1,cross,0|NA|NA|NA|NA|nan|J|ORGANIZATION,FI,ES
Spain_394,Finland_19,0.2,1.0,1,cross,0|NA|NA|NA|NA|nan|M|ORGANIZATION,ES,FI
Finland_19,Spain_394,0.2,1.0,1,cross,0|NA|NA|NA|NA|nan|M|ORGANIZATION,FI,ES
Spain_415,Greece_25,0.2,1.0,1,cross,0|NA|NA|NA|NA|nan|N|ORGANIZATION,ES,GR
Greece_25,Spain_415,0.2,1.0,1,cross,0|NA|NA|NA|NA|nan|N|ORGANIZATION,GR,ES
United Kingdom_45,Spain_250,0.23333333333333334,0.3333333333333333,1,cross,0|NA|NA|NA|NA|nan|O|ORGANIZATION,GB,ES
United Kingdom_45,Spain_10,0.25,0.3333333333333333,2,cross,0|NA|NA|NA|NA|nan|O|ORGANIZATION,GB,ES
United Kingdom_45,Spain_467,0.25,0.3333333333333333,3,cross,0|NA|NA|NA|NA|nan|O|ORGANIZATION,GB,ES
United Kingdom_49,Italy_21,0.2,0.2,1,cross,0|NA|NA|NA|NA|nan|O|ORGANIZATION,GB,IT
United Kingdom_49,Spain_603,0.2,0.2,2,cross,0|NA|NA|NA|NA|nan|O|ORGANIZATION,GB,ES
United Kingdom_49,Spain_10,0.25,0.2,3,cross,0|NA|NA|NA|NA|nan|O|ORGANIZATION,GB,ES
United Kingdom_49,Spain_32,0.25,0.2,4,cross,0|NA|NA|NA|NA|nan|O|ORGANIZATION,GB,ES
United Kingdom_49,Spain_467,0.25,0.2,5,cross,0|NA|NA|NA|NA|nan|O|ORGANIZATION,GB,ES
Spain_10,United Kingdom_45,0.25,0.3333333333333333,1,cross,0|NA|NA|NA|NA|nan|O|ORGANIZATION,ES,GB
Spain_10,United Kingdom_49,0.25,0.3333333333333333,2,cross,0|NA|NA|NA|NA|nan|O|ORGANIZATION,ES,GB
Spain_10,Italy_21,0.25,0.3333333333333333,3,cross,0|NA|NA|NA|NA|nan|O|ORGANIZATION,ES,IT
Spain_32,Finland_35,0.2,0.3333333333333333,1,cross,0|NA|NA|NA|NA|nan|O|ORGANIZATION,ES,FI
Spain_32,United Kingdom_49,0.25,0.3333333333333333,2,cross,0|NA|NA|NA|NA|nan|O|ORGANIZATION,ES,GB
Spain_32,Italy_21,0.25,0.3333333333333333,3,cross,0|NA|NA|NA|NA|nan|O|ORGANIZATION,ES,IT
Spain_35,Finland_35,0.2,0.3333333333333333,1,cross,0|NA|NA|NA|NA|nan|O|ORGANIZATION,ES,FI
Spain_35,United Kingdom_49,0.25,0.3333333333333333,2,cross,0|NA|NA|NA|NA|nan|O|ORGANIZATION,ES,GB
Spain_35,Italy_21,0.25,0.3333333333333333,3,cross,0|NA|NA|NA|NA|nan|O|ORGANIZATION,ES,IT
Spain_250,United Kingdom_45,0.23333333333333334,0.5,1,cross,0|NA|NA|NA|NA|nan|O|ORGANIZATION,ES,GB
Spain_250,Romania_26,0.25,0.5,2,cross,0|NA|NA|NA|NA|nan|O|ORGANIZATION,ES,RO
Spain_332,Finland_35,0.23333333333333334,1.0,1,cross,0|NA|NA|NA|NA|nan|O|ORGANIZATION,ES,FI
Spain_467,United Kingdom_45,0.25,0.3333333333333333,1,cross,0|NA|NA|NA|NA|nan|O|ORGANIZATION,ES,GB
Spain_467,United Kingdom_49,0.25,0.3333333333333333,2,cross,0|NA|NA|NA|NA|nan|O|ORGANIZATION,ES,GB
Spain_467,Italy_21,0.25,0.3333333333333333,3,cross,0|NA|NA|NA|NA|nan|O|ORGANIZATION,ES,IT
Spain_603,United Kingdom_49,0.2,0.3333333333333333,1,cross,0|NA|NA|NA|NA|nan|O|ORGANIZATION,ES,GB
Spain_603,Italy_21,0.2,0.3333333333333333,2,cross,0|NA|NA|NA|NA|nan|O|ORGANIZATION,ES,IT
Spain_603,Finland_35,0.25,0.3333333333333333,3,cross,0|NA|NA|NA|NA|nan|O|ORGANIZATION,ES,FI
Romania_26,Spain_250,0.25,1.0,1,cross,0|NA|NA|NA|NA|nan|O|ORGANIZATION,RO,ES
Italy_21,United Kingdom_49,0.2,0.2,1,cross,0|NA|NA|NA|NA|nan|O|ORGANIZATION,IT,GB
Italy_21,Spain_603,0.2,0.2,2,cross,0|NA|NA|NA|NA|nan|O|ORGANIZATION,IT,ES
Italy_21,Spain_32,0.25,0.2,3,cross,0|NA|NA|NA|NA|nan|O|ORGANIZATION,IT,ES
Italy_21,Spain_10,0.25,0.2,4,cross,0|NA|NA|NA|NA|nan|O|ORGANIZATION,IT,ES
Italy_21,Spain_35,0.25,0.2,5,cross,0|NA|NA|NA|NA|nan|O|ORGANIZATION,IT,ES
Italy_207,Greece_3,0.23333333333333334,0.5,1,cross,0|NA|NA|NA|NA|nan|O|ORGANIZATION,IT,GR
Italy_207,Greece_8,0.23333333333333334,0.5,2,cross,0|NA|NA|NA|NA|nan|O|ORGANIZATION,IT,GR
Italy_309,Greece_3,0.23333333333333334,0.5,1,cross,0|NA|NA|NA|NA|nan|O|ORGANIZATION,IT,GR
Italy_309,Greece_8,0.23333333333333334,0.5,2,cross,0|NA|NA|NA|NA|nan|O|ORGANIZATION,IT,GR
Greece_3,Italy_207,0.23333333333333334,0.5,1,cross,0|NA|NA|NA|NA|nan|O|ORGANIZATION,GR,IT
Greece_3,Italy_309,0.23333333333333334,0.5,2,cross,0|NA|NA|NA|NA|nan|O|ORGANIZATION,GR,IT
Greece_8,Italy_207,0.23333333333333334,0.5,1,cross,0|NA|NA|NA|NA|nan|O|ORGANIZATION,GR,IT
Greece_8,Italy_309,0.23333333333333334,0.5,2,cross,0|NA|NA|NA|NA|nan|O|ORGANIZATION,GR,IT
Finland_35,Spain_32,0.2,0.2,1,cross,0|NA|NA|NA|NA|nan|O|ORGANIZATION,FI,ES
Finland_35,Spain_35,0.2,0.2,2,cross,0|NA|NA|NA|NA|nan|O|ORGANIZATION,FI,ES
Finland_35,Spain_332,0.23333333333333334,0.2,3,cross,0|NA|NA|NA|NA|nan|O|ORGANIZATION,FI,ES
Finland_35,United Kingdom_49,0.25,0.2,4,cross,0|NA|NA|NA|NA|nan|O|ORGANIZATION,FI,GB
Finland_35,Spain_603,0.25,0.2,5,cross,0|NA|NA|NA|NA|nan|O|ORGANIZATION,FI,ES
Spain_1,Slovenia_45,0.2,0.3333333333333333,1,cross,0|NA|NA|NA|NA|nan|NA|NATURAL_PERSON,ES,SI
Spain_1,Iceland_64,0.2,0.3333333333333333,2,cross,0|NA|NA|NA|NA|nan|NA|NATURAL_PERSON,ES,NO
Spain_1,Italy_274,0.25,0.3333333333333333,3,cross,0|NA|NA|NA|NA|nan|NA|NATURAL_PERSON,ES,IT
Spain_3,Iceland_57,0.2,1.0,1,cross,0|NA|NA|NA|NA|nan|NA|NATURAL_PERSON,ES,IS
Spain_40,Iceland_57,0.25,1.0,1,cross,0|NA|NA|NA|NA|nan|NA|NATURAL_PERSON,ES,IS
Spain_53,Poland_10,0.25,0.5,1,cross,0|NA|NA|NA|NA|nan|NA|NATURAL_PERSON,ES,PL
Spain_53,Italy_204,0.25,0.5,2,cross,0|NA|NA|NA|NA|nan|NA|NATURAL_PERSON,ES,IT
Spain_63,Poland_10,0.2,0.5,1,cross,0|NA|NA|NA|NA|nan|NA|NATURAL_PERSON,ES,PL
Spain_63,Italy_204,0.2,0.5,2,cross,0|NA|NA|NA|NA|nan|NA|NATURAL_PERSON,ES,IT
Spain_85,Iceland_57,0.25,1.0,1,cross,0|NA|NA|NA|NA|nan|NA|NATURAL_PERSON,ES,IS
Spain_110,Poland_10,0.2,0.5,1,cross,0|NA|NA|NA|NA|nan|NA|NATURAL_PERSON,ES,PL
Spain_110,Italy_204,0.2,0.5,2,cross,0|NA|NA|NA|NA|nan|NA|NATURAL_PERSON,ES,IT
Spain_111,Slovenia_45,0.2,0.3333333333333333,1,cross,0|NA|NA|NA|NA|nan|NA|NATURAL_PERSON,ES,SI
Spain_111,Iceland_64,0.2,0.3333333333333333,2,cross,0|NA|NA|NA|NA|nan|NA|NATURAL_PERSON,ES,NO
Spain_111,Italy_274,0.25,0.3333333333333333,3,cross,0|NA|NA|NA|NA|nan|NA|NATURAL_PERSON,ES,IT
Spain_124,Iceland_57,0.25,1.0,1,cross,0|NA|NA|NA|NA|nan|NA|NATURAL_PERSON,ES,IS
Spain_129,Poland_10,0.25,0.5,1,cross,0|NA|NA|NA|NA|nan|NA|NATURAL_PERSON,ES,PL
Spain_129,Italy_204,0.25,0.5,2,cross,0|NA|NA|NA|NA|nan|NA|NATURAL_PERSON,ES,IT
Spain_128,Slovenia_45,0.2,0.3333333333333333,1,cross,0|NA|NA|NA|NA|nan|NA|NATURAL_PERSON,ES,SI
Spain_128,Iceland_64,0.2,0.3333333333333333,2,cross,0|NA|NA|NA|NA|nan|NA|NATURAL_PERSON,ES,NO
Spain_128,Italy_274,0.25,0.3333333333333333,3,cross,0|NA|NA|NA|NA|nan|NA|NATURAL_PERSON,ES,IT
Spain_135,Poland_10,0.2,0.5,1,cross,0|NA|NA|NA|NA|nan|NA|NATURAL_PERSON,ES,PL
Spain_135,Italy_204,0.2,0.5,2,cross,0|NA|NA|NA|NA|nan|NA|NATURAL_PERSON,ES,IT
Spain_146,Poland_10,0.2,0.5,1,cross,0|NA|NA|NA|NA|nan|NA|NATURAL_PERSON,ES,PL
Spain_146,Italy_204,0.2,0.5,2,cross,0|NA|NA|NA|NA|nan|NA|NATURAL_PERSON,ES,IT
Spain_196,Poland_10,0.25,0.5,1,cross,0|NA|NA|NA|NA|nan|NA|NATURAL_PERSON,ES,PL
Spain_196,Italy_204,0.25,0.5,2,cross,0|NA|NA|NA|NA|nan|NA|NATURAL_PERSON,ES,IT
Spain_216,Iceland_57,0.25,1.0,1,cross,0|NA|NA|NA|NA|nan|NA|NATURAL_PERSON,ES,IS
Spain_253,Iceland_57,0.25,1.0,1,cross,0|NA|NA|NA|NA|nan|NA|NATURAL_PERSON,ES,IS
Spain_258,Slovenia_45,0.2,0.3333333333333333,1,cross,0|NA|NA|NA|NA|nan|NA|NATURAL_PERSON,ES,SI
Spain_258,Iceland_64,0.2,0.3333333333333333,2,cross,0|NA|NA|NA|NA|nan|NA|NATURAL_PERSON,ES,NO
Spain_258,Italy_274,0.25,0.3333333333333333,3,cross,0|NA|NA|NA|NA|nan|NA|NATURAL_PERSON,ES,IT
Spain_263,Poland_10,0.2,0.5,1,cross,0|NA|NA|NA|NA|nan|NA|NATURAL_PERSON,ES,PL
Spain_263,Italy_204,0.2,0.5,2,cross,0|NA|NA|NA|NA|nan|NA|NATURAL_PERSON,ES,IT
Spain_270,Poland_10,0.2,0.5,1,cross,0|NA|NA|NA|NA|nan|NA|NATURAL_PERSON,ES,PL
Spain_270,Italy_204,0.2,0.5,2,cross,0|NA|NA|NA|NA|nan|NA|NATURAL_PERSON,ES,IT
Spain_278,Iceland_57,0.25,1.0,1,cross,0|NA|NA|NA|NA|nan|NA|NATURAL_PERSON,ES,IS
Spain_285,Poland_10,0.2,0.5,1,cross,0|NA|NA|NA|NA|nan|NA|NATURAL_PERSON,ES,PL
Spain_285,Italy_204,0.2,0.5,2,cross,0|NA|NA|NA|NA|nan|NA|NATURAL_PERSON,ES,IT
Spain_335,Greece_81,0.2,0.5,1,cross,0|NA|NA|NA|NA|nan|NA|NATURAL_PERSON,ES,GR
Spain_335,Greece_84,0.2,0.5,2,cross,0|NA|NA|NA|NA|nan|NA|NATURAL_PERSON,ES,GR
Spain_347,Poland_10,0.25,0.5,1,cross,0|NA|NA|NA|NA|nan|NA|NATURAL_PERSON,ES,PL
Spain_347,Italy_204,0.25,0.5,2,cross,0|NA|NA|NA|NA|nan|NA|NATURAL_PERSON,ES,IT
Spain_379,Slovenia_45,0.2,0.3333333333333333,1,cross,0|NA|NA|NA|NA|nan|NA|NATURAL_PERSON,ES,SI
Spain_379,Iceland_64,0.2,0.3333333333333333,2,cross,0|NA|NA|NA|NA|nan|NA|NATURAL_PERSON,ES,NO
Spain_379,Italy_274,0.25,0.3333333333333333,3,cross,0|NA|NA|NA|NA|nan|NA|NATURAL_PERSON,ES,IT
Spain_383,Poland_10,0.2,0.5,1,cross,0|NA|NA|NA|NA|nan|NA|NATURAL_PERSON,ES,PL
Spain_383,Italy_204,0.2,0.5,2,cross,0|NA|NA|NA|NA|nan|NA|NATURAL_PERSON,ES,IT
Spain_396,Iceland_57,0.25,1.0,1,cross,0|NA|NA|NA|NA|nan|NA|NATURAL_PERSON,ES,IS
Spain_416,Poland_10,0.2,0.5,1,cross,0|NA|NA|NA|NA|nan|NA|NATURAL_PERSON,ES,PL
Spain_416,Italy_204,0.2,0.5,2,cross,0|NA|NA|NA|NA|nan|NA|NATURAL_PERSON,ES,IT
Spain_431,Iceland_57,0.25,1.0,1,cross,0|NA|NA|NA|NA|nan|NA|NATURAL_PERSON,ES,IS
Spain_432,Poland_10,0.2,0.5,1,cross,0|NA|NA|NA|NA|nan|NA|NATURAL_PERSON,ES,PL
Spain_432,Italy_204,0.2,0.5,2,cross,0|NA|NA|NA|NA|nan|NA|NATURAL_PERSON,ES,IT
Spain_439,Poland_10,0.2,0.5,1,cross,0|NA|NA|NA|NA|nan|NA|NATURAL_PERSON,ES,PL
Spain_439,Italy_204,0.2,0.5,2,cross,0|NA|NA|NA|NA|nan|NA|NATURAL_PERSON,ES,IT
Spain_446,Iceland_61,0.25,1.0,1,cross,0|NA|NA|NA|NA|nan|NA|NATURAL_PERSON,ES,IS
Spain_472,Poland_10,0.2,0.5,1,cross,0|NA|NA|NA|NA|nan|NA|NATURAL_PERSON,ES,PL
Spain_472,Italy_204,0.2,0.5,2,cross,0|NA|NA|NA|NA|nan|NA|NATURAL_PERSON,ES,IT
Spain_484,Iceland_57,0.2,1.0,1,cross,0|NA|NA|NA|NA|nan|NA|NATURAL_PERSON,ES,IS
Spain_517,Poland_10,0.2,0.5,1,cross,0|NA|NA|NA|NA|nan|NA|NATURAL_PERSON,ES,PL
Spain_517,Italy_204,0.2,0.5,2,cross,0|NA|NA|NA|NA|nan|NA|NATURAL_PERSON,ES,IT
Spain_541,Iceland_61,0.25,1.0,1,cross,0|NA|NA|NA|NA|nan|NA|NATURAL_PERSON,ES,IS
Spain_550,Iceland_57,0.25,1.0,1,cross,0|NA|NA|NA|NA|nan|NA|NATURAL_PERSON,ES,IS
Spain_559,Iceland_57,0.25,1.0,1,cross,0|NA|NA|NA|NA|nan|NA|NATURAL_PERSON,ES,IS
Spain_570,Poland_10,0.2,0.5,1,cross,0|NA|NA|NA|NA|nan|NA|NATURAL_PERSON,ES,PL
Spain_570,Italy_204,0.2,0.5,2,cross,0|NA|NA|NA|NA|nan|NA|NATURAL_PERSON,ES,IT
Spain_574,Greece_81,0.2,0.5,1,cross,0|NA|NA|NA|NA|nan|NA|NATURAL_PERSON,ES,GR
Spain_574,Greece_84,0.2,0.5,2,cross,0|NA|NA|NA|NA|nan|NA|NATURAL_PERSON,ES,GR
Slovenia_45,Spain_1,0.2,0.2,1,cross,0|NA|NA|NA|NA|nan|NA|NATURAL_PERSON,SI,ES
Slovenia_45,Spain_111,0.2,0.2,2,cross,0|NA|NA|NA|NA|nan|NA|NATURAL_PERSON,SI,ES
Slovenia_45,Spain_128,0.2,0.2,3,cross,0|NA|NA|NA|NA|nan|NA|NATURAL_PERSON,SI,ES
Slovenia_45,Spain_258,0.2,0.2,4,cross,0|NA|NA|NA|NA|nan|NA|NATURAL_PERSON,SI,ES
Slovenia_45,Spain_379,0.2,0.2,5,cross,0|NA|NA|NA|NA|nan|NA|NATURAL_PERSON,SI,ES
Poland_10,Spain_63,0.2,0.2,1,cross,0|NA|NA|NA|NA|nan|NA|NATURAL_PERSON,PL,ES
Poland_10,Spain_110,0.2,0.2,2,cross,0|NA|NA|NA|NA|nan|NA|NATURAL_PERSON,PL,ES
Poland_10,Spain_146,0.2,0.2,3,cross,0|NA|NA|NA|NA|nan|NA|NATURAL_PERSON,PL,ES
Poland_10,Spain_135,0.2,0.2,4,cross,0|NA|NA|NA|NA|nan|NA|NATURAL_PERSON,PL,ES
Poland_10,Spain_263,0.2,0.2,5,cross,0|NA|NA|NA|NA|nan|NA|NATURAL_PERSON,PL,ES
Italy_204,Spain_63,0.2,0.2,1,cross,0|NA|NA|NA|NA|nan|NA|NATURAL_PERSON,IT,ES
Italy_204,Spain_110,0.2,0.2,2,cross,0|NA|NA|NA|NA|nan|NA|NATURAL_PERSON,IT,ES
Italy_204,Spain_146,0.2,0.2,3,cross,0|NA|NA|NA|NA|nan|NA|NATURAL_PERSON,IT,ES
Italy_204,Spain_135,0.2,0.2,4,cross,0|NA|NA|NA|NA|nan|NA|NATURAL_PERSON,IT,ES
Italy_204,Spain_263,0.2,0.2,5,cross,0|NA|NA|NA|NA|nan|NA|NATURAL_PERSON,IT,ES
Italy_274,Spain_1,0.25,0.2,1,cross,0|NA|NA|NA|NA|nan|NA|NATURAL_PERSON,IT,ES
Italy_274,Spain_111,0.25,0.2,2,cross,0|NA|NA|NA|NA|nan|NA|NATURAL_PERSON,IT,ES
Italy_274,Spain_128,0.25,0.2,3,cross,0|NA|NA|NA|NA|nan|NA|NATURAL_PERSON,IT,ES
Italy_274,Spain_258,0.25,0.2,4,cross,0|NA|NA|NA|NA|nan|NA|NATURAL_PERSON,IT,ES
Italy_274,Spain_379,0.25,0.2,5,cross,0|NA|NA|NA|NA|nan|NA|NATURAL_PERSON,IT,ES
Iceland_57,Spain_3,0.2,0.2,1,cross,0|NA|NA|NA|NA|nan|NA|NATURAL_PERSON,IS,ES
Iceland_57,Spain_484,0.2,0.2,2,cross,0|NA|NA|NA|NA|nan|NA|NATURAL_PERSON,IS,ES
Iceland_57,Spain_85,0.25,0.2,3,cross,0|NA|NA|NA|NA|nan|NA|NATURAL_PERSON,IS,ES
Iceland_57,Spain_40,0.25,0.2,4,cross,0|NA|NA|NA|NA|nan|NA|NATURAL_PERSON,IS,ES
Iceland_57,Spain_216,0.25,0.2,5,cross,0|NA|NA|NA|NA|nan|NA|NATURAL_PERSON,IS,ES
Iceland_61,Spain_446,0.25,0.3333333333333333,1,cross,0|NA|NA|NA|NA|nan|NA|NATURAL_PERSON,IS,ES
Iceland_61,Spain_541,0.25,0.3333333333333333,2,cross,0|NA|NA|NA|NA|nan|NA|NATURAL_PERSON,IS,ES
Iceland_61,Italy_274,0.25,0.3333333333333333,3,cross,0|NA|NA|NA|NA|nan|NA|NATURAL_PERSON,IS,IT
Iceland_64,Spain_1,0.2,0.2,1,cross,0|NA|NA|NA|NA|nan|NA|NATURAL_PERSON,NO,ES
Iceland_64,Spain_111,0.2,0.2,2,cross,0|NA|NA|NA|NA|nan|NA|NATURAL_PERSON,NO,ES
Iceland_64,Spain_128,0.2,0.2,3,cross,0|NA|NA|NA|NA|nan|NA|NATURAL_PERSON,NO,ES
Iceland_64,Spain_258,0.2,0.2,4,cross,0|NA|NA|NA|NA|nan|NA|NATURAL_PERSON,NO,ES
Iceland_64,Spain_379,0.2,0.2,5,cross,0|NA|NA|NA|NA|nan|NA|NATURAL_PERSON,NO,ES
Hungary_10,Germany_31,0.25,1.0,1,cross,0|NA|NA|NA|NA|nan|NA|NATURAL_PERSON,HU,DE
Greece_81,Spain_335,0.2,0.5,1,cross,0|NA|NA|NA|NA|nan|NA|NATURAL_PERSON,GR,ES
Greece_81,Spain_574,0.2,0.5,2,cross,0|NA|NA|NA|NA|nan|NA|NATURAL_PERSON,GR,ES
Greece_84,Spain_335,0.2,0.5,1,cross,0|NA|NA|NA|NA|nan|NA|NATURAL_PERSON,GR,ES
Greece_84,Spain_574,0.2,0.5,2,cross,0|NA|NA|NA|NA|nan|NA|NATURAL_PERSON,GR,ES
Germany_31,Hungary_10,0.25,1.0,1,cross,0|NA|NA|NA|NA|nan|NA|NATURAL_PERSON,DE,HU
United Kingdom_36,Spain_219,0.2,0.25,1,cross,0|NA|NA|NA|NA|nan|NA|NOT_DISCUSSED,UNCLEAR,ES
United Kingdom_36,Slovenia_44,0.2,0.25,2,cross,0|NA|NA|NA|NA|nan|NA|NOT_DISCUSSED,UNCLEAR,SI
United Kingdom_36,Ireland_2,0.2,0.25,3,cross,0|NA|NA|NA|NA|nan|NA|NOT_DISCUSSED,UNCLEAR,NOT_DISCUSSED
United Kingdom_36,Germany_34,0.2,0.25,4,cross,0|NA|NA|NA|NA|nan|NA|NOT_DISCUSSED,UNCLEAR,DE
United Kingdom_63,Spain_219,0.2,0.25,1,cross,0|NA|NA|NA|NA|nan|NA|NOT_DISCUSSED,UNCLEAR,ES
United Kingdom_63,Slovenia_44,0.2,0.25,2,cross,0|NA|NA|NA|NA|nan|NA|NOT_DISCUSSED,UNCLEAR,SI
United Kingdom_63,Ireland_2,0.2,0.25,3,cross,0|NA|NA|NA|NA|nan|NA|NOT_DISCUSSED,UNCLEAR,NOT_DISCUSSED
United Kingdom_63,Germany_34,0.2,0.25,4,cross,0|NA|NA|NA|NA|nan|NA|NOT_DISCUSSED,UNCLEAR,DE
Sweden_46,Ireland_2,0.0,0.25,1,cross,0|NA|NA|NA|NA|nan|NA|NOT_DISCUSSED,UNCLEAR,NOT_DISCUSSED
Sweden_46,Spain_219,0.2,0.25,2,cross,0|NA|NA|NA|NA|nan|NA|NOT_DISCUSSED,UNCLEAR,ES
Sweden_46,Slovenia_44,0.2,0.25,3,cross,0|NA|NA|NA|NA|nan|NA|NOT_DISCUSSED,UNCLEAR,SI
Sweden_46,Germany_34,0.2,0.25,4,cross,0|NA|NA|NA|NA|nan|NA|NOT_DISCUSSED,UNCLEAR,DE
Spain_219,United Kingdom_36,0.2,0.2,1,cross,0|NA|NA|NA|NA|nan|NA|NOT_DISCUSSED,ES,UNCLEAR
Spain_219,United Kingdom_63,0.2,0.2,2,cross,0|NA|NA|NA|NA|nan|NA|NOT_DISCUSSED,ES,UNCLEAR
Spain_219,Sweden_46,0.2,0.2,3,cross,0|NA|NA|NA|NA|nan|NA|NOT_DISCUSSED,ES,UNCLEAR
Spain_219,Spain_365,0.2,0.2,4,cross,0|NA|NA|NA|NA|nan|NA|NOT_DISCUSSED,ES,UNCLEAR
Spain_219,Spain_572,0.2,0.2,5,cross,0|NA|NA|NA|NA|nan|NA|NOT_DISCUSSED,ES,UNCLEAR
Spain_365,Ireland_2,0.0,0.25,1,cross,0|NA|NA|NA|NA|nan|NA|NOT_DISCUSSED,UNCLEAR,NOT_DISCUSSED
Spain_365,Spain_219,0.2,0.25,2,cross,0|NA|NA|NA|NA|nan|NA|NOT_DISCUSSED,UNCLEAR,ES
Spain_365,Slovenia_44,0.2,0.25,3,cross,0|NA|NA|NA|NA|nan|NA|NOT_DISCUSSED,UNCLEAR,SI
Spain_365,Germany_34,0.2,0.25,4,cross,0|NA|NA|NA|NA|nan|NA|NOT_DISCUSSED,UNCLEAR,DE
Spain_572,Spain_219,0.2,0.25,1,cross,0|NA|NA|NA|NA|nan|NA|NOT_DISCUSSED,UNCLEAR,ES
Spain_572,Slovenia_44,0.2,0.25,2,cross,0|NA|NA|NA|NA|nan|NA|NOT_DISCUSSED,UNCLEAR,SI
Spain_572,Ireland_2,0.2,0.25,3,cross,0|NA|NA|NA|NA|nan|NA|NOT_DISCUSSED,UNCLEAR,NOT_DISCUSSED
Spain_572,Germany_34,0.2,0.25,4,cross,0|NA|NA|NA|NA|nan|NA|NOT_DISCUSSED,UNCLEAR,DE
Spain_586,Ireland_2,0.0,0.25,1,cross,0|NA|NA|NA|NA|nan|NA|NOT_DISCUSSED,UNCLEAR,NOT_DISCUSSED
Spain_586,Spain_219,0.2,0.25,2,cross,0|NA|NA|NA|NA|nan|NA|NOT_DISCUSSED,UNCLEAR,ES
Spain_586,Slovenia_44,0.2,0.25,3,cross,0|NA|NA|NA|NA|nan|NA|NOT_DISCUSSED,UNCLEAR,SI
Spain_586,Germany_34,0.2,0.25,4,cross,0|NA|NA|NA|NA|nan|NA|NOT_DISCUSSED,UNCLEAR,DE
Spain_623,Ireland_2,0.0,0.25,1,cross,0|NA|NA|NA|NA|nan|NA|NOT_DISCUSSED,UNCLEAR,NOT_DISCUSSED
Spain_623,Spain_219,0.2,0.25,2,cross,0|NA|NA|NA|NA|nan|NA|NOT_DISCUSSED,UNCLEAR,ES
Spain_623,Slovenia_44,0.2,0.25,3,cross,0|NA|NA|NA|NA|nan|NA|NOT_DISCUSSED,UNCLEAR,SI
Spain_623,Germany_34,0.2,0.25,4,cross,0|NA|NA|NA|NA|nan|NA|NOT_DISCUSSED,UNCLEAR,DE
Slovenia_44,United Kingdom_36,0.2,0.2,1,cross,0|NA|NA|NA|NA|nan|NA|NOT_DISCUSSED,SI,UNCLEAR
Slovenia_44,United Kingdom_63,0.2,0.2,2,cross,0|NA|NA|NA|NA|nan|NA|NOT_DISCUSSED,SI,UNCLEAR
Slovenia_44,Sweden_46,0.2,0.2,3,cross,0|NA|NA|NA|NA|nan|NA|NOT_DISCUSSED,SI,UNCLEAR
Slovenia_44,Spain_219,0.2,0.2,4,cross,0|NA|NA|NA|NA|nan|NA|NOT_DISCUSSED,SI,ES
Slovenia_44,Spain_365,0.2,0.2,5,cross,0|NA|NA|NA|NA|nan|NA|NOT_DISCUSSED,SI,UNCLEAR
Slovenia_56,Spain_219,0.2,0.25,1,cross,0|NA|NA|NA|NA|nan|NA|NOT_DISCUSSED,UNCLEAR,ES
Slovenia_56,Slovenia_44,0.2,0.25,2,cross,0|NA|NA|NA|NA|nan|NA|NOT_DISCUSSED,UNCLEAR,SI
Slovenia_56,Ireland_2,0.2,0.25,3,cross,0|NA|NA|NA|NA|nan|NA|NOT_DISCUSSED,UNCLEAR,NOT_DISCUSSED
Slovenia_56,Germany_34,0.2,0.25,4,cross,0|NA|NA|NA|NA|nan|NA|NOT_DISCUSSED,UNCLEAR,DE
Slovenia_59,Ireland_2,0.0,0.25,1,cross,0|NA|NA|NA|NA|nan|NA|NOT_DISCUSSED,UNCLEAR,NOT_DISCUSSED
Slovenia_59,Spain_219,0.2,0.25,2,cross,0|NA|NA|NA|NA|nan|NA|NOT_DISCUSSED,UNCLEAR,ES
Slovenia_59,Slovenia_44,0.2,0.25,3,cross,0|NA|NA|NA|NA|nan|NA|NOT_DISCUSSED,UNCLEAR,SI
Slovenia_59,Germany_34,0.2,0.25,4,cross,0|NA|NA|NA|NA|nan|NA|NOT_DISCUSSED,UNCLEAR,DE
Slovenia_76,Spain_219,0.2,0.25,1,cross,0|NA|NA|NA|NA|nan|NA|NOT_DISCUSSED,UNCLEAR,ES
Slovenia_76,Slovenia_44,0.2,0.25,2,cross,0|NA|NA|NA|NA|nan|NA|NOT_DISCUSSED,UNCLEAR,SI
Slovenia_76,Ireland_2,0.2,0.25,3,cross,0|NA|NA|NA|NA|nan|NA|NOT_DISCUSSED,UNCLEAR,NOT_DISCUSSED
Slovenia_76,Germany_34,0.2,0.25,4,cross,0|NA|NA|NA|NA|nan|NA|NOT_DISCUSSED,UNCLEAR,DE
Norway_8,Spain_219,0.2,0.25,1,cross,0|NA|NA|NA|NA|nan|NA|NOT_DISCUSSED,UNCLEAR,ES
Norway_8,Slovenia_44,0.2,0.25,2,cross,0|NA|NA|NA|NA|nan|NA|NOT_DISCUSSED,UNCLEAR,SI
Norway_8,Ireland_2,0.2,0.25,3,cross,0|NA|NA|NA|NA|nan|NA|NOT_DISCUSSED,UNCLEAR,NOT_DISCUSSED
Norway_8,Germany_34,0.2,0.25,4,cross,0|NA|NA|NA|NA|nan|NA|NOT_DISCUSSED,UNCLEAR,DE
Norway_62,Ireland_2,0.0,0.25,1,cross,0|NA|NA|NA|NA|nan|NA|NOT_DISCUSSED,UNCLEAR,NOT_DISCUSSED
Norway_62,Spain_219,0.2,0.25,2,cross,0|NA|NA|NA|NA|nan|NA|NOT_DISCUSSED,UNCLEAR,ES
Norway_62,Slovenia_44,0.2,0.25,3,cross,0|NA|NA|NA|NA|nan|NA|NOT_DISCUSSED,UNCLEAR,SI
Norway_62,Germany_34,0.2,0.25,4,cross,0|NA|NA|NA|NA|nan|NA|NOT_DISCUSSED,UNCLEAR,DE
Norway_73,Spain_219,0.2,0.25,1,cross,0|NA|NA|NA|NA|nan|NA|NOT_DISCUSSED,UNCLEAR,ES
Norway_73,Slovenia_44,0.2,0.25,2,cross,0|NA|NA|NA|NA|nan|NA|NOT_DISCUSSED,UNCLEAR,SI
Norway_73,Ireland_2,0.2,0.25,3,cross,0|NA|NA|NA|NA|nan|NA|NOT_DISCUSSED,UNCLEAR,NOT_DISCUSSED
Norway_73,Germany_34,0.2,0.25,4,cross,0|NA|NA|NA|NA|nan|NA|NOT_DISCUSSED,UNCLEAR,DE
Netherlands_6,Spain_219,0.2,0.25,1,cross,0|NA|NA|NA|NA|nan|NA|NOT_DISCUSSED,UNCLEAR,ES
Netherlands_6,Slovenia_44,0.2,0.25,2,cross,0|NA|NA|NA|NA|nan|NA|NOT_DISCUSSED,UNCLEAR,SI
Netherlands_6,Ireland_2,0.2,0.25,3,cross,0|NA|NA|NA|NA|nan|NA|NOT_DISCUSSED,UNCLEAR,NOT_DISCUSSED
Netherlands_6,Germany_34,0.2,0.25,4,cross,0|NA|NA|NA|NA|nan|NA|NOT_DISCUSSED,UNCLEAR,DE
Malta_10,Ireland_2,0.0,0.25,1,cross,0|NA|NA|NA|NA|nan|NA|NOT_DISCUSSED,UNCLEAR,NOT_DISCUSSED
Malta_10,Spain_219,0.2,0.25,2,cross,0|NA|NA|NA|NA|nan|NA|NOT_DISCUSSED,UNCLEAR,ES
Malta_10,Slovenia_44,0.2,0.25,3,cross,0|NA|NA|NA|NA|nan|NA|NOT_DISCUSSED,UNCLEAR,SI
Malta_10,Germany_34,0.2,0.25,4,cross,0|NA|NA|NA|NA|nan|NA|NOT_DISCUSSED,UNCLEAR,DE
Italy_139,Spain_219,0.2,0.25,1,cross,0|NA|NA|NA|NA|nan|NA|NOT_DISCUSSED,UNCLEAR,ES
Italy_139,Slovenia_44,0.2,0.25,2,cross,0|NA|NA|NA|NA|nan|NA|NOT_DISCUSSED,UNCLEAR,SI
Italy_139,Ireland_2,0.2,0.25,3,cross,0|NA|NA|NA|NA|nan|NA|NOT_DISCUSSED,UNCLEAR,NOT_DISCUSSED
Italy_139,Germany_34,0.2,0.25,4,cross,0|NA|NA|NA|NA|nan|NA|NOT_DISCUSSED,UNCLEAR,DE
Italy_263,Spain_219,0.2,0.25,1,cross,0|NA|NA|NA|NA|nan|NA|NOT_DISCUSSED,UNCLEAR,ES
Italy_263,Slovenia_44,0.2,0.25,2,cross,0|NA|NA|NA|NA|nan|NA|NOT_DISCUSSED,UNCLEAR,SI
Italy_263,Ireland_2,0.2,0.25,3,cross,0|NA|NA|NA|NA|nan|NA|NOT_DISCUSSED,UNCLEAR,NOT_DISCUSSED
Italy_263,Germany_34,0.2,0.25,4,cross,0|NA|NA|NA|NA|nan|NA|NOT_DISCUSSED,UNCLEAR,DE
Ireland_2,Sweden_46,0.0,0.2,1,cross,0|NA|NA|NA|NA|nan|NA|NOT_DISCUSSED,NOT_DISCUSSED,UNCLEAR
Ireland_2,Spain_623,0.0,0.2,2,cross,0|NA|NA|NA|NA|nan|NA|NOT_DISCUSSED,NOT_DISCUSSED,UNCLEAR
Ireland_2,Spain_586,0.0,0.2,3,cross,0|NA|NA|NA|NA|nan|NA|NOT_DISCUSSED,NOT_DISCUSSED,UNCLEAR
Ireland_2,Spain_365,0.0,0.2,4,cross,0|NA|NA|NA|NA|nan|NA|NOT_DISCUSSED,NOT_DISCUSSED,UNCLEAR
Ireland_2,Norway_62,0.0,0.2,5,cross,0|NA|NA|NA|NA|nan|NA|NOT_DISCUSSED,NOT_DISCUSSED,UNCLEAR
Ireland_5,Spain_219,0.2,0.25,1,cross,0|NA|NA|NA|NA|nan|NA|NOT_DISCUSSED,UNCLEAR,ES
Ireland_5,Slovenia_44,0.2,0.25,2,cross,0|NA|NA|NA|NA|nan|NA|NOT_DISCUSSED,UNCLEAR,SI
Ireland_5,Ireland_2,0.2,0.25,3,cross,0|NA|NA|NA|NA|nan|NA|NOT_DISCUSSED,UNCLEAR,NOT_DISCUSSED
Ireland_5,Germany_34,0.2,0.25,4,cross,0|NA|NA|NA|NA|nan|NA|NOT_DISCUSSED,UNCLEAR,DE
Ireland_18,Spain_219,0.2,0.25,1,cross,0|NA|NA|NA|NA|nan|NA|NOT_DISCUSSED,UNCLEAR,ES
Ireland_18,Slovenia_44,0.2,0.25,2,cross,0|NA|NA|NA|NA|nan|NA|NOT_DISCUSSED,UNCLEAR,SI
Ireland_18,Ireland_2,0.2,0.25,3,cross,0|NA|NA|NA|NA|nan|NA|NOT_DISCUSSED,UNCLEAR,NOT_DISCUSSED
Ireland_18,Germany_34,0.2,0.25,4,cross,0|NA|NA|NA|NA|nan|NA|NOT_DISCUSSED,UNCLEAR,DE
Ireland_26,Spain_219,0.2,0.25,1,cross,0|NA|NA|NA|NA|nan|NA|NOT_DISCUSSED,UNCLEAR,ES
Ireland_26,Slovenia_44,0.2,0.25,2,cross,0|NA|NA|NA|NA|nan|NA|NOT_DISCUSSED,UNCLEAR,SI
Ireland_26,Ireland_2,0.2,0.25,3,cross,0|NA|NA|NA|NA|nan|NA|NOT_DISCUSSED,UNCLEAR,NOT_DISCUSSED
Ireland_26,Germany_34,0.2,0.25,4,cross,0|NA|NA|NA|NA|nan|NA|NOT_DISCUSSED,UNCLEAR,DE
Ireland_33,Spain_219,0.2,0.25,1,cross,0|NA|NA|NA|NA|nan|NA|NOT_DISCUSSED,UNCLEAR,ES
Ireland_33,Slovenia_44,0.2,0.25,2,cross,0|NA|NA|NA|NA|nan|NA|NOT_DISCUSSED,UNCLEAR,SI
Ireland_33,Ireland_2,0.2,0.25,3,cross,0|NA|NA|NA|NA|nan|NA|NOT_DISCUSSED,UNCLEAR,NOT_DISCUSSED
Ireland_33,Germany_34,0.2,0.25,4,cross,0|NA|NA|NA|NA|nan|NA|NOT_DISCUSSED,UNCLEAR,DE
Ireland_36,Spain_219,0.2,0.25,1,cross,0|NA|NA|NA|NA|nan|NA|NOT_DISCUSSED,UNCLEAR,ES
Ireland_36,Slovenia_44,0.2,0.25,2,cross,0|NA|NA|NA|NA|nan|NA|NOT_DISCUSSED,UNCLEAR,SI
Ireland_36,Ireland_2,0.2,0.25,3,cross,0|NA|NA|NA|NA|nan|NA|NOT_DISCUSSED,UNCLEAR,NOT_DISCUSSED
Ireland_36,Germany_34,0.2,0.25,4,cross,0|NA|NA|NA|NA|nan|NA|NOT_DISCUSSED,UNCLEAR,DE
Ireland_39,Ireland_2,0.0,0.25,1,cross,0|NA|NA|NA|NA|nan|NA|NOT_DISCUSSED,UNCLEAR,NOT_DISCUSSED
Ireland_39,Spain_219,0.2,0.25,2,cross,0|NA|NA|NA|NA|nan|NA|NOT_DISCUSSED,UNCLEAR,ES
Ireland_39,Slovenia_44,0.2,0.25,3,cross,0|NA|NA|NA|NA|nan|NA|NOT_DISCUSSED,UNCLEAR,SI
Ireland_39,Germany_34,0.2,0.25,4,cross,0|NA|NA|NA|NA|nan|NA|NOT_DISCUSSED,UNCLEAR,DE
Ireland_43,Spain_219,0.2,0.25,1,cross,0|NA|NA|NA|NA|nan|NA|NOT_DISCUSSED,UNCLEAR,ES
Ireland_43,Slovenia_44,0.2,0.25,2,cross,0|NA|NA|NA|NA|nan|NA|NOT_DISCUSSED,UNCLEAR,SI
Ireland_43,Ireland_2,0.2,0.25,3,cross,0|NA|NA|NA|NA|nan|NA|NOT_DISCUSSED,UNCLEAR,NOT_DISCUSSED
Ireland_43,Germany_34,0.2,0.25,4,cross,0|NA|NA|NA|NA|nan|NA|NOT_DISCUSSED,UNCLEAR,DE
Hungary_3,Spain_219,0.2,0.25,1,cross,0|NA|NA|NA|NA|nan|NA|NOT_DISCUSSED,UNCLEAR,ES
Hungary_3,Slovenia_44,0.2,0.25,2,cross,0|NA|NA|NA|NA|nan|NA|NOT_DISCUSSED,UNCLEAR,SI
Hungary_3,Ireland_2,0.2,0.25,3,cross,0|NA|NA|NA|NA|nan|NA|NOT_DISCUSSED,UNCLEAR,NOT_DISCUSSED
Hungary_3,Germany_34,0.2,0.25,4,cross,0|NA|NA|NA|NA|nan|NA|NOT_DISCUSSED,UNCLEAR,DE
Hungary_2,Ireland_2,0.0,0.25,1,cross,0|NA|NA|NA|NA|nan|NA|NOT_DISCUSSED,UNCLEAR,NOT_DISCUSSED
Hungary_2,Spain_219,0.2,0.25,2,cross,0|NA|NA|NA|NA|nan|NA|NOT_DISCUSSED,UNCLEAR,ES
Hungary_2,Slovenia_44,0.2,0.25,3,cross,0|NA|NA|NA|NA|nan|NA|NOT_DISCUSSED,UNCLEAR,SI
Hungary_2,Germany_34,0.2,0.25,4,cross,0|NA|NA|NA|NA|nan|NA|NOT_DISCUSSED,UNCLEAR,DE
Hungary_50,Spain_219,0.2,0.25,1,cross,0|NA|NA|NA|NA|nan|NA|NOT_DISCUSSED,UNCLEAR,ES
Hungary_50,Slovenia_44,0.2,0.25,2,cross,0|NA|NA|NA|NA|nan|NA|NOT_DISCUSSED,UNCLEAR,SI
Hungary_50,Ireland_2,0.2,0.25,3,cross,0|NA|NA|NA|NA|nan|NA|NOT_DISCUSSED,UNCLEAR,NOT_DISCUSSED
Hungary_50,Germany_34,0.2,0.25,4,cross,0|NA|NA|NA|NA|nan|NA|NOT_DISCUSSED,UNCLEAR,DE
Hungary_58,Ireland_2,0.0,0.25,1,cross,0|NA|NA|NA|NA|nan|NA|NOT_DISCUSSED,UNCLEAR,NOT_DISCUSSED
Hungary_58,Spain_219,0.2,0.25,2,cross,0|NA|NA|NA|NA|nan|NA|NOT_DISCUSSED,UNCLEAR,ES
Hungary_58,Slovenia_44,0.2,0.25,3,cross,0|NA|NA|NA|NA|nan|NA|NOT_DISCUSSED,UNCLEAR,SI
Hungary_58,Germany_34,0.2,0.25,4,cross,0|NA|NA|NA|NA|nan|NA|NOT_DISCUSSED,UNCLEAR,DE
Greece_24,Spain_219,0.2,0.25,1,cross,0|NA|NA|NA|NA|nan|NA|NOT_DISCUSSED,UNCLEAR,ES
Greece_24,Slovenia_44,0.2,0.25,2,cross,0|NA|NA|NA|NA|nan|NA|NOT_DISCUSSED,UNCLEAR,SI
Greece_24,Ireland_2,0.2,0.25,3,cross,0|NA|NA|NA|NA|nan|NA|NOT_DISCUSSED,UNCLEAR,NOT_DISCUSSED
Greece_24,Germany_34,0.2,0.25,4,cross,0|NA|NA|NA|NA|nan|NA|NOT_DISCUSSED,UNCLEAR,DE
Greece_44,Spain_219,0.2,0.25,1,cross,0|NA|NA|NA|NA|nan|NA|NOT_DISCUSSED,UNCLEAR,ES
Greece_44,Slovenia_44,0.2,0.25,2,cross,0|NA|NA|NA|NA|nan|NA|NOT_DISCUSSED,UNCLEAR,SI
Greece_44,Ireland_2,0.2,0.25,3,cross,0|NA|NA|NA|NA|nan|NA|NOT_DISCUSSED,UNCLEAR,NOT_DISCUSSED
Greece_44,Germany_34,0.2,0.25,4,cross,0|NA|NA|NA|NA|nan|NA|NOT_DISCUSSED,UNCLEAR,DE
Greece_55,Spain_219,0.2,0.25,1,cross,0|NA|NA|NA|NA|nan|NA|NOT_DISCUSSED,UNCLEAR,ES
Greece_55,Slovenia_44,0.2,0.25,2,cross,0|NA|NA|NA|NA|nan|NA|NOT_DISCUSSED,UNCLEAR,SI
Greece_55,Ireland_2,0.2,0.25,3,cross,0|NA|NA|NA|NA|nan|NA|NOT_DISCUSSED,UNCLEAR,NOT_DISCUSSED
Greece_55,Germany_34,0.2,0.25,4,cross,0|NA|NA|NA|NA|nan|NA|NOT_DISCUSSED,UNCLEAR,DE
Greece_58,Spain_219,0.2,0.25,1,cross,0|NA|NA|NA|NA|nan|NA|NOT_DISCUSSED,UNCLEAR,ES
Greece_58,Slovenia_44,0.2,0.25,2,cross,0|NA|NA|NA|NA|nan|NA|NOT_DISCUSSED,UNCLEAR,SI
Greece_58,Ireland_2,0.2,0.25,3,cross,0|NA|NA|NA|NA|nan|NA|NOT_DISCUSSED,UNCLEAR,NOT_DISCUSSED
Greece_58,Germany_34,0.2,0.25,4,cross,0|NA|NA|NA|NA|nan|NA|NOT_DISCUSSED,UNCLEAR,DE
Greece_61,Spain_219,0.2,0.25,1,cross,0|NA|NA|NA|NA|nan|NA|NOT_DISCUSSED,UNCLEAR,ES
Greece_61,Slovenia_44,0.2,0.25,2,cross,0|NA|NA|NA|NA|nan|NA|NOT_DISCUSSED,UNCLEAR,SI
Greece_61,Ireland_2,0.2,0.25,3,cross,0|NA|NA|NA|NA|nan|NA|NOT_DISCUSSED,UNCLEAR,NOT_DISCUSSED
Greece_61,Germany_34,0.2,0.25,4,cross,0|NA|NA|NA|NA|nan|NA|NOT_DISCUSSED,UNCLEAR,DE
Greece_67,Spain_219,0.2,0.25,1,cross,0|NA|NA|NA|NA|nan|NA|NOT_DISCUSSED,UNCLEAR,ES
Greece_67,Slovenia_44,0.2,0.25,2,cross,0|NA|NA|NA|NA|nan|NA|NOT_DISCUSSED,UNCLEAR,SI
Greece_67,Ireland_2,0.2,0.25,3,cross,0|NA|NA|NA|NA|nan|NA|NOT_DISCUSSED,UNCLEAR,NOT_DISCUSSED
Greece_67,Germany_34,0.2,0.25,4,cross,0|NA|NA|NA|NA|nan|NA|NOT_DISCUSSED,UNCLEAR,DE
Greece_70,Spain_219,0.2,0.25,1,cross,0|NA|NA|NA|NA|nan|NA|NOT_DISCUSSED,UNCLEAR,ES
Greece_70,Slovenia_44,0.2,0.25,2,cross,0|NA|NA|NA|NA|nan|NA|NOT_DISCUSSED,UNCLEAR,SI
Greece_70,Ireland_2,0.2,0.25,3,cross,0|NA|NA|NA|NA|nan|NA|NOT_DISCUSSED,UNCLEAR,NOT_DISCUSSED
Greece_70,Germany_34,0.2,0.25,4,cross,0|NA|NA|NA|NA|nan|NA|NOT_DISCUSSED,UNCLEAR,DE
Greece_74,Spain_219,0.2,0.25,1,cross,0|NA|NA|NA|NA|nan|NA|NOT_DISCUSSED,UNCLEAR,ES
Greece_74,Slovenia_44,0.2,0.25,2,cross,0|NA|NA|NA|NA|nan|NA|NOT_DISCUSSED,UNCLEAR,SI
Greece_74,Ireland_2,0.2,0.25,3,cross,0|NA|NA|NA|NA|nan|NA|NOT_DISCUSSED,UNCLEAR,NOT_DISCUSSED
Greece_74,Germany_34,0.2,0.25,4,cross,0|NA|NA|NA|NA|nan|NA|NOT_DISCUSSED,UNCLEAR,DE
Greece_75,Spain_219,0.2,0.25,1,cross,0|NA|NA|NA|NA|nan|NA|NOT_DISCUSSED,UNCLEAR,ES
Greece_75,Slovenia_44,0.2,0.25,2,cross,0|NA|NA|NA|NA|nan|NA|NOT_DISCUSSED,UNCLEAR,SI
Greece_75,Ireland_2,0.2,0.25,3,cross,0|NA|NA|NA|NA|nan|NA|NOT_DISCUSSED,UNCLEAR,NOT_DISCUSSED
Greece_75,Germany_34,0.2,0.25,4,cross,0|NA|NA|NA|NA|nan|NA|NOT_DISCUSSED,UNCLEAR,DE
Greece_79,Spain_219,0.2,0.25,1,cross,0|NA|NA|NA|NA|nan|NA|NOT_DISCUSSED,UNCLEAR,ES
Greece_79,Slovenia_44,0.2,0.25,2,cross,0|NA|NA|NA|NA|nan|NA|NOT_DISCUSSED,UNCLEAR,SI
Greece_79,Ireland_2,0.2,0.25,3,cross,0|NA|NA|NA|NA|nan|NA|NOT_DISCUSSED,UNCLEAR,NOT_DISCUSSED
Greece_79,Germany_34,0.2,0.25,4,cross,0|NA|NA|NA|NA|nan|NA|NOT_DISCUSSED,UNCLEAR,DE
Greece_98,Ireland_2,0.0,0.25,1,cross,0|NA|NA|NA|NA|nan|NA|NOT_DISCUSSED,UNCLEAR,NOT_DISCUSSED
Greece_98,Spain_219,0.2,0.25,2,cross,0|NA|NA|NA|NA|nan|NA|NOT_DISCUSSED,UNCLEAR,ES
Greece_98,Slovenia_44,0.2,0.25,3,cross,0|NA|NA|NA|NA|nan|NA|NOT_DISCUSSED,UNCLEAR,SI
Greece_98,Germany_34,0.2,0.25,4,cross,0|NA|NA|NA|NA|nan|NA|NOT_DISCUSSED,UNCLEAR,DE
Greece_107,Ireland_2,0.0,0.25,1,cross,0|NA|NA|NA|NA|nan|NA|NOT_DISCUSSED,UNCLEAR,NOT_DISCUSSED
Greece_107,Spain_219,0.2,0.25,2,cross,0|NA|NA|NA|NA|nan|NA|NOT_DISCUSSED,UNCLEAR,ES
Greece_107,Slovenia_44,0.2,0.25,3,cross,0|NA|NA|NA|NA|nan|NA|NOT_DISCUSSED,UNCLEAR,SI
Greece_107,Germany_34,0.2,0.25,4,cross,0|NA|NA|NA|NA|nan|NA|NOT_DISCUSSED,UNCLEAR,DE
Germany_34,United Kingdom_36,0.2,0.2,1,cross,0|NA|NA|NA|NA|nan|NA|NOT_DISCUSSED,DE,UNCLEAR
Germany_34,United Kingdom_63,0.2,0.2,2,cross,0|NA|NA|NA|NA|nan|NA|NOT_DISCUSSED,DE,UNCLEAR
Germany_34,Sweden_46,0.2,0.2,3,cross,0|NA|NA|NA|NA|nan|NA|NOT_DISCUSSED,DE,UNCLEAR
Germany_34,Spain_219,0.2,0.2,4,cross,0|NA|NA|NA|NA|nan|NA|NOT_DISCUSSED,DE,ES
Germany_34,Spain_365,0.2,0.2,5,cross,0|NA|NA|NA|NA|nan|NA|NOT_DISCUSSED,DE,UNCLEAR
France_41,Ireland_2,0.0,0.25,1,cross,0|NA|NA|NA|NA|nan|NA|NOT_DISCUSSED,UNCLEAR,NOT_DISCUSSED
France_41,Spain_219,0.2,0.25,2,cross,0|NA|NA|NA|NA|nan|NA|NOT_DISCUSSED,UNCLEAR,ES
France_41,Slovenia_44,0.2,0.25,3,cross,0|NA|NA|NA|NA|nan|NA|NOT_DISCUSSED,UNCLEAR,SI
France_41,Germany_34,0.2,0.25,4,cross,0|NA|NA|NA|NA|nan|NA|NOT_DISCUSSED,UNCLEAR,DE
France_64,Spain_219,0.2,0.25,1,cross,0|NA|NA|NA|NA|nan|NA|NOT_DISCUSSED,UNCLEAR,ES
France_64,Slovenia_44,0.2,0.25,2,cross,0|NA|NA|NA|NA|nan|NA|NOT_DISCUSSED,UNCLEAR,SI
France_64,Ireland_2,0.2,0.25,3,cross,0|NA|NA|NA|NA|nan|NA|NOT_DISCUSSED,UNCLEAR,NOT_DISCUSSED
France_64,Germany_34,0.2,0.25,4,cross,0|NA|NA|NA|NA|nan|NA|NOT_DISCUSSED,UNCLEAR,DE
France_67,Spain_219,0.2,0.25,1,cross,0|NA|NA|NA|NA|nan|NA|NOT_DISCUSSED,UNCLEAR,ES
France_67,Slovenia_44,0.2,0.25,2,cross,0|NA|NA|NA|NA|nan|NA|NOT_DISCUSSED,UNCLEAR,SI
France_67,Ireland_2,0.2,0.25,3,cross,0|NA|NA|NA|NA|nan|NA|NOT_DISCUSSED,UNCLEAR,NOT_DISCUSSED
France_67,Germany_34,0.2,0.25,4,cross,0|NA|NA|NA|NA|nan|NA|NOT_DISCUSSED,UNCLEAR,DE
France_70,Spain_219,0.2,0.25,1,cross,0|NA|NA|NA|NA|nan|NA|NOT_DISCUSSED,UNCLEAR,ES
France_70,Slovenia_44,0.2,0.25,2,cross,0|NA|NA|NA|NA|nan|NA|NOT_DISCUSSED,UNCLEAR,SI
France_70,Ireland_2,0.2,0.25,3,cross,0|NA|NA|NA|NA|nan|NA|NOT_DISCUSSED,UNCLEAR,NOT_DISCUSSED
France_70,Germany_34,0.2,0.25,4,cross,0|NA|NA|NA|NA|nan|NA|NOT_DISCUSSED,UNCLEAR,DE
Finland_3,Spain_219,0.2,0.25,1,cross,0|NA|NA|NA|NA|nan|NA|NOT_DISCUSSED,UNCLEAR,ES
Finland_3,Slovenia_44,0.2,0.25,2,cross,0|NA|NA|NA|NA|nan|NA|NOT_DISCUSSED,UNCLEAR,SI
Finland_3,Ireland_2,0.2,0.25,3,cross,0|NA|NA|NA|NA|nan|NA|NOT_DISCUSSED,UNCLEAR,NOT_DISCUSSED
Finland_3,Germany_34,0.2,0.25,4,cross,0|NA|NA|NA|NA|nan|NA|NOT_DISCUSSED,UNCLEAR,DE
Finland_5,Ireland_2,0.0,0.25,1,cross,0|NA|NA|NA|NA|nan|NA|NOT_DISCUSSED,UNCLEAR,NOT_DISCUSSED
Finland_5,Spain_219,0.2,0.25,2,cross,0|NA|NA|NA|NA|nan|NA|NOT_DISCUSSED,UNCLEAR,ES
Finland_5,Slovenia_44,0.2,0.25,3,cross,0|NA|NA|NA|NA|nan|NA|NOT_DISCUSSED,UNCLEAR,SI
Finland_5,Germany_34,0.2,0.25,4,cross,0|NA|NA|NA|NA|nan|NA|NOT_DISCUSSED,UNCLEAR,DE
Finland_28,Spain_219,0.2,0.25,1,cross,0|NA|NA|NA|NA|nan|NA|NOT_DISCUSSED,UNCLEAR,ES
Finland_28,Slovenia_44,0.2,0.25,2,cross,0|NA|NA|NA|NA|nan|NA|NOT_DISCUSSED,UNCLEAR,SI
Finland_28,Ireland_2,0.2,0.25,3,cross,0|NA|NA|NA|NA|nan|NA|NOT_DISCUSSED,UNCLEAR,NOT_DISCUSSED
Finland_28,Germany_34,0.2,0.25,4,cross,0|NA|NA|NA|NA|nan|NA|NOT_DISCUSSED,UNCLEAR,DE
United Kingdom_10,Ireland_27,0.0,0.25,1,cross,0|NA|NA|NA|NA|nan|NA|NOT_MENTIONED,UNCLEAR,EU
United Kingdom_10,Slovenia_23,0.2,0.25,2,cross,0|NA|NA|NA|NA|nan|NA|NOT_MENTIONED,UNCLEAR,SI
United Kingdom_10,Slovenia_37,0.2,0.25,3,cross,0|NA|NA|NA|NA|nan|NA|NOT_MENTIONED,UNCLEAR,SI
United Kingdom_10,Luxembourg_13,0.2,0.25,4,cross,0|NA|NA|NA|NA|nan|NA|NOT_MENTIONED,UNCLEAR,FR
United Kingdom_7,Ireland_27,0.0,0.25,1,cross,0|NA|NA|NA|NA|nan|NA|NOT_MENTIONED,UNCLEAR,EU
United Kingdom_7,Slovenia_23,0.2,0.25,2,cross,0|NA|NA|NA|NA|nan|NA|NOT_MENTIONED,UNCLEAR,SI
United Kingdom_7,Slovenia_37,0.2,0.25,3,cross,0|NA|NA|NA|NA|nan|NA|NOT_MENTIONED,UNCLEAR,SI
United Kingdom_7,Luxembourg_13,0.2,0.25,4,cross,0|NA|NA|NA|NA|nan|NA|NOT_MENTIONED,UNCLEAR,FR
United Kingdom_54,Slovenia_23,0.2,0.3333333333333333,1,cross,0|NA|NA|NA|NA|nan|NA|NOT_MENTIONED,UNCLEAR,SI
United Kingdom_54,Slovenia_37,0.2,0.3333333333333333,2,cross,0|NA|NA|NA|NA|nan|NA|NOT_MENTIONED,UNCLEAR,SI
United Kingdom_54,Ireland_27,0.2,0.3333333333333333,3,cross,0|NA|NA|NA|NA|nan|NA|NOT_MENTIONED,UNCLEAR,EU
Spain_20,Slovenia_6,0.2,0.3333333333333333,1,cross,0|NA|NA|NA|NA|nan|NA|NOT_MENTIONED,ES,SI
Spain_20,Slovenia_12,0.2,0.3333333333333333,2,cross,0|NA|NA|NA|NA|nan|NA|NOT_MENTIONED,ES,SI
Spain_20,Slovenia_27,0.2,0.3333333333333333,3,cross,0|NA|NA|NA|NA|nan|NA|NOT_MENTIONED,ES,SI
Spain_141,Slovenia_24,0.2,0.25,1,cross,0|NA|NA|NA|NA|nan|NA|NOT_MENTIONED,ES,SI
Spain_141,Slovenia_25,0.2,0.25,2,cross,0|NA|NA|NA|NA|nan|NA|NOT_MENTIONED,ES,SI
Spain_141,Slovenia_38,0.2,0.25,3,cross,0|NA|NA|NA|NA|nan|NA|NOT_MENTIONED,ES,SI
Spain_141,Slovenia_42,0.2,0.25,4,cross,0|NA|NA|NA|NA|nan|NA|NOT_MENTIONED,ES,SI
Spain_310,Ireland_27,0.0,0.25,1,cross,0|NA|NA|NA|NA|nan|NA|NOT_MENTIONED,UNCLEAR,EU
Spain_310,Slovenia_23,0.2,0.25,2,cross,0|NA|NA|NA|NA|nan|NA|NOT_MENTIONED,UNCLEAR,SI
Spain_310,Slovenia_37,0.2,0.25,3,cross,0|NA|NA|NA|NA|nan|NA|NOT_MENTIONED,UNCLEAR,SI
Spain_310,Luxembourg_13,0.2,0.25,4,cross,0|NA|NA|NA|NA|nan|NA|NOT_MENTIONED,UNCLEAR,FR
Spain_447,Ireland_27,0.0,0.25,1,cross,0|NA|NA|NA|NA|nan|NA|NOT_MENTIONED,UNCLEAR,EU
Spain_447,Slovenia_23,0.2,0.25,2,cross,0|NA|NA|NA|NA|nan|NA|NOT_MENTIONED,UNCLEAR,SI
Spain_447,Slovenia_37,0.2,0.25,3,cross,0|NA|NA|NA|NA|nan|NA|NOT_MENTIONED,UNCLEAR,SI
Spain_447,Luxembourg_13,0.2,0.25,4,cross,0|NA|NA|NA|NA|nan|NA|NOT_MENTIONED,UNCLEAR,FR
Spain_448,Ireland_27,0.0,0.25,1,cross,0|NA|NA|NA|NA|nan|NA|NOT_MENTIONED,UNCLEAR,EU
Spain_448,Slovenia_23,0.2,0.25,2,cross,0|NA|NA|NA|NA|nan|NA|NOT_MENTIONED,UNCLEAR,SI
Spain_448,Slovenia_37,0.2,0.25,3,cross,0|NA|NA|NA|NA|nan|NA|NOT_MENTIONED,UNCLEAR,SI
Spain_448,Luxembourg_13,0.2,0.25,4,cross,0|NA|NA|NA|NA|nan|NA|NOT_MENTIONED,UNCLEAR,FR
Spain_489,Ireland_27,0.0,0.25,1,cross,0|NA|NA|NA|NA|nan|NA|NOT_MENTIONED,UNCLEAR,EU
Spain_489,Slovenia_23,0.2,0.25,2,cross,0|NA|NA|NA|NA|nan|NA|NOT_MENTIONED,UNCLEAR,SI
Spain_489,Slovenia_37,0.2,0.25,3,cross,0|NA|NA|NA|NA|nan|NA|NOT_MENTIONED,UNCLEAR,SI
Spain_489,Luxembourg_13,0.2,0.25,4,cross,0|NA|NA|NA|NA|nan|NA|NOT_MENTIONED,UNCLEAR,FR
Spain_512,Ireland_27,0.0,0.25,1,cross,0|NA|NA|NA|NA|nan|NA|NOT_MENTIONED,UNCLEAR,EU
Spain_512,Slovenia_23,0.2,0.25,2,cross,0|NA|NA|NA|NA|nan|NA|NOT_MENTIONED,UNCLEAR,SI
Spain_512,Slovenia_37,0.2,0.25,3,cross,0|NA|NA|NA|NA|nan|NA|NOT_MENTIONED,UNCLEAR,SI
Spain_512,Luxembourg_13,0.2,0.25,4,cross,0|NA|NA|NA|NA|nan|NA|NOT_MENTIONED,UNCLEAR,FR
Spain_528,Ireland_27,0.0,0.25,1,cross,0|NA|NA|NA|NA|nan|NA|NOT_MENTIONED,UNCLEAR,EU
Spain_528,Slovenia_23,0.2,0.25,2,cross,0|NA|NA|NA|NA|nan|NA|NOT_MENTIONED,UNCLEAR,SI
Spain_528,Slovenia_37,0.2,0.25,3,cross,0|NA|NA|NA|NA|nan|NA|NOT_MENTIONED,UNCLEAR,SI
Spain_528,Luxembourg_13,0.2,0.25,4,cross,0|NA|NA|NA|NA|nan|NA|NOT_MENTIONED,UNCLEAR,FR
Spain_584,Slovenia_7,0.2,0.3333333333333333,1,cross,0|NA|NA|NA|NA|nan|NA|NOT_MENTIONED,ES,SI
Spain_584,Slovenia_36,0.2,0.3333333333333333,2,cross,0|NA|NA|NA|NA|nan|NA|NOT_MENTIONED,ES,SI
Spain_584,Slovenia_39,0.2,0.3333333333333333,3,cross,0|NA|NA|NA|NA|nan|NA|NOT_MENTIONED,ES,SI
Slovenia_6,Spain_20,0.2,1.0,1,cross,0|NA|NA|NA|NA|nan|NA|NOT_MENTIONED,SI,ES
Slovenia_7,Spain_584,0.2,1.0,1,cross,0|NA|NA|NA|NA|nan|NA|NOT_MENTIONED,SI,ES
Slovenia_12,Spain_20,0.2,1.0,1,cross,0|NA|NA|NA|NA|nan|NA|NOT_MENTIONED,SI,ES
Slovenia_20,Greece_15,0.2,1.0,1,cross,0|NA|NA|NA|NA|nan|NA|NOT_MENTIONED,SI,UNCLEAR
Slovenia_24,Spain_141,0.2,1.0,1,cross,0|NA|NA|NA|NA|nan|NA|NOT_MENTIONED,SI,ES
Slovenia_23,United Kingdom_10,0.2,0.2,1,cross,0|NA|NA|NA|NA|nan|NA|NOT_MENTIONED,SI,UNCLEAR
Slovenia_23,United Kingdom_7,0.2,0.2,2,cross,0|NA|NA|NA|NA|nan|NA|NOT_MENTIONED,SI,UNCLEAR
Slovenia_23,United Kingdom_54,0.2,0.2,3,cross,0|NA|NA|NA|NA|nan|NA|NOT_MENTIONED,SI,UNCLEAR
Slovenia_23,Spain_310,0.2,0.2,4,cross,0|NA|NA|NA|NA|nan|NA|NOT_MENTIONED,SI,UNCLEAR
Slovenia_23,Spain_447,0.2,0.2,5,cross,0|NA|NA|NA|NA|nan|NA|NOT_MENTIONED,SI,UNCLEAR
Slovenia_25,Spain_141,0.2,1.0,1,cross,0|NA|NA|NA|NA|nan|NA|NOT_MENTIONED,SI,ES
Slovenia_27,Spain_20,0.2,1.0,1,cross,0|NA|NA|NA|NA|nan|NA|NOT_MENTIONED,SI,ES
Slovenia_36,Spain_584,0.2,1.0,1,cross,0|NA|NA|NA|NA|nan|NA|NOT_MENTIONED,SI,ES
Slovenia_37,United Kingdom_10,0.2,0.2,1,cross,0|NA|NA|NA|NA|nan|NA|NOT_MENTIONED,SI,UNCLEAR
Slovenia_37,United Kingdom_7,0.2,0.2,2,cross,0|NA|NA|NA|NA|nan|NA|NOT_MENTIONED,SI,UNCLEAR
Slovenia_37,United Kingdom_54,0.2,0.2,3,cross,0|NA|NA|NA|NA|nan|NA|NOT_MENTIONED,SI,UNCLEAR
Slovenia_37,Spain_310,0.2,0.2,4,cross,0|NA|NA|NA|NA|nan|NA|NOT_MENTIONED,SI,UNCLEAR
Slovenia_37,Spain_447,0.2,0.2,5,cross,0|NA|NA|NA|NA|nan|NA|NOT_MENTIONED,SI,UNCLEAR
Slovenia_38,Spain_141,0.2,1.0,1,cross,0|NA|NA|NA|NA|nan|NA|NOT_MENTIONED,SI,ES
Slovenia_39,Spain_584,0.2,1.0,1,cross,0|NA|NA|NA|NA|nan|NA|NOT_MENTIONED,SI,ES
Slovenia_42,Spain_141,0.2,1.0,1,cross,0|NA|NA|NA|NA|nan|NA|NOT_MENTIONED,SI,ES
Luxembourg_13,United Kingdom_10,0.2,0.2,1,cross,0|NA|NA|NA|NA|nan|NA|NOT_MENTIONED,FR,UNCLEAR
Luxembourg_13,United Kingdom_7,0.2,0.2,2,cross,0|NA|NA|NA|NA|nan|NA|NOT_MENTIONED,FR,UNCLEAR
Luxembourg_13,Spain_310,0.2,0.2,3,cross,0|NA|NA|NA|NA|nan|NA|NOT_MENTIONED,FR,UNCLEAR
Luxembourg_13,Spain_447,0.2,0.2,4,cross,0|NA|NA|NA|NA|nan|NA|NOT_MENTIONED,FR,UNCLEAR
Luxembourg_13,Spain_448,0.2,0.2,5,cross,0|NA|NA|NA|NA|nan|NA|NOT_MENTIONED,FR,UNCLEAR
Luxembourg_17,Greece_105,0.2,1.0,1,cross,0|NA|NA|NA|NA|nan|NA|NOT_MENTIONED,FR,UNCLEAR
Ireland_11,Ireland_27,0.0,0.25,1,cross,0|NA|NA|NA|NA|nan|NA|NOT_MENTIONED,UNCLEAR,EU
Ireland_11,Slovenia_23,0.2,0.25,2,cross,0|NA|NA|NA|NA|nan|NA|NOT_MENTIONED,UNCLEAR,SI
Ireland_11,Slovenia_37,0.2,0.25,3,cross,0|NA|NA|NA|NA|nan|NA|NOT_MENTIONED,UNCLEAR,SI
Ireland_11,Luxembourg_13,0.2,0.25,4,cross,0|NA|NA|NA|NA|nan|NA|NOT_MENTIONED,UNCLEAR,FR
Ireland_12,Ireland_27,0.0,0.25,1,cross,0|NA|NA|NA|NA|nan|NA|NOT_MENTIONED,UNCLEAR,EU
Ireland_12,Slovenia_23,0.2,0.25,2,cross,0|NA|NA|NA|NA|nan|NA|NOT_MENTIONED,UNCLEAR,SI
Ireland_12,Slovenia_37,0.2,0.25,3,cross,0|NA|NA|NA|NA|nan|NA|NOT_MENTIONED,UNCLEAR,SI
Ireland_12,Luxembourg_13,0.2,0.25,4,cross,0|NA|NA|NA|NA|nan|NA|NOT_MENTIONED,UNCLEAR,FR
Ireland_15,Ireland_27,0.0,0.25,1,cross,0|NA|NA|NA|NA|nan|NA|NOT_MENTIONED,UNCLEAR,EU
Ireland_15,Slovenia_23,0.2,0.25,2,cross,0|NA|NA|NA|NA|nan|NA|NOT_MENTIONED,UNCLEAR,SI
Ireland_15,Slovenia_37,0.2,0.25,3,cross,0|NA|NA|NA|NA|nan|NA|NOT_MENTIONED,UNCLEAR,SI
Ireland_15,Luxembourg_13,0.2,0.25,4,cross,0|NA|NA|NA|NA|nan|NA|NOT_MENTIONED,UNCLEAR,FR
Ireland_20,Slovenia_23,0.2,0.3333333333333333,1,cross,0|NA|NA|NA|NA|nan|NA|NOT_MENTIONED,UNCLEAR,SI
Ireland_20,Slovenia_37,0.2,0.3333333333333333,2,cross,0|NA|NA|NA|NA|nan|NA|NOT_MENTIONED,UNCLEAR,SI
Ireland_20,Ireland_27,0.2,0.3333333333333333,3,cross,0|NA|NA|NA|NA|nan|NA|NOT_MENTIONED,UNCLEAR,EU
Ireland_22,Slovenia_23,0.2,0.3333333333333333,1,cross,0|NA|NA|NA|NA|nan|NA|NOT_MENTIONED,UNCLEAR,SI
Ireland_22,Slovenia_37,0.2,0.3333333333333333,2,cross,0|NA|NA|NA|NA|nan|NA|NOT_MENTIONED,UNCLEAR,SI
Ireland_22,Ireland_27,0.2,0.3333333333333333,3,cross,0|NA|NA|NA|NA|nan|NA|NOT_MENTIONED,UNCLEAR,EU
Ireland_23,Ireland_27,0.0,0.25,1,cross,0|NA|NA|NA|NA|nan|NA|NOT_MENTIONED,UNCLEAR,EU
Ireland_23,Slovenia_23,0.2,0.25,2,cross,0|NA|NA|NA|NA|nan|NA|NOT_MENTIONED,UNCLEAR,SI
Ireland_23,Slovenia_37,0.2,0.25,3,cross,0|NA|NA|NA|NA|nan|NA|NOT_MENTIONED,UNCLEAR,SI
Ireland_23,Luxembourg_13,0.2,0.25,4,cross,0|NA|NA|NA|NA|nan|NA|NOT_MENTIONED,UNCLEAR,FR
Ireland_28,Slovenia_23,0.2,0.3333333333333333,1,cross,0|NA|NA|NA|NA|nan|NA|NOT_MENTIONED,UNCLEAR,SI
Ireland_28,Slovenia_37,0.2,0.3333333333333333,2,cross,0|NA|NA|NA|NA|nan|NA|NOT_MENTIONED,UNCLEAR,SI
Ireland_28,Ireland_27,0.2,0.3333333333333333,3,cross,0|NA|NA|NA|NA|nan|NA|NOT_MENTIONED,UNCLEAR,EU
Ireland_27,United Kingdom_10,0.0,0.2,1,cross,0|NA|NA|NA|NA|nan|NA|NOT_MENTIONED,EU,UNCLEAR
Ireland_27,United Kingdom_7,0.0,0.2,2,cross,0|NA|NA|NA|NA|nan|NA|NOT_MENTIONED,EU,UNCLEAR
Ireland_27,Spain_310,0.0,0.2,3,cross,0|NA|NA|NA|NA|nan|NA|NOT_MENTIONED,EU,UNCLEAR
Ireland_27,Spain_447,0.0,0.2,4,cross,0|NA|NA|NA|NA|nan|NA|NOT_MENTIONED,EU,UNCLEAR
Ireland_27,Spain_489,0.0,0.2,5,cross,0|NA|NA|NA|NA|nan|NA|NOT_MENTIONED,EU,UNCLEAR
Ireland_41,Slovenia_23,0.2,0.3333333333333333,1,cross,0|NA|NA|NA|NA|nan|NA|NOT_MENTIONED,UNCLEAR,SI
Ireland_41,Slovenia_37,0.2,0.3333333333333333,2,cross,0|NA|NA|NA|NA|nan|NA|NOT_MENTIONED,UNCLEAR,SI
Ireland_41,Ireland_27,0.2,0.3333333333333333,3,cross,0|NA|NA|NA|NA|nan|NA|NOT_MENTIONED,UNCLEAR,EU
Ireland_40,Slovenia_23,0.2,0.3333333333333333,1,cross,0|NA|NA|NA|NA|nan|NA|NOT_MENTIONED,UNCLEAR,SI
Ireland_40,Slovenia_37,0.2,0.3333333333333333,2,cross,0|NA|NA|NA|NA|nan|NA|NOT_MENTIONED,UNCLEAR,SI
Ireland_40,Ireland_27,0.2,0.3333333333333333,3,cross,0|NA|NA|NA|NA|nan|NA|NOT_MENTIONED,UNCLEAR,EU
Iceland_85,Slovenia_23,0.2,0.3333333333333333,1,cross,0|NA|NA|NA|NA|nan|NA|NOT_MENTIONED,UNCLEAR,SI
Iceland_85,Slovenia_37,0.2,0.3333333333333333,2,cross,0|NA|NA|NA|NA|nan|NA|NOT_MENTIONED,UNCLEAR,SI
Iceland_85,Ireland_27,0.2,0.3333333333333333,3,cross,0|NA|NA|NA|NA|nan|NA|NOT_MENTIONED,UNCLEAR,EU
Hungary_37,Ireland_27,0.0,0.25,1,cross,0|NA|NA|NA|NA|nan|NA|NOT_MENTIONED,UNCLEAR,EU
Hungary_37,Slovenia_23,0.2,0.25,2,cross,0|NA|NA|NA|NA|nan|NA|NOT_MENTIONED,UNCLEAR,SI
Hungary_37,Slovenia_37,0.2,0.25,3,cross,0|NA|NA|NA|NA|nan|NA|NOT_MENTIONED,UNCLEAR,SI
Hungary_37,Luxembourg_13,0.2,0.25,4,cross,0|NA|NA|NA|NA|nan|NA|NOT_MENTIONED,UNCLEAR,FR
Greece_2,Ireland_27,0.0,0.25,1,cross,0|NA|NA|NA|NA|nan|NA|NOT_MENTIONED,UNCLEAR,EU
Greece_2,Slovenia_23,0.2,0.25,2,cross,0|NA|NA|NA|NA|nan|NA|NOT_MENTIONED,UNCLEAR,SI
Greece_2,Slovenia_37,0.2,0.25,3,cross,0|NA|NA|NA|NA|nan|NA|NOT_MENTIONED,UNCLEAR,SI
Greece_2,Luxembourg_13,0.2,0.25,4,cross,0|NA|NA|NA|NA|nan|NA|NOT_MENTIONED,UNCLEAR,FR
Greece_15,Slovenia_20,0.2,0.3333333333333333,1,cross,0|NA|NA|NA|NA|nan|NA|NOT_MENTIONED,UNCLEAR,SI
Greece_15,Luxembourg_13,0.2,0.3333333333333333,2,cross,0|NA|NA|NA|NA|nan|NA|NOT_MENTIONED,UNCLEAR,FR
Greece_15,Ireland_27,0.2,0.3333333333333333,3,cross,0|NA|NA|NA|NA|nan|NA|NOT_MENTIONED,UNCLEAR,EU
Greece_21,Ireland_27,0.0,0.25,1,cross,0|NA|NA|NA|NA|nan|NA|NOT_MENTIONED,UNCLEAR,EU
Greece_21,Slovenia_23,0.2,0.25,2,cross,0|NA|NA|NA|NA|nan|NA|NOT_MENTIONED,UNCLEAR,SI
Greece_21,Slovenia_37,0.2,0.25,3,cross,0|NA|NA|NA|NA|nan|NA|NOT_MENTIONED,UNCLEAR,SI
Greece_21,Luxembourg_13,0.2,0.25,4,cross,0|NA|NA|NA|NA|nan|NA|NOT_MENTIONED,UNCLEAR,FR
Greece_50,Ireland_27,0.0,0.25,1,cross,0|NA|NA|NA|NA|nan|NA|NOT_MENTIONED,UNCLEAR,EU
Greece_50,Slovenia_23,0.2,0.25,2,cross,0|NA|NA|NA|NA|nan|NA|NOT_MENTIONED,UNCLEAR,SI
Greece_50,Slovenia_37,0.2,0.25,3,cross,0|NA|NA|NA|NA|nan|NA|NOT_MENTIONED,UNCLEAR,SI
Greece_50,Luxembourg_13,0.2,0.25,4,cross,0|NA|NA|NA|NA|nan|NA|NOT_MENTIONED,UNCLEAR,FR
Greece_52,Ireland_27,0.0,0.25,1,cross,0|NA|NA|NA|NA|nan|NA|NOT_MENTIONED,UNCLEAR,EU
Greece_52,Slovenia_23,0.2,0.25,2,cross,0|NA|NA|NA|NA|nan|NA|NOT_MENTIONED,UNCLEAR,SI
Greece_52,Slovenia_37,0.2,0.25,3,cross,0|NA|NA|NA|NA|nan|NA|NOT_MENTIONED,UNCLEAR,SI
Greece_52,Luxembourg_13,0.2,0.25,4,cross,0|NA|NA|NA|NA|nan|NA|NOT_MENTIONED,UNCLEAR,FR
Greece_76,Ireland_27,0.0,0.25,1,cross,0|NA|NA|NA|NA|nan|NA|NOT_MENTIONED,UNCLEAR,EU
Greece_76,Slovenia_23,0.2,0.25,2,cross,0|NA|NA|NA|NA|nan|NA|NOT_MENTIONED,UNCLEAR,SI
Greece_76,Slovenia_37,0.2,0.25,3,cross,0|NA|NA|NA|NA|nan|NA|NOT_MENTIONED,UNCLEAR,SI
Greece_76,Luxembourg_13,0.2,0.25,4,cross,0|NA|NA|NA|NA|nan|NA|NOT_MENTIONED,UNCLEAR,FR
Greece_83,Ireland_27,0.0,0.25,1,cross,0|NA|NA|NA|NA|nan|NA|NOT_MENTIONED,UNCLEAR,EU
Greece_83,Slovenia_23,0.2,0.25,2,cross,0|NA|NA|NA|NA|nan|NA|NOT_MENTIONED,UNCLEAR,SI
Greece_83,Slovenia_37,0.2,0.25,3,cross,0|NA|NA|NA|NA|nan|NA|NOT_MENTIONED,UNCLEAR,SI
Greece_83,Luxembourg_13,0.2,0.25,4,cross,0|NA|NA|NA|NA|nan|NA|NOT_MENTIONED,UNCLEAR,FR
Greece_87,Ireland_27,0.0,0.25,1,cross,0|NA|NA|NA|NA|nan|NA|NOT_MENTIONED,UNCLEAR,EU
Greece_87,Slovenia_23,0.2,0.25,2,cross,0|NA|NA|NA|NA|nan|NA|NOT_MENTIONED,UNCLEAR,SI
Greece_87,Slovenia_37,0.2,0.25,3,cross,0|NA|NA|NA|NA|nan|NA|NOT_MENTIONED,UNCLEAR,SI
Greece_87,Luxembourg_13,0.2,0.25,4,cross,0|NA|NA|NA|NA|nan|NA|NOT_MENTIONED,UNCLEAR,FR
Greece_93,Ireland_27,0.0,0.25,1,cross,0|NA|NA|NA|NA|nan|NA|NOT_MENTIONED,UNCLEAR,EU
Greece_93,Slovenia_23,0.2,0.25,2,cross,0|NA|NA|NA|NA|nan|NA|NOT_MENTIONED,UNCLEAR,SI
Greece_93,Slovenia_37,0.2,0.25,3,cross,0|NA|NA|NA|NA|nan|NA|NOT_MENTIONED,UNCLEAR,SI
Greece_93,Luxembourg_13,0.2,0.25,4,cross,0|NA|NA|NA|NA|nan|NA|NOT_MENTIONED,UNCLEAR,FR
Greece_101,Slovenia_23,0.2,0.3333333333333333,1,cross,0|NA|NA|NA|NA|nan|NA|NOT_MENTIONED,UNCLEAR,SI
Greece_101,Slovenia_37,0.2,0.3333333333333333,2,cross,0|NA|NA|NA|NA|nan|NA|NOT_MENTIONED,UNCLEAR,SI
Greece_101,Ireland_27,0.2,0.3333333333333333,3,cross,0|NA|NA|NA|NA|nan|NA|NOT_MENTIONED,UNCLEAR,EU
Greece_105,Luxembourg_17,0.2,1.0,1,cross,0|NA|NA|NA|NA|nan|NA|NOT_MENTIONED,UNCLEAR,FR
Greece_110,Ireland_27,0.0,0.25,1,cross,0|NA|NA|NA|NA|nan|NA|NOT_MENTIONED,UNCLEAR,EU
Greece_110,Slovenia_23,0.2,0.25,2,cross,0|NA|NA|NA|NA|nan|NA|NOT_MENTIONED,UNCLEAR,SI
Greece_110,Slovenia_37,0.2,0.25,3,cross,0|NA|NA|NA|NA|nan|NA|NOT_MENTIONED,UNCLEAR,SI
Greece_110,Luxembourg_13,0.2,0.25,4,cross,0|NA|NA|NA|NA|nan|NA|NOT_MENTIONED,UNCLEAR,FR
Greece_120,Ireland_27,0.0,0.25,1,cross,0|NA|NA|NA|NA|nan|NA|NOT_MENTIONED,UNCLEAR,EU
Greece_120,Slovenia_23,0.2,0.25,2,cross,0|NA|NA|NA|NA|nan|NA|NOT_MENTIONED,UNCLEAR,SI
Greece_120,Slovenia_37,0.2,0.25,3,cross,0|NA|NA|NA|NA|nan|NA|NOT_MENTIONED,UNCLEAR,SI
Greece_120,Luxembourg_13,0.2,0.25,4,cross,0|NA|NA|NA|NA|nan|NA|NOT_MENTIONED,UNCLEAR,FR
Germany_5,Ireland_27,0.0,0.25,1,cross,0|NA|NA|NA|NA|nan|NA|NOT_MENTIONED,UNCLEAR,EU
Germany_5,Slovenia_23,0.2,0.25,2,cross,0|NA|NA|NA|NA|nan|NA|NOT_MENTIONED,UNCLEAR,SI
Germany_5,Slovenia_37,0.2,0.25,3,cross,0|NA|NA|NA|NA|nan|NA|NOT_MENTIONED,UNCLEAR,SI
Germany_5,Luxembourg_13,0.2,0.25,4,cross,0|NA|NA|NA|NA|nan|NA|NOT_MENTIONED,UNCLEAR,FR
Germany_6,Ireland_27,0.0,0.25,1,cross,0|NA|NA|NA|NA|nan|NA|NOT_MENTIONED,UNCLEAR,EU
Germany_6,Slovenia_23,0.2,0.25,2,cross,0|NA|NA|NA|NA|nan|NA|NOT_MENTIONED,UNCLEAR,SI
Germany_6,Slovenia_37,0.2,0.25,3,cross,0|NA|NA|NA|NA|nan|NA|NOT_MENTIONED,UNCLEAR,SI
Germany_6,Luxembourg_13,0.2,0.25,4,cross,0|NA|NA|NA|NA|nan|NA|NOT_MENTIONED,UNCLEAR,FR
Germany_17,Ireland_27,0.0,0.25,1,cross,0|NA|NA|NA|NA|nan|NA|NOT_MENTIONED,UNCLEAR,EU
Germany_17,Slovenia_23,0.2,0.25,2,cross,0|NA|NA|NA|NA|nan|NA|NOT_MENTIONED,UNCLEAR,SI
Germany_17,Slovenia_37,0.2,0.25,3,cross,0|NA|NA|NA|NA|nan|NA|NOT_MENTIONED,UNCLEAR,SI
Germany_17,Luxembourg_13,0.2,0.25,4,cross,0|NA|NA|NA|NA|nan|NA|NOT_MENTIONED,UNCLEAR,FR
France_4,Ireland_27,0.0,0.25,1,cross,0|NA|NA|NA|NA|nan|NA|NOT_MENTIONED,UNCLEAR,EU
France_4,Slovenia_23,0.2,0.25,2,cross,0|NA|NA|NA|NA|nan|NA|NOT_MENTIONED,UNCLEAR,SI
France_4,Slovenia_37,0.2,0.25,3,cross,0|NA|NA|NA|NA|nan|NA|NOT_MENTIONED,UNCLEAR,SI
France_4,Luxembourg_13,0.2,0.25,4,cross,0|NA|NA|NA|NA|nan|NA|NOT_MENTIONED,UNCLEAR,FR
France_23,Slovenia_23,0.2,0.3333333333333333,1,cross,0|NA|NA|NA|NA|nan|NA|NOT_MENTIONED,UNCLEAR,SI
France_23,Slovenia_37,0.2,0.3333333333333333,2,cross,0|NA|NA|NA|NA|nan|NA|NOT_MENTIONED,UNCLEAR,SI
France_23,Ireland_27,0.2,0.3333333333333333,3,cross,0|NA|NA|NA|NA|nan|NA|NOT_MENTIONED,UNCLEAR,EU
France_28,Ireland_27,0.0,0.25,1,cross,0|NA|NA|NA|NA|nan|NA|NOT_MENTIONED,UNCLEAR,EU
France_28,Slovenia_23,0.2,0.25,2,cross,0|NA|NA|NA|NA|nan|NA|NOT_MENTIONED,UNCLEAR,SI
France_28,Slovenia_37,0.2,0.25,3,cross,0|NA|NA|NA|NA|nan|NA|NOT_MENTIONED,UNCLEAR,SI
France_28,Luxembourg_13,0.2,0.25,4,cross,0|NA|NA|NA|NA|nan|NA|NOT_MENTIONED,UNCLEAR,FR
France_46,Ireland_27,0.0,0.25,1,cross,0|NA|NA|NA|NA|nan|NA|NOT_MENTIONED,UNCLEAR,EU
France_46,Slovenia_23,0.2,0.25,2,cross,0|NA|NA|NA|NA|nan|NA|NOT_MENTIONED,UNCLEAR,SI
France_46,Slovenia_37,0.2,0.25,3,cross,0|NA|NA|NA|NA|nan|NA|NOT_MENTIONED,UNCLEAR,SI
France_46,Luxembourg_13,0.2,0.25,4,cross,0|NA|NA|NA|NA|nan|NA|NOT_MENTIONED,UNCLEAR,FR
France_47,Ireland_27,0.0,0.25,1,cross,0|NA|NA|NA|NA|nan|NA|NOT_MENTIONED,UNCLEAR,EU
France_47,Slovenia_23,0.2,0.25,2,cross,0|NA|NA|NA|NA|nan|NA|NOT_MENTIONED,UNCLEAR,SI
France_47,Slovenia_37,0.2,0.25,3,cross,0|NA|NA|NA|NA|nan|NA|NOT_MENTIONED,UNCLEAR,SI
France_47,Luxembourg_13,0.2,0.25,4,cross,0|NA|NA|NA|NA|nan|NA|NOT_MENTIONED,UNCLEAR,FR
France_65,Ireland_27,0.0,0.25,1,cross,0|NA|NA|NA|NA|nan|NA|NOT_MENTIONED,UNCLEAR,EU
France_65,Slovenia_23,0.2,0.25,2,cross,0|NA|NA|NA|NA|nan|NA|NOT_MENTIONED,UNCLEAR,SI
France_65,Slovenia_37,0.2,0.25,3,cross,0|NA|NA|NA|NA|nan|NA|NOT_MENTIONED,UNCLEAR,SI
France_65,Luxembourg_13,0.2,0.25,4,cross,0|NA|NA|NA|NA|nan|NA|NOT_MENTIONED,UNCLEAR,FR
Finland_26,Slovenia_23,0.2,0.3333333333333333,1,cross,0|NA|NA|NA|NA|nan|NA|NOT_MENTIONED,UNCLEAR,SI
Finland_26,Slovenia_37,0.2,0.3333333333333333,2,cross,0|NA|NA|NA|NA|nan|NA|NOT_MENTIONED,UNCLEAR,SI
Finland_26,Ireland_27,0.2,0.3333333333333333,3,cross,0|NA|NA|NA|NA|nan|NA|NOT_MENTIONED,UNCLEAR,EU
Finland_31,Ireland_27,0.0,0.25,1,cross,0|NA|NA|NA|NA|nan|NA|NOT_MENTIONED,UNCLEAR,EU
Finland_31,Slovenia_23,0.2,0.25,2,cross,0|NA|NA|NA|NA|nan|NA|NOT_MENTIONED,UNCLEAR,SI
Finland_31,Slovenia_37,0.2,0.25,3,cross,0|NA|NA|NA|NA|nan|NA|NOT_MENTIONED,UNCLEAR,SI
Finland_31,Luxembourg_13,0.2,0.25,4,cross,0|NA|NA|NA|NA|nan|NA|NOT_MENTIONED,UNCLEAR,FR
United Kingdom_27,Spain_427,0.2,0.2,1,cross,0|NA|NA|NA|NA|nan|NA|ORGANIZATION,GB,ES
United Kingdom_27,Iceland_9,0.2,0.2,2,cross,0|NA|NA|NA|NA|nan|NA|ORGANIZATION,GB,IS
United Kingdom_27,Spain_505,0.22000000000000003,0.2,3,cross,0|NA|NA|NA|NA|nan|NA|ORGANIZATION,GB,ES
United Kingdom_27,Spain_158,0.22000000000000003,0.2,4,cross,0|NA|NA|NA|NA|nan|NA|ORGANIZATION,GB,ES
United Kingdom_27,Spain_346,0.22857142857142856,0.2,5,cross,0|NA|NA|NA|NA|nan|NA|ORGANIZATION,GB,ES
United Kingdom_22,Spain_43,0.2,0.2,1,cross,0|NA|NA|NA|NA|nan|NA|ORGANIZATION,GB,ES
United Kingdom_22,Spain_346,0.2,0.2,2,cross,0|NA|NA|NA|NA|nan|NA|ORGANIZATION,GB,ES
United Kingdom_22,Spain_281,0.2,0.2,3,cross,0|NA|NA|NA|NA|nan|NA|ORGANIZATION,GB,ES
United Kingdom_22,Spain_226,0.2,0.2,4,cross,0|NA|NA|NA|NA|nan|NA|ORGANIZATION,GB,ES
United Kingdom_22,Spain_589,0.2,0.2,5,cross,0|NA|NA|NA|NA|nan|NA|ORGANIZATION,GB,ES
United Kingdom_33,Romania_143,0.2,0.2,1,cross,0|NA|NA|NA|NA|nan|NA|ORGANIZATION,UNCLEAR,RO
United Kingdom_33,Greece_43,0.22000000000000003,0.2,2,cross,0|NA|NA|NA|NA|nan|NA|ORGANIZATION,UNCLEAR,GR
United Kingdom_33,Greece_90,0.22857142857142856,0.2,3,cross,0|NA|NA|NA|NA|nan|NA|ORGANIZATION,UNCLEAR,GR
United Kingdom_33,Romania_85,0.24,0.2,4,cross,0|NA|NA|NA|NA|nan|NA|ORGANIZATION,UNCLEAR,RO
United Kingdom_33,Romania_157,0.24,0.2,5,cross,0|NA|NA|NA|NA|nan|NA|ORGANIZATION,UNCLEAR,RO
Sweden_11,Spain_478,0.2,0.2,1,cross,0|NA|NA|NA|NA|nan|NA|ORGANIZATION,SE,ES
Sweden_11,Slovenia_77,0.2,0.2,2,cross,0|NA|NA|NA|NA|nan|NA|ORGANIZATION,SE,SI
Sweden_11,Finland_12,0.2,0.2,3,cross,0|NA|NA|NA|NA|nan|NA|ORGANIZATION,SE,FI
Sweden_11,Spain_8,0.22000000000000003,0.2,4,cross,0|NA|NA|NA|NA|nan|NA|ORGANIZATION,SE,ES
Sweden_11,Spain_144,0.22000000000000003,0.2,5,cross,0|NA|NA|NA|NA|nan|NA|ORGANIZATION,SE,ES
Sweden_21,Italy_149,0.22000000000000003,0.5,1,cross,0|NA|NA|NA|NA|nan|NA|ORGANIZATION,SE,IT
Sweden_21,Germany_10,0.24857142857142858,0.5,2,cross,0|NA|NA|NA|NA|nan|NA|ORGANIZATION,SE,DE
Sweden_44,Norway_55,0.2,0.2,1,cross,0|NA|NA|NA|NA|nan|NA|ORGANIZATION,SE,NO
Sweden_44,Spain_591,0.22000000000000003,0.2,2,cross,0|NA|NA|NA|NA|nan|NA|ORGANIZATION,SE,ES
Sweden_44,Italy_93,0.22000000000000003,0.2,3,cross,0|NA|NA|NA|NA|nan|NA|ORGANIZATION,SE,IT
Sweden_44,Spain_338,0.22857142857142856,0.2,4,cross,0|NA|NA|NA|NA|nan|NA|ORGANIZATION,SE,ES
Sweden_44,Spain_483,0.22857142857142856,0.2,5,cross,0|NA|NA|NA|NA|nan|NA|ORGANIZATION,SE,ES
Sweden_50,Spain_109,0.2,0.2,1,cross,0|NA|NA|NA|NA|nan|NA|ORGANIZATION,SE,ES
Sweden_50,Spain_84,0.2,0.2,2,cross,0|NA|NA|NA|NA|nan|NA|ORGANIZATION,SE,ES
Sweden_50,Spain_164,0.2,0.2,3,cross,0|NA|NA|NA|NA|nan|NA|ORGANIZATION,SE,ES
Sweden_50,Spain_137,0.2,0.2,4,cross,0|NA|NA|NA|NA|nan|NA|ORGANIZATION,SE,ES
Sweden_50,Spain_306,0.2,0.2,5,cross,0|NA|NA|NA|NA|nan|NA|ORGANIZATION,SE,ES
Spain_6,Slovenia_55,0.2,0.2,1,cross,0|NA|NA|NA|NA|nan|NA|ORGANIZATION,ES,SI
Spain_6,Slovenia_68,0.2,0.2,2,cross,0|NA|NA|NA|NA|nan|NA|ORGANIZATION,ES,SI
Spain_6,Norway_66,0.2,0.2,3,cross,0|NA|NA|NA|NA|nan|NA|ORGANIZATION,ES,EE
Spain_6,Lithuania_9,0.2,0.2,4,cross,0|NA|NA|NA|NA|nan|NA|ORGANIZATION,ES,LT
Spain_6,Greece_11,0.2,0.2,5,cross,0|NA|NA|NA|NA|nan|NA|ORGANIZATION,ES,UNCLEAR
Spain_5,United Kingdom_22,0.22000000000000003,0.2,1,cross,0|NA|NA|NA|NA|nan|NA|ORGANIZATION,ES,GB
Spain_5,Romania_7,0.22000000000000003,0.2,2,cross,0|NA|NA|NA|NA|nan|NA|ORGANIZATION,ES,RO
Spain_5,Romania_130,0.22000000000000003,0.2,3,cross,0|NA|NA|NA|NA|nan|NA|ORGANIZATION,ES,RO
Spain_5,Romania_60,0.24,0.2,4,cross,0|NA|NA|NA|NA|nan|NA|ORGANIZATION,ES,RO
Spain_5,Romania_96,0.24,0.2,5,cross,0|NA|NA|NA|NA|nan|NA|ORGANIZATION,ES,RO
Spain_8,Iceland_88,0.2,0.2,1,cross,0|NA|NA|NA|NA|nan|NA|ORGANIZATION,ES,IS
Spain_8,Sweden_11,0.22000000000000003,0.2,2,cross,0|NA|NA|NA|NA|nan|NA|ORGANIZATION,ES,SE
Spain_8,Finland_12,0.22000000000000003,0.2,3,cross,0|NA|NA|NA|NA|nan|NA|ORGANIZATION,ES,FI
Spain_8,Slovenia_77,0.22000000000000003,0.2,4,cross,0|NA|NA|NA|NA|nan|NA|ORGANIZATION,ES,SI
Spain_8,Iceland_84,0.22857142857142856,0.2,5,cross,0|NA|NA|NA|NA|nan|NA|ORGANIZATION,ES,IS
Spain_9,Slovenia_55,0.2,0.2,1,cross,0|NA|NA|NA|NA|nan|NA|ORGANIZATION,ES,SI
Spain_9,Slovenia_68,0.2,0.2,2,cross,0|NA|NA|NA|NA|nan|NA|ORGANIZATION,ES,SI
Spain_9,Norway_66,0.2,0.2,3,cross,0|NA|NA|NA|NA|nan|NA|ORGANIZATION,ES,EE
Spain_9,Lithuania_9,0.2,0.2,4,cross,0|NA|NA|NA|NA|nan|NA|ORGANIZATION,ES,LT
Spain_9,Greece_11,0.2,0.2,5,cross,0|NA|NA|NA|NA|nan|NA|ORGANIZATION,ES,UNCLEAR
Spain_12,Slovenia_55,0.2,0.2,1,cross,0|NA|NA|NA|NA|nan|NA|ORGANIZATION,ES,SI
Spain_12,Slovenia_68,0.2,0.2,2,cross,0|NA|NA|NA|NA|nan|NA|ORGANIZATION,ES,SI
Spain_12,Norway_66,0.2,0.2,3,cross,0|NA|NA|NA|NA|nan|NA|ORGANIZATION,ES,EE
Spain_12,Lithuania_9,0.2,0.2,4,cross,0|NA|NA|NA|NA|nan|NA|ORGANIZATION,ES,LT
Spain_12,Greece_11,0.2,0.2,5,cross,0|NA|NA|NA|NA|nan|NA|ORGANIZATION,ES,UNCLEAR
Spain_15,Greece_95,0.2,0.25,1,cross,0|NA|NA|NA|NA|nan|NA|ORGANIZATION,ES,GR
Spain_15,Luxembourg_1,0.22000000000000003,0.25,2,cross,0|NA|NA|NA|NA|nan|NA|ORGANIZATION,ES,LU
Spain_15,Ireland_24,0.22857142857142856,0.25,3,cross,0|NA|NA|NA|NA|nan|NA|ORGANIZATION,ES,IE
Spain_15,Germany_27,0.24857142857142858,0.25,4,cross,0|NA|NA|NA|NA|nan|NA|ORGANIZATION,ES,DE
Spain_18,Luxembourg_16,0.2,1.0,1,cross,0|NA|NA|NA|NA|nan|NA|ORGANIZATION,ES,LU
Spain_19,Greece_43,0.24,0.2,1,cross,0|NA|NA|NA|NA|nan|NA|ORGANIZATION,ES,GR
Spain_19,Slovenia_57,0.24857142857142858,0.2,2,cross,0|NA|NA|NA|NA|nan|NA|ORGANIZATION,ES,SI
Spain_19,Slovenia_62,0.24857142857142858,0.2,3,cross,0|NA|NA|NA|NA|nan|NA|ORGANIZATION,ES,SI
Spain_19,Romania_148,0.24857142857142858,0.2,4,cross,0|NA|NA|NA|NA|nan|NA|ORGANIZATION,ES,RO
Spain_19,Germany_36,0.24857142857142858,0.2,5,cross,0|NA|NA|NA|NA|nan|NA|ORGANIZATION,ES,DE
Spain_28,Iceland_70,0.2,0.3333333333333333,1,cross,0|NA|NA|NA|NA|nan|NA|ORGANIZATION,ES,IS
Spain_28,Italy_103,0.22000000000000003,0.3333333333333333,2,cross,0|NA|NA|NA|NA|nan|NA|ORGANIZATION,ES,IT
Spain_28,Norway_56,0.22857142857142856,0.3333333333333333,3,cross,0|NA|NA|NA|NA|nan|NA|ORGANIZATION,ES,NO
Spain_33,Iceland_88,0.2,0.2,1,cross,0|NA|NA|NA|NA|nan|NA|ORGANIZATION,ES,IS
Spain_33,Sweden_11,0.22000000000000003,0.2,2,cross,0|NA|NA|NA|NA|nan|NA|ORGANIZATION,ES,SE
Spain_33,Finland_12,0.22000000000000003,0.2,3,cross,0|NA|NA|NA|NA|nan|NA|ORGANIZATION,ES,FI
Spain_33,Slovenia_77,0.22000000000000003,0.2,4,cross,0|NA|NA|NA|NA|nan|NA|ORGANIZATION,ES,SI
Spain_33,Iceland_84,0.22857142857142856,0.2,5,cross,0|NA|NA|NA|NA|nan|NA|ORGANIZATION,ES,IS
Spain_36,Norway_43,0.2,0.2,1,cross,0|NA|NA|NA|NA|nan|NA|ORGANIZATION,ES,NO
Spain_36,Norway_30,0.2,0.2,2,cross,0|NA|NA|NA|NA|nan|NA|ORGANIZATION,ES,NO
Spain_36,Poland_63,0.2,0.2,3,cross,0|NA|NA|NA|NA|nan|NA|ORGANIZATION,ES,PL
Spain_36,Norway_64,0.2,0.2,4,cross,0|NA|NA|NA|NA|nan|NA|ORGANIZATION,ES,NO
Spain_36,Portugal_5,0.2,0.2,5,cross,0|NA|NA|NA|NA|nan|NA|ORGANIZATION,ES,PT
Spain_42,Hungary_15,0.2,0.5,1,cross,0|NA|NA|NA|NA|nan|NA|ORGANIZATION,ES,HU
Spain_42,Romania_151,0.24857142857142858,0.5,2,cross,0|NA|NA|NA|NA|nan|NA|ORGANIZATION,ES,RO
Spain_43,United Kingdom_22,0.2,0.2,1,cross,0|NA|NA|NA|NA|nan|NA|ORGANIZATION,ES,GB
Spain_43,Romania_7,0.2,0.2,2,cross,0|NA|NA|NA|NA|nan|NA|ORGANIZATION,ES,RO
Spain_43,Romania_130,0.2,0.2,3,cross,0|NA|NA|NA|NA|nan|NA|ORGANIZATION,ES,RO
Spain_43,Romania_60,0.22000000000000003,0.2,4,cross,0|NA|NA|NA|NA|nan|NA|ORGANIZATION,ES,RO
Spain_43,Romania_96,0.22000000000000003,0.2,5,cross,0|NA|NA|NA|NA|nan|NA|ORGANIZATION,ES,RO
Spain_48,Iceland_88,0.2,0.2,1,cross,0|NA|NA|NA|NA|nan|NA|ORGANIZATION,ES,IS
Spain_48,Sweden_11,0.22000000000000003,0.2,2,cross,0|NA|NA|NA|NA|nan|NA|ORGANIZATION,ES,SE
Spain_48,Finland_12,0.22000000000000003,0.2,3,cross,0|NA|NA|NA|NA|nan|NA|ORGANIZATION,ES,FI
Spain_48,Slovenia_77,0.22000000000000003,0.2,4,cross,0|NA|NA|NA|NA|nan|NA|ORGANIZATION,ES,SI
Spain_48,Iceland_84,0.22857142857142856,0.2,5,cross,0|NA|NA|NA|NA|nan|NA|ORGANIZATION,ES,IS
Spain_51,Slovenia_55,0.2,0.2,1,cross,0|NA|NA|NA|NA|nan|NA|ORGANIZATION,ES,SI
Spain_51,Slovenia_68,0.2,0.2,2,cross,0|NA|NA|NA|NA|nan|NA|ORGANIZATION,ES,SI
Spain_51,Norway_66,0.2,0.2,3,cross,0|NA|NA|NA|NA|nan|NA|ORGANIZATION,ES,EE
Spain_51,Lithuania_9,0.2,0.2,4,cross,0|NA|NA|NA|NA|nan|NA|ORGANIZATION,ES,LT
Spain_51,Greece_11,0.2,0.2,5,cross,0|NA|NA|NA|NA|nan|NA|ORGANIZATION,ES,UNCLEAR
Spain_46,Romania_133,0.2,0.2,1,cross,0|NA|NA|NA|NA|nan|NA|ORGANIZATION,ES,RO
Spain_46,Iceland_55,0.2,0.2,2,cross,0|NA|NA|NA|NA|nan|NA|ORGANIZATION,ES,IS
Spain_46,Iceland_94,0.24,0.2,3,cross,0|NA|NA|NA|NA|nan|NA|ORGANIZATION,ES,IS
Spain_46,Slovenia_78,0.24857142857142858,0.2,4,cross,0|NA|NA|NA|NA|nan|NA|ORGANIZATION,ES,SI
Spain_46,Greece_45,0.24857142857142858,0.2,5,cross,0|NA|NA|NA|NA|nan|NA|ORGANIZATION,ES,GR
Spain_50,Hungary_15,0.24,0.5,1,cross,0|NA|NA|NA|NA|nan|NA|ORGANIZATION,ES,HU
Spain_50,Romania_151,0.24857142857142858,0.5,2,cross,0|NA|NA|NA|NA|nan|NA|ORGANIZATION,ES,RO
Spain_56,Romania_151,0.24,0.5,1,cross,0|NA|NA|NA|NA|nan|NA|ORGANIZATION,ES,RO
Spain_56,Hungary_15,0.24857142857142858,0.5,2,cross,0|NA|NA|NA|NA|nan|NA|ORGANIZATION,ES,HU
Spain_62,Norway_43,0.2,0.2,1,cross,0|NA|NA|NA|NA|nan|NA|ORGANIZATION,ES,NO
Spain_62,Norway_30,0.2,0.2,2,cross,0|NA|NA|NA|NA|nan|NA|ORGANIZATION,ES,NO
Spain_62,Poland_63,0.2,0.2,3,cross,0|NA|NA|NA|NA|nan|NA|ORGANIZATION,ES,PL
Spain_62,Norway_64,0.2,0.2,4,cross,0|NA|NA|NA|NA|nan|NA|ORGANIZATION,ES,NO
Spain_62,Portugal_5,0.2,0.2,5,cross,0|NA|NA|NA|NA|nan|NA|ORGANIZATION,ES,PT
Spain_64,Latvia_10,0.2,0.2,1,cross,0|NA|NA|NA|NA|nan|NA|ORGANIZATION,ES,LV
Spain_64,Romania_15,0.22857142857142856,0.2,2,cross,0|NA|NA|NA|NA|nan|NA|ORGANIZATION,ES,RO
Spain_64,Romania_58,0.24857142857142858,0.2,3,cross,0|NA|NA|NA|NA|nan|NA|ORGANIZATION,ES,RO
Spain_64,Romania_109,0.24857142857142858,0.2,4,cross,0|NA|NA|NA|NA|nan|NA|ORGANIZATION,ES,RO
Spain_64,Italy_67,0.24857142857142858,0.2,5,cross,0|NA|NA|NA|NA|nan|NA|ORGANIZATION,ES,IT
Spain_69,Norway_43,0.2,0.2,1,cross,0|NA|NA|NA|NA|nan|NA|ORGANIZATION,ES,NO
Spain_69,Norway_30,0.2,0.2,2,cross,0|NA|NA|NA|NA|nan|NA|ORGANIZATION,ES,NO
Spain_69,Poland_63,0.2,0.2,3,cross,0|NA|NA|NA|NA|nan|NA|ORGANIZATION,ES,PL
Spain_69,Norway_64,0.2,0.2,4,cross,0|NA|NA|NA|NA|nan|NA|ORGANIZATION,ES,NO
Spain_69,Portugal_5,0.2,0.2,5,cross,0|NA|NA|NA|NA|nan|NA|ORGANIZATION,ES,PT
Spain_73,Hungary_15,0.2,0.5,1,cross,0|NA|NA|NA|NA|nan|NA|ORGANIZATION,ES,HU
Spain_73,Romania_151,0.24857142857142858,0.5,2,cross,0|NA|NA|NA|NA|nan|NA|ORGANIZATION,ES,RO
Spain_77,Slovenia_55,0.2,0.2,1,cross,0|NA|NA|NA|NA|nan|NA|ORGANIZATION,ES,SI
Spain_77,Slovenia_68,0.2,0.2,2,cross,0|NA|NA|NA|NA|nan|NA|ORGANIZATION,ES,SI
Spain_77,Norway_66,0.2,0.2,3,cross,0|NA|NA|NA|NA|nan|NA|ORGANIZATION,ES,EE
Spain_77,Lithuania_9,0.2,0.2,4,cross,0|NA|NA|NA|NA|nan|NA|ORGANIZATION,ES,LT
Spain_77,Greece_11,0.2,0.2,5,cross,0|NA|NA|NA|NA|nan|NA|ORGANIZATION,ES,UNCLEAR
Spain_81,Norway_56,0.22000000000000003,0.25,1,cross,0|NA|NA|NA|NA|nan|NA|ORGANIZATION,ES,NO
Spain_81,Italy_103,0.22857142857142856,0.25,2,cross,0|NA|NA|NA|NA|nan|NA|ORGANIZATION,ES,IT
Spain_81,Romania_15,0.24,0.25,3,cross,0|NA|NA|NA|NA|nan|NA|ORGANIZATION,ES,RO
Spain_81,Iceland_70,0.24857142857142858,0.25,4,cross,0|NA|NA|NA|NA|nan|NA|ORGANIZATION,ES,IS
Spain_84,Sweden_50,0.2,0.2,1,cross,0|NA|NA|NA|NA|nan|NA|ORGANIZATION,ES,SE
Spain_84,Slovenia_72,0.2,0.2,2,cross,0|NA|NA|NA|NA|nan|NA|ORGANIZATION,ES,SI
Spain_84,Romania_143,0.2,0.2,3,cross,0|NA|NA|NA|NA|nan|NA|ORGANIZATION,ES,RO
Spain_84,Netherlands_37,0.2,0.2,4,cross,0|NA|NA|NA|NA|nan|NA|ORGANIZATION,ES,NL
Spain_84,Germany_21,0.2,0.2,5,cross,0|NA|NA|NA|NA|nan|NA|ORGANIZATION,ES,DE
Spain_87,Slovenia_55,0.2,0.2,1,cross,0|NA|NA|NA|NA|nan|NA|ORGANIZATION,ES,SI
Spain_87,Slovenia_68,0.2,0.2,2,cross,0|NA|NA|NA|NA|nan|NA|ORGANIZATION,ES,SI
Spain_87,Norway_66,0.2,0.2,3,cross,0|NA|NA|NA|NA|nan|NA|ORGANIZATION,ES,EE
Spain_87,Lithuania_9,0.2,0.2,4,cross,0|NA|NA|NA|NA|nan|NA|ORGANIZATION,ES,LT
Spain_87,Greece_11,0.2,0.2,5,cross,0|NA|NA|NA|NA|nan|NA|ORGANIZATION,ES,UNCLEAR
Spain_86,Norway_44,0.2,0.5,1,cross,0|NA|NA|NA|NA|nan|NA|ORGANIZATION,ES,NO
Spain_86,Poland_7,0.24857142857142858,0.5,2,cross,0|NA|NA|NA|NA|nan|NA|ORGANIZATION,ES,PL
Spain_93,Hungary_15,0.2,0.5,1,cross,0|NA|NA|NA|NA|nan|NA|ORGANIZATION,ES,HU
Spain_93,Romania_151,0.24857142857142858,0.5,2,cross,0|NA|NA|NA|NA|nan|NA|ORGANIZATION,ES,RO
Spain_94,Romania_151,0.2,0.5,1,cross,0|NA|NA|NA|NA|nan|NA|ORGANIZATION,ES,RO
Spain_94,Hungary_15,0.24857142857142858,0.5,2,cross,0|NA|NA|NA|NA|nan|NA|ORGANIZATION,ES,HU
Spain_95,Slovenia_55,0.2,0.2,1,cross,0|NA|NA|NA|NA|nan|NA|ORGANIZATION,ES,SI
Spain_95,Slovenia_68,0.2,0.2,2,cross,0|NA|NA|NA|NA|nan|NA|ORGANIZATION,ES,SI
Spain_95,Norway_66,0.2,0.2,3,cross,0|NA|NA|NA|NA|nan|NA|ORGANIZATION,ES,EE
Spain_95,Lithuania_9,0.2,0.2,4,cross,0|NA|NA|NA|NA|nan|NA|ORGANIZATION,ES,LT
Spain_95,Greece_11,0.2,0.2,5,cross,0|NA|NA|NA|NA|nan|NA|ORGANIZATION,ES,UNCLEAR
Spain_96,Romania_133,0.2,0.2,1,cross,0|NA|NA|NA|NA|nan|NA|ORGANIZATION,ES,RO
Spain_96,Iceland_55,0.2,0.2,2,cross,0|NA|NA|NA|NA|nan|NA|ORGANIZATION,ES,IS
Spain_96,Iceland_94,0.24,0.2,3,cross,0|NA|NA|NA|NA|nan|NA|ORGANIZATION,ES,IS
Spain_96,Slovenia_78,0.24857142857142858,0.2,4,cross,0|NA|NA|NA|NA|nan|NA|ORGANIZATION,ES,SI
Spain_96,Greece_45,0.24857142857142858,0.2,5,cross,0|NA|NA|NA|NA|nan|NA|ORGANIZATION,ES,GR
Spain_99,Slovenia_55,0.2,0.2,1,cross,0|NA|NA|NA|NA|nan|NA|ORGANIZATION,ES,SI
Spain_99,Slovenia_68,0.2,0.2,2,cross,0|NA|NA|NA|NA|nan|NA|ORGANIZATION,ES,SI
Spain_99,Norway_66,0.2,0.2,3,cross,0|NA|NA|NA|NA|nan|NA|ORGANIZATION,ES,EE
Spain_99,Lithuania_9,0.2,0.2,4,cross,0|NA|NA|NA|NA|nan|NA|ORGANIZATION,ES,LT
Spain_99,Greece_11,0.2,0.2,5,cross,0|NA|NA|NA|NA|nan|NA|ORGANIZATION,ES,UNCLEAR
Spain_103,Norway_56,0.22000000000000003,0.25,1,cross,0|NA|NA|NA|NA|nan|NA|ORGANIZATION,ES,NO
Spain_103,Italy_103,0.22857142857142856,0.25,2,cross,0|NA|NA|NA|NA|nan|NA|ORGANIZATION,ES,IT
Spain_103,Romania_15,0.24,0.25,3,cross,0|NA|NA|NA|NA|nan|NA|ORGANIZATION,ES,RO
Spain_103,Iceland_70,0.24857142857142858,0.25,4,cross,0|NA|NA|NA|NA|nan|NA|ORGANIZATION,ES,IS
Spain_102,Romania_2,0.2,0.2,1,cross,0|NA|NA|NA|NA|nan|NA|ORGANIZATION,ES,RO
Spain_102,Netherlands_5,0.2,0.2,2,cross,0|NA|NA|NA|NA|nan|NA|ORGANIZATION,ES,NL
Spain_102,Germany_19,0.2,0.2,3,cross,0|NA|NA|NA|NA|nan|NA|ORGANIZATION,ES,DE
Spain_102,Romania_85,0.22000000000000003,0.2,4,cross,0|NA|NA|NA|NA|nan|NA|ORGANIZATION,ES,RO
Spain_102,Romania_143,0.22000000000000003,0.2,5,cross,0|NA|NA|NA|NA|nan|NA|ORGANIZATION,ES,RO
Spain_106,Norway_43,0.2,0.2,1,cross,0|NA|NA|NA|NA|nan|NA|ORGANIZATION,ES,NO
Spain_106,Norway_30,0.2,0.2,2,cross,0|NA|NA|NA|NA|nan|NA|ORGANIZATION,ES,NO
Spain_106,Poland_63,0.2,0.2,3,cross,0|NA|NA|NA|NA|nan|NA|ORGANIZATION,ES,PL
Spain_106,Norway_64,0.2,0.2,4,cross,0|NA|NA|NA|NA|nan|NA|ORGANIZATION,ES,NO
Spain_106,Portugal_5,0.2,0.2,5,cross,0|NA|NA|NA|NA|nan|NA|ORGANIZATION,ES,PT
Spain_109,Sweden_50,0.2,0.2,1,cross,0|NA|NA|NA|NA|nan|NA|ORGANIZATION,ES,SE
Spain_109,Slovenia_72,0.2,0.2,2,cross,0|NA|NA|NA|NA|nan|NA|ORGANIZATION,ES,SI
Spain_109,Romania_143,0.2,0.2,3,cross,0|NA|NA|NA|NA|nan|NA|ORGANIZATION,ES,RO
Spain_109,Netherlands_37,0.2,0.2,4,cross,0|NA|NA|NA|NA|nan|NA|ORGANIZATION,ES,NL
Spain_109,Germany_21,0.2,0.2,5,cross,0|NA|NA|NA|NA|nan|NA|ORGANIZATION,ES,DE
Spain_112,Netherlands_31,0.22857142857142856,1.0,1,cross,0|NA|NA|NA|NA|nan|NA|ORGANIZATION,ES,NL
Spain_114,Norway_43,0.2,0.2,1,cross,0|NA|NA|NA|NA|nan|NA|ORGANIZATION,ES,NO
Spain_114,Norway_30,0.2,0.2,2,cross,0|NA|NA|NA|NA|nan|NA|ORGANIZATION,ES,NO
Spain_114,Poland_63,0.2,0.2,3,cross,0|NA|NA|NA|NA|nan|NA|ORGANIZATION,ES,PL
Spain_114,Norway_64,0.2,0.2,4,cross,0|NA|NA|NA|NA|nan|NA|ORGANIZATION,ES,NO
Spain_114,Portugal_5,0.2,0.2,5,cross,0|NA|NA|NA|NA|nan|NA|ORGANIZATION,ES,PT
Spain_122,Hungary_15,0.24,0.5,1,cross,0|NA|NA|NA|NA|nan|NA|ORGANIZATION,ES,HU
Spain_122,Romania_151,0.24857142857142858,0.5,2,cross,0|NA|NA|NA|NA|nan|NA|ORGANIZATION,ES,RO
Spain_123,Romania_164,0.22000000000000003,0.2,1,cross,0|NA|NA|NA|NA|nan|NA|ORGANIZATION,ES,RO
Spain_123,Finland_37,0.22000000000000003,0.2,2,cross,0|NA|NA|NA|NA|nan|NA|ORGANIZATION,ES,FI
Spain_123,Romania_139,0.22857142857142856,0.2,3,cross,0|NA|NA|NA|NA|nan|NA|ORGANIZATION,ES,RO
Spain_123,France_8,0.24,0.2,4,cross,0|NA|NA|NA|NA|nan|NA|ORGANIZATION,ES,FR
Spain_123,Finland_20,0.24,0.2,5,cross,0|NA|NA|NA|NA|nan|NA|ORGANIZATION,ES,FI
Spain_130,Romania_151,0.24,0.5,1,cross,0|NA|NA|NA|NA|nan|NA|ORGANIZATION,ES,RO
Spain_130,Hungary_15,0.24857142857142858,0.5,2,cross,0|NA|NA|NA|NA|nan|NA|ORGANIZATION,ES,HU
Spain_133,Iceland_94,0.2,0.2,1,cross,0|NA|NA|NA|NA|nan|NA|ORGANIZATION,ES,IS
Spain_133,Iceland_84,0.22000000000000003,0.2,2,cross,0|NA|NA|NA|NA|nan|NA|ORGANIZATION,ES,IS
Spain_133,Sweden_11,0.22857142857142856,0.2,3,cross,0|NA|NA|NA|NA|nan|NA|ORGANIZATION,ES,SE
Spain_133,Slovenia_77,0.22857142857142856,0.2,4,cross,0|NA|NA|NA|NA|nan|NA|ORGANIZATION,ES,SI
Spain_133,Finland_12,0.22857142857142856,0.2,5,cross,0|NA|NA|NA|NA|nan|NA|ORGANIZATION,ES,FI
Spain_134,Norway_44,0.24857142857142858,1.0,1,cross,0|NA|NA|NA|NA|nan|NA|ORGANIZATION,ES,NO
Spain_137,Sweden_50,0.2,0.2,1,cross,0|NA|NA|NA|NA|nan|NA|ORGANIZATION,ES,SE
Spain_137,Slovenia_72,0.2,0.2,2,cross,0|NA|NA|NA|NA|nan|NA|ORGANIZATION,ES,SI
Spain_137,Romania_143,0.2,0.2,3,cross,0|NA|NA|NA|NA|nan|NA|ORGANIZATION,ES,RO
Spain_137,Netherlands_37,0.2,0.2,4,cross,0|NA|NA|NA|NA|nan|NA|ORGANIZATION,ES,NL
Spain_137,Germany_21,0.2,0.2,5,cross,0|NA|NA|NA|NA|nan|NA|ORGANIZATION,ES,DE
Spain_144,Iceland_88,0.2,0.2,1,cross,0|NA|NA|NA|NA|nan|NA|ORGANIZATION,ES,IS
Spain_144,Sweden_11,0.22000000000000003,0.2,2,cross,0|NA|NA|NA|NA|nan|NA|ORGANIZATION,ES,SE
Spain_144,Finland_12,0.22000000000000003,0.2,3,cross,0|NA|NA|NA|NA|nan|NA|ORGANIZATION,ES,FI
Spain_144,Slovenia_77,0.22000000000000003,0.2,4,cross,0|NA|NA|NA|NA|nan|NA|ORGANIZATION,ES,SI
Spain_144,Iceland_84,0.22857142857142856,0.2,5,cross,0|NA|NA|NA|NA|nan|NA|ORGANIZATION,ES,IS
Spain_155,Netherlands_31,0.24,1.0,1,cross,0|NA|NA|NA|NA|nan|NA|ORGANIZATION,ES,NL
Spain_158,United Kingdom_27,0.22000000000000003,0.2,1,cross,0|NA|NA|NA|NA|nan|NA|ORGANIZATION,ES,GB
Spain_158,Romania_63,0.22000000000000003,0.2,2,cross,0|NA|NA|NA|NA|nan|NA|ORGANIZATION,ES,RO
Spain_158,Romania_86,0.22000000000000003,0.2,3,cross,0|NA|NA|NA|NA|nan|NA|ORGANIZATION,ES,RO
Spain_158,Iceland_9,0.22000000000000003,0.2,4,cross,0|NA|NA|NA|NA|nan|NA|ORGANIZATION,ES,IS
Spain_158,Romania_62,0.22857142857142856,0.2,5,cross,0|NA|NA|NA|NA|nan|NA|ORGANIZATION,ES,RO
Spain_160,Norway_56,0.22000000000000003,0.25,1,cross,0|NA|NA|NA|NA|nan|NA|ORGANIZATION,ES,NO
Spain_160,Italy_103,0.22857142857142856,0.25,2,cross,0|NA|NA|NA|NA|nan|NA|ORGANIZATION,ES,IT
Spain_160,Romania_15,0.24,0.25,3,cross,0|NA|NA|NA|NA|nan|NA|ORGANIZATION,ES,RO
Spain_160,Iceland_70,0.24857142857142858,0.25,4,cross,0|NA|NA|NA|NA|nan|NA|ORGANIZATION,ES,IS
Spain_162,Slovenia_55,0.2,0.2,1,cross,0|NA|NA|NA|NA|nan|NA|ORGANIZATION,ES,SI
Spain_162,Slovenia_68,0.2,0.2,2,cross,0|NA|NA|NA|NA|nan|NA|ORGANIZATION,ES,SI
Spain_162,Norway_66,0.2,0.2,3,cross,0|NA|NA|NA|NA|nan|NA|ORGANIZATION,ES,EE
Spain_162,Lithuania_9,0.2,0.2,4,cross,0|NA|NA|NA|NA|nan|NA|ORGANIZATION,ES,LT
Spain_162,Greece_11,0.2,0.2,5,cross,0|NA|NA|NA|NA|nan|NA|ORGANIZATION,ES,UNCLEAR
Spain_164,Sweden_50,0.2,0.2,1,cross,0|NA|NA|NA|NA|nan|NA|ORGANIZATION,ES,SE
Spain_164,Slovenia_72,0.2,0.2,2,cross,0|NA|NA|NA|NA|nan|NA|ORGANIZATION,ES,SI
Spain_164,Romania_143,0.2,0.2,3,cross,0|NA|NA|NA|NA|nan|NA|ORGANIZATION,ES,RO
Spain_164,Netherlands_37,0.2,0.2,4,cross,0|NA|NA|NA|NA|nan|NA|ORGANIZATION,ES,NL
Spain_164,Germany_21,0.2,0.2,5,cross,0|NA|NA|NA|NA|nan|NA|ORGANIZATION,ES,DE
Spain_165,Norway_56,0.22000000000000003,0.25,1,cross,0|NA|NA|NA|NA|nan|NA|ORGANIZATION,ES,NO
Spain_165,Italy_103,0.22857142857142856,0.25,2,cross,0|NA|NA|NA|NA|nan|NA|ORGANIZATION,ES,IT
Spain_165,Romania_15,0.24,0.25,3,cross,0|NA|NA|NA|NA|nan|NA|ORGANIZATION,ES,RO
Spain_165,Iceland_70,0.24857142857142858,0.25,4,cross,0|NA|NA|NA|NA|nan|NA|ORGANIZATION,ES,IS
Spain_163,Romania_15,0.2,0.3333333333333333,1,cross,0|NA|NA|NA|NA|nan|NA|ORGANIZATION,ES,RO
Spain_163,Romania_109,0.22000000000000003,0.3333333333333333,2,cross,0|NA|NA|NA|NA|nan|NA|ORGANIZATION,ES,RO
Spain_163,Latvia_10,0.22857142857142856,0.3333333333333333,3,cross,0|NA|NA|NA|NA|nan|NA|ORGANIZATION,ES,LV
Spain_166,Romania_58,0.22000000000000003,0.25,1,cross,0|NA|NA|NA|NA|nan|NA|ORGANIZATION,ES,RO
Spain_166,Italy_67,0.22000000000000003,0.25,2,cross,0|NA|NA|NA|NA|nan|NA|ORGANIZATION,ES,IT
Spain_166,Latvia_10,0.22857142857142856,0.25,3,cross,0|NA|NA|NA|NA|nan|NA|ORGANIZATION,ES,LV
Spain_166,Greece_57,0.24,0.25,4,cross,0|NA|NA|NA|NA|nan|NA|ORGANIZATION,ES,UNCLEAR
Spain_173,Poland_7,0.2,0.5,1,cross,0|NA|NA|NA|NA|nan|NA|ORGANIZATION,ES,PL
Spain_173,Norway_44,0.24857142857142858,0.5,2,cross,0|NA|NA|NA|NA|nan|NA|ORGANIZATION,ES,NO
Spain_172,Romania_15,0.2,0.3333333333333333,1,cross,0|NA|NA|NA|NA|nan|NA|ORGANIZATION,ES,RO
Spain_172,Romania_109,0.22000000000000003,0.3333333333333333,2,cross,0|NA|NA|NA|NA|nan|NA|ORGANIZATION,ES,RO
Spain_172,Latvia_10,0.22857142857142856,0.3333333333333333,3,cross,0|NA|NA|NA|NA|nan|NA|ORGANIZATION,ES,LV
Spain_179,Poland_7,0.2,0.5,1,cross,0|NA|NA|NA|NA|nan|NA|ORGANIZATION,ES,PL
Spain_179,Norway_44,0.24857142857142858,0.5,2,cross,0|NA|NA|NA|NA|nan|NA|ORGANIZATION,ES,NO
Spain_178,Norway_56,0.22000000000000003,0.25,1,cross,0|NA|NA|NA|NA|nan|NA|ORGANIZATION,ES,NO
Spain_178,Italy_103,0.22857142857142856,0.25,2,cross,0|NA|NA|NA|NA|nan|NA|ORGANIZATION,ES,IT
Spain_178,Romania_15,0.24,0.25,3,cross,0|NA|NA|NA|NA|nan|NA|ORGANIZATION,ES,RO
Spain_178,Iceland_70,0.24857142857142858,0.25,4,cross,0|NA|NA|NA|NA|nan|NA|ORGANIZATION,ES,IS
Spain_181,Norway_56,0.22000000000000003,0.25,1,cross,0|NA|NA|NA|NA|nan|NA|ORGANIZATION,ES,NO
Spain_181,Italy_103,0.22857142857142856,0.25,2,cross,0|NA|NA|NA|NA|nan|NA|ORGANIZATION,ES,IT
Spain_181,Romania_15,0.24,0.25,3,cross,0|NA|NA|NA|NA|nan|NA|ORGANIZATION,ES,RO
Spain_181,Iceland_70,0.24857142857142858,0.25,4,cross,0|NA|NA|NA|NA|nan|NA|ORGANIZATION,ES,IS
Spain_190,Poland_7,0.22000000000000003,0.3333333333333333,1,cross,0|NA|NA|NA|NA|nan|NA|ORGANIZATION,ES,PL
Spain_190,Norway_44,0.22857142857142856,0.3333333333333333,2,cross,0|NA|NA|NA|NA|nan|NA|ORGANIZATION,ES,NO
Spain_190,Romania_135,0.24,0.3333333333333333,3,cross,0|NA|NA|NA|NA|nan|NA|ORGANIZATION,ES,RO
Spain_193,Germany_39,0.22000000000000003,1.0,1,cross,0|NA|NA|NA|NA|nan|NA|ORGANIZATION,ES,DE
Spain_200,Norway_43,0.2,0.2,1,cross,0|NA|NA|NA|NA|nan|NA|ORGANIZATION,ES,NO
Spain_200,Norway_30,0.2,0.2,2,cross,0|NA|NA|NA|NA|nan|NA|ORGANIZATION,ES,NO
Spain_200,Poland_63,0.2,0.2,3,cross,0|NA|NA|NA|NA|nan|NA|ORGANIZATION,ES,PL
Spain_200,Norway_64,0.2,0.2,4,cross,0|NA|NA|NA|NA|nan|NA|ORGANIZATION,ES,NO
Spain_200,Portugal_5,0.2,0.2,5,cross,0|NA|NA|NA|NA|nan|NA|ORGANIZATION,ES,PT
Spain_197,Finland_34,0.24857142857142858,1.0,1,cross,0|NA|NA|NA|NA|nan|NA|ORGANIZATION,ES,FI
Spain_208,Romania_15,0.2,0.3333333333333333,1,cross,0|NA|NA|NA|NA|nan|NA|ORGANIZATION,ES,RO
Spain_208,Romania_109,0.22000000000000003,0.3333333333333333,2,cross,0|NA|NA|NA|NA|nan|NA|ORGANIZATION,ES,RO
Spain_208,Latvia_10,0.22857142857142856,0.3333333333333333,3,cross,0|NA|NA|NA|NA|nan|NA|ORGANIZATION,ES,LV
Spain_214,Hungary_15,0.2,0.5,1,cross,0|NA|NA|NA|NA|nan|NA|ORGANIZATION,ES,HU
Spain_214,Romania_151,0.24857142857142858,0.5,2,cross,0|NA|NA|NA|NA|nan|NA|ORGANIZATION,ES,RO
Spain_221,Romania_60,0.2,0.2,1,cross,0|NA|NA|NA|NA|nan|NA|ORGANIZATION,ES,RO
Spain_221,Romania_62,0.2,0.2,2,cross,0|NA|NA|NA|NA|nan|NA|ORGANIZATION,ES,RO
Spain_221,Romania_96,0.2,0.2,3,cross,0|NA|NA|NA|NA|nan|NA|ORGANIZATION,ES,RO
Spain_221,Malta_9,0.2,0.2,4,cross,0|NA|NA|NA|NA|nan|NA|ORGANIZATION,ES,MT
Spain_221,Romania_7,0.22000000000000003,0.2,5,cross,0|NA|NA|NA|NA|nan|NA|ORGANIZATION,ES,RO
Spain_228,Romania_164,0.2,0.2,1,cross,0|NA|NA|NA|NA|nan|NA|ORGANIZATION,ES,RO
Spain_228,Finland_37,0.2,0.2,2,cross,0|NA|NA|NA|NA|nan|NA|ORGANIZATION,ES,FI
Spain_228,France_8,0.22000000000000003,0.2,3,cross,0|NA|NA|NA|NA|nan|NA|ORGANIZATION,ES,FR
Spain_228,Finland_20,0.22000000000000003,0.2,4,cross,0|NA|NA|NA|NA|nan|NA|ORGANIZATION,ES,FI
Spain_228,Greece_121,0.22857142857142856,0.2,5,cross,0|NA|NA|NA|NA|nan|NA|ORGANIZATION,ES,UNCLEAR
Spain_226,United Kingdom_22,0.2,0.2,1,cross,0|NA|NA|NA|NA|nan|NA|ORGANIZATION,ES,GB
Spain_226,Romania_7,0.2,0.2,2,cross,0|NA|NA|NA|NA|nan|NA|ORGANIZATION,ES,RO
Spain_226,Romania_130,0.2,0.2,3,cross,0|NA|NA|NA|NA|nan|NA|ORGANIZATION,ES,RO
Spain_226,Romania_60,0.22000000000000003,0.2,4,cross,0|NA|NA|NA|NA|nan|NA|ORGANIZATION,ES,RO
Spain_226,Romania_96,0.22000000000000003,0.2,5,cross,0|NA|NA|NA|NA|nan|NA|ORGANIZATION,ES,RO
Spain_230,France_8,0.2,0.2,1,cross,0|NA|NA|NA|NA|nan|NA|ORGANIZATION,ES,FR
Spain_230,Finland_20,0.2,0.2,2,cross,0|NA|NA|NA|NA|nan|NA|ORGANIZATION,ES,FI
Spain_230,Romania_164,0.22000000000000003,0.2,3,cross,0|NA|NA|NA|NA|nan|NA|ORGANIZATION,ES,RO
Spain_230,Portugal_5,0.22000000000000003,0.2,4,cross,0|NA|NA|NA|NA|nan|NA|ORGANIZATION,ES,PT
Spain_230,Norway_64,0.22000000000000003,0.2,5,cross,0|NA|NA|NA|NA|nan|NA|ORGANIZATION,ES,NO
Spain_232,Norway_44,0.22000000000000003,0.5,1,cross,0|NA|NA|NA|NA|nan|NA|ORGANIZATION,ES,NO
Spain_232,Poland_7,0.22857142857142856,0.5,2,cross,0|NA|NA|NA|NA|nan|NA|ORGANIZATION,ES,PL
Spain_240,Slovenia_55,0.2,0.2,1,cross,0|NA|NA|NA|NA|nan|NA|ORGANIZATION,ES,SI
Spain_240,Slovenia_68,0.2,0.2,2,cross,0|NA|NA|NA|NA|nan|NA|ORGANIZATION,ES,SI
Spain_240,Norway_66,0.2,0.2,3,cross,0|NA|NA|NA|NA|nan|NA|ORGANIZATION,ES,EE
Spain_240,Lithuania_9,0.2,0.2,4,cross,0|NA|NA|NA|NA|nan|NA|ORGANIZATION,ES,LT
Spain_240,Greece_11,0.2,0.2,5,cross,0|NA|NA|NA|NA|nan|NA|ORGANIZATION,ES,UNCLEAR
Spain_241,Romania_15,0.2,0.3333333333333333,1,cross,0|NA|NA|NA|NA|nan|NA|ORGANIZATION,ES,RO
Spain_241,Romania_109,0.22000000000000003,0.3333333333333333,2,cross,0|NA|NA|NA|NA|nan|NA|ORGANIZATION,ES,RO
Spain_241,Latvia_10,0.22857142857142856,0.3333333333333333,3,cross,0|NA|NA|NA|NA|nan|NA|ORGANIZATION,ES,LV
Spain_243,Norway_44,0.22000000000000003,0.5,1,cross,0|NA|NA|NA|NA|nan|NA|ORGANIZATION,ES,NO
Spain_243,Poland_7,0.22857142857142856,0.5,2,cross,0|NA|NA|NA|NA|nan|NA|ORGANIZATION,ES,PL
Spain_244,Romania_151,0.24,0.5,1,cross,0|NA|NA|NA|NA|nan|NA|ORGANIZATION,ES,RO
Spain_244,Hungary_15,0.24857142857142858,0.5,2,cross,0|NA|NA|NA|NA|nan|NA|ORGANIZATION,ES,HU
Spain_247,Hungary_15,0.2,0.5,1,cross,0|NA|NA|NA|NA|nan|NA|ORGANIZATION,ES,HU
Spain_247,Romania_151,0.24857142857142858,0.5,2,cross,0|NA|NA|NA|NA|nan|NA|ORGANIZATION,ES,RO
Spain_252,Sweden_50,0.2,0.2,1,cross,0|NA|NA|NA|NA|nan|NA|ORGANIZATION,ES,SE
Spain_252,Slovenia_72,0.2,0.2,2,cross,0|NA|NA|NA|NA|nan|NA|ORGANIZATION,ES,SI
Spain_252,Romania_143,0.2,0.2,3,cross,0|NA|NA|NA|NA|nan|NA|ORGANIZATION,ES,RO
Spain_252,Netherlands_37,0.2,0.2,4,cross,0|NA|NA|NA|NA|nan|NA|ORGANIZATION,ES,NL
Spain_252,Germany_21,0.2,0.2,5,cross,0|NA|NA|NA|NA|nan|NA|ORGANIZATION,ES,DE
Spain_259,Hungary_15,0.2,0.5,1,cross,0|NA|NA|NA|NA|nan|NA|ORGANIZATION,ES,HU
Spain_259,Romania_151,0.24857142857142858,0.5,2,cross,0|NA|NA|NA|NA|nan|NA|ORGANIZATION,ES,RO
Spain_260,Iceland_94,0.2,0.2,1,cross,0|NA|NA|NA|NA|nan|NA|ORGANIZATION,ES,IS
Spain_260,Iceland_84,0.22000000000000003,0.2,2,cross,0|NA|NA|NA|NA|nan|NA|ORGANIZATION,ES,IS
Spain_260,Sweden_11,0.22857142857142856,0.2,3,cross,0|NA|NA|NA|NA|nan|NA|ORGANIZATION,ES,SE
Spain_260,Slovenia_77,0.22857142857142856,0.2,4,cross,0|NA|NA|NA|NA|nan|NA|ORGANIZATION,ES,SI
Spain_260,Finland_12,0.22857142857142856,0.2,5,cross,0|NA|NA|NA|NA|nan|NA|ORGANIZATION,ES,FI
Spain_256,Hungary_15,0.22857142857142856,0.5,1,cross,0|NA|NA|NA|NA|nan|NA|ORGANIZATION,ES,HU
Spain_256,Germany_39,0.22857142857142856,0.5,2,cross,0|NA|NA|NA|NA|nan|NA|ORGANIZATION,ES,DE
Spain_261,Iceland_38,0.2,0.2,1,cross,0|NA|NA|NA|NA|nan|NA|ORGANIZATION,ES,IS
Spain_261,Italy_86,0.22000000000000003,0.2,2,cross,0|NA|NA|NA|NA|nan|NA|ORGANIZATION,ES,IT
Spain_261,Greece_9,0.22857142857142856,0.2,3,cross,0|NA|NA|NA|NA|nan|NA|ORGANIZATION,ES,GR
Spain_261,Italy_32,0.24,0.2,4,cross,0|NA|NA|NA|NA|nan|NA|ORGANIZATION,ES,IT
Spain_261,Romania_170,0.24857142857142858,0.2,5,cross,0|NA|NA|NA|NA|nan|NA|ORGANIZATION,ES,RO
Spain_264,Netherlands_31,0.22857142857142856,1.0,1,cross,0|NA|NA|NA|NA|nan|NA|ORGANIZATION,ES,NL
Spain_266,Norway_43,0.2,0.2,1,cross,0|NA|NA|NA|NA|nan|NA|ORGANIZATION,ES,NO
Spain_266,Norway_30,0.2,0.2,2,cross,0|NA|NA|NA|NA|nan|NA|ORGANIZATION,ES,NO
Spain_266,Poland_63,0.2,0.2,3,cross,0|NA|NA|NA|NA|nan|NA|ORGANIZATION,ES,PL
Spain_266,Norway_64,0.2,0.2,4,cross,0|NA|NA|NA|NA|nan|NA|ORGANIZATION,ES,NO
Spain_266,Portugal_5,0.2,0.2,5,cross,0|NA|NA|NA|NA|nan|NA|ORGANIZATION,ES,PT
Spain_268,Hungary_33,0.22857142857142856,1.0,1,cross,0|NA|NA|NA|NA|nan|NA|ORGANIZATION,ES,HU
Spain_271,Norway_43,0.2,0.2,1,cross,0|NA|NA|NA|NA|nan|NA|ORGANIZATION,ES,NO
Spain_271,Norway_30,0.2,0.2,2,cross,0|NA|NA|NA|NA|nan|NA|ORGANIZATION,ES,NO
Spain_271,Poland_63,0.2,0.2,3,cross,0|NA|NA|NA|NA|nan|NA|ORGANIZATION,ES,PL
Spain_271,Norway_64,0.2,0.2,4,cross,0|NA|NA|NA|NA|nan|NA|ORGANIZATION,ES,NO
Spain_271,Portugal_5,0.2,0.2,5,cross,0|NA|NA|NA|NA|nan|NA|ORGANIZATION,ES,PT
Spain_276,Norway_43,0.2,0.2,1,cross,0|NA|NA|NA|NA|nan|NA|ORGANIZATION,ES,NO
Spain_276,Norway_30,0.2,0.2,2,cross,0|NA|NA|NA|NA|nan|NA|ORGANIZATION,ES,NO
Spain_276,Poland_63,0.2,0.2,3,cross,0|NA|NA|NA|NA|nan|NA|ORGANIZATION,ES,PL
Spain_276,Norway_64,0.2,0.2,4,cross,0|NA|NA|NA|NA|nan|NA|ORGANIZATION,ES,NO
Spain_276,Portugal_5,0.2,0.2,5,cross,0|NA|NA|NA|NA|nan|NA|ORGANIZATION,ES,PT
Spain_280,United Kingdom_22,0.22000000000000003,0.2,1,cross,0|NA|NA|NA|NA|nan|NA|ORGANIZATION,ES,GB
Spain_280,Romania_7,0.22000000000000003,0.2,2,cross,0|NA|NA|NA|NA|nan|NA|ORGANIZATION,ES,RO
Spain_280,Romania_130,0.22000000000000003,0.2,3,cross,0|NA|NA|NA|NA|nan|NA|ORGANIZATION,ES,RO
Spain_280,Romania_60,0.24,0.2,4,cross,0|NA|NA|NA|NA|nan|NA|ORGANIZATION,ES,RO
Spain_280,Romania_96,0.24,0.2,5,cross,0|NA|NA|NA|NA|nan|NA|ORGANIZATION,ES,RO
Spain_281,United Kingdom_22,0.2,0.2,1,cross,0|NA|NA|NA|NA|nan|NA|ORGANIZATION,ES,GB
Spain_281,Romania_7,0.2,0.2,2,cross,0|NA|NA|NA|NA|nan|NA|ORGANIZATION,ES,RO
Spain_281,Romania_130,0.2,0.2,3,cross,0|NA|NA|NA|NA|nan|NA|ORGANIZATION,ES,RO
Spain_281,Romania_60,0.22000000000000003,0.2,4,cross,0|NA|NA|NA|NA|nan|NA|ORGANIZATION,ES,RO
Spain_281,Romania_96,0.22000000000000003,0.2,5,cross,0|NA|NA|NA|NA|nan|NA|ORGANIZATION,ES,RO
Spain_282,Romania_164,0.2,0.2,1,cross,0|NA|NA|NA|NA|nan|NA|ORGANIZATION,ES,RO
Spain_282,Finland_37,0.2,0.2,2,cross,0|NA|NA|NA|NA|nan|NA|ORGANIZATION,ES,FI
Spain_282,France_8,0.22000000000000003,0.2,3,cross,0|NA|NA|NA|NA|nan|NA|ORGANIZATION,ES,FR
Spain_282,Finland_20,0.22000000000000003,0.2,4,cross,0|NA|NA|NA|NA|nan|NA|ORGANIZATION,ES,FI
Spain_282,Greece_121,0.22857142857142856,0.2,5,cross,0|NA|NA|NA|NA|nan|NA|ORGANIZATION,ES,UNCLEAR
Spain_289,France_8,0.2,0.2,1,cross,0|NA|NA|NA|NA|nan|NA|ORGANIZATION,ES,FR
Spain_289,Finland_20,0.2,0.2,2,cross,0|NA|NA|NA|NA|nan|NA|ORGANIZATION,ES,FI
Spain_289,Romania_164,0.22000000000000003,0.2,3,cross,0|NA|NA|NA|NA|nan|NA|ORGANIZATION,ES,RO
Spain_289,Portugal_5,0.22000000000000003,0.2,4,cross,0|NA|NA|NA|NA|nan|NA|ORGANIZATION,ES,PT
Spain_289,Norway_64,0.22000000000000003,0.2,5,cross,0|NA|NA|NA|NA|nan|NA|ORGANIZATION,ES,NO
Spain_290,Norway_56,0.22000000000000003,0.25,1,cross,0|NA|NA|NA|NA|nan|NA|ORGANIZATION,ES,NO
Spain_290,Italy_103,0.22857142857142856,0.25,2,cross,0|NA|NA|NA|NA|nan|NA|ORGANIZATION,ES,IT
Spain_290,Romania_15,0.24,0.25,3,cross,0|NA|NA|NA|NA|nan|NA|ORGANIZATION,ES,RO
Spain_290,Iceland_70,0.24857142857142858,0.25,4,cross,0|NA|NA|NA|NA|nan|NA|ORGANIZATION,ES,IS
Spain_291,Norway_43,0.2,0.2,1,cross,0|NA|NA|NA|NA|nan|NA|ORGANIZATION,ES,NO
Spain_291,Norway_30,0.2,0.2,2,cross,0|NA|NA|NA|NA|nan|NA|ORGANIZATION,ES,NO
Spain_291,Poland_63,0.2,0.2,3,cross,0|NA|NA|NA|NA|nan|NA|ORGANIZATION,ES,PL
Spain_291,Norway_64,0.2,0.2,4,cross,0|NA|NA|NA|NA|nan|NA|ORGANIZATION,ES,NO
Spain_291,Portugal_5,0.2,0.2,5,cross,0|NA|NA|NA|NA|nan|NA|ORGANIZATION,ES,PT
Spain_292,Norway_43,0.2,0.2,1,cross,0|NA|NA|NA|NA|nan|NA|ORGANIZATION,ES,NO
Spain_292,Norway_30,0.2,0.2,2,cross,0|NA|NA|NA|NA|nan|NA|ORGANIZATION,ES,NO
Spain_292,Poland_63,0.2,0.2,3,cross,0|NA|NA|NA|NA|nan|NA|ORGANIZATION,ES,PL
Spain_292,Norway_64,0.2,0.2,4,cross,0|NA|NA|NA|NA|nan|NA|ORGANIZATION,ES,NO
Spain_292,Portugal_5,0.2,0.2,5,cross,0|NA|NA|NA|NA|nan|NA|ORGANIZATION,ES,PT
Spain_299,France_8,0.2,0.2,1,cross,0|NA|NA|NA|NA|nan|NA|ORGANIZATION,ES,FR
Spain_299,Finland_20,0.2,0.2,2,cross,0|NA|NA|NA|NA|nan|NA|ORGANIZATION,ES,FI
Spain_299,Romania_164,0.22000000000000003,0.2,3,cross,0|NA|NA|NA|NA|nan|NA|ORGANIZATION,ES,RO
Spain_299,Portugal_5,0.22000000000000003,0.2,4,cross,0|NA|NA|NA|NA|nan|NA|ORGANIZATION,ES,PT
Spain_299,Norway_64,0.22000000000000003,0.2,5,cross,0|NA|NA|NA|NA|nan|NA|ORGANIZATION,ES,NO
Spain_305,Slovenia_55,0.2,0.2,1,cross,0|NA|NA|NA|NA|nan|NA|ORGANIZATION,ES,SI
Spain_305,Slovenia_68,0.2,0.2,2,cross,0|NA|NA|NA|NA|nan|NA|ORGANIZATION,ES,SI
Spain_305,Norway_66,0.2,0.2,3,cross,0|NA|NA|NA|NA|nan|NA|ORGANIZATION,ES,EE
Spain_305,Lithuania_9,0.2,0.2,4,cross,0|NA|NA|NA|NA|nan|NA|ORGANIZATION,ES,LT
Spain_305,Greece_11,0.2,0.2,5,cross,0|NA|NA|NA|NA|nan|NA|ORGANIZATION,ES,UNCLEAR
Spain_306,Sweden_50,0.2,0.2,1,cross,0|NA|NA|NA|NA|nan|NA|ORGANIZATION,ES,SE
Spain_306,Slovenia_72,0.2,0.2,2,cross,0|NA|NA|NA|NA|nan|NA|ORGANIZATION,ES,SI
Spain_306,Romania_143,0.2,0.2,3,cross,0|NA|NA|NA|NA|nan|NA|ORGANIZATION,ES,RO
Spain_306,Netherlands_37,0.2,0.2,4,cross,0|NA|NA|NA|NA|nan|NA|ORGANIZATION,ES,NL
Spain_306,Germany_21,0.2,0.2,5,cross,0|NA|NA|NA|NA|nan|NA|ORGANIZATION,ES,DE
Spain_312,Romania_2,0.2,0.2,1,cross,0|NA|NA|NA|NA|nan|NA|ORGANIZATION,ES,RO
Spain_312,Netherlands_5,0.2,0.2,2,cross,0|NA|NA|NA|NA|nan|NA|ORGANIZATION,ES,NL
Spain_312,Germany_19,0.2,0.2,3,cross,0|NA|NA|NA|NA|nan|NA|ORGANIZATION,ES,DE
Spain_312,Romania_85,0.22000000000000003,0.2,4,cross,0|NA|NA|NA|NA|nan|NA|ORGANIZATION,ES,RO
Spain_312,Romania_143,0.22000000000000003,0.2,5,cross,0|NA|NA|NA|NA|nan|NA|ORGANIZATION,ES,RO
Spain_313,Romania_151,0.24,1.0,1,cross,0|NA|NA|NA|NA|nan|NA|ORGANIZATION,ES,RO
Spain_322,Romania_137,0.2,0.2,1,cross,0|NA|NA|NA|NA|nan|NA|ORGANIZATION,ES,RO
Spain_322,Romania_112,0.22857142857142856,0.2,2,cross,0|NA|NA|NA|NA|nan|NA|ORGANIZATION,ES,RO
Spain_322,Romania_163,0.22857142857142856,0.2,3,cross,0|NA|NA|NA|NA|nan|NA|ORGANIZATION,ES,RO
Spain_322,Italy_101,0.22857142857142856,0.2,4,cross,0|NA|NA|NA|NA|nan|NA|ORGANIZATION,ES,IT
Spain_322,Romania_62,0.24,0.2,5,cross,0|NA|NA|NA|NA|nan|NA|ORGANIZATION,ES,RO
Spain_328,Hungary_15,0.2,0.5,1,cross,0|NA|NA|NA|NA|nan|NA|ORGANIZATION,ES,HU
Spain_328,Romania_151,0.24857142857142858,0.5,2,cross,0|NA|NA|NA|NA|nan|NA|ORGANIZATION,ES,RO
Spain_336,Romania_133,0.2,0.2,1,cross,0|NA|NA|NA|NA|nan|NA|ORGANIZATION,ES,RO
Spain_336,Iceland_55,0.2,0.2,2,cross,0|NA|NA|NA|NA|nan|NA|ORGANIZATION,ES,IS
Spain_336,Iceland_94,0.24,0.2,3,cross,0|NA|NA|NA|NA|nan|NA|ORGANIZATION,ES,IS
Spain_336,Slovenia_78,0.24857142857142858,0.2,4,cross,0|NA|NA|NA|NA|nan|NA|ORGANIZATION,ES,SI
Spain_336,Greece_45,0.24857142857142858,0.2,5,cross,0|NA|NA|NA|NA|nan|NA|ORGANIZATION,ES,GR
Spain_338,Greece_86,0.22000000000000003,0.2,1,cross,0|NA|NA|NA|NA|nan|NA|ORGANIZATION,ES,GR
Spain_338,Sweden_44,0.22857142857142856,0.2,2,cross,0|NA|NA|NA|NA|nan|NA|ORGANIZATION,ES,SE
Spain_338,Lithuania_12,0.22857142857142856,0.2,3,cross,0|NA|NA|NA|NA|nan|NA|ORGANIZATION,ES,LT
Spain_338,Norway_55,0.22857142857142856,0.2,4,cross,0|NA|NA|NA|NA|nan|NA|ORGANIZATION,ES,NO
Spain_338,Italy_42,0.22857142857142856,0.2,5,cross,0|NA|NA|NA|NA|nan|NA|ORGANIZATION,ES,IT
Spain_344,Romania_164,0.22000000000000003,0.2,1,cross,0|NA|NA|NA|NA|nan|NA|ORGANIZATION,ES,RO
Spain_344,Finland_37,0.22000000000000003,0.2,2,cross,0|NA|NA|NA|NA|nan|NA|ORGANIZATION,ES,FI
Spain_344,Romania_139,0.22857142857142856,0.2,3,cross,0|NA|NA|NA|NA|nan|NA|ORGANIZATION,ES,RO
Spain_344,France_8,0.24,0.2,4,cross,0|NA|NA|NA|NA|nan|NA|ORGANIZATION,ES,FR
Spain_344,Finland_20,0.24,0.2,5,cross,0|NA|NA|NA|NA|nan|NA|ORGANIZATION,ES,FI
Spain_346,United Kingdom_22,0.2,0.2,1,cross,0|NA|NA|NA|NA|nan|NA|ORGANIZATION,ES,GB
Spain_346,Romania_7,0.2,0.2,2,cross,0|NA|NA|NA|NA|nan|NA|ORGANIZATION,ES,RO
Spain_346,Romania_130,0.2,0.2,3,cross,0|NA|NA|NA|NA|nan|NA|ORGANIZATION,ES,RO
Spain_346,Romania_60,0.22000000000000003,0.2,4,cross,0|NA|NA|NA|NA|nan|NA|ORGANIZATION,ES,RO
Spain_346,Romania_96,0.22000000000000003,0.2,5,cross,0|NA|NA|NA|NA|nan|NA|ORGANIZATION,ES,RO
Spain_350,Netherlands_31,0.22857142857142856,1.0,1,cross,0|NA|NA|NA|NA|nan|NA|ORGANIZATION,ES,NL
Spain_348,Romania_63,0.22857142857142856,0.2,1,cross,0|NA|NA|NA|NA|nan|NA|ORGANIZATION,ES,RO
Spain_348,Romania_86,0.22857142857142856,0.2,2,cross,0|NA|NA|NA|NA|nan|NA|ORGANIZATION,ES,RO
Spain_348,Romania_78,0.24857142857142858,0.2,3,cross,0|NA|NA|NA|NA|nan|NA|ORGANIZATION,ES,RO
Spain_348,Romania_112,0.24857142857142858,0.2,4,cross,0|NA|NA|NA|NA|nan|NA|ORGANIZATION,ES,RO
Spain_348,Romania_163,0.24857142857142858,0.2,5,cross,0|NA|NA|NA|NA|nan|NA|ORGANIZATION,ES,RO
Spain_351,Germany_39,0.2,1.0,1,cross,0|NA|NA|NA|NA|nan|NA|ORGANIZATION,ES,DE
Spain_361,Norway_56,0.22000000000000003,0.25,1,cross,0|NA|NA|NA|NA|nan|NA|ORGANIZATION,ES,NO
Spain_361,Italy_103,0.22857142857142856,0.25,2,cross,0|NA|NA|NA|NA|nan|NA|ORGANIZATION,ES,IT
Spain_361,Romania_15,0.24,0.25,3,cross,0|NA|NA|NA|NA|nan|NA|ORGANIZATION,ES,RO
Spain_361,Iceland_70,0.24857142857142858,0.25,4,cross,0|NA|NA|NA|NA|nan|NA|ORGANIZATION,ES,IS
Spain_370,Romania_151,0.22000000000000003,0.5,1,cross,0|NA|NA|NA|NA|nan|NA|ORGANIZATION,ES,RO
Spain_370,Hungary_15,0.22857142857142856,0.5,2,cross,0|NA|NA|NA|NA|nan|NA|ORGANIZATION,ES,HU
Spain_371,Netherlands_31,0.2,1.0,1,cross,0|NA|NA|NA|NA|nan|NA|ORGANIZATION,ES,NL
Spain_372,Romania_164,0.2,0.2,1,cross,0|NA|NA|NA|NA|nan|NA|ORGANIZATION,ES,RO
Spain_372,Finland_37,0.2,0.2,2,cross,0|NA|NA|NA|NA|nan|NA|ORGANIZATION,ES,FI
Spain_372,France_8,0.22000000000000003,0.2,3,cross,0|NA|NA|NA|NA|nan|NA|ORGANIZATION,ES,FR
Spain_372,Finland_20,0.22000000000000003,0.2,4,cross,0|NA|NA|NA|NA|nan|NA|ORGANIZATION,ES,FI
Spain_372,Greece_121,0.22857142857142856,0.2,5,cross,0|NA|NA|NA|NA|nan|NA|ORGANIZATION,ES,UNCLEAR
Spain_374,France_8,0.2,0.2,1,cross,0|NA|NA|NA|NA|nan|NA|ORGANIZATION,ES,FR
Spain_374,Finland_20,0.2,0.2,2,cross,0|NA|NA|NA|NA|nan|NA|ORGANIZATION,ES,FI
Spain_374,Romania_164,0.22000000000000003,0.2,3,cross,0|NA|NA|NA|NA|nan|NA|ORGANIZATION,ES,RO
Spain_374,Portugal_5,0.22000000000000003,0.2,4,cross,0|NA|NA|NA|NA|nan|NA|ORGANIZATION,ES,PT
Spain_374,Norway_64,0.22000000000000003,0.2,5,cross,0|NA|NA|NA|NA|nan|NA|ORGANIZATION,ES,NO
Spain_378,Greece_57,0.22857142857142856,0.3333333333333333,1,cross,0|NA|NA|NA|NA|nan|NA|ORGANIZATION,ES,UNCLEAR
Spain_378,Latvia_10,0.24,0.3333333333333333,2,cross,0|NA|NA|NA|NA|nan|NA|ORGANIZATION,ES,LV
Spain_378,Norway_56,0.24857142857142858,0.3333333333333333,3,cross,0|NA|NA|NA|NA|nan|NA|ORGANIZATION,ES,NO
Spain_381,Norway_43,0.2,0.2,1,cross,0|NA|NA|NA|NA|nan|NA|ORGANIZATION,ES,NO
Spain_381,Norway_30,0.2,0.2,2,cross,0|NA|NA|NA|NA|nan|NA|ORGANIZATION,ES,NO
Spain_381,Poland_63,0.2,0.2,3,cross,0|NA|NA|NA|NA|nan|NA|ORGANIZATION,ES,PL
Spain_381,Norway_64,0.2,0.2,4,cross,0|NA|NA|NA|NA|nan|NA|ORGANIZATION,ES,NO
Spain_381,Portugal_5,0.2,0.2,5,cross,0|NA|NA|NA|NA|nan|NA|ORGANIZATION,ES,PT
Spain_380,Netherlands_31,0.2,1.0,1,cross,0|NA|NA|NA|NA|nan|NA|ORGANIZATION,ES,NL
Spain_382,Hungary_60,0.2,0.2,1,cross,0|NA|NA|NA|NA|nan|NA|ORGANIZATION,ES,HU
Spain_382,Finland_21,0.22000000000000003,0.2,2,cross,0|NA|NA|NA|NA|nan|NA|ORGANIZATION,ES,FI
Spain_382,Norway_30,0.22857142857142856,0.2,3,cross,0|NA|NA|NA|NA|nan|NA|ORGANIZATION,ES,NO
Spain_382,Portugal_5,0.22857142857142856,0.2,4,cross,0|NA|NA|NA|NA|nan|NA|ORGANIZATION,ES,PT
Spain_382,Norway_64,0.22857142857142856,0.2,5,cross,0|NA|NA|NA|NA|nan|NA|ORGANIZATION,ES,NO
Spain_391,Norway_43,0.2,0.2,1,cross,0|NA|NA|NA|NA|nan|NA|ORGANIZATION,ES,NO
Spain_391,Norway_30,0.2,0.2,2,cross,0|NA|NA|NA|NA|nan|NA|ORGANIZATION,ES,NO
Spain_391,Poland_63,0.2,0.2,3,cross,0|NA|NA|NA|NA|nan|NA|ORGANIZATION,ES,PL
Spain_391,Norway_64,0.2,0.2,4,cross,0|NA|NA|NA|NA|nan|NA|ORGANIZATION,ES,NO
Spain_391,Portugal_5,0.2,0.2,5,cross,0|NA|NA|NA|NA|nan|NA|ORGANIZATION,ES,PT
Spain_392,Netherlands_31,0.2,1.0,1,cross,0|NA|NA|NA|NA|nan|NA|ORGANIZATION,ES,NL
Spain_393,Norway_56,0.22000000000000003,0.25,1,cross,0|NA|NA|NA|NA|nan|NA|ORGANIZATION,ES,NO
Spain_393,Italy_103,0.22857142857142856,0.25,2,cross,0|NA|NA|NA|NA|nan|NA|ORGANIZATION,ES,IT
Spain_393,Romania_15,0.24,0.25,3,cross,0|NA|NA|NA|NA|nan|NA|ORGANIZATION,ES,RO
Spain_393,Iceland_70,0.24857142857142858,0.25,4,cross,0|NA|NA|NA|NA|nan|NA|ORGANIZATION,ES,IS
Spain_395,Hungary_14,0.2,1.0,1,cross,0|NA|NA|NA|NA|nan|NA|ORGANIZATION,ES,HU
Spain_403,Greece_86,0.22000000000000003,0.2,1,cross,0|NA|NA|NA|NA|nan|NA|ORGANIZATION,ES,GR
Spain_403,Sweden_44,0.22857142857142856,0.2,2,cross,0|NA|NA|NA|NA|nan|NA|ORGANIZATION,ES,SE
Spain_403,Lithuania_12,0.22857142857142856,0.2,3,cross,0|NA|NA|NA|NA|nan|NA|ORGANIZATION,ES,LT
Spain_403,Norway_55,0.22857142857142856,0.2,4,cross,0|NA|NA|NA|NA|nan|NA|ORGANIZATION,ES,NO
Spain_403,Italy_42,0.22857142857142856,0.2,5,cross,0|NA|NA|NA|NA|nan|NA|ORGANIZATION,ES,IT
Spain_424,Norway_44,0.22000000000000003,0.5,1,cross,0|NA|NA|NA|NA|nan|NA|ORGANIZATION,ES,NO
Spain_424,Poland_7,0.22857142857142856,0.5,2,cross,0|NA|NA|NA|NA|nan|NA|ORGANIZATION,ES,PL
Spain_426,Latvia_10,0.2,0.2,1,cross,0|NA|NA|NA|NA|nan|NA|ORGANIZATION,ES,LV
Spain_426,Romania_15,0.22857142857142856,0.2,2,cross,0|NA|NA|NA|NA|nan|NA|ORGANIZATION,ES,RO
Spain_426,Romania_58,0.24857142857142858,0.2,3,cross,0|NA|NA|NA|NA|nan|NA|ORGANIZATION,ES,RO
Spain_426,Romania_109,0.24857142857142858,0.2,4,cross,0|NA|NA|NA|NA|nan|NA|ORGANIZATION,ES,RO
Spain_426,Italy_67,0.24857142857142858,0.2,5,cross,0|NA|NA|NA|NA|nan|NA|ORGANIZATION,ES,IT
Spain_427,United Kingdom_27,0.2,0.2,1,cross,0|NA|NA|NA|NA|nan|NA|ORGANIZATION,ES,GB
Spain_427,Iceland_9,0.2,0.2,2,cross,0|NA|NA|NA|NA|nan|NA|ORGANIZATION,ES,IS
Spain_427,Romania_7,0.22857142857142856,0.2,3,cross,0|NA|NA|NA|NA|nan|NA|ORGANIZATION,ES,RO
Spain_427,United Kingdom_22,0.22857142857142856,0.2,4,cross,0|NA|NA|NA|NA|nan|NA|ORGANIZATION,ES,GB
Spain_427,Romania_130,0.22857142857142856,0.2,5,cross,0|NA|NA|NA|NA|nan|NA|ORGANIZATION,ES,RO
Spain_428,Hungary_15,0.24,0.5,1,cross,0|NA|NA|NA|NA|nan|NA|ORGANIZATION,ES,HU
Spain_428,Romania_151,0.24857142857142858,0.5,2,cross,0|NA|NA|NA|NA|nan|NA|ORGANIZATION,ES,RO
Spain_433,Romania_151,0.22000000000000003,0.5,1,cross,0|NA|NA|NA|NA|nan|NA|ORGANIZATION,ES,RO
Spain_433,Hungary_15,0.22857142857142856,0.5,2,cross,0|NA|NA|NA|NA|nan|NA|ORGANIZATION,ES,HU
Spain_438,Netherlands_31,0.2,1.0,1,cross,0|NA|NA|NA|NA|nan|NA|ORGANIZATION,ES,NL
Spain_440,Hungary_60,0.2,0.2,1,cross,0|NA|NA|NA|NA|nan|NA|ORGANIZATION,ES,HU
Spain_440,Finland_21,0.22000000000000003,0.2,2,cross,0|NA|NA|NA|NA|nan|NA|ORGANIZATION,ES,FI
Spain_440,Norway_30,0.22857142857142856,0.2,3,cross,0|NA|NA|NA|NA|nan|NA|ORGANIZATION,ES,NO
Spain_440,Portugal_5,0.22857142857142856,0.2,4,cross,0|NA|NA|NA|NA|nan|NA|ORGANIZATION,ES,PT
Spain_440,Norway_64,0.22857142857142856,0.2,5,cross,0|NA|NA|NA|NA|nan|NA|ORGANIZATION,ES,NO
Spain_437,Slovenia_55,0.2,0.2,1,cross,0|NA|NA|NA|NA|nan|NA|ORGANIZATION,ES,SI
Spain_437,Slovenia_68,0.2,0.2,2,cross,0|NA|NA|NA|NA|nan|NA|ORGANIZATION,ES,SI
Spain_437,Norway_66,0.2,0.2,3,cross,0|NA|NA|NA|NA|nan|NA|ORGANIZATION,ES,EE
Spain_437,Lithuania_9,0.2,0.2,4,cross,0|NA|NA|NA|NA|nan|NA|ORGANIZATION,ES,LT
Spain_437,Greece_11,0.2,0.2,5,cross,0|NA|NA|NA|NA|nan|NA|ORGANIZATION,ES,UNCLEAR
Spain_441,Norway_43,0.2,0.2,1,cross,0|NA|NA|NA|NA|nan|NA|ORGANIZATION,ES,NO
Spain_441,Norway_30,0.2,0.2,2,cross,0|NA|NA|NA|NA|nan|NA|ORGANIZATION,ES,NO
Spain_441,Poland_63,0.2,0.2,3,cross,0|NA|NA|NA|NA|nan|NA|ORGANIZATION,ES,PL
Spain_441,Norway_64,0.2,0.2,4,cross,0|NA|NA|NA|NA|nan|NA|ORGANIZATION,ES,NO
Spain_441,Portugal_5,0.2,0.2,5,cross,0|NA|NA|NA|NA|nan|NA|ORGANIZATION,ES,PT
Spain_442,Iceland_77,0.22857142857142856,0.5,1,cross,0|NA|NA|NA|NA|nan|NA|ORGANIZATION,ES,IS
Spain_442,Iceland_72,0.24857142857142858,0.5,2,cross,0|NA|NA|NA|NA|nan|NA|ORGANIZATION,ES,IS
Spain_452,Hungary_15,0.2,0.5,1,cross,0|NA|NA|NA|NA|nan|NA|ORGANIZATION,ES,HU
Spain_452,Romania_151,0.24857142857142858,0.5,2,cross,0|NA|NA|NA|NA|nan|NA|ORGANIZATION,ES,RO
Spain_456,Slovenia_78,0.22000000000000003,0.2,1,cross,0|NA|NA|NA|NA|nan|NA|ORGANIZATION,ES,SI
Spain_456,Greece_45,0.22000000000000003,0.2,2,cross,0|NA|NA|NA|NA|nan|NA|ORGANIZATION,ES,GR
Spain_456,Iceland_55,0.22857142857142856,0.2,3,cross,0|NA|NA|NA|NA|nan|NA|ORGANIZATION,ES,IS
Spain_456,Romania_133,0.22857142857142856,0.2,4,cross,0|NA|NA|NA|NA|nan|NA|ORGANIZATION,ES,RO
Spain_456,Sweden_11,0.24,0.2,5,cross,0|NA|NA|NA|NA|nan|NA|ORGANIZATION,ES,SE
Spain_458,Poland_7,0.2,0.5,1,cross,0|NA|NA|NA|NA|nan|NA|ORGANIZATION,ES,PL
Spain_458,Norway_44,0.24857142857142858,0.5,2,cross,0|NA|NA|NA|NA|nan|NA|ORGANIZATION,ES,NO
Spain_466,Romania_133,0.2,0.2,1,cross,0|NA|NA|NA|NA|nan|NA|ORGANIZATION,ES,RO
Spain_466,Iceland_55,0.2,0.2,2,cross,0|NA|NA|NA|NA|nan|NA|ORGANIZATION,ES,IS
Spain_466,Iceland_94,0.24,0.2,3,cross,0|NA|NA|NA|NA|nan|NA|ORGANIZATION,ES,IS
Spain_466,Slovenia_78,0.24857142857142858,0.2,4,cross,0|NA|NA|NA|NA|nan|NA|ORGANIZATION,ES,SI
Spain_466,Greece_45,0.24857142857142858,0.2,5,cross,0|NA|NA|NA|NA|nan|NA|ORGANIZATION,ES,GR
Spain_463,Romania_151,0.24,0.5,1,cross,0|NA|NA|NA|NA|nan|NA|ORGANIZATION,ES,RO
Spain_463,Hungary_15,0.24857142857142858,0.5,2,cross,0|NA|NA|NA|NA|nan|NA|ORGANIZATION,ES,HU
Spain_469,Norway_43,0.2,0.2,1,cross,0|NA|NA|NA|NA|nan|NA|ORGANIZATION,ES,NO
Spain_469,Norway_30,0.2,0.2,2,cross,0|NA|NA|NA|NA|nan|NA|ORGANIZATION,ES,NO
Spain_469,Poland_63,0.2,0.2,3,cross,0|NA|NA|NA|NA|nan|NA|ORGANIZATION,ES,PL
Spain_469,Norway_64,0.2,0.2,4,cross,0|NA|NA|NA|NA|nan|NA|ORGANIZATION,ES,NO
Spain_469,Portugal_5,0.2,0.2,5,cross,0|NA|NA|NA|NA|nan|NA|ORGANIZATION,ES,PT
Spain_471,Romania_151,0.24,0.5,1,cross,0|NA|NA|NA|NA|nan|NA|ORGANIZATION,ES,RO
Spain_471,Hungary_15,0.24857142857142858,0.5,2,cross,0|NA|NA|NA|NA|nan|NA|ORGANIZATION,ES,HU
Spain_470,France_8,0.2,0.2,1,cross,0|NA|NA|NA|NA|nan|NA|ORGANIZATION,ES,FR
Spain_470,Finland_20,0.2,0.2,2,cross,0|NA|NA|NA|NA|nan|NA|ORGANIZATION,ES,FI
Spain_470,Romania_164,0.22000000000000003,0.2,3,cross,0|NA|NA|NA|NA|nan|NA|ORGANIZATION,ES,RO
Spain_470,Portugal_5,0.22000000000000003,0.2,4,cross,0|NA|NA|NA|NA|nan|NA|ORGANIZATION,ES,PT
Spain_470,Norway_64,0.22000000000000003,0.2,5,cross,0|NA|NA|NA|NA|nan|NA|ORGANIZATION,ES,NO
Spain_468,Lithuania_12,0.2,0.2,1,cross,0|NA|NA|NA|NA|nan|NA|ORGANIZATION,ES,LT
Spain_468,Italy_42,0.2,0.2,2,cross,0|NA|NA|NA|NA|nan|NA|ORGANIZATION,ES,IT
Spain_468,Ireland_1,0.2,0.2,3,cross,0|NA|NA|NA|NA|nan|NA|ORGANIZATION,ES,IE
Spain_468,Ireland_34,0.24,0.2,4,cross,0|NA|NA|NA|NA|nan|NA|ORGANIZATION,ES,IE
Spain_468,Italy_256,0.24857142857142858,0.2,5,cross,0|NA|NA|NA|NA|nan|NA|ORGANIZATION,ES,IT
Spain_476,Slovenia_55,0.2,0.2,1,cross,0|NA|NA|NA|NA|nan|NA|ORGANIZATION,ES,SI
Spain_476,Slovenia_68,0.2,0.2,2,cross,0|NA|NA|NA|NA|nan|NA|ORGANIZATION,ES,SI
Spain_476,Norway_66,0.2,0.2,3,cross,0|NA|NA|NA|NA|nan|NA|ORGANIZATION,ES,EE
Spain_476,Lithuania_9,0.2,0.2,4,cross,0|NA|NA|NA|NA|nan|NA|ORGANIZATION,ES,LT
Spain_476,Greece_11,0.2,0.2,5,cross,0|NA|NA|NA|NA|nan|NA|ORGANIZATION,ES,UNCLEAR
Spain_478,Sweden_11,0.2,0.2,1,cross,0|NA|NA|NA|NA|nan|NA|ORGANIZATION,ES,SE
Spain_478,Slovenia_77,0.2,0.2,2,cross,0|NA|NA|NA|NA|nan|NA|ORGANIZATION,ES,SI
Spain_478,Finland_12,0.2,0.2,3,cross,0|NA|NA|NA|NA|nan|NA|ORGANIZATION,ES,FI
Spain_478,Slovenia_78,0.22000000000000003,0.2,4,cross,0|NA|NA|NA|NA|nan|NA|ORGANIZATION,ES,SI
Spain_478,Greece_45,0.22000000000000003,0.2,5,cross,0|NA|NA|NA|NA|nan|NA|ORGANIZATION,ES,GR
Spain_482,Italy_103,0.2,0.3333333333333333,1,cross,0|NA|NA|NA|NA|nan|NA|ORGANIZATION,ES,IT
Spain_482,Iceland_70,0.22000000000000003,0.3333333333333333,2,cross,0|NA|NA|NA|NA|nan|NA|ORGANIZATION,ES,IS
Spain_482,Norway_56,0.24857142857142858,0.3333333333333333,3,cross,0|NA|NA|NA|NA|nan|NA|ORGANIZATION,ES,NO
Spain_485,Norway_43,0.2,0.2,1,cross,0|NA|NA|NA|NA|nan|NA|ORGANIZATION,ES,NO
Spain_485,Norway_30,0.2,0.2,2,cross,0|NA|NA|NA|NA|nan|NA|ORGANIZATION,ES,NO
Spain_485,Poland_63,0.2,0.2,3,cross,0|NA|NA|NA|NA|nan|NA|ORGANIZATION,ES,PL
Spain_485,Norway_64,0.2,0.2,4,cross,0|NA|NA|NA|NA|nan|NA|ORGANIZATION,ES,NO
Spain_485,Portugal_5,0.2,0.2,5,cross,0|NA|NA|NA|NA|nan|NA|ORGANIZATION,ES,PT
Spain_483,Greece_86,0.22000000000000003,0.2,1,cross,0|NA|NA|NA|NA|nan|NA|ORGANIZATION,ES,GR
Spain_483,Sweden_44,0.22857142857142856,0.2,2,cross,0|NA|NA|NA|NA|nan|NA|ORGANIZATION,ES,SE
Spain_483,Lithuania_12,0.22857142857142856,0.2,3,cross,0|NA|NA|NA|NA|nan|NA|ORGANIZATION,ES,LT
Spain_483,Norway_55,0.22857142857142856,0.2,4,cross,0|NA|NA|NA|NA|nan|NA|ORGANIZATION,ES,NO
Spain_483,Italy_42,0.22857142857142856,0.2,5,cross,0|NA|NA|NA|NA|nan|NA|ORGANIZATION,ES,IT
Spain_490,Sweden_50,0.2,0.2,1,cross,0|NA|NA|NA|NA|nan|NA|ORGANIZATION,ES,SE
Spain_490,Slovenia_72,0.2,0.2,2,cross,0|NA|NA|NA|NA|nan|NA|ORGANIZATION,ES,SI
Spain_490,Romania_143,0.2,0.2,3,cross,0|NA|NA|NA|NA|nan|NA|ORGANIZATION,ES,RO
Spain_490,Netherlands_37,0.2,0.2,4,cross,0|NA|NA|NA|NA|nan|NA|ORGANIZATION,ES,NL
Spain_490,Germany_21,0.2,0.2,5,cross,0|NA|NA|NA|NA|nan|NA|ORGANIZATION,ES,DE
Spain_488,Iceland_94,0.2,0.2,1,cross,0|NA|NA|NA|NA|nan|NA|ORGANIZATION,ES,IS
Spain_488,Iceland_84,0.22000000000000003,0.2,2,cross,0|NA|NA|NA|NA|nan|NA|ORGANIZATION,ES,IS
Spain_488,Sweden_11,0.22857142857142856,0.2,3,cross,0|NA|NA|NA|NA|nan|NA|ORGANIZATION,ES,SE
Spain_488,Slovenia_77,0.22857142857142856,0.2,4,cross,0|NA|NA|NA|NA|nan|NA|ORGANIZATION,ES,SI
Spain_488,Finland_12,0.22857142857142856,0.2,5,cross,0|NA|NA|NA|NA|nan|NA|ORGANIZATION,ES,FI
Spain_492,Norway_43,0.2,0.2,1,cross,0|NA|NA|NA|NA|nan|NA|ORGANIZATION,ES,NO
Spain_492,Norway_30,0.2,0.2,2,cross,0|NA|NA|NA|NA|nan|NA|ORGANIZATION,ES,NO
Spain_492,Poland_63,0.2,0.2,3,cross,0|NA|NA|NA|NA|nan|NA|ORGANIZATION,ES,PL
Spain_492,Norway_64,0.2,0.2,4,cross,0|NA|NA|NA|NA|nan|NA|ORGANIZATION,ES,NO
Spain_492,Portugal_5,0.2,0.2,5,cross,0|NA|NA|NA|NA|nan|NA|ORGANIZATION,ES,PT
Spain_498,Iceland_94,0.2,0.2,1,cross,0|NA|NA|NA|NA|nan|NA|ORGANIZATION,ES,IS
Spain_498,Iceland_84,0.22000000000000003,0.2,2,cross,0|NA|NA|NA|NA|nan|NA|ORGANIZATION,ES,IS
Spain_498,Sweden_11,0.22857142857142856,0.2,3,cross,0|NA|NA|NA|NA|nan|NA|ORGANIZATION,ES,SE
Spain_498,Slovenia_77,0.22857142857142856,0.2,4,cross,0|NA|NA|NA|NA|nan|NA|ORGANIZATION,ES,SI
Spain_498,Finland_12,0.22857142857142856,0.2,5,cross,0|NA|NA|NA|NA|nan|NA|ORGANIZATION,ES,FI
Spain_501,Romania_151,0.2,0.5,1,cross,0|NA|NA|NA|NA|nan|NA|ORGANIZATION,ES,RO
Spain_501,Hungary_15,0.24857142857142858,0.5,2,cross,0|NA|NA|NA|NA|nan|NA|ORGANIZATION,ES,HU
Spain_502,Latvia_13,0.22000000000000003,0.25,1,cross,0|NA|NA|NA|NA|nan|NA|ORGANIZATION,ES,LV
Spain_502,Italy_154,0.24,0.25,2,cross,0|NA|NA|NA|NA|nan|NA|ORGANIZATION,ES,IT
Spain_502,Romania_78,0.24857142857142858,0.25,3,cross,0|NA|NA|NA|NA|nan|NA|ORGANIZATION,ES,RO
Spain_502,Greece_117,0.24857142857142858,0.25,4,cross,0|NA|NA|NA|NA|nan|NA|ORGANIZATION,ES,GR
Spain_505,United Kingdom_27,0.22000000000000003,0.2,1,cross,0|NA|NA|NA|NA|nan|NA|ORGANIZATION,ES,GB
Spain_505,Romania_63,0.22000000000000003,0.2,2,cross,0|NA|NA|NA|NA|nan|NA|ORGANIZATION,ES,RO
Spain_505,Romania_86,0.22000000000000003,0.2,3,cross,0|NA|NA|NA|NA|nan|NA|ORGANIZATION,ES,RO
Spain_505,Iceland_9,0.22000000000000003,0.2,4,cross,0|NA|NA|NA|NA|nan|NA|ORGANIZATION,ES,IS
Spain_505,Romania_62,0.22857142857142856,0.2,5,cross,0|NA|NA|NA|NA|nan|NA|ORGANIZATION,ES,RO
Spain_507,Hungary_15,0.2,0.5,1,cross,0|NA|NA|NA|NA|nan|NA|ORGANIZATION,ES,HU
Spain_507,Romania_151,0.24857142857142858,0.5,2,cross,0|NA|NA|NA|NA|nan|NA|ORGANIZATION,ES,RO
Spain_508,Hungary_15,0.24,0.5,1,cross,0|NA|NA|NA|NA|nan|NA|ORGANIZATION,ES,HU
Spain_508,Romania_151,0.24857142857142858,0.5,2,cross,0|NA|NA|NA|NA|nan|NA|ORGANIZATION,ES,RO
Spain_510,Hungary_14,0.22857142857142856,1.0,1,cross,0|NA|NA|NA|NA|nan|NA|ORGANIZATION,ES,HU
Spain_514,United Kingdom_22,0.2,0.2,1,cross,0|NA|NA|NA|NA|nan|NA|ORGANIZATION,ES,GB
Spain_514,Romania_7,0.2,0.2,2,cross,0|NA|NA|NA|NA|nan|NA|ORGANIZATION,ES,RO
Spain_514,Romania_130,0.2,0.2,3,cross,0|NA|NA|NA|NA|nan|NA|ORGANIZATION,ES,RO
Spain_514,Romania_60,0.22000000000000003,0.2,4,cross,0|NA|NA|NA|NA|nan|NA|ORGANIZATION,ES,RO
Spain_514,Romania_96,0.22000000000000003,0.2,5,cross,0|NA|NA|NA|NA|nan|NA|ORGANIZATION,ES,RO
Spain_516,Romania_151,0.2,0.5,1,cross,0|NA|NA|NA|NA|nan|NA|ORGANIZATION,ES,RO
Spain_516,Hungary_15,0.24857142857142858,0.5,2,cross,0|NA|NA|NA|NA|nan|NA|ORGANIZATION,ES,HU
Spain_522,Sweden_50,0.2,0.2,1,cross,0|NA|NA|NA|NA|nan|NA|ORGANIZATION,ES,SE
Spain_522,Slovenia_72,0.2,0.2,2,cross,0|NA|NA|NA|NA|nan|NA|ORGANIZATION,ES,SI
Spain_522,Romania_143,0.2,0.2,3,cross,0|NA|NA|NA|NA|nan|NA|ORGANIZATION,ES,RO
Spain_522,Netherlands_37,0.2,0.2,4,cross,0|NA|NA|NA|NA|nan|NA|ORGANIZATION,ES,NL
Spain_522,Germany_21,0.2,0.2,5,cross,0|NA|NA|NA|NA|nan|NA|ORGANIZATION,ES,DE
Spain_518,Netherlands_31,0.2,1.0,1,cross,0|NA|NA|NA|NA|nan|NA|ORGANIZATION,ES,NL
Spain_524,Slovenia_55,0.2,0.2,1,cross,0|NA|NA|NA|NA|nan|NA|ORGANIZATION,ES,SI
Spain_524,Slovenia_68,0.2,0.2,2,cross,0|NA|NA|NA|NA|nan|NA|ORGANIZATION,ES,SI
Spain_524,Norway_66,0.2,0.2,3,cross,0|NA|NA|NA|NA|nan|NA|ORGANIZATION,ES,EE
Spain_524,Lithuania_9,0.2,0.2,4,cross,0|NA|NA|NA|NA|nan|NA|ORGANIZATION,ES,LT
Spain_524,Greece_11,0.2,0.2,5,cross,0|NA|NA|NA|NA|nan|NA|ORGANIZATION,ES,UNCLEAR
Spain_525,Slovenia_55,0.2,0.2,1,cross,0|NA|NA|NA|NA|nan|NA|ORGANIZATION,ES,SI
Spain_525,Slovenia_68,0.2,0.2,2,cross,0|NA|NA|NA|NA|nan|NA|ORGANIZATION,ES,SI
Spain_525,Norway_66,0.2,0.2,3,cross,0|NA|NA|NA|NA|nan|NA|ORGANIZATION,ES,EE
Spain_525,Lithuania_9,0.2,0.2,4,cross,0|NA|NA|NA|NA|nan|NA|ORGANIZATION,ES,LT
Spain_525,Greece_11,0.2,0.2,5,cross,0|NA|NA|NA|NA|nan|NA|ORGANIZATION,ES,UNCLEAR
Spain_520,Netherlands_31,0.22857142857142856,1.0,1,cross,0|NA|NA|NA|NA|nan|NA|ORGANIZATION,ES,NL
Spain_526,Hungary_15,0.24,0.5,1,cross,0|NA|NA|NA|NA|nan|NA|ORGANIZATION,ES,HU
Spain_526,Romania_151,0.24857142857142858,0.5,2,cross,0|NA|NA|NA|NA|nan|NA|ORGANIZATION,ES,RO
Spain_529,Iceland_94,0.2,0.2,1,cross,0|NA|NA|NA|NA|nan|NA|ORGANIZATION,ES,IS
Spain_529,Iceland_84,0.22000000000000003,0.2,2,cross,0|NA|NA|NA|NA|nan|NA|ORGANIZATION,ES,IS
Spain_529,Sweden_11,0.22857142857142856,0.2,3,cross,0|NA|NA|NA|NA|nan|NA|ORGANIZATION,ES,SE
Spain_529,Slovenia_77,0.22857142857142856,0.2,4,cross,0|NA|NA|NA|NA|nan|NA|ORGANIZATION,ES,SI
Spain_529,Finland_12,0.22857142857142856,0.2,5,cross,0|NA|NA|NA|NA|nan|NA|ORGANIZATION,ES,FI
Spain_534,Romania_2,0.2,0.2,1,cross,0|NA|NA|NA|NA|nan|NA|ORGANIZATION,ES,RO
Spain_534,Netherlands_5,0.2,0.2,2,cross,0|NA|NA|NA|NA|nan|NA|ORGANIZATION,ES,NL
Spain_534,Germany_19,0.2,0.2,3,cross,0|NA|NA|NA|NA|nan|NA|ORGANIZATION,ES,DE
Spain_534,Romania_85,0.22000000000000003,0.2,4,cross,0|NA|NA|NA|NA|nan|NA|ORGANIZATION,ES,RO
Spain_534,Romania_143,0.22000000000000003,0.2,5,cross,0|NA|NA|NA|NA|nan|NA|ORGANIZATION,ES,RO
Spain_535,Norway_44,0.22000000000000003,0.5,1,cross,0|NA|NA|NA|NA|nan|NA|ORGANIZATION,ES,NO
Spain_535,Poland_7,0.22857142857142856,0.5,2,cross,0|NA|NA|NA|NA|nan|NA|ORGANIZATION,ES,PL
Spain_537,United Kingdom_22,0.22000000000000003,0.2,1,cross,0|NA|NA|NA|NA|nan|NA|ORGANIZATION,ES,GB
Spain_537,Romania_7,0.22000000000000003,0.2,2,cross,0|NA|NA|NA|NA|nan|NA|ORGANIZATION,ES,RO
Spain_537,Romania_130,0.22000000000000003,0.2,3,cross,0|NA|NA|NA|NA|nan|NA|ORGANIZATION,ES,RO
Spain_537,Romania_60,0.24,0.2,4,cross,0|NA|NA|NA|NA|nan|NA|ORGANIZATION,ES,RO
Spain_537,Romania_96,0.24,0.2,5,cross,0|NA|NA|NA|NA|nan|NA|ORGANIZATION,ES,RO
Spain_539,Romania_133,0.22000000000000003,0.2,1,cross,0|NA|NA|NA|NA|nan|NA|ORGANIZATION,ES,RO
Spain_539,Iceland_55,0.22000000000000003,0.2,2,cross,0|NA|NA|NA|NA|nan|NA|ORGANIZATION,ES,IS
Spain_539,Iceland_94,0.22000000000000003,0.2,3,cross,0|NA|NA|NA|NA|nan|NA|ORGANIZATION,ES,IS
Spain_539,Slovenia_78,0.22857142857142856,0.2,4,cross,0|NA|NA|NA|NA|nan|NA|ORGANIZATION,ES,SI
Spain_539,Greece_45,0.22857142857142856,0.2,5,cross,0|NA|NA|NA|NA|nan|NA|ORGANIZATION,ES,GR
Spain_543,Romania_164,0.2,0.2,1,cross,0|NA|NA|NA|NA|nan|NA|ORGANIZATION,ES,RO
Spain_543,Finland_37,0.2,0.2,2,cross,0|NA|NA|NA|NA|nan|NA|ORGANIZATION,ES,FI
Spain_543,France_8,0.22000000000000003,0.2,3,cross,0|NA|NA|NA|NA|nan|NA|ORGANIZATION,ES,FR
Spain_543,Finland_20,0.22000000000000003,0.2,4,cross,0|NA|NA|NA|NA|nan|NA|ORGANIZATION,ES,FI
Spain_543,Greece_121,0.22857142857142856,0.2,5,cross,0|NA|NA|NA|NA|nan|NA|ORGANIZATION,ES,UNCLEAR
Spain_546,Hungary_14,0.22857142857142856,1.0,1,cross,0|NA|NA|NA|NA|nan|NA|ORGANIZATION,ES,HU
Spain_547,Norway_56,0.22000000000000003,0.25,1,cross,0|NA|NA|NA|NA|nan|NA|ORGANIZATION,ES,NO
Spain_547,Italy_103,0.22857142857142856,0.25,2,cross,0|NA|NA|NA|NA|nan|NA|ORGANIZATION,ES,IT
Spain_547,Romania_15,0.24,0.25,3,cross,0|NA|NA|NA|NA|nan|NA|ORGANIZATION,ES,RO
Spain_547,Iceland_70,0.24857142857142858,0.25,4,cross,0|NA|NA|NA|NA|nan|NA|ORGANIZATION,ES,IS
Spain_549,Romania_78,0.22857142857142856,0.2,1,cross,0|NA|NA|NA|NA|nan|NA|ORGANIZATION,ES,RO
Spain_549,Romania_112,0.22857142857142856,0.2,2,cross,0|NA|NA|NA|NA|nan|NA|ORGANIZATION,ES,RO
Spain_549,Italy_101,0.22857142857142856,0.2,3,cross,0|NA|NA|NA|NA|nan|NA|ORGANIZATION,ES,IT
Spain_549,Romania_163,0.22857142857142856,0.2,4,cross,0|NA|NA|NA|NA|nan|NA|ORGANIZATION,ES,RO
Spain_549,Romania_86,0.24857142857142858,0.2,5,cross,0|NA|NA|NA|NA|nan|NA|ORGANIZATION,ES,RO
Spain_553,Romania_151,0.22000000000000003,0.5,1,cross,0|NA|NA|NA|NA|nan|NA|ORGANIZATION,ES,RO
Spain_553,Hungary_15,0.22857142857142856,0.5,2,cross,0|NA|NA|NA|NA|nan|NA|ORGANIZATION,ES,HU
Spain_555,Sweden_50,0.2,0.2,1,cross,0|NA|NA|NA|NA|nan|NA|ORGANIZATION,ES,SE
Spain_555,Slovenia_72,0.2,0.2,2,cross,0|NA|NA|NA|NA|nan|NA|ORGANIZATION,ES,SI
Spain_555,Romania_143,0.2,0.2,3,cross,0|NA|NA|NA|NA|nan|NA|ORGANIZATION,ES,RO
Spain_555,Netherlands_37,0.2,0.2,4,cross,0|NA|NA|NA|NA|nan|NA|ORGANIZATION,ES,NL
Spain_555,Germany_21,0.2,0.2,5,cross,0|NA|NA|NA|NA|nan|NA|ORGANIZATION,ES,DE
Spain_557,Norway_43,0.2,0.2,1,cross,0|NA|NA|NA|NA|nan|NA|ORGANIZATION,ES,NO
Spain_557,Norway_30,0.2,0.2,2,cross,0|NA|NA|NA|NA|nan|NA|ORGANIZATION,ES,NO
Spain_557,Poland_63,0.2,0.2,3,cross,0|NA|NA|NA|NA|nan|NA|ORGANIZATION,ES,PL
Spain_557,Norway_64,0.2,0.2,4,cross,0|NA|NA|NA|NA|nan|NA|ORGANIZATION,ES,NO
Spain_557,Portugal_5,0.2,0.2,5,cross,0|NA|NA|NA|NA|nan|NA|ORGANIZATION,ES,PT
Spain_564,Germany_39,0.22000000000000003,1.0,1,cross,0|NA|NA|NA|NA|nan|NA|ORGANIZATION,ES,DE
Spain_571,Iceland_94,0.2,0.2,1,cross,0|NA|NA|NA|NA|nan|NA|ORGANIZATION,ES,IS
Spain_571,Iceland_84,0.22000000000000003,0.2,2,cross,0|NA|NA|NA|NA|nan|NA|ORGANIZATION,ES,IS
Spain_571,Sweden_11,0.22857142857142856,0.2,3,cross,0|NA|NA|NA|NA|nan|NA|ORGANIZATION,ES,SE
Spain_571,Slovenia_77,0.22857142857142856,0.2,4,cross,0|NA|NA|NA|NA|nan|NA|ORGANIZATION,ES,SI
Spain_571,Finland_12,0.22857142857142856,0.2,5,cross,0|NA|NA|NA|NA|nan|NA|ORGANIZATION,ES,FI
Spain_578,Iceland_88,0.2,0.2,1,cross,0|NA|NA|NA|NA|nan|NA|ORGANIZATION,ES,IS
Spain_578,Sweden_11,0.22000000000000003,0.2,2,cross,0|NA|NA|NA|NA|nan|NA|ORGANIZATION,ES,SE
Spain_578,Finland_12,0.22000000000000003,0.2,3,cross,0|NA|NA|NA|NA|nan|NA|ORGANIZATION,ES,FI
Spain_578,Slovenia_77,0.22000000000000003,0.2,4,cross,0|NA|NA|NA|NA|nan|NA|ORGANIZATION,ES,SI
Spain_578,Iceland_84,0.22857142857142856,0.2,5,cross,0|NA|NA|NA|NA|nan|NA|ORGANIZATION,ES,IS
Spain_576,France_8,0.2,0.2,1,cross,0|NA|NA|NA|NA|nan|NA|ORGANIZATION,ES,FR
Spain_576,Finland_20,0.2,0.2,2,cross,0|NA|NA|NA|NA|nan|NA|ORGANIZATION,ES,FI
Spain_576,Romania_164,0.22000000000000003,0.2,3,cross,0|NA|NA|NA|NA|nan|NA|ORGANIZATION,ES,RO
Spain_576,Portugal_5,0.22000000000000003,0.2,4,cross,0|NA|NA|NA|NA|nan|NA|ORGANIZATION,ES,PT
Spain_576,Norway_64,0.22000000000000003,0.2,5,cross,0|NA|NA|NA|NA|nan|NA|ORGANIZATION,ES,NO
Spain_583,Norway_43,0.2,0.2,1,cross,0|NA|NA|NA|NA|nan|NA|ORGANIZATION,ES,NO
Spain_583,Norway_30,0.2,0.2,2,cross,0|NA|NA|NA|NA|nan|NA|ORGANIZATION,ES,NO
Spain_583,Poland_63,0.2,0.2,3,cross,0|NA|NA|NA|NA|nan|NA|ORGANIZATION,ES,PL
Spain_583,Norway_64,0.2,0.2,4,cross,0|NA|NA|NA|NA|nan|NA|ORGANIZATION,ES,NO
Spain_583,Portugal_5,0.2,0.2,5,cross,0|NA|NA|NA|NA|nan|NA|ORGANIZATION,ES,PT
Spain_588,Hungary_14,0.2,1.0,1,cross,0|NA|NA|NA|NA|nan|NA|ORGANIZATION,ES,HU
Spain_589,United Kingdom_22,0.2,0.2,1,cross,0|NA|NA|NA|NA|nan|NA|ORGANIZATION,ES,GB
Spain_589,Romania_7,0.2,0.2,2,cross,0|NA|NA|NA|NA|nan|NA|ORGANIZATION,ES,RO
Spain_589,Romania_130,0.2,0.2,3,cross,0|NA|NA|NA|NA|nan|NA|ORGANIZATION,ES,RO
Spain_589,Romania_60,0.22000000000000003,0.2,4,cross,0|NA|NA|NA|NA|nan|NA|ORGANIZATION,ES,RO
Spain_589,Romania_96,0.22000000000000003,0.2,5,cross,0|NA|NA|NA|NA|nan|NA|ORGANIZATION,ES,RO
Spain_591,Sweden_44,0.22000000000000003,0.2,1,cross,0|NA|NA|NA|NA|nan|NA|ORGANIZATION,ES,SE
Spain_591,Norway_55,0.22000000000000003,0.2,2,cross,0|NA|NA|NA|NA|nan|NA|ORGANIZATION,ES,NO
Spain_591,Greece_86,0.22857142857142856,0.2,3,cross,0|NA|NA|NA|NA|nan|NA|ORGANIZATION,ES,GR
Spain_591,Italy_93,0.24,0.2,4,cross,0|NA|NA|NA|NA|nan|NA|ORGANIZATION,ES,IT
Spain_591,Italy_141,0.24,0.2,5,cross,0|NA|NA|NA|NA|nan|NA|ORGANIZATION,ES,IT
Spain_592,Romania_15,0.22000000000000003,0.2,1,cross,0|NA|NA|NA|NA|nan|NA|ORGANIZATION,ES,RO
Spain_592,Romania_109,0.24,0.2,2,cross,0|NA|NA|NA|NA|nan|NA|ORGANIZATION,ES,RO
Spain_592,Norway_56,0.24,0.2,3,cross,0|NA|NA|NA|NA|nan|NA|ORGANIZATION,ES,NO
Spain_592,Latvia_10,0.24857142857142858,0.2,4,cross,0|NA|NA|NA|NA|nan|NA|ORGANIZATION,ES,LV
Spain_592,Italy_103,0.24857142857142858,0.2,5,cross,0|NA|NA|NA|NA|nan|NA|ORGANIZATION,ES,IT
Spain_593,Netherlands_31,0.24857142857142858,1.0,1,cross,0|NA|NA|NA|NA|nan|NA|ORGANIZATION,ES,NL
Spain_596,Sweden_50,0.2,0.2,1,cross,0|NA|NA|NA|NA|nan|NA|ORGANIZATION,ES,SE
Spain_596,Slovenia_72,0.2,0.2,2,cross,0|NA|NA|NA|NA|nan|NA|ORGANIZATION,ES,SI
Spain_596,Romania_143,0.2,0.2,3,cross,0|NA|NA|NA|NA|nan|NA|ORGANIZATION,ES,RO
Spain_596,Netherlands_37,0.2,0.2,4,cross,0|NA|NA|NA|NA|nan|NA|ORGANIZATION,ES,NL
Spain_596,Germany_21,0.2,0.2,5,cross,0|NA|NA|NA|NA|nan|NA|ORGANIZATION,ES,DE
Spain_597,Sweden_50,0.2,0.2,1,cross,0|NA|NA|NA|NA|nan|NA|ORGANIZATION,ES,SE
Spain_597,Slovenia_72,0.2,0.2,2,cross,0|NA|NA|NA|NA|nan|NA|ORGANIZATION,ES,SI
Spain_597,Romania_143,0.2,0.2,3,cross,0|NA|NA|NA|NA|nan|NA|ORGANIZATION,ES,RO
Spain_597,Netherlands_37,0.2,0.2,4,cross,0|NA|NA|NA|NA|nan|NA|ORGANIZATION,ES,NL
Spain_597,Germany_21,0.2,0.2,5,cross,0|NA|NA|NA|NA|nan|NA|ORGANIZATION,ES,DE
Spain_594,Sweden_50,0.2,0.2,1,cross,0|NA|NA|NA|NA|nan|NA|ORGANIZATION,ES,SE
Spain_594,Slovenia_72,0.2,0.2,2,cross,0|NA|NA|NA|NA|nan|NA|ORGANIZATION,ES,SI
Spain_594,Romania_143,0.2,0.2,3,cross,0|NA|NA|NA|NA|nan|NA|ORGANIZATION,ES,RO
Spain_594,Netherlands_37,0.2,0.2,4,cross,0|NA|NA|NA|NA|nan|NA|ORGANIZATION,ES,NL
Spain_594,Germany_21,0.2,0.2,5,cross,0|NA|NA|NA|NA|nan|NA|ORGANIZATION,ES,DE
Spain_598,Romania_2,0.2,0.2,1,cross,0|NA|NA|NA|NA|nan|NA|ORGANIZATION,ES,RO
Spain_598,Netherlands_5,0.2,0.2,2,cross,0|NA|NA|NA|NA|nan|NA|ORGANIZATION,ES,NL
Spain_598,Germany_19,0.2,0.2,3,cross,0|NA|NA|NA|NA|nan|NA|ORGANIZATION,ES,DE
Spain_598,Romania_85,0.22000000000000003,0.2,4,cross,0|NA|NA|NA|NA|nan|NA|ORGANIZATION,ES,RO
Spain_598,Romania_143,0.22000000000000003,0.2,5,cross,0|NA|NA|NA|NA|nan|NA|ORGANIZATION,ES,RO
Spain_599,Italy_49,0.22000000000000003,1.0,1,cross,0|NA|NA|NA|NA|nan|NA|ORGANIZATION,ES,IT
Spain_600,Finland_21,0.2,0.2,1,cross,0|NA|NA|NA|NA|nan|NA|ORGANIZATION,ES,FI
Spain_600,Hungary_60,0.22000000000000003,0.2,2,cross,0|NA|NA|NA|NA|nan|NA|ORGANIZATION,ES,HU
Spain_600,France_8,0.22857142857142856,0.2,3,cross,0|NA|NA|NA|NA|nan|NA|ORGANIZATION,ES,FR
Spain_600,Finland_20,0.22857142857142856,0.2,4,cross,0|NA|NA|NA|NA|nan|NA|ORGANIZATION,ES,FI
Spain_600,Romania_139,0.24,0.2,5,cross,0|NA|NA|NA|NA|nan|NA|ORGANIZATION,ES,RO
Spain_604,Iceland_88,0.2,0.2,1,cross,0|NA|NA|NA|NA|nan|NA|ORGANIZATION,ES,IS
Spain_604,Sweden_11,0.22000000000000003,0.2,2,cross,0|NA|NA|NA|NA|nan|NA|ORGANIZATION,ES,SE
Spain_604,Finland_12,0.22000000000000003,0.2,3,cross,0|NA|NA|NA|NA|nan|NA|ORGANIZATION,ES,FI
Spain_604,Slovenia_77,0.22000000000000003,0.2,4,cross,0|NA|NA|NA|NA|nan|NA|ORGANIZATION,ES,SI
Spain_604,Iceland_84,0.22857142857142856,0.2,5,cross,0|NA|NA|NA|NA|nan|NA|ORGANIZATION,ES,IS
Spain_606,Netherlands_31,0.2,1.0,1,cross,0|NA|NA|NA|NA|nan|NA|ORGANIZATION,ES,NL
Spain_612,Slovenia_55,0.2,0.2,1,cross,0|NA|NA|NA|NA|nan|NA|ORGANIZATION,ES,SI
Spain_612,Slovenia_68,0.2,0.2,2,cross,0|NA|NA|NA|NA|nan|NA|ORGANIZATION,ES,SI
Spain_612,Norway_66,0.2,0.2,3,cross,0|NA|NA|NA|NA|nan|NA|ORGANIZATION,ES,EE
Spain_612,Lithuania_9,0.2,0.2,4,cross,0|NA|NA|NA|NA|nan|NA|ORGANIZATION,ES,LT
Spain_612,Greece_11,0.2,0.2,5,cross,0|NA|NA|NA|NA|nan|NA|ORGANIZATION,ES,UNCLEAR
Spain_610,Hungary_14,0.22000000000000003,1.0,1,cross,0|NA|NA|NA|NA|nan|NA|ORGANIZATION,ES,HU
Spain_615,Iceland_88,0.2,0.2,1,cross,0|NA|NA|NA|NA|nan|NA|ORGANIZATION,ES,IS
Spain_615,Sweden_11,0.22000000000000003,0.2,2,cross,0|NA|NA|NA|NA|nan|NA|ORGANIZATION,ES,SE
Spain_615,Finland_12,0.22000000000000003,0.2,3,cross,0|NA|NA|NA|NA|nan|NA|ORGANIZATION,ES,FI
Spain_615,Slovenia_77,0.22000000000000003,0.2,4,cross,0|NA|NA|NA|NA|nan|NA|ORGANIZATION,ES,SI
Spain_615,Iceland_84,0.22857142857142856,0.2,5,cross,0|NA|NA|NA|NA|nan|NA|ORGANIZATION,ES,IS
Spain_613,Slovenia_78,0.2,0.2,1,cross,0|NA|NA|NA|NA|nan|NA|ORGANIZATION,ES,SI
Spain_613,Greece_45,0.2,0.2,2,cross,0|NA|NA|NA|NA|nan|NA|ORGANIZATION,ES,GR
Spain_613,Slovenia_77,0.22000000000000003,0.2,3,cross,0|NA|NA|NA|NA|nan|NA|ORGANIZATION,ES,SI
Spain_613,Sweden_11,0.22000000000000003,0.2,4,cross,0|NA|NA|NA|NA|nan|NA|ORGANIZATION,ES,SE
Spain_613,Finland_12,0.22000000000000003,0.2,5,cross,0|NA|NA|NA|NA|nan|NA|ORGANIZATION,ES,FI
Spain_618,Italy_159,0.22857142857142856,0.5,1,cross,0|NA|NA|NA|NA|nan|NA|ORGANIZATION,ES,IT
Spain_618,Greece_123,0.22857142857142856,0.5,2,cross,0|NA|NA|NA|NA|nan|NA|ORGANIZATION,ES,GR
Spain_628,Romania_133,0.22000000000000003,0.2,1,cross,0|NA|NA|NA|NA|nan|NA|ORGANIZATION,ES,RO
Spain_628,Iceland_55,0.22000000000000003,0.2,2,cross,0|NA|NA|NA|NA|nan|NA|ORGANIZATION,ES,IS
Spain_628,Iceland_94,0.22000000000000003,0.2,3,cross,0|NA|NA|NA|NA|nan|NA|ORGANIZATION,ES,IS
Spain_628,Slovenia_78,0.22857142857142856,0.2,4,cross,0|NA|NA|NA|NA|nan|NA|ORGANIZATION,ES,SI
Spain_628,Greece_45,0.22857142857142856,0.2,5,cross,0|NA|NA|NA|NA|nan|NA|ORGANIZATION,ES,GR
Slovenia_55,Spain_6,0.2,0.2,1,cross,0|NA|NA|NA|NA|nan|NA|ORGANIZATION,SI,ES
Slovenia_55,Spain_9,0.2,0.2,2,cross,0|NA|NA|NA|NA|nan|NA|ORGANIZATION,SI,ES
Slovenia_55,Spain_12,0.2,0.2,3,cross,0|NA|NA|NA|NA|nan|NA|ORGANIZATION,SI,ES
Slovenia_55,Spain_51,0.2,0.2,4,cross,0|NA|NA|NA|NA|nan|NA|ORGANIZATION,SI,ES
Slovenia_55,Spain_99,0.2,0.2,5,cross,0|NA|NA|NA|NA|nan|NA|ORGANIZATION,SI,ES
Slovenia_53,Spain_62,0.22000000000000003,0.2,1,cross,0|NA|NA|NA|NA|nan|NA|ORGANIZATION,SI,ES
Slovenia_53,Spain_69,0.22000000000000003,0.2,2,cross,0|NA|NA|NA|NA|nan|NA|ORGANIZATION,SI,ES
Slovenia_53,Spain_36,0.22000000000000003,0.2,3,cross,0|NA|NA|NA|NA|nan|NA|ORGANIZATION,SI,ES
Slovenia_53,Spain_114,0.22000000000000003,0.2,4,cross,0|NA|NA|NA|NA|nan|NA|ORGANIZATION,SI,ES
Slovenia_53,Spain_106,0.22000000000000003,0.2,5,cross,0|NA|NA|NA|NA|nan|NA|ORGANIZATION,SI,ES
Slovenia_57,Romania_148,0.2,0.2,1,cross,0|NA|NA|NA|NA|nan|NA|ORGANIZATION,SI,RO
Slovenia_57,Germany_36,0.2,0.2,2,cross,0|NA|NA|NA|NA|nan|NA|ORGANIZATION,SI,DE
Slovenia_57,Netherlands_28,0.22000000000000003,0.2,3,cross,0|NA|NA|NA|NA|nan|NA|ORGANIZATION,SI,NL
Slovenia_57,Luxembourg_7,0.22857142857142856,0.2,4,cross,0|NA|NA|NA|NA|nan|NA|ORGANIZATION,SI,LU
Slovenia_57,Spain_19,0.24857142857142858,0.2,5,cross,0|NA|NA|NA|NA|nan|NA|ORGANIZATION,SI,ES
Slovenia_62,Romania_148,0.2,0.2,1,cross,0|NA|NA|NA|NA|nan|NA|ORGANIZATION,SI,RO
Slovenia_62,Germany_36,0.2,0.2,2,cross,0|NA|NA|NA|NA|nan|NA|ORGANIZATION,SI,DE
Slovenia_62,Netherlands_28,0.22000000000000003,0.2,3,cross,0|NA|NA|NA|NA|nan|NA|ORGANIZATION,SI,NL
Slovenia_62,Luxembourg_7,0.22857142857142856,0.2,4,cross,0|NA|NA|NA|NA|nan|NA|ORGANIZATION,SI,LU
Slovenia_62,Spain_19,0.24857142857142858,0.2,5,cross,0|NA|NA|NA|NA|nan|NA|ORGANIZATION,SI,ES
Slovenia_68,Spain_6,0.2,0.2,1,cross,0|NA|NA|NA|NA|nan|NA|ORGANIZATION,SI,ES
Slovenia_68,Spain_9,0.2,0.2,2,cross,0|NA|NA|NA|NA|nan|NA|ORGANIZATION,SI,ES
Slovenia_68,Spain_12,0.2,0.2,3,cross,0|NA|NA|NA|NA|nan|NA|ORGANIZATION,SI,ES
Slovenia_68,Spain_51,0.2,0.2,4,cross,0|NA|NA|NA|NA|nan|NA|ORGANIZATION,SI,ES
Slovenia_68,Spain_99,0.2,0.2,5,cross,0|NA|NA|NA|NA|nan|NA|ORGANIZATION,SI,ES
Slovenia_72,Sweden_50,0.2,0.2,1,cross,0|NA|NA|NA|NA|nan|NA|ORGANIZATION,SI,SE
Slovenia_72,Spain_84,0.2,0.2,2,cross,0|NA|NA|NA|NA|nan|NA|ORGANIZATION,SI,ES
Slovenia_72,Spain_109,0.2,0.2,3,cross,0|NA|NA|NA|NA|nan|NA|ORGANIZATION,SI,ES
Slovenia_72,Spain_137,0.2,0.2,4,cross,0|NA|NA|NA|NA|nan|NA|ORGANIZATION,SI,ES
Slovenia_72,Spain_164,0.2,0.2,5,cross,0|NA|NA|NA|NA|nan|NA|ORGANIZATION,SI,ES
Slovenia_77,Sweden_11,0.2,0.2,1,cross,0|NA|NA|NA|NA|nan|NA|ORGANIZATION,SI,SE
Slovenia_77,Spain_478,0.2,0.2,2,cross,0|NA|NA|NA|NA|nan|NA|ORGANIZATION,SI,ES
Slovenia_77,Finland_12,0.2,0.2,3,cross,0|NA|NA|NA|NA|nan|NA|ORGANIZATION,SI,FI
Slovenia_77,Spain_33,0.22000000000000003,0.2,4,cross,0|NA|NA|NA|NA|nan|NA|ORGANIZATION,SI,ES
Slovenia_77,Spain_144,0.22000000000000003,0.2,5,cross,0|NA|NA|NA|NA|nan|NA|ORGANIZATION,SI,ES
Slovenia_78,Greece_45,0.2,0.2,1,cross,0|NA|NA|NA|NA|nan|NA|ORGANIZATION,SI,GR
Slovenia_78,Spain_613,0.2,0.2,2,cross,0|NA|NA|NA|NA|nan|NA|ORGANIZATION,SI,ES
Slovenia_78,Sweden_11,0.22000000000000003,0.2,3,cross,0|NA|NA|NA|NA|nan|NA|ORGANIZATION,SI,SE
Slovenia_78,Spain_456,0.22000000000000003,0.2,4,cross,0|NA|NA|NA|NA|nan|NA|ORGANIZATION,SI,ES
Slovenia_78,Spain_478,0.22000000000000003,0.2,5,cross,0|NA|NA|NA|NA|nan|NA|ORGANIZATION,SI,ES
Romania_2,Spain_102,0.2,0.2,1,cross,0|NA|NA|NA|NA|nan|NA|ORGANIZATION,RO,ES
Romania_2,Spain_598,0.2,0.2,2,cross,0|NA|NA|NA|NA|nan|NA|ORGANIZATION,RO,ES
Romania_2,Spain_534,0.2,0.2,3,cross,0|NA|NA|NA|NA|nan|NA|ORGANIZATION,RO,ES
Romania_2,Spain_312,0.2,0.2,4,cross,0|NA|NA|NA|NA|nan|NA|ORGANIZATION,RO,ES
Romania_2,Germany_19,0.2,0.2,5,cross,0|NA|NA|NA|NA|nan|NA|ORGANIZATION,RO,DE
Romania_7,United Kingdom_22,0.2,0.2,1,cross,0|NA|NA|NA|NA|nan|NA|ORGANIZATION,RO,GB
Romania_7,Spain_43,0.2,0.2,2,cross,0|NA|NA|NA|NA|nan|NA|ORGANIZATION,RO,ES
Romania_7,Spain_226,0.2,0.2,3,cross,0|NA|NA|NA|NA|nan|NA|ORGANIZATION,RO,ES
Romania_7,Spain_281,0.2,0.2,4,cross,0|NA|NA|NA|NA|nan|NA|ORGANIZATION,RO,ES
Romania_7,Spain_514,0.2,0.2,5,cross,0|NA|NA|NA|NA|nan|NA|ORGANIZATION,RO,ES
Romania_15,Spain_172,0.2,0.2,1,cross,0|NA|NA|NA|NA|nan|NA|ORGANIZATION,RO,ES
Romania_15,Spain_163,0.2,0.2,2,cross,0|NA|NA|NA|NA|nan|NA|ORGANIZATION,RO,ES
Romania_15,Spain_241,0.2,0.2,3,cross,0|NA|NA|NA|NA|nan|NA|ORGANIZATION,RO,ES
Romania_15,Spain_208,0.2,0.2,4,cross,0|NA|NA|NA|NA|nan|NA|ORGANIZATION,RO,ES
Romania_15,Spain_592,0.22000000000000003,0.2,5,cross,0|NA|NA|NA|NA|nan|NA|ORGANIZATION,RO,ES
Romania_58,Italy_67,0.2,0.2,1,cross,0|NA|NA|NA|NA|nan|NA|ORGANIZATION,RO,IT
Romania_58,Spain_166,0.22000000000000003,0.2,2,cross,0|NA|NA|NA|NA|nan|NA|ORGANIZATION,RO,ES
Romania_58,Spain_426,0.24857142857142858,0.2,3,cross,0|NA|NA|NA|NA|nan|NA|ORGANIZATION,RO,ES
Romania_58,Spain_64,0.24857142857142858,0.2,4,cross,0|NA|NA|NA|NA|nan|NA|ORGANIZATION,RO,ES
Romania_58,Latvia_10,0.24857142857142858,0.2,5,cross,0|NA|NA|NA|NA|nan|NA|ORGANIZATION,RO,LV
Romania_60,Spain_221,0.2,0.2,1,cross,0|NA|NA|NA|NA|nan|NA|ORGANIZATION,RO,ES
Romania_60,Malta_9,0.2,0.2,2,cross,0|NA|NA|NA|NA|nan|NA|ORGANIZATION,RO,MT
Romania_60,Spain_226,0.22000000000000003,0.2,3,cross,0|NA|NA|NA|NA|nan|NA|ORGANIZATION,RO,ES
Romania_60,United Kingdom_22,0.22000000000000003,0.2,4,cross,0|NA|NA|NA|NA|nan|NA|ORGANIZATION,RO,GB
Romania_60,Spain_514,0.22000000000000003,0.2,5,cross,0|NA|NA|NA|NA|nan|NA|ORGANIZATION,RO,ES
Romania_62,Spain_221,0.2,0.2,1,cross,0|NA|NA|NA|NA|nan|NA|ORGANIZATION,RO,ES
Romania_62,Malta_9,0.2,0.2,2,cross,0|NA|NA|NA|NA|nan|NA|ORGANIZATION,RO,MT
Romania_62,Spain_226,0.22000000000000003,0.2,3,cross,0|NA|NA|NA|NA|nan|NA|ORGANIZATION,RO,ES
Romania_62,United Kingdom_22,0.22000000000000003,0.2,4,cross,0|NA|NA|NA|NA|nan|NA|ORGANIZATION,RO,GB
Romania_62,Spain_514,0.22000000000000003,0.2,5,cross,0|NA|NA|NA|NA|nan|NA|ORGANIZATION,RO,ES
Romania_63,Spain_158,0.22000000000000003,0.2,1,cross,0|NA|NA|NA|NA|nan|NA|ORGANIZATION,RO,ES
Romania_63,Spain_505,0.22000000000000003,0.2,2,cross,0|NA|NA|NA|NA|nan|NA|ORGANIZATION,RO,ES
Romania_63,Italy_101,0.22000000000000003,0.2,3,cross,0|NA|NA|NA|NA|nan|NA|ORGANIZATION,RO,IT
Romania_63,Spain_348,0.22857142857142856,0.2,4,cross,0|NA|NA|NA|NA|nan|NA|ORGANIZATION,RO,ES
Romania_63,Spain_427,0.24,0.2,5,cross,0|NA|NA|NA|NA|nan|NA|ORGANIZATION,RO,ES
Romania_70,Hungary_52,0.2,0.3333333333333333,1,cross,0|NA|NA|NA|NA|nan|NA|ORGANIZATION,RO,HU
Romania_70,Italy_154,0.22857142857142856,0.3333333333333333,2,cross,0|NA|NA|NA|NA|nan|NA|ORGANIZATION,RO,IT
Romania_70,Latvia_13,0.24857142857142858,0.3333333333333333,3,cross,0|NA|NA|NA|NA|nan|NA|ORGANIZATION,RO,LV
Romania_78,Latvia_13,0.22857142857142856,0.2,1,cross,0|NA|NA|NA|NA|nan|NA|ORGANIZATION,RO,LV
Romania_78,Spain_549,0.22857142857142856,0.2,2,cross,0|NA|NA|NA|NA|nan|NA|ORGANIZATION,RO,ES
Romania_78,Greece_117,0.24,0.2,3,cross,0|NA|NA|NA|NA|nan|NA|ORGANIZATION,RO,GR
Romania_78,Spain_502,0.24857142857142858,0.2,4,cross,0|NA|NA|NA|NA|nan|NA|ORGANIZATION,RO,ES
Romania_78,Spain_348,0.24857142857142858,0.2,5,cross,0|NA|NA|NA|NA|nan|NA|ORGANIZATION,RO,ES
Romania_86,Spain_158,0.22000000000000003,0.2,1,cross,0|NA|NA|NA|NA|nan|NA|ORGANIZATION,RO,ES
Romania_86,Spain_505,0.22000000000000003,0.2,2,cross,0|NA|NA|NA|NA|nan|NA|ORGANIZATION,RO,ES
Romania_86,Italy_101,0.22000000000000003,0.2,3,cross,0|NA|NA|NA|NA|nan|NA|ORGANIZATION,RO,IT
Romania_86,Spain_348,0.22857142857142856,0.2,4,cross,0|NA|NA|NA|NA|nan|NA|ORGANIZATION,RO,ES
Romania_86,Spain_427,0.24,0.2,5,cross,0|NA|NA|NA|NA|nan|NA|ORGANIZATION,RO,ES
Romania_85,Greece_49,0.0,0.2,1,cross,0|NA|NA|NA|NA|nan|NA|ORGANIZATION,RO,GR
Romania_85,Greece_121,0.0,0.2,2,cross,0|NA|NA|NA|NA|nan|NA|ORGANIZATION,RO,UNCLEAR
Romania_85,Finland_37,0.02857142857142857,0.2,3,cross,0|NA|NA|NA|NA|nan|NA|ORGANIZATION,RO,FI
Romania_85,Greece_1,0.04,0.2,4,cross,0|NA|NA|NA|NA|nan|NA|ORGANIZATION,RO,UNCLEAR
Romania_85,Greece_11,0.06,0.2,5,cross,0|NA|NA|NA|NA|nan|NA|ORGANIZATION,RO,UNCLEAR
Romania_96,Spain_221,0.2,0.2,1,cross,0|NA|NA|NA|NA|nan|NA|ORGANIZATION,RO,ES
Romania_96,Malta_9,0.2,0.2,2,cross,0|NA|NA|NA|NA|nan|NA|ORGANIZATION,RO,MT
Romania_96,Spain_226,0.22000000000000003,0.2,3,cross,0|NA|NA|NA|NA|nan|NA|ORGANIZATION,RO,ES
Romania_96,United Kingdom_22,0.22000000000000003,0.2,4,cross,0|NA|NA|NA|NA|nan|NA|ORGANIZATION,RO,GB
Romania_96,Spain_514,0.22000000000000003,0.2,5,cross,0|NA|NA|NA|NA|nan|NA|ORGANIZATION,RO,ES
Romania_108,Hungary_29,0.22000000000000003,1.0,1,cross,0|NA|NA|NA|NA|nan|NA|ORGANIZATION,RO,HU
Romania_109,Greece_57,0.11714285714285713,0.2,1,cross,0|NA|NA|NA|NA|nan|NA|ORGANIZATION,RO,UNCLEAR
Romania_109,Spain_163,0.22000000000000003,0.2,2,cross,0|NA|NA|NA|NA|nan|NA|ORGANIZATION,RO,ES
Romania_109,Spain_208,0.22000000000000003,0.2,3,cross,0|NA|NA|NA|NA|nan|NA|ORGANIZATION,RO,ES
Romania_109,Spain_172,0.22000000000000003,0.2,4,cross,0|NA|NA|NA|NA|nan|NA|ORGANIZATION,RO,ES
Romania_109,Finland_37,0.22000000000000003,0.2,5,cross,0|NA|NA|NA|NA|nan|NA|ORGANIZATION,RO,FI
Romania_112,Italy_101,0.2,0.2,1,cross,0|NA|NA|NA|NA|nan|NA|ORGANIZATION,RO,IT
Romania_112,Spain_322,0.22857142857142856,0.2,2,cross,0|NA|NA|NA|NA|nan|NA|ORGANIZATION,RO,ES
Romania_112,Spain_549,0.22857142857142856,0.2,3,cross,0|NA|NA|NA|NA|nan|NA|ORGANIZATION,RO,ES
Romania_112,Spain_158,0.24,0.2,4,cross,0|NA|NA|NA|NA|nan|NA|ORGANIZATION,RO,ES
Romania_112,Spain_505,0.24,0.2,5,cross,0|NA|NA|NA|NA|nan|NA|ORGANIZATION,RO,ES
Romania_130,United Kingdom_22,0.2,0.2,1,cross,0|NA|NA|NA|NA|nan|NA|ORGANIZATION,RO,GB
Romania_130,Spain_43,0.2,0.2,2,cross,0|NA|NA|NA|NA|nan|NA|ORGANIZATION,RO,ES
Romania_130,Spain_226,0.2,0.2,3,cross,0|NA|NA|NA|NA|nan|NA|ORGANIZATION,RO,ES
Romania_130,Spain_281,0.2,0.2,4,cross,0|NA|NA|NA|NA|nan|NA|ORGANIZATION,RO,ES
Romania_130,Spain_514,0.2,0.2,5,cross,0|NA|NA|NA|NA|nan|NA|ORGANIZATION,RO,ES
Romania_133,Spain_46,0.2,0.2,1,cross,0|NA|NA|NA|NA|nan|NA|ORGANIZATION,RO,ES
Romania_133,Spain_96,0.2,0.2,2,cross,0|NA|NA|NA|NA|nan|NA|ORGANIZATION,RO,ES
Romania_133,Spain_466,0.2,0.2,3,cross,0|NA|NA|NA|NA|nan|NA|ORGANIZATION,RO,ES
Romania_133,Spain_336,0.2,0.2,4,cross,0|NA|NA|NA|NA|nan|NA|ORGANIZATION,RO,ES
Romania_133,Iceland_55,0.2,0.2,5,cross,0|NA|NA|NA|NA|nan|NA|ORGANIZATION,RO,IS
Romania_135,Spain_190,0.24,0.5,1,cross,0|NA|NA|NA|NA|nan|NA|ORGANIZATION,RO,ES
Romania_135,Finland_34,0.24857142857142858,0.5,2,cross,0|NA|NA|NA|NA|nan|NA|ORGANIZATION,RO,FI
Romania_137,Spain_322,0.2,0.2,1,cross,0|NA|NA|NA|NA|nan|NA|ORGANIZATION,RO,ES
Romania_137,Greece_49,0.22000000000000003,0.2,2,cross,0|NA|NA|NA|NA|nan|NA|ORGANIZATION,RO,GR
Romania_137,Greece_121,0.22000000000000003,0.2,3,cross,0|NA|NA|NA|NA|nan|NA|ORGANIZATION,RO,UNCLEAR
Romania_137,Italy_101,0.22857142857142856,0.2,4,cross,0|NA|NA|NA|NA|nan|NA|ORGANIZATION,RO,IT
Romania_137,Malta_9,0.24,0.2,5,cross,0|NA|NA|NA|NA|nan|NA|ORGANIZATION,RO,MT
Romania_139,Spain_123,0.22857142857142856,0.2,1,cross,0|NA|NA|NA|NA|nan|NA|ORGANIZATION,RO,ES
Romania_139,Spain_344,0.22857142857142856,0.2,2,cross,0|NA|NA|NA|NA|nan|NA|ORGANIZATION,RO,ES
Romania_139,Spain_600,0.24,0.2,3,cross,0|NA|NA|NA|NA|nan|NA|ORGANIZATION,RO,ES
Romania_139,Finland_21,0.24,0.2,4,cross,0|NA|NA|NA|NA|nan|NA|ORGANIZATION,RO,FI
Romania_139,Spain_282,0.24857142857142858,0.2,5,cross,0|NA|NA|NA|NA|nan|NA|ORGANIZATION,RO,ES
Romania_143,Greece_1,0.0,0.2,1,cross,0|NA|NA|NA|NA|nan|NA|ORGANIZATION,RO,UNCLEAR
Romania_143,Greece_11,0.02,0.2,2,cross,0|NA|NA|NA|NA|nan|NA|ORGANIZATION,RO,UNCLEAR
Romania_143,Greece_90,0.02857142857142857,0.2,3,cross,0|NA|NA|NA|NA|nan|NA|ORGANIZATION,RO,GR
Romania_143,Greece_49,0.04,0.2,4,cross,0|NA|NA|NA|NA|nan|NA|ORGANIZATION,RO,GR
Romania_143,Greece_121,0.04,0.2,5,cross,0|NA|NA|NA|NA|nan|NA|ORGANIZATION,RO,UNCLEAR
Romania_148,Slovenia_57,0.2,0.2,1,cross,0|NA|NA|NA|NA|nan|NA|ORGANIZATION,RO,SI
Romania_148,Slovenia_62,0.2,0.2,2,cross,0|NA|NA|NA|NA|nan|NA|ORGANIZATION,RO,SI
Romania_148,Germany_36,0.2,0.2,3,cross,0|NA|NA|NA|NA|nan|NA|ORGANIZATION,RO,DE
Romania_148,Netherlands_28,0.22000000000000003,0.2,4,cross,0|NA|NA|NA|NA|nan|NA|ORGANIZATION,RO,NL
Romania_148,Luxembourg_7,0.22857142857142856,0.2,5,cross,0|NA|NA|NA|NA|nan|NA|ORGANIZATION,RO,LU
Romania_151,Spain_94,0.2,0.2,1,cross,0|NA|NA|NA|NA|nan|NA|ORGANIZATION,RO,ES
Romania_151,Spain_516,0.2,0.2,2,cross,0|NA|NA|NA|NA|nan|NA|ORGANIZATION,RO,ES
Romania_151,Spain_501,0.2,0.2,3,cross,0|NA|NA|NA|NA|nan|NA|ORGANIZATION,RO,ES
Romania_151,Spain_370,0.22000000000000003,0.2,4,cross,0|NA|NA|NA|NA|nan|NA|ORGANIZATION,RO,ES
Romania_151,Spain_553,0.22000000000000003,0.2,5,cross,0|NA|NA|NA|NA|nan|NA|ORGANIZATION,RO,ES
Romania_157,Greece_43,0.02,0.2,1,cross,0|NA|NA|NA|NA|nan|NA|ORGANIZATION,RO,GR
Romania_157,Greece_49,0.2,0.2,2,cross,0|NA|NA|NA|NA|nan|NA|ORGANIZATION,RO,GR
Romania_157,Greece_121,0.2,0.2,3,cross,0|NA|NA|NA|NA|nan|NA|ORGANIZATION,RO,UNCLEAR
Romania_157,Finland_37,0.22857142857142856,0.2,4,cross,0|NA|NA|NA|NA|nan|NA|ORGANIZATION,RO,FI
Romania_157,United Kingdom_33,0.24,0.2,5,cross,0|NA|NA|NA|NA|nan|NA|ORGANIZATION,RO,UNCLEAR
Romania_163,Italy_101,0.2,0.2,1,cross,0|NA|NA|NA|NA|nan|NA|ORGANIZATION,RO,IT
Romania_163,Spain_322,0.22857142857142856,0.2,2,cross,0|NA|NA|NA|NA|nan|NA|ORGANIZATION,RO,ES
Romania_163,Spain_549,0.22857142857142856,0.2,3,cross,0|NA|NA|NA|NA|nan|NA|ORGANIZATION,RO,ES
Romania_163,Spain_158,0.24,0.2,4,cross,0|NA|NA|NA|NA|nan|NA|ORGANIZATION,RO,ES
Romania_163,Spain_505,0.24,0.2,5,cross,0|NA|NA|NA|NA|nan|NA|ORGANIZATION,RO,ES
Romania_164,Spain_282,0.2,0.2,1,cross,0|NA|NA|NA|NA|nan|NA|ORGANIZATION,RO,ES
Romania_164,Spain_228,0.2,0.2,2,cross,0|NA|NA|NA|NA|nan|NA|ORGANIZATION,RO,ES
Romania_164,Spain_543,0.2,0.2,3,cross,0|NA|NA|NA|NA|nan|NA|ORGANIZATION,RO,ES
Romania_164,Spain_372,0.2,0.2,4,cross,0|NA|NA|NA|NA|nan|NA|ORGANIZATION,RO,ES
Romania_164,Finland_37,0.2,0.2,5,cross,0|NA|NA|NA|NA|nan|NA|ORGANIZATION,RO,FI
Romania_170,Greece_1,0.22000000000000003,0.2,1,cross,0|NA|NA|NA|NA|nan|NA|ORGANIZATION,RO,UNCLEAR
Romania_170,Greece_121,0.22000000000000003,0.2,2,cross,0|NA|NA|NA|NA|nan|NA|ORGANIZATION,RO,UNCLEAR
Romania_170,Greece_49,0.22000000000000003,0.2,3,cross,0|NA|NA|NA|NA|nan|NA|ORGANIZATION,RO,GR
Romania_170,Greece_9,0.22000000000000003,0.2,4,cross,0|NA|NA|NA|NA|nan|NA|ORGANIZATION,RO,GR
Romania_170,Italy_86,0.22857142857142856,0.2,5,cross,0|NA|NA|NA|NA|nan|NA|ORGANIZATION,RO,IT
Portugal_5,Spain_62,0.2,0.2,1,cross,0|NA|NA|NA|NA|nan|NA|ORGANIZATION,PT,ES
Portugal_5,Spain_69,0.2,0.2,2,cross,0|NA|NA|NA|NA|nan|NA|ORGANIZATION,PT,ES
Portugal_5,Spain_36,0.2,0.2,3,cross,0|NA|NA|NA|NA|nan|NA|ORGANIZATION,PT,ES
Portugal_5,Spain_106,0.2,0.2,4,cross,0|NA|NA|NA|NA|nan|NA|ORGANIZATION,PT,ES
Portugal_5,Spain_291,0.2,0.2,5,cross,0|NA|NA|NA|NA|nan|NA|ORGANIZATION,PT,ES
Poland_7,Spain_173,0.2,0.2,1,cross,0|NA|NA|NA|NA|nan|NA|ORGANIZATION,PL,ES
Poland_7,Spain_179,0.2,0.2,2,cross,0|NA|NA|NA|NA|nan|NA|ORGANIZATION,PL,ES
Poland_7,Spain_458,0.2,0.2,3,cross,0|NA|NA|NA|NA|nan|NA|ORGANIZATION,PL,ES
Poland_7,Spain_190,0.22000000000000003,0.2,4,cross,0|NA|NA|NA|NA|nan|NA|ORGANIZATION,PL,ES
Poland_7,Spain_243,0.22857142857142856,0.2,5,cross,0|NA|NA|NA|NA|nan|NA|ORGANIZATION,PL,ES
Poland_63,Spain_62,0.2,0.2,1,cross,0|NA|NA|NA|NA|nan|NA|ORGANIZATION,PL,ES
Poland_63,Spain_69,0.2,0.2,2,cross,0|NA|NA|NA|NA|nan|NA|ORGANIZATION,PL,ES
Poland_63,Spain_36,0.2,0.2,3,cross,0|NA|NA|NA|NA|nan|NA|ORGANIZATION,PL,ES
Poland_63,Spain_106,0.2,0.2,4,cross,0|NA|NA|NA|NA|nan|NA|ORGANIZATION,PL,ES
Poland_63,Spain_291,0.2,0.2,5,cross,0|NA|NA|NA|NA|nan|NA|ORGANIZATION,PL,ES
Norway_23,Iceland_28,0.2,0.2,1,cross,0|NA|NA|NA|NA|nan|NA|ORGANIZATION,NO,IS
Norway_23,Greece_9,0.22000000000000003,0.2,2,cross,0|NA|NA|NA|NA|nan|NA|ORGANIZATION,NO,GR
Norway_23,Romania_170,0.24,0.2,3,cross,0|NA|NA|NA|NA|nan|NA|ORGANIZATION,NO,RO
Norway_23,Spain_261,0.24857142857142858,0.2,4,cross,0|NA|NA|NA|NA|nan|NA|ORGANIZATION,NO,ES
Norway_23,Iceland_38,0.24857142857142858,0.2,5,cross,0|NA|NA|NA|NA|nan|NA|ORGANIZATION,NO,IS
Norway_30,Spain_62,0.2,0.2,1,cross,0|NA|NA|NA|NA|nan|NA|ORGANIZATION,NO,ES
Norway_30,Spain_69,0.2,0.2,2,cross,0|NA|NA|NA|NA|nan|NA|ORGANIZATION,NO,ES
Norway_30,Spain_36,0.2,0.2,3,cross,0|NA|NA|NA|NA|nan|NA|ORGANIZATION,NO,ES
Norway_30,Spain_106,0.2,0.2,4,cross,0|NA|NA|NA|NA|nan|NA|ORGANIZATION,NO,ES
Norway_30,Spain_291,0.2,0.2,5,cross,0|NA|NA|NA|NA|nan|NA|ORGANIZATION,NO,ES
Norway_43,Spain_62,0.2,0.2,1,cross,0|NA|NA|NA|NA|nan|NA|ORGANIZATION,NO,ES
Norway_43,Spain_69,0.2,0.2,2,cross,0|NA|NA|NA|NA|nan|NA|ORGANIZATION,NO,ES
Norway_43,Spain_36,0.2,0.2,3,cross,0|NA|NA|NA|NA|nan|NA|ORGANIZATION,NO,ES
Norway_43,Spain_106,0.2,0.2,4,cross,0|NA|NA|NA|NA|nan|NA|ORGANIZATION,NO,ES
Norway_43,Spain_291,0.2,0.2,5,cross,0|NA|NA|NA|NA|nan|NA|ORGANIZATION,NO,ES
Norway_44,Spain_86,0.2,0.2,1,cross,0|NA|NA|NA|NA|nan|NA|ORGANIZATION,NO,ES
Norway_44,Spain_424,0.22000000000000003,0.2,2,cross,0|NA|NA|NA|NA|nan|NA|ORGANIZATION,NO,ES
Norway_44,Spain_243,0.22000000000000003,0.2,3,cross,0|NA|NA|NA|NA|nan|NA|ORGANIZATION,NO,ES
Norway_44,Spain_232,0.22000000000000003,0.2,4,cross,0|NA|NA|NA|NA|nan|NA|ORGANIZATION,NO,ES
Norway_44,Spain_535,0.22000000000000003,0.2,5,cross,0|NA|NA|NA|NA|nan|NA|ORGANIZATION,NO,ES
Norway_56,Spain_81,0.22000000000000003,0.2,1,cross,0|NA|NA|NA|NA|nan|NA|ORGANIZATION,NO,ES
Norway_56,Spain_103,0.22000000000000003,0.2,2,cross,0|NA|NA|NA|NA|nan|NA|ORGANIZATION,NO,ES
Norway_56,Spain_160,0.22000000000000003,0.2,3,cross,0|NA|NA|NA|NA|nan|NA|ORGANIZATION,NO,ES
Norway_56,Spain_165,0.22000000000000003,0.2,4,cross,0|NA|NA|NA|NA|nan|NA|ORGANIZATION,NO,ES
Norway_56,Spain_181,0.22000000000000003,0.2,5,cross,0|NA|NA|NA|NA|nan|NA|ORGANIZATION,NO,ES
Norway_55,Sweden_44,0.2,0.2,1,cross,0|NA|NA|NA|NA|nan|NA|ORGANIZATION,NO,SE
Norway_55,Spain_591,0.22000000000000003,0.2,2,cross,0|NA|NA|NA|NA|nan|NA|ORGANIZATION,NO,ES
Norway_55,Italy_93,0.22000000000000003,0.2,3,cross,0|NA|NA|NA|NA|nan|NA|ORGANIZATION,NO,IT
Norway_55,Spain_338,0.22857142857142856,0.2,4,cross,0|NA|NA|NA|NA|nan|NA|ORGANIZATION,NO,ES
Norway_55,Spain_483,0.22857142857142856,0.2,5,cross,0|NA|NA|NA|NA|nan|NA|ORGANIZATION,NO,ES
Norway_64,Spain_62,0.2,0.2,1,cross,0|NA|NA|NA|NA|nan|NA|ORGANIZATION,NO,ES
Norway_64,Spain_69,0.2,0.2,2,cross,0|NA|NA|NA|NA|nan|NA|ORGANIZATION,NO,ES
Norway_64,Spain_36,0.2,0.2,3,cross,0|NA|NA|NA|NA|nan|NA|ORGANIZATION,NO,ES
Norway_64,Spain_106,0.2,0.2,4,cross,0|NA|NA|NA|NA|nan|NA|ORGANIZATION,NO,ES
Norway_64,Spain_291,0.2,0.2,5,cross,0|NA|NA|NA|NA|nan|NA|ORGANIZATION,NO,ES
Norway_66,Spain_6,0.2,0.2,1,cross,0|NA|NA|NA|NA|nan|NA|ORGANIZATION,EE,ES
Norway_66,Spain_9,0.2,0.2,2,cross,0|NA|NA|NA|NA|nan|NA|ORGANIZATION,EE,ES
Norway_66,Spain_12,0.2,0.2,3,cross,0|NA|NA|NA|NA|nan|NA|ORGANIZATION,EE,ES
Norway_66,Spain_51,0.2,0.2,4,cross,0|NA|NA|NA|NA|nan|NA|ORGANIZATION,EE,ES
Norway_66,Spain_99,0.2,0.2,5,cross,0|NA|NA|NA|NA|nan|NA|ORGANIZATION,EE,ES
Netherlands_5,Spain_102,0.2,0.2,1,cross,0|NA|NA|NA|NA|nan|NA|ORGANIZATION,NL,ES
Netherlands_5,Spain_598,0.2,0.2,2,cross,0|NA|NA|NA|NA|nan|NA|ORGANIZATION,NL,ES
Netherlands_5,Spain_534,0.2,0.2,3,cross,0|NA|NA|NA|NA|nan|NA|ORGANIZATION,NL,ES
Netherlands_5,Spain_312,0.2,0.2,4,cross,0|NA|NA|NA|NA|nan|NA|ORGANIZATION,NL,ES
Netherlands_5,Germany_19,0.2,0.2,5,cross,0|NA|NA|NA|NA|nan|NA|ORGANIZATION,NL,DE
Netherlands_28,Slovenia_57,0.22000000000000003,0.2,1,cross,0|NA|NA|NA|NA|nan|NA|ORGANIZATION,NL,SI
Netherlands_28,Slovenia_62,0.22000000000000003,0.2,2,cross,0|NA|NA|NA|NA|nan|NA|ORGANIZATION,NL,SI
Netherlands_28,Romania_148,0.22000000000000003,0.2,3,cross,0|NA|NA|NA|NA|nan|NA|ORGANIZATION,NL,RO
Netherlands_28,Germany_36,0.22000000000000003,0.2,4,cross,0|NA|NA|NA|NA|nan|NA|ORGANIZATION,NL,DE
Netherlands_28,Greece_43,0.22857142857142856,0.2,5,cross,0|NA|NA|NA|NA|nan|NA|ORGANIZATION,NL,GR
Netherlands_31,Spain_438,0.2,0.2,1,cross,0|NA|NA|NA|NA|nan|NA|ORGANIZATION,NL,ES
Netherlands_31,Spain_392,0.2,0.2,2,cross,0|NA|NA|NA|NA|nan|NA|ORGANIZATION,NL,ES
Netherlands_31,Spain_380,0.2,0.2,3,cross,0|NA|NA|NA|NA|nan|NA|ORGANIZATION,NL,ES
Netherlands_31,Spain_371,0.2,0.2,4,cross,0|NA|NA|NA|NA|nan|NA|ORGANIZATION,NL,ES
Netherlands_31,Spain_606,0.2,0.2,5,cross,0|NA|NA|NA|NA|nan|NA|ORGANIZATION,NL,ES
Netherlands_37,Sweden_50,0.2,0.2,1,cross,0|NA|NA|NA|NA|nan|NA|ORGANIZATION,NL,SE
Netherlands_37,Spain_84,0.2,0.2,2,cross,0|NA|NA|NA|NA|nan|NA|ORGANIZATION,NL,ES
Netherlands_37,Spain_109,0.2,0.2,3,cross,0|NA|NA|NA|NA|nan|NA|ORGANIZATION,NL,ES
Netherlands_37,Spain_137,0.2,0.2,4,cross,0|NA|NA|NA|NA|nan|NA|ORGANIZATION,NL,ES
Netherlands_37,Spain_164,0.2,0.2,5,cross,0|NA|NA|NA|NA|nan|NA|ORGANIZATION,NL,ES
Malta_9,Spain_221,0.2,0.2,1,cross,0|NA|NA|NA|NA|nan|NA|ORGANIZATION,MT,ES
Malta_9,Romania_96,0.2,0.2,2,cross,0|NA|NA|NA|NA|nan|NA|ORGANIZATION,MT,RO
Malta_9,Romania_62,0.2,0.2,3,cross,0|NA|NA|NA|NA|nan|NA|ORGANIZATION,MT,RO
Malta_9,Romania_60,0.2,0.2,4,cross,0|NA|NA|NA|NA|nan|NA|ORGANIZATION,MT,RO
Malta_9,Spain_514,0.22000000000000003,0.2,5,cross,0|NA|NA|NA|NA|nan|NA|ORGANIZATION,MT,ES
Luxembourg_1,Spain_15,0.22000000000000003,0.2,1,cross,0|NA|NA|NA|NA|nan|NA|ORGANIZATION,LU,ES
Luxembourg_1,Greece_95,0.22000000000000003,0.2,2,cross,0|NA|NA|NA|NA|nan|NA|ORGANIZATION,LU,GR
Luxembourg_1,Germany_27,0.22857142857142856,0.2,3,cross,0|NA|NA|NA|NA|nan|NA|ORGANIZATION,LU,DE
Luxembourg_1,Ireland_24,0.24857142857142858,0.2,4,cross,0|NA|NA|NA|NA|nan|NA|ORGANIZATION,LU,IE
Luxembourg_1,France_26,0.24857142857142858,0.2,5,cross,0|NA|NA|NA|NA|nan|NA|ORGANIZATION,LU,FR
Luxembourg_7,Slovenia_57,0.22857142857142856,0.2,1,cross,0|NA|NA|NA|NA|nan|NA|ORGANIZATION,LU,SI
Luxembourg_7,Slovenia_62,0.22857142857142856,0.2,2,cross,0|NA|NA|NA|NA|nan|NA|ORGANIZATION,LU,SI
Luxembourg_7,Romania_148,0.22857142857142856,0.2,3,cross,0|NA|NA|NA|NA|nan|NA|ORGANIZATION,LU,RO
Luxembourg_7,Germany_36,0.22857142857142856,0.2,4,cross,0|NA|NA|NA|NA|nan|NA|ORGANIZATION,LU,DE
Luxembourg_7,Netherlands_28,0.24857142857142858,0.2,5,cross,0|NA|NA|NA|NA|nan|NA|ORGANIZATION,LU,NL
Luxembourg_16,Spain_18,0.2,1.0,1,cross,0|NA|NA|NA|NA|nan|NA|ORGANIZATION,LU,ES
Lithuania_9,Spain_6,0.2,0.2,1,cross,0|NA|NA|NA|NA|nan|NA|ORGANIZATION,LT,ES
Lithuania_9,Spain_9,0.2,0.2,2,cross,0|NA|NA|NA|NA|nan|NA|ORGANIZATION,LT,ES
Lithuania_9,Spain_12,0.2,0.2,3,cross,0|NA|NA|NA|NA|nan|NA|ORGANIZATION,LT,ES
Lithuania_9,Spain_51,0.2,0.2,4,cross,0|NA|NA|NA|NA|nan|NA|ORGANIZATION,LT,ES
Lithuania_9,Spain_99,0.2,0.2,5,cross,0|NA|NA|NA|NA|nan|NA|ORGANIZATION,LT,ES
Lithuania_12,Spain_468,0.2,0.2,1,cross,0|NA|NA|NA|NA|nan|NA|ORGANIZATION,LT,ES
Lithuania_12,Italy_42,0.2,0.2,2,cross,0|NA|NA|NA|NA|nan|NA|ORGANIZATION,LT,IT
Lithuania_12,Ireland_1,0.2,0.2,3,cross,0|NA|NA|NA|NA|nan|NA|ORGANIZATION,LT,IE
Lithuania_12,Spain_338,0.22857142857142856,0.2,4,cross,0|NA|NA|NA|NA|nan|NA|ORGANIZATION,LT,ES
Lithuania_12,Spain_483,0.22857142857142856,0.2,5,cross,0|NA|NA|NA|NA|nan|NA|ORGANIZATION,LT,ES
Latvia_6,Italy_136,0.24857142857142858,1.0,1,cross,0|NA|NA|NA|NA|nan|NA|ORGANIZATION,LV,IT
Latvia_12,Italy_136,0.2,1.0,1,cross,0|NA|NA|NA|NA|nan|NA|ORGANIZATION,LV,IT
Latvia_10,Spain_64,0.2,0.2,1,cross,0|NA|NA|NA|NA|nan|NA|ORGANIZATION,LV,ES
Latvia_10,Spain_426,0.2,0.2,2,cross,0|NA|NA|NA|NA|nan|NA|ORGANIZATION,LV,ES
Latvia_10,Spain_166,0.22857142857142856,0.2,3,cross,0|NA|NA|NA|NA|nan|NA|ORGANIZATION,LV,ES
Latvia_10,Spain_163,0.22857142857142856,0.2,4,cross,0|NA|NA|NA|NA|nan|NA|ORGANIZATION,LV,ES
Latvia_10,Spain_172,0.22857142857142856,0.2,5,cross,0|NA|NA|NA|NA|nan|NA|ORGANIZATION,LV,ES
Latvia_13,Spain_502,0.22000000000000003,0.2,1,cross,0|NA|NA|NA|NA|nan|NA|ORGANIZATION,LV,ES
Latvia_13,Italy_154,0.22000000000000003,0.2,2,cross,0|NA|NA|NA|NA|nan|NA|ORGANIZATION,LV,IT
Latvia_13,Romania_78,0.22857142857142856,0.2,3,cross,0|NA|NA|NA|NA|nan|NA|ORGANIZATION,LV,RO
Latvia_13,Romania_70,0.24857142857142858,0.2,4,cross,0|NA|NA|NA|NA|nan|NA|ORGANIZATION,LV,RO
Latvia_13,Hungary_52,0.24857142857142858,0.2,5,cross,0|NA|NA|NA|NA|nan|NA|ORGANIZATION,LV,HU
Italy_32,Iceland_77,0.22857142857142856,0.25,1,cross,0|NA|NA|NA|NA|nan|NA|ORGANIZATION,IT,IS
Italy_32,Spain_261,0.24,0.25,2,cross,0|NA|NA|NA|NA|nan|NA|ORGANIZATION,IT,ES
Italy_32,Iceland_38,0.24,0.25,3,cross,0|NA|NA|NA|NA|nan|NA|ORGANIZATION,IT,IS
Italy_32,Romania_170,0.24857142857142858,0.25,4,cross,0|NA|NA|NA|NA|nan|NA|ORGANIZATION,IT,RO
Italy_42,Spain_468,0.2,0.2,1,cross,0|NA|NA|NA|NA|nan|NA|ORGANIZATION,IT,ES
Italy_42,Lithuania_12,0.2,0.2,2,cross,0|NA|NA|NA|NA|nan|NA|ORGANIZATION,IT,LT
Italy_42,Ireland_1,0.2,0.2,3,cross,0|NA|NA|NA|NA|nan|NA|ORGANIZATION,IT,IE
Italy_42,Spain_338,0.22857142857142856,0.2,4,cross,0|NA|NA|NA|NA|nan|NA|ORGANIZATION,IT,ES
Italy_42,Spain_483,0.22857142857142856,0.2,5,cross,0|NA|NA|NA|NA|nan|NA|ORGANIZATION,IT,ES
Italy_49,Spain_599,0.22000000000000003,1.0,1,cross,0|NA|NA|NA|NA|nan|NA|ORGANIZATION,IT,ES
Italy_51,Ireland_10,0.24857142857142858,1.0,1,cross,0|NA|NA|NA|NA|nan|NA|ORGANIZATION,IT,IE
Italy_67,Romania_58,0.2,0.2,1,cross,0|NA|NA|NA|NA|nan|NA|ORGANIZATION,IT,RO
Italy_67,Spain_166,0.22000000000000003,0.2,2,cross,0|NA|NA|NA|NA|nan|NA|ORGANIZATION,IT,ES
Italy_67,Spain_64,0.24857142857142858,0.2,3,cross,0|NA|NA|NA|NA|nan|NA|ORGANIZATION,IT,ES
Italy_67,Spain_426,0.24857142857142858,0.2,4,cross,0|NA|NA|NA|NA|nan|NA|ORGANIZATION,IT,ES
Italy_67,Latvia_10,0.24857142857142858,0.2,5,cross,0|NA|NA|NA|NA|nan|NA|ORGANIZATION,IT,LV
Italy_86,Spain_261,0.22000000000000003,0.2,1,cross,0|NA|NA|NA|NA|nan|NA|ORGANIZATION,IT,ES
Italy_86,Iceland_38,0.22000000000000003,0.2,2,cross,0|NA|NA|NA|NA|nan|NA|ORGANIZATION,IT,IS
Italy_86,Romania_170,0.22857142857142856,0.2,3,cross,0|NA|NA|NA|NA|nan|NA|ORGANIZATION,IT,RO
Italy_86,Iceland_77,0.24857142857142858,0.2,4,cross,0|NA|NA|NA|NA|nan|NA|ORGANIZATION,IT,IS
Italy_86,Greece_9,0.24857142857142858,0.2,5,cross,0|NA|NA|NA|NA|nan|NA|ORGANIZATION,IT,GR
Italy_93,Sweden_44,0.22000000000000003,0.2,1,cross,0|NA|NA|NA|NA|nan|NA|ORGANIZATION,IT,SE
Italy_93,Norway_55,0.22000000000000003,0.2,2,cross,0|NA|NA|NA|NA|nan|NA|ORGANIZATION,IT,NO
Italy_93,Spain_591,0.24,0.2,3,cross,0|NA|NA|NA|NA|nan|NA|ORGANIZATION,IT,ES
Italy_93,Spain_338,0.24857142857142858,0.2,4,cross,0|NA|NA|NA|NA|nan|NA|ORGANIZATION,IT,ES
Italy_93,Spain_483,0.24857142857142858,0.2,5,cross,0|NA|NA|NA|NA|nan|NA|ORGANIZATION,IT,ES
Italy_101,Romania_112,0.2,0.2,1,cross,0|NA|NA|NA|NA|nan|NA|ORGANIZATION,IT,RO
Italy_101,Romania_163,0.2,0.2,2,cross,0|NA|NA|NA|NA|nan|NA|ORGANIZATION,IT,RO
Italy_101,Romania_86,0.22000000000000003,0.2,3,cross,0|NA|NA|NA|NA|nan|NA|ORGANIZATION,IT,RO
Italy_101,Romania_63,0.22000000000000003,0.2,4,cross,0|NA|NA|NA|NA|nan|NA|ORGANIZATION,IT,RO
Italy_101,Spain_549,0.22857142857142856,0.2,5,cross,0|NA|NA|NA|NA|nan|NA|ORGANIZATION,IT,ES
Italy_103,Spain_482,0.2,0.2,1,cross,0|NA|NA|NA|NA|nan|NA|ORGANIZATION,IT,ES
Italy_103,Spain_28,0.22000000000000003,0.2,2,cross,0|NA|NA|NA|NA|nan|NA|ORGANIZATION,IT,ES
Italy_103,Iceland_70,0.22000000000000003,0.2,3,cross,0|NA|NA|NA|NA|nan|NA|ORGANIZATION,IT,IS
Italy_103,Spain_81,0.22857142857142856,0.2,4,cross,0|NA|NA|NA|NA|nan|NA|ORGANIZATION,IT,ES
Italy_103,Spain_165,0.22857142857142856,0.2,5,cross,0|NA|NA|NA|NA|nan|NA|ORGANIZATION,IT,ES
Italy_136,Latvia_12,0.2,0.5,1,cross,0|NA|NA|NA|NA|nan|NA|ORGANIZATION,IT,LV
Italy_136,Latvia_6,0.24857142857142858,0.5,2,cross,0|NA|NA|NA|NA|nan|NA|ORGANIZATION,IT,LV
Italy_141,Spain_591,0.24,1.0,1,cross,0|NA|NA|NA|NA|nan|NA|ORGANIZATION,IT,ES
Italy_149,Sweden_21,0.22000000000000003,0.5,1,cross,0|NA|NA|NA|NA|nan|NA|ORGANIZATION,IT,SE
Italy_149,Germany_10,0.22857142857142856,0.5,2,cross,0|NA|NA|NA|NA|nan|NA|ORGANIZATION,IT,DE
Italy_154,Latvia_13,0.22000000000000003,0.2,1,cross,0|NA|NA|NA|NA|nan|NA|ORGANIZATION,IT,LV
Italy_154,Romania_70,0.22857142857142856,0.2,2,cross,0|NA|NA|NA|NA|nan|NA|ORGANIZATION,IT,RO
Italy_154,Hungary_52,0.22857142857142856,0.2,3,cross,0|NA|NA|NA|NA|nan|NA|ORGANIZATION,IT,HU
Italy_154,Spain_502,0.24,0.2,4,cross,0|NA|NA|NA|NA|nan|NA|ORGANIZATION,IT,ES
Italy_154,Romania_78,0.24857142857142858,0.2,5,cross,0|NA|NA|NA|NA|nan|NA|ORGANIZATION,IT,RO
Italy_159,Greece_123,0.2,0.5,1,cross,0|NA|NA|NA|NA|nan|NA|ORGANIZATION,IT,GR
Italy_159,Spain_618,0.22857142857142856,0.5,2,cross,0|NA|NA|NA|NA|nan|NA|ORGANIZATION,IT,ES
Italy_256,Spain_468,0.24857142857142858,0.25,1,cross,0|NA|NA|NA|NA|nan|NA|ORGANIZATION,IT,ES
Italy_256,Lithuania_12,0.24857142857142858,0.25,2,cross,0|NA|NA|NA|NA|nan|NA|ORGANIZATION,IT,LT
Italy_256,Ireland_1,0.24857142857142858,0.25,3,cross,0|NA|NA|NA|NA|nan|NA|ORGANIZATION,IT,IE
Italy_256,Ireland_34,0.24857142857142858,0.25,4,cross,0|NA|NA|NA|NA|nan|NA|ORGANIZATION,IT,IE
Italy_292,Greece_86,0.22000000000000003,0.2,1,cross,0|NA|NA|NA|NA|nan|NA|ORGANIZATION,IT,GR
Italy_292,Ireland_34,0.22857142857142856,0.2,2,cross,0|NA|NA|NA|NA|nan|NA|ORGANIZATION,IT,IE
Italy_292,Spain_338,0.24,0.2,3,cross,0|NA|NA|NA|NA|nan|NA|ORGANIZATION,IT,ES
Italy_292,Spain_403,0.24,0.2,4,cross,0|NA|NA|NA|NA|nan|NA|ORGANIZATION,IT,ES
Italy_292,Spain_483,0.24,0.2,5,cross,0|NA|NA|NA|NA|nan|NA|ORGANIZATION,IT,ES
Ireland_1,Spain_468,0.2,0.2,1,cross,0|NA|NA|NA|NA|nan|NA|ORGANIZATION,IE,ES
Ireland_1,Lithuania_12,0.2,0.2,2,cross,0|NA|NA|NA|NA|nan|NA|ORGANIZATION,IE,LT
Ireland_1,Italy_42,0.2,0.2,3,cross,0|NA|NA|NA|NA|nan|NA|ORGANIZATION,IE,IT
Ireland_1,Spain_338,0.22857142857142856,0.2,4,cross,0|NA|NA|NA|NA|nan|NA|ORGANIZATION,IE,ES
Ireland_1,Spain_483,0.22857142857142856,0.2,5,cross,0|NA|NA|NA|NA|nan|NA|ORGANIZATION,IE,ES
Ireland_10,Italy_51,0.24857142857142858,1.0,1,cross,0|NA|NA|NA|NA|nan|NA|ORGANIZATION,IE,IT
Ireland_24,Germany_27,0.22000000000000003,0.2,1,cross,0|NA|NA|NA|NA|nan|NA|ORGANIZATION,IE,DE
Ireland_24,Spain_15,0.22857142857142856,0.2,2,cross,0|NA|NA|NA|NA|nan|NA|ORGANIZATION,IE,ES
Ireland_24,Greece_95,0.22857142857142856,0.2,3,cross,0|NA|NA|NA|NA|nan|NA|ORGANIZATION,IE,GR
Ireland_24,France_26,0.24,0.2,4,cross,0|NA|NA|NA|NA|nan|NA|ORGANIZATION,IE,FR
Ireland_24,Luxembourg_1,0.24857142857142858,0.2,5,cross,0|NA|NA|NA|NA|nan|NA|ORGANIZATION,IE,LU
Ireland_34,Italy_292,0.22857142857142856,0.2,1,cross,0|NA|NA|NA|NA|nan|NA|ORGANIZATION,IE,IT
Ireland_34,Spain_468,0.24,0.2,2,cross,0|NA|NA|NA|NA|nan|NA|ORGANIZATION,IE,ES
Ireland_34,Italy_42,0.24,0.2,3,cross,0|NA|NA|NA|NA|nan|NA|ORGANIZATION,IE,IT
Ireland_34,Lithuania_12,0.24,0.2,4,cross,0|NA|NA|NA|NA|nan|NA|ORGANIZATION,IE,LT
Ireland_34,Italy_256,0.24857142857142858,0.2,5,cross,0|NA|NA|NA|NA|nan|NA|ORGANIZATION,IE,IT
Iceland_9,United Kingdom_27,0.2,0.2,1,cross,0|NA|NA|NA|NA|nan|NA|ORGANIZATION,IS,GB
Iceland_9,Spain_427,0.2,0.2,2,cross,0|NA|NA|NA|NA|nan|NA|ORGANIZATION,IS,ES
Iceland_9,Spain_505,0.22000000000000003,0.2,3,cross,0|NA|NA|NA|NA|nan|NA|ORGANIZATION,IS,ES
Iceland_9,Spain_158,0.22000000000000003,0.2,4,cross,0|NA|NA|NA|NA|nan|NA|ORGANIZATION,IS,ES
Iceland_9,Spain_226,0.22857142857142856,0.2,5,cross,0|NA|NA|NA|NA|nan|NA|ORGANIZATION,IS,ES
Iceland_28,Norway_23,0.2,0.25,1,cross,0|NA|NA|NA|NA|nan|NA|ORGANIZATION,IS,NO
Iceland_28,Greece_9,0.22000000000000003,0.25,2,cross,0|NA|NA|NA|NA|nan|NA|ORGANIZATION,IS,GR
Iceland_28,Romania_170,0.24,0.25,3,cross,0|NA|NA|NA|NA|nan|NA|ORGANIZATION,IS,RO
Iceland_28,Spain_261,0.24857142857142858,0.25,4,cross,0|NA|NA|NA|NA|nan|NA|ORGANIZATION,IS,ES
Iceland_38,Spain_261,0.2,0.2,1,cross,0|NA|NA|NA|NA|nan|NA|ORGANIZATION,IS,ES
Iceland_38,Italy_86,0.22000000000000003,0.2,2,cross,0|NA|NA|NA|NA|nan|NA|ORGANIZATION,IS,IT
Iceland_38,Greece_9,0.22857142857142856,0.2,3,cross,0|NA|NA|NA|NA|nan|NA|ORGANIZATION,IS,GR
Iceland_38,Italy_32,0.24,0.2,4,cross,0|NA|NA|NA|NA|nan|NA|ORGANIZATION,IS,IT
Iceland_38,Norway_23,0.24857142857142858,0.2,5,cross,0|NA|NA|NA|NA|nan|NA|ORGANIZATION,IS,NO
Iceland_47,Hungary_53,0.22857142857142856,1.0,1,cross,0|NA|NA|NA|NA|nan|NA|ORGANIZATION,IS,HU
Iceland_55,Spain_46,0.2,0.2,1,cross,0|NA|NA|NA|NA|nan|NA|ORGANIZATION,IS,ES
Iceland_55,Spain_96,0.2,0.2,2,cross,0|NA|NA|NA|NA|nan|NA|ORGANIZATION,IS,ES
Iceland_55,Spain_466,0.2,0.2,3,cross,0|NA|NA|NA|NA|nan|NA|ORGANIZATION,IS,ES
Iceland_55,Spain_336,0.2,0.2,4,cross,0|NA|NA|NA|NA|nan|NA|ORGANIZATION,IS,ES
Iceland_55,Romania_133,0.2,0.2,5,cross,0|NA|NA|NA|NA|nan|NA|ORGANIZATION,IS,RO
Iceland_70,Spain_28,0.2,0.2,1,cross,0|NA|NA|NA|NA|nan|NA|ORGANIZATION,IS,ES
Iceland_70,Spain_482,0.22000000000000003,0.2,2,cross,0|NA|NA|NA|NA|nan|NA|ORGANIZATION,IS,ES
Iceland_70,Italy_103,0.22000000000000003,0.2,3,cross,0|NA|NA|NA|NA|nan|NA|ORGANIZATION,IS,IT
Iceland_70,Norway_56,0.22857142857142856,0.2,4,cross,0|NA|NA|NA|NA|nan|NA|ORGANIZATION,IS,NO
Iceland_70,Spain_165,0.24857142857142858,0.2,5,cross,0|NA|NA|NA|NA|nan|NA|ORGANIZATION,IS,ES
Iceland_77,Spain_442,0.22857142857142856,0.3333333333333333,1,cross,0|NA|NA|NA|NA|nan|NA|ORGANIZATION,IS,ES
Iceland_77,Italy_32,0.22857142857142856,0.3333333333333333,2,cross,0|NA|NA|NA|NA|nan|NA|ORGANIZATION,IS,IT
Iceland_77,Italy_86,0.24857142857142858,0.3333333333333333,3,cross,0|NA|NA|NA|NA|nan|NA|ORGANIZATION,IS,IT
Iceland_72,Spain_442,0.24857142857142858,1.0,1,cross,0|NA|NA|NA|NA|nan|NA|ORGANIZATION,IS,ES
Iceland_79,Spain_6,0.2,0.2,1,cross,0|NA|NA|NA|NA|nan|NA|ORGANIZATION,IS,ES
Iceland_79,Spain_9,0.2,0.2,2,cross,0|NA|NA|NA|NA|nan|NA|ORGANIZATION,IS,ES
Iceland_79,Spain_12,0.2,0.2,3,cross,0|NA|NA|NA|NA|nan|NA|ORGANIZATION,IS,ES
Iceland_79,Spain_51,0.2,0.2,4,cross,0|NA|NA|NA|NA|nan|NA|ORGANIZATION,IS,ES
Iceland_79,Spain_99,0.2,0.2,5,cross,0|NA|NA|NA|NA|nan|NA|ORGANIZATION,IS,ES
Iceland_84,Spain_260,0.22000000000000003,0.2,1,cross,0|NA|NA|NA|NA|nan|NA|ORGANIZATION,IS,ES
Iceland_84,Spain_133,0.22000000000000003,0.2,2,cross,0|NA|NA|NA|NA|nan|NA|ORGANIZATION,IS,ES
Iceland_84,Spain_498,0.22000000000000003,0.2,3,cross,0|NA|NA|NA|NA|nan|NA|ORGANIZATION,IS,ES
Iceland_84,Spain_488,0.22000000000000003,0.2,4,cross,0|NA|NA|NA|NA|nan|NA|ORGANIZATION,IS,ES
Iceland_84,Spain_571,0.22000000000000003,0.2,5,cross,0|NA|NA|NA|NA|nan|NA|ORGANIZATION,IS,ES
Iceland_87,Greece_7,0.24857142857142858,1.0,1,cross,0|NA|NA|NA|NA|nan|NA|ORGANIZATION,IS,GR
Iceland_88,Spain_8,0.2,0.2,1,cross,0|NA|NA|NA|NA|nan|NA|ORGANIZATION,IS,ES
Iceland_88,Spain_33,0.2,0.2,2,cross,0|NA|NA|NA|NA|nan|NA|ORGANIZATION,IS,ES
Iceland_88,Spain_48,0.2,0.2,3,cross,0|NA|NA|NA|NA|nan|NA|ORGANIZATION,IS,ES
Iceland_88,Spain_144,0.2,0.2,4,cross,0|NA|NA|NA|NA|nan|NA|ORGANIZATION,IS,ES
Iceland_88,Spain_615,0.2,0.2,5,cross,0|NA|NA|NA|NA|nan|NA|ORGANIZATION,IS,ES
Iceland_94,Spain_133,0.2,0.2,1,cross,0|NA|NA|NA|NA|nan|NA|ORGANIZATION,IS,ES
Iceland_94,Spain_498,0.2,0.2,2,cross,0|NA|NA|NA|NA|nan|NA|ORGANIZATION,IS,ES
Iceland_94,Spain_529,0.2,0.2,3,cross,0|NA|NA|NA|NA|nan|NA|ORGANIZATION,IS,ES
Iceland_94,Spain_260,0.2,0.2,4,cross,0|NA|NA|NA|NA|nan|NA|ORGANIZATION,IS,ES
Iceland_94,Spain_488,0.2,0.2,5,cross,0|NA|NA|NA|NA|nan|NA|ORGANIZATION,IS,ES
Hungary_1,Romania_85,0.2,0.2,1,cross,0|NA|NA|NA|NA|nan|NA|ORGANIZATION,HU,RO
Hungary_1,Greece_121,0.2,0.2,2,cross,0|NA|NA|NA|NA|nan|NA|ORGANIZATION,HU,UNCLEAR
Hungary_1,Greece_49,0.2,0.2,3,cross,0|NA|NA|NA|NA|nan|NA|ORGANIZATION,HU,GR
Hungary_1,Spain_102,0.22000000000000003,0.2,4,cross,0|NA|NA|NA|NA|nan|NA|ORGANIZATION,HU,ES
Hungary_1,Romania_2,0.22000000000000003,0.2,5,cross,0|NA|NA|NA|NA|nan|NA|ORGANIZATION,HU,RO
Hungary_14,Spain_395,0.2,0.2,1,cross,0|NA|NA|NA|NA|nan|NA|ORGANIZATION,HU,ES
Hungary_14,Spain_588,0.2,0.2,2,cross,0|NA|NA|NA|NA|nan|NA|ORGANIZATION,HU,ES
Hungary_14,Spain_610,0.22000000000000003,0.2,3,cross,0|NA|NA|NA|NA|nan|NA|ORGANIZATION,HU,ES
Hungary_14,Spain_510,0.22857142857142856,0.2,4,cross,0|NA|NA|NA|NA|nan|NA|ORGANIZATION,HU,ES
Hungary_14,Spain_546,0.22857142857142856,0.2,5,cross,0|NA|NA|NA|NA|nan|NA|ORGANIZATION,HU,ES
Hungary_15,Spain_42,0.2,0.2,1,cross,0|NA|NA|NA|NA|nan|NA|ORGANIZATION,HU,ES
Hungary_15,Spain_73,0.2,0.2,2,cross,0|NA|NA|NA|NA|nan|NA|ORGANIZATION,HU,ES
Hungary_15,Spain_93,0.2,0.2,3,cross,0|NA|NA|NA|NA|nan|NA|ORGANIZATION,HU,ES
Hungary_15,Spain_214,0.2,0.2,4,cross,0|NA|NA|NA|NA|nan|NA|ORGANIZATION,HU,ES
Hungary_15,Spain_328,0.2,0.2,5,cross,0|NA|NA|NA|NA|nan|NA|ORGANIZATION,HU,ES
Hungary_29,Romania_108,0.22000000000000003,0.25,1,cross,0|NA|NA|NA|NA|nan|NA|ORGANIZATION,HU,RO
Hungary_29,Spain_600,0.24857142857142858,0.25,2,cross,0|NA|NA|NA|NA|nan|NA|ORGANIZATION,HU,ES
Hungary_29,Romania_139,0.24857142857142858,0.25,3,cross,0|NA|NA|NA|NA|nan|NA|ORGANIZATION,HU,RO
Hungary_29,Finland_21,0.24857142857142858,0.25,4,cross,0|NA|NA|NA|NA|nan|NA|ORGANIZATION,HU,FI
Hungary_33,Spain_268,0.22857142857142856,1.0,1,cross,0|NA|NA|NA|NA|nan|NA|ORGANIZATION,HU,ES
Hungary_53,Spain_133,0.22857142857142856,0.2,1,cross,0|NA|NA|NA|NA|nan|NA|ORGANIZATION,HU,ES
Hungary_53,Spain_260,0.22857142857142856,0.2,2,cross,0|NA|NA|NA|NA|nan|NA|ORGANIZATION,HU,ES
Hungary_53,Spain_488,0.22857142857142856,0.2,3,cross,0|NA|NA|NA|NA|nan|NA|ORGANIZATION,HU,ES
Hungary_53,Spain_498,0.22857142857142856,0.2,4,cross,0|NA|NA|NA|NA|nan|NA|ORGANIZATION,HU,ES
Hungary_53,Spain_529,0.22857142857142856,0.2,5,cross,0|NA|NA|NA|NA|nan|NA|ORGANIZATION,HU,ES
Hungary_52,Romania_70,0.2,0.3333333333333333,1,cross,0|NA|NA|NA|NA|nan|NA|ORGANIZATION,HU,RO
Hungary_52,Italy_154,0.22857142857142856,0.3333333333333333,2,cross,0|NA|NA|NA|NA|nan|NA|ORGANIZATION,HU,IT
Hungary_52,Latvia_13,0.24857142857142858,0.3333333333333333,3,cross,0|NA|NA|NA|NA|nan|NA|ORGANIZATION,HU,LV
Greece_1,Romania_143,0.0,0.2,1,cross,0|NA|NA|NA|NA|nan|NA|ORGANIZATION,UNCLEAR,RO
Greece_1,Greece_90,0.02857142857142857,0.2,2,cross,0|NA|NA|NA|NA|nan|NA|ORGANIZATION,UNCLEAR,GR
Greece_1,Romania_85,0.04,0.2,3,cross,0|NA|NA|NA|NA|nan|NA|ORGANIZATION,UNCLEAR,RO
Greece_1,Greece_49,0.04,0.2,4,cross,0|NA|NA|NA|NA|nan|NA|ORGANIZATION,UNCLEAR,GR
Greece_1,Finland_37,0.06857142857142857,0.2,5,cross,0|NA|NA|NA|NA|nan|NA|ORGANIZATION,UNCLEAR,FI
Hungary_60,Spain_440,0.2,0.2,1,cross,0|NA|NA|NA|NA|nan|NA|ORGANIZATION,HU,ES
Hungary_60,Spain_382,0.2,0.2,2,cross,0|NA|NA|NA|NA|nan|NA|ORGANIZATION,HU,ES
Hungary_60,Spain_600,0.22000000000000003,0.2,3,cross,0|NA|NA|NA|NA|nan|NA|ORGANIZATION,HU,ES
Hungary_60,Finland_21,0.22000000000000003,0.2,4,cross,0|NA|NA|NA|NA|nan|NA|ORGANIZATION,HU,FI
Hungary_60,Spain_114,0.22857142857142856,0.2,5,cross,0|NA|NA|NA|NA|nan|NA|ORGANIZATION,HU,ES
Greece_11,Romania_143,0.02,0.2,1,cross,0|NA|NA|NA|NA|nan|NA|ORGANIZATION,UNCLEAR,RO
Greece_11,Greece_90,0.04857142857142857,0.2,2,cross,0|NA|NA|NA|NA|nan|NA|ORGANIZATION,UNCLEAR,GR
Greece_11,Greece_49,0.06,0.2,3,cross,0|NA|NA|NA|NA|nan|NA|ORGANIZATION,UNCLEAR,GR
Greece_11,Romania_85,0.06,0.2,4,cross,0|NA|NA|NA|NA|nan|NA|ORGANIZATION,UNCLEAR,RO
Greece_11,Finland_37,0.08857142857142856,0.2,5,cross,0|NA|NA|NA|NA|nan|NA|ORGANIZATION,UNCLEAR,FI
Greece_9,Romania_170,0.22000000000000003,0.2,1,cross,0|NA|NA|NA|NA|nan|NA|ORGANIZATION,GR,RO
Greece_9,Norway_23,0.22000000000000003,0.2,2,cross,0|NA|NA|NA|NA|nan|NA|ORGANIZATION,GR,NO
Greece_9,Iceland_28,0.22000000000000003,0.2,3,cross,0|NA|NA|NA|NA|nan|NA|ORGANIZATION,GR,IS
Greece_9,Spain_261,0.22857142857142856,0.2,4,cross,0|NA|NA|NA|NA|nan|NA|ORGANIZATION,GR,ES
Greece_9,Iceland_38,0.22857142857142856,0.2,5,cross,0|NA|NA|NA|NA|nan|NA|ORGANIZATION,GR,IS
Greece_7,Iceland_87,0.24857142857142858,1.0,1,cross,0|NA|NA|NA|NA|nan|NA|ORGANIZATION,GR,IS
Greece_43,Romania_157,0.02,0.2,1,cross,0|NA|NA|NA|NA|nan|NA|ORGANIZATION,GR,RO
Greece_43,United Kingdom_33,0.22000000000000003,0.2,2,cross,0|NA|NA|NA|NA|nan|NA|ORGANIZATION,GR,UNCLEAR
Greece_43,Romania_85,0.22000000000000003,0.2,3,cross,0|NA|NA|NA|NA|nan|NA|ORGANIZATION,GR,RO
Greece_43,Romania_143,0.22000000000000003,0.2,4,cross,0|NA|NA|NA|NA|nan|NA|ORGANIZATION,GR,RO
Greece_43,Greece_121,0.22000000000000003,0.2,5,cross,0|NA|NA|NA|NA|nan|NA|ORGANIZATION,GR,UNCLEAR
Greece_49,Greece_121,0.0,0.2,1,cross,0|NA|NA|NA|NA|nan|NA|ORGANIZATION,GR,UNCLEAR
Greece_49,Romania_85,0.0,0.2,2,cross,0|NA|NA|NA|NA|nan|NA|ORGANIZATION,GR,RO
Greece_49,Finland_37,0.02857142857142857,0.2,3,cross,0|NA|NA|NA|NA|nan|NA|ORGANIZATION,GR,FI
Greece_49,Greece_1,0.04,0.2,4,cross,0|NA|NA|NA|NA|nan|NA|ORGANIZATION,GR,UNCLEAR
Greece_49,Romania_143,0.04,0.2,5,cross,0|NA|NA|NA|NA|nan|NA|ORGANIZATION,GR,RO
Greece_45,Slovenia_78,0.2,0.2,1,cross,0|NA|NA|NA|NA|nan|NA|ORGANIZATION,GR,SI
Greece_45,Spain_613,0.2,0.2,2,cross,0|NA|NA|NA|NA|nan|NA|ORGANIZATION,GR,ES
Greece_45,Sweden_11,0.22000000000000003,0.2,3,cross,0|NA|NA|NA|NA|nan|NA|ORGANIZATION,GR,SE
Greece_45,Spain_456,0.22000000000000003,0.2,4,cross,0|NA|NA|NA|NA|nan|NA|ORGANIZATION,GR,ES
Greece_45,Slovenia_77,0.22000000000000003,0.2,5,cross,0|NA|NA|NA|NA|nan|NA|ORGANIZATION,GR,SI
Greece_57,Romania_109,0.11714285714285713,0.3333333333333333,1,cross,0|NA|NA|NA|NA|nan|NA|ORGANIZATION,UNCLEAR,RO
Greece_57,Spain_378,0.22857142857142856,0.3333333333333333,2,cross,0|NA|NA|NA|NA|nan|NA|ORGANIZATION,UNCLEAR,ES
Greece_57,Spain_166,0.24,0.3333333333333333,3,cross,0|NA|NA|NA|NA|nan|NA|ORGANIZATION,UNCLEAR,ES
Greece_86,Spain_338,0.22000000000000003,0.2,1,cross,0|NA|NA|NA|NA|nan|NA|ORGANIZATION,GR,ES
Greece_86,Spain_403,0.22000000000000003,0.2,2,cross,0|NA|NA|NA|NA|nan|NA|ORGANIZATION,GR,ES
Greece_86,Spain_483,0.22000000000000003,0.2,3,cross,0|NA|NA|NA|NA|nan|NA|ORGANIZATION,GR,ES
Greece_86,Italy_292,0.22000000000000003,0.2,4,cross,0|NA|NA|NA|NA|nan|NA|ORGANIZATION,GR,IT
Greece_86,Spain_591,0.22857142857142856,0.2,5,cross,0|NA|NA|NA|NA|nan|NA|ORGANIZATION,GR,ES
Greece_90,Greece_1,0.02857142857142857,0.2,1,cross,0|NA|NA|NA|NA|nan|NA|ORGANIZATION,GR,UNCLEAR
Greece_90,Romania_143,0.02857142857142857,0.2,2,cross,0|NA|NA|NA|NA|nan|NA|ORGANIZATION,GR,RO
Greece_90,Finland_37,0.04,0.2,3,cross,0|NA|NA|NA|NA|nan|NA|ORGANIZATION,GR,FI
Greece_90,Greece_11,0.04857142857142857,0.2,4,cross,0|NA|NA|NA|NA|nan|NA|ORGANIZATION,GR,UNCLEAR
Greece_90,Romania_85,0.06857142857142857,0.2,5,cross,0|NA|NA|NA|NA|nan|NA|ORGANIZATION,GR,RO
Greece_95,Spain_15,0.2,0.25,1,cross,0|NA|NA|NA|NA|nan|NA|ORGANIZATION,GR,ES
Greece_95,Luxembourg_1,0.22000000000000003,0.25,2,cross,0|NA|NA|NA|NA|nan|NA|ORGANIZATION,GR,LU
Greece_95,Ireland_24,0.22857142857142856,0.25,3,cross,0|NA|NA|NA|NA|nan|NA|ORGANIZATION,GR,IE
Greece_95,Germany_27,0.24857142857142858,0.25,4,cross,0|NA|NA|NA|NA|nan|NA|ORGANIZATION,GR,DE
Greece_104,Greece_90,0.22857142857142856,1.0,1,cross,0|NA|NA|NA|NA|nan|NA|ORGANIZATION,UNCLEAR,GR
Greece_117,France_31,0.22000000000000003,0.25,1,cross,0|NA|NA|NA|NA|nan|NA|ORGANIZATION,GR,FR
Greece_117,Romania_78,0.24,0.25,2,cross,0|NA|NA|NA|NA|nan|NA|ORGANIZATION,GR,RO
Greece_117,Spain_502,0.24857142857142858,0.25,3,cross,0|NA|NA|NA|NA|nan|NA|ORGANIZATION,GR,ES
Greece_117,Spain_348,0.24857142857142858,0.25,4,cross,0|NA|NA|NA|NA|nan|NA|ORGANIZATION,GR,ES
Greece_118,France_31,0.2,1.0,1,cross,0|NA|NA|NA|NA|nan|NA|ORGANIZATION,GR,FR
Greece_121,Greece_49,0.0,0.2,1,cross,0|NA|NA|NA|NA|nan|NA|ORGANIZATION,UNCLEAR,GR
Greece_121,Romania_85,0.0,0.2,2,cross,0|NA|NA|NA|NA|nan|NA|ORGANIZATION,UNCLEAR,RO
Greece_121,Finland_37,0.02857142857142857,0.2,3,cross,0|NA|NA|NA|NA|nan|NA|ORGANIZATION,UNCLEAR,FI
Greece_121,Romania_143,0.04,0.2,4,cross,0|NA|NA|NA|NA|nan|NA|ORGANIZATION,UNCLEAR,RO
Greece_121,Greece_90,0.06857142857142857,0.2,5,cross,0|NA|NA|NA|NA|nan|NA|ORGANIZATION,UNCLEAR,GR
Greece_123,Italy_159,0.2,0.5,1,cross,0|NA|NA|NA|NA|nan|NA|ORGANIZATION,GR,IT
Greece_123,Spain_618,0.22857142857142856,0.5,2,cross,0|NA|NA|NA|NA|nan|NA|ORGANIZATION,GR,ES
Germany_3,Spain_62,0.2,0.2,1,cross,0|NA|NA|NA|NA|nan|NA|ORGANIZATION,DE,ES
Germany_3,Spain_69,0.2,0.2,2,cross,0|NA|NA|NA|NA|nan|NA|ORGANIZATION,DE,ES
Germany_3,Spain_36,0.2,0.2,3,cross,0|NA|NA|NA|NA|nan|NA|ORGANIZATION,DE,ES
Germany_3,Spain_106,0.2,0.2,4,cross,0|NA|NA|NA|NA|nan|NA|ORGANIZATION,DE,ES
Germany_3,Spain_291,0.2,0.2,5,cross,0|NA|NA|NA|NA|nan|NA|ORGANIZATION,DE,ES
Germany_10,Italy_149,0.22857142857142856,0.5,1,cross,0|NA|NA|NA|NA|nan|NA|ORGANIZATION,DE,IT
Germany_10,Sweden_21,0.24857142857142858,0.5,2,cross,0|NA|NA|NA|NA|nan|NA|ORGANIZATION,DE,SE
Germany_21,Sweden_50,0.2,0.2,1,cross,0|NA|NA|NA|NA|nan|NA|ORGANIZATION,DE,SE
Germany_21,Spain_84,0.2,0.2,2,cross,0|NA|NA|NA|NA|nan|NA|ORGANIZATION,DE,ES
Germany_21,Spain_109,0.2,0.2,3,cross,0|NA|NA|NA|NA|nan|NA|ORGANIZATION,DE,ES
Germany_21,Spain_137,0.2,0.2,4,cross,0|NA|NA|NA|NA|nan|NA|ORGANIZATION,DE,ES
Germany_21,Spain_164,0.2,0.2,5,cross,0|NA|NA|NA|NA|nan|NA|ORGANIZATION,DE,ES
Germany_19,Spain_102,0.2,0.2,1,cross,0|NA|NA|NA|NA|nan|NA|ORGANIZATION,DE,ES
Germany_19,Spain_598,0.2,0.2,2,cross,0|NA|NA|NA|NA|nan|NA|ORGANIZATION,DE,ES
Germany_19,Spain_534,0.2,0.2,3,cross,0|NA|NA|NA|NA|nan|NA|ORGANIZATION,DE,ES
Germany_19,Spain_312,0.2,0.2,4,cross,0|NA|NA|NA|NA|nan|NA|ORGANIZATION,DE,ES
Germany_19,Netherlands_5,0.2,0.2,5,cross,0|NA|NA|NA|NA|nan|NA|ORGANIZATION,DE,NL
Germany_22,Sweden_50,0.2,0.2,1,cross,0|NA|NA|NA|NA|nan|NA|ORGANIZATION,DE,SE
Germany_22,Spain_84,0.2,0.2,2,cross,0|NA|NA|NA|NA|nan|NA|ORGANIZATION,DE,ES
Germany_22,Spain_109,0.2,0.2,3,cross,0|NA|NA|NA|NA|nan|NA|ORGANIZATION,DE,ES
Germany_22,Spain_137,0.2,0.2,4,cross,0|NA|NA|NA|NA|nan|NA|ORGANIZATION,DE,ES
Germany_22,Spain_164,0.2,0.2,5,cross,0|NA|NA|NA|NA|nan|NA|ORGANIZATION,DE,ES
Germany_27,Ireland_24,0.22000000000000003,0.2,1,cross,0|NA|NA|NA|NA|nan|NA|ORGANIZATION,DE,IE
Germany_27,France_26,0.22000000000000003,0.2,2,cross,0|NA|NA|NA|NA|nan|NA|ORGANIZATION,DE,FR
Germany_27,Luxembourg_1,0.22857142857142856,0.2,3,cross,0|NA|NA|NA|NA|nan|NA|ORGANIZATION,DE,LU
Germany_27,Finland_8,0.24,0.2,4,cross,0|NA|NA|NA|NA|nan|NA|ORGANIZATION,DE,FI
Germany_27,Greece_95,0.24857142857142858,0.2,5,cross,0|NA|NA|NA|NA|nan|NA|ORGANIZATION,DE,GR
Germany_36,Slovenia_57,0.2,0.2,1,cross,0|NA|NA|NA|NA|nan|NA|ORGANIZATION,DE,SI
Germany_36,Slovenia_62,0.2,0.2,2,cross,0|NA|NA|NA|NA|nan|NA|ORGANIZATION,DE,SI
Germany_36,Romania_148,0.2,0.2,3,cross,0|NA|NA|NA|NA|nan|NA|ORGANIZATION,DE,RO
Germany_36,Netherlands_28,0.22000000000000003,0.2,4,cross,0|NA|NA|NA|NA|nan|NA|ORGANIZATION,DE,NL
Germany_36,Luxembourg_7,0.22857142857142856,0.2,5,cross,0|NA|NA|NA|NA|nan|NA|ORGANIZATION,DE,LU
Germany_39,Spain_351,0.2,0.25,1,cross,0|NA|NA|NA|NA|nan|NA|ORGANIZATION,DE,ES
Germany_39,Spain_193,0.22000000000000003,0.25,2,cross,0|NA|NA|NA|NA|nan|NA|ORGANIZATION,DE,ES
Germany_39,Spain_564,0.22000000000000003,0.25,3,cross,0|NA|NA|NA|NA|nan|NA|ORGANIZATION,DE,ES
Germany_39,Spain_256,0.22857142857142856,0.25,4,cross,0|NA|NA|NA|NA|nan|NA|ORGANIZATION,DE,ES
France_8,Spain_230,0.2,0.2,1,cross,0|NA|NA|NA|NA|nan|NA|ORGANIZATION,FR,ES
France_8,Spain_374,0.2,0.2,2,cross,0|NA|NA|NA|NA|nan|NA|ORGANIZATION,FR,ES
France_8,Spain_289,0.2,0.2,3,cross,0|NA|NA|NA|NA|nan|NA|ORGANIZATION,FR,ES
France_8,Spain_299,0.2,0.2,4,cross,0|NA|NA|NA|NA|nan|NA|ORGANIZATION,FR,ES
France_8,Spain_576,0.2,0.2,5,cross,0|NA|NA|NA|NA|nan|NA|ORGANIZATION,FR,ES
France_26,Finland_8,0.22000000000000003,0.25,1,cross,0|NA|NA|NA|NA|nan|NA|ORGANIZATION,FR,FI
France_26,Germany_27,0.22000000000000003,0.25,2,cross,0|NA|NA|NA|NA|nan|NA|ORGANIZATION,FR,DE
France_26,Ireland_24,0.24,0.25,3,cross,0|NA|NA|NA|NA|nan|NA|ORGANIZATION,FR,IE
France_26,Luxembourg_1,0.24857142857142858,0.25,4,cross,0|NA|NA|NA|NA|nan|NA|ORGANIZATION,FR,LU
France_31,Greece_118,0.2,0.5,1,cross,0|NA|NA|NA|NA|nan|NA|ORGANIZATION,FR,GR
France_31,Greece_117,0.22000000000000003,0.5,2,cross,0|NA|NA|NA|NA|nan|NA|ORGANIZATION,FR,GR
Finland_8,France_26,0.22000000000000003,0.5,1,cross,0|NA|NA|NA|NA|nan|NA|ORGANIZATION,FI,FR
Finland_8,Germany_27,0.24,0.5,2,cross,0|NA|NA|NA|NA|nan|NA|ORGANIZATION,FI,DE
Finland_12,Sweden_11,0.2,0.2,1,cross,0|NA|NA|NA|NA|nan|NA|ORGANIZATION,FI,SE
Finland_12,Spain_478,0.2,0.2,2,cross,0|NA|NA|NA|NA|nan|NA|ORGANIZATION,FI,ES
Finland_12,Slovenia_77,0.2,0.2,3,cross,0|NA|NA|NA|NA|nan|NA|ORGANIZATION,FI,SI
Finland_12,Spain_33,0.22000000000000003,0.2,4,cross,0|NA|NA|NA|NA|nan|NA|ORGANIZATION,FI,ES
Finland_12,Spain_144,0.22000000000000003,0.2,5,cross,0|NA|NA|NA|NA|nan|NA|ORGANIZATION,FI,ES
Finland_17,Spain_62,0.2,0.2,1,cross,0|NA|NA|NA|NA|nan|NA|ORGANIZATION,FI,ES
Finland_17,Spain_69,0.2,0.2,2,cross,0|NA|NA|NA|NA|nan|NA|ORGANIZATION,FI,ES
Finland_17,Spain_36,0.2,0.2,3,cross,0|NA|NA|NA|NA|nan|NA|ORGANIZATION,FI,ES
Finland_17,Spain_106,0.2,0.2,4,cross,0|NA|NA|NA|NA|nan|NA|ORGANIZATION,FI,ES
Finland_17,Spain_291,0.2,0.2,5,cross,0|NA|NA|NA|NA|nan|NA|ORGANIZATION,FI,ES
Finland_20,Spain_230,0.2,0.2,1,cross,0|NA|NA|NA|NA|nan|NA|ORGANIZATION,FI,ES
Finland_20,Spain_374,0.2,0.2,2,cross,0|NA|NA|NA|NA|nan|NA|ORGANIZATION,FI,ES
Finland_20,Spain_289,0.2,0.2,3,cross,0|NA|NA|NA|NA|nan|NA|ORGANIZATION,FI,ES
Finland_20,Spain_299,0.2,0.2,4,cross,0|NA|NA|NA|NA|nan|NA|ORGANIZATION,FI,ES
Finland_20,Spain_576,0.2,0.2,5,cross,0|NA|NA|NA|NA|nan|NA|ORGANIZATION,FI,ES
Finland_21,Spain_600,0.2,0.2,1,cross,0|NA|NA|NA|NA|nan|NA|ORGANIZATION,FI,ES
Finland_21,Spain_382,0.22000000000000003,0.2,2,cross,0|NA|NA|NA|NA|nan|NA|ORGANIZATION,FI,ES
Finland_21,Spain_440,0.22000000000000003,0.2,3,cross,0|NA|NA|NA|NA|nan|NA|ORGANIZATION,FI,ES
Finland_21,Hungary_60,0.22000000000000003,0.2,4,cross,0|NA|NA|NA|NA|nan|NA|ORGANIZATION,FI,HU
Finland_21,Spain_374,0.22857142857142856,0.2,5,cross,0|NA|NA|NA|NA|nan|NA|ORGANIZATION,FI,ES
Finland_22,Spain_6,0.2,0.2,1,cross,0|NA|NA|NA|NA|nan|NA|ORGANIZATION,FI,ES
Finland_22,Spain_9,0.2,0.2,2,cross,0|NA|NA|NA|NA|nan|NA|ORGANIZATION,FI,ES
Finland_22,Spain_12,0.2,0.2,3,cross,0|NA|NA|NA|NA|nan|NA|ORGANIZATION,FI,ES
Finland_22,Spain_51,0.2,0.2,4,cross,0|NA|NA|NA|NA|nan|NA|ORGANIZATION,FI,ES
Finland_22,Spain_99,0.2,0.2,5,cross,0|NA|NA|NA|NA|nan|NA|ORGANIZATION,FI,ES
Finland_34,Spain_197,0.24857142857142858,0.5,1,cross,0|NA|NA|NA|NA|nan|NA|ORGANIZATION,FI,ES
Finland_34,Romania_135,0.24857142857142858,0.5,2,cross,0|NA|NA|NA|NA|nan|NA|ORGANIZATION,FI,RO
Finland_37,Greece_121,0.02857142857142857,0.2,1,cross,0|NA|NA|NA|NA|nan|NA|ORGANIZATION,FI,UNCLEAR
Finland_37,Greece_49,0.02857142857142857,0.2,2,cross,0|NA|NA|NA|NA|nan|NA|ORGANIZATION,FI,GR
Finland_37,Romania_85,0.02857142857142857,0.2,3,cross,0|NA|NA|NA|NA|nan|NA|ORGANIZATION,FI,RO
Finland_37,Greece_90,0.04,0.2,4,cross,0|NA|NA|NA|NA|nan|NA|ORGANIZATION,FI,GR
Finland_37,Romania_143,0.06857142857142857,0.2,5,cross,0|NA|NA|NA|NA|nan|NA|ORGANIZATION,FI,RO
Norway_79,Iceland_100,0.2,1.0,1,cross,0|NA|NA|NA|NA|nan|NA|PUBLIC_SECTOR_BODY,NO,IS
Iceland_100,Norway_79,0.2,1.0,1,cross,0|NA|NA|NA|NA|nan|NA|PUBLIC_SECTOR_BODY,IS,NO
Sweden_23,Italy_75,0.18154761904761904,1.0,1,cross,1|1|0|0|0|2022-2023|NA|ORGANIZATION,SE,IT
Italy_75,Sweden_23,0.18154761904761904,1.0,1,cross,1|1|0|0|0|2022-2023|NA|ORGANIZATION,IT,SE
Poland_28,Finland_33,0.25,1.0,1,cross,1|1|0|0|0|nan|NA|ORGANIZATION,PL,FI
Finland_33,Poland_28,0.25,1.0,1,cross,1|1|0|0|0|nan|NA|ORGANIZATION,FI,PL
