source_id,target_id,distance,weight,match_rank,match_type,stratum_key,source_country,target_country
Spain_475,Ireland_4,0.0,0.3333333333333333,1,within,0|0|0|0|0|nan|NA,UNCLEAR,UNCLEAR
Spain_475,Ireland_31,0.0,0.3333333333333333,2,within,0|0|0|0|0|nan|NA,UNCLEAR,UNCLEAR
Spain_475,Finland_14,0.0,0.3333333333333333,3,within,0|0|0|0|0|nan|NA,UNCLEAR,UNCLEAR
Ireland_4,Spain_475,0.0,0.3333333333333333,1,within,0|0|0|0|0|nan|NA,UNCLEAR,UNCLEAR
Ireland_4,Ireland_31,0.0,0.3333333333333333,2,within,0|0|0|0|0|nan|NA,UNCLEAR,UNCLEAR
Ireland_4,Finland_14,0.0,0.3333333333333333,3,within,0|0|0|0|0|nan|NA,UNCLEAR,UNCLEAR
Ireland_31,Spain_475,0.0,0.3333333333333333,1,within,0|0|0|0|0|nan|NA,UNCLEAR,UNCLEAR
Ireland_31,Ireland_4,0.0,0.3333333333333333,2,within,0|0|0|0|0|nan|NA,UNCLEAR,UNCLEAR
Ireland_31,Finland_14,0.0,0.3333333333333333,3,within,0|0|0|0|0|nan|NA,UNCLEAR,UNCLEAR
Finland_14,Spain_475,0.0,0.3333333333333333,1,within,0|0|0|0|0|nan|NA,UNCLEAR,UNCLEAR
Finland_14,Ireland_4,0.0,0.3333333333333333,2,within,0|0|0|0|0|nan|NA,UNCLEAR,UNCLEAR
Finland_14,Ireland_31,0.0,0.3333333333333333,3,within,0|0|0|0|0|nan|NA,UNCLEAR,UNCLEAR
Spain_23,Hungary_44,0.0,0.3333333333333333,1,within,0|0|0|0|NA|nan|NA,UNCLEAR,UNCLEAR
Spain_23,Greece_12,0.0,0.3333333333333333,2,within,0|0|0|0|NA|nan|NA,UNCLEAR,UNCLEAR
Spain_23,Germany_4,0.0,0.3333333333333333,3,within,0|0|0|0|NA|nan|NA,UNCLEAR,UNCLEAR
Hungary_44,Spain_23,0.0,0.3333333333333333,1,within,0|0|0|0|NA|nan|NA,UNCLEAR,UNCLEAR
Hungary_44,Greece_12,0.0,0.3333333333333333,2,within,0|0|0|0|NA|nan|NA,UNCLEAR,UNCLEAR
Hungary_44,Germany_4,0.0,0.3333333333333333,3,within,0|0|0|0|NA|nan|NA,UNCLEAR,UNCLEAR
Greece_12,Spain_23,0.0,0.3333333333333333,1,within,0|0|0|0|NA|nan|NA,UNCLEAR,UNCLEAR
Greece_12,Hungary_44,0.0,0.3333333333333333,2,within,0|0|0|0|NA|nan|NA,UNCLEAR,UNCLEAR
Greece_12,Germany_4,0.0,0.3333333333333333,3,within,0|0|0|0|NA|nan|NA,UNCLEAR,UNCLEAR
Germany_4,Spain_23,0.0,0.3333333333333333,1,within,0|0|0|0|NA|nan|NA,UNCLEAR,UNCLEAR
Germany_4,Hungary_44,0.0,0.3333333333333333,2,within,0|0|0|0|NA|nan|NA,UNCLEAR,UNCLEAR
Germany_4,Greece_12,0.0,0.3333333333333333,3,within,0|0|0|0|NA|nan|NA,UNCLEAR,UNCLEAR
Spain_66,Spain_601,0.13888888888888887,0.3333333333333333,1,within,0|0|0|1|0|nan|NA,ES,ES
Spain_66,Spain_567,0.20833333333333334,0.3333333333333333,2,within,0|0|0|1|0|nan|NA,ES,ES
Spain_66,Spain_386,0.25,0.3333333333333333,3,within,0|0|0|1|0|nan|NA,ES,ES
Spain_386,Spain_601,0.2222222222222222,0.3333333333333333,1,within,0|0|0|1|0|nan|NA,ES,ES
Spain_386,Spain_66,0.25,0.3333333333333333,2,within,0|0|0|1|0|nan|NA,ES,ES
Spain_386,Spain_567,0.2916666666666667,0.3333333333333333,3,within,0|0|0|1|0|nan|NA,ES,ES
Spain_567,Spain_66,0.20833333333333334,0.5,1,within,0|0|0|1|0|nan|NA,ES,ES
Spain_567,Spain_386,0.2916666666666667,0.5,2,within,0|0|0|1|0|nan|NA,ES,ES
Spain_601,Spain_66,0.13888888888888887,0.5,1,within,0|0|0|1|0|nan|NA,ES,ES
Spain_601,Spain_386,0.2222222222222222,0.5,2,within,0|0|0|1|0|nan|NA,ES,ES
Romania_93,Romania_166,0.20833333333333334,0.5,1,within,0|0|0|1|0|nan|NA,RO,RO
Romania_93,Romania_165,0.2222222222222222,0.5,2,within,0|0|0|1|0|nan|NA,RO,RO
Romania_165,Romania_93,0.2222222222222222,0.5,1,within,0|0|0|1|0|nan|NA,RO,RO
Romania_165,Romania_166,0.2638888888888889,0.5,2,within,0|0|0|1|0|nan|NA,RO,RO
Romania_166,Romania_93,0.20833333333333334,0.5,1,within,0|0|0|1|0|nan|NA,RO,RO
Romania_166,Romania_165,0.2638888888888889,0.5,2,within,0|0|0|1|0|nan|NA,RO,RO
Italy_17,Italy_211,0.16666666666666666,0.3333333333333333,1,within,0|0|0|1|0|nan|NA,IT,IT
Italy_17,Italy_249,0.16666666666666666,0.3333333333333333,2,within,0|0|0|1|0|nan|NA,IT,IT
Italy_17,Italy_237,0.2222222222222222,0.3333333333333333,3,within,0|0|0|1|0|nan|NA,IT,IT
Italy_110,Italy_165,0.16666666666666666,0.3333333333333333,1,within,0|0|0|1|0|nan|NA,IT,IT
Italy_110,Italy_237,0.16666666666666666,0.3333333333333333,2,within,0|0|0|1|0|nan|NA,IT,IT
Italy_110,Italy_211,0.2222222222222222,0.3333333333333333,3,within,0|0|0|1|0|nan|NA,IT,IT
Italy_160,Italy_211,0.20833333333333334,0.3333333333333333,1,within,0|0|0|1|0|nan|NA,IT,IT
Italy_160,Italy_249,0.20833333333333334,0.3333333333333333,2,within,0|0|0|1|0|nan|NA,IT,IT
Italy_160,Italy_110,0.2638888888888889,0.3333333333333333,3,within,0|0|0|1|0|nan|NA,IT,IT
Italy_165,Italy_110,0.16666666666666666,0.3333333333333333,1,within,0|0|0|1|0|nan|NA,IT,IT
Italy_165,Italy_211,0.27777777777777773,0.3333333333333333,2,within,0|0|0|1|0|nan|NA,IT,IT
Italy_165,Italy_249,0.27777777777777773,0.3333333333333333,3,within,0|0|0|1|0|nan|NA,IT,IT
Italy_211,Italy_249,0.0,0.3333333333333333,1,within,0|0|0|1|0|nan|NA,IT,IT
Italy_211,Italy_237,0.05555555555555555,0.3333333333333333,2,within,0|0|0|1|0|nan|NA,IT,IT
Italy_211,Italy_17,0.16666666666666666,0.3333333333333333,3,within,0|0|0|1|0|nan|NA,IT,IT
Italy_237,Italy_211,0.05555555555555555,0.3333333333333333,1,within,0|0|0|1|0|nan|NA,IT,IT
Italy_237,Italy_249,0.05555555555555555,0.3333333333333333,2,within,0|0|0|1|0|nan|NA,IT,IT
Italy_237,Italy_110,0.16666666666666666,0.3333333333333333,3,within,0|0|0|1|0|nan|NA,IT,IT
Italy_249,Italy_211,0.0,0.3333333333333333,1,within,0|0|0|1|0|nan|NA,IT,IT
Italy_249,Italy_237,0.05555555555555555,0.3333333333333333,2,within,0|0|0|1|0|nan|NA,IT,IT
Italy_249,Italy_17,0.16666666666666666,0.3333333333333333,3,within,0|0|0|1|0|nan|NA,IT,IT
Iceland_25,Iceland_92,0.05555555555555555,1.0,1,within,0|0|0|1|0|nan|NA,IS,IS
Iceland_32,Iceland_92,0.2638888888888889,1.0,1,within,0|0|0|1|0|nan|NA,IS,IS
Iceland_92,Iceland_25,0.05555555555555555,0.5,1,within,0|0|0|1|0|nan|NA,IS,IS
Iceland_92,Iceland_32,0.2638888888888889,0.5,2,within,0|0|0|1|0|nan|NA,IS,IS
Spain_132,Spain_454,0.20833333333333334,1.0,1,within,0|0|0|1|NA|nan|J,ES,ES
Spain_454,Spain_132,0.20833333333333334,1.0,1,within,0|0|0|1|NA|nan|J,ES,ES
Romania_68,Romania_110,0.16666666666666666,1.0,1,within,0|0|0|1|NA|nan|J,RO,RO
Romania_110,Romania_68,0.16666666666666666,1.0,1,within,0|0|0|1|NA|nan|J,RO,RO
Italy_15,Italy_45,0.23611111111111108,0.5,1,within,0|0|0|1|NA|nan|J,IT,IT
Italy_15,Italy_305,0.27777777777777773,0.5,2,within,0|0|0|1|NA|nan|J,IT,IT
Italy_45,Italy_15,0.23611111111111108,0.5,1,within,0|0|0|1|NA|nan|J,IT,IT
Italy_45,Italy_305,0.2916666666666667,0.5,2,within,0|0|0|1|NA|nan|J,IT,IT
Italy_301,Italy_305,0.2638888888888889,1.0,1,within,0|0|0|1|NA|nan|J,IT,IT
Italy_305,Italy_301,0.2638888888888889,0.3333333333333333,1,within,0|0|0|1|NA|nan|J,IT,IT
Italy_305,Italy_15,0.27777777777777773,0.3333333333333333,2,within,0|0|0|1|NA|nan|J,IT,IT
Italy_305,Italy_45,0.2916666666666667,0.3333333333333333,3,within,0|0|0|1|NA|nan|J,IT,IT
Italy_43,Italy_163,0.08333333333333333,0.3333333333333333,1,within,0|0|0|1|NA|nan|O,IT,IT
Italy_43,Italy_253,0.08333333333333333,0.3333333333333333,2,within,0|0|0|1|NA|nan|O,IT,IT
Italy_43,Italy_302,0.25,0.3333333333333333,3,within,0|0|0|1|NA|nan|O,IT,IT
Italy_163,Italy_43,0.08333333333333333,0.5,1,within,0|0|0|1|NA|nan|O,IT,IT
Italy_163,Italy_253,0.16666666666666666,0.5,2,within,0|0|0|1|NA|nan|O,IT,IT
Italy_253,Italy_43,0.08333333333333333,0.3333333333333333,1,within,0|0|0|1|NA|nan|O,IT,IT
Italy_253,Italy_163,0.16666666666666666,0.3333333333333333,2,within,0|0|0|1|NA|nan|O,IT,IT
Italy_253,Italy_302,0.16666666666666666,0.3333333333333333,3,within,0|0|0|1|NA|nan|O,IT,IT
Italy_302,Italy_253,0.16666666666666666,0.5,1,within,0|0|0|1|NA|nan|O,IT,IT
Italy_302,Italy_43,0.25,0.5,2,within,0|0|0|1|NA|nan|O,IT,IT
United Kingdom_53,United Kingdom_52,0.027777777777777776,0.5,1,within,0|0|0|1|NA|nan|NA,GB,GB
United Kingdom_53,United Kingdom_56,0.21825396825396826,0.5,2,within,0|0|0|1|NA|nan|NA,GB,GB
United Kingdom_52,United Kingdom_53,0.027777777777777776,0.5,1,within,0|0|0|1|NA|nan|NA,GB,GB
United Kingdom_52,United Kingdom_56,0.19047619047619047,0.5,2,within,0|0|0|1|NA|nan|NA,GB,GB
United Kingdom_56,United Kingdom_52,0.19047619047619047,0.5,1,within,0|0|0|1|NA|nan|NA,GB,GB
United Kingdom_56,United Kingdom_53,0.21825396825396826,0.5,2,within,0|0|0|1|NA|nan|NA,GB,GB
United Kingdom_61,Greece_77,0.047619047619047616,0.5,1,within,0|0|0|1|NA|nan|NA,UNCLEAR,UNCLEAR
United Kingdom_61,Greece_97,0.047619047619047616,0.5,2,within,0|0|0|1|NA|nan|NA,UNCLEAR,UNCLEAR
Spain_34,Spain_295,0.027777777777777776,0.3333333333333333,1,within,0|0|0|1|NA|nan|NA,ES,ES
Spain_34,Spain_156,0.16666666666666666,0.3333333333333333,2,within,0|0|0|1|NA|nan|NA,ES,ES
Spain_34,Spain_136,0.19444444444444445,0.3333333333333333,3,within,0|0|0|1|NA|nan|NA,ES,ES
Spain_61,Spain_311,0.0,0.3333333333333333,1,within,0|0|0|1|NA|nan|NA,ES,ES
Spain_61,Spain_460,0.0,0.3333333333333333,2,within,0|0|0|1|NA|nan|NA,ES,ES
Spain_61,Spain_569,0.0,0.3333333333333333,3,within,0|0|0|1|NA|nan|NA,ES,ES
Spain_65,Spain_523,0.0,0.3333333333333333,1,within,0|0|0|1|NA|nan|NA,ES,ES
Spain_65,Spain_495,0.023809523809523808,0.3333333333333333,2,within,0|0|0|1|NA|nan|NA,ES,ES
Spain_65,Spain_156,0.027777777777777776,0.3333333333333333,3,within,0|0|0|1|NA|nan|NA,ES,ES
Spain_104,Spain_363,0.0,0.3333333333333333,1,within,0|0|0|1|NA|nan|NA,ES,ES
Spain_104,Spain_61,0.16666666666666666,0.3333333333333333,2,within,0|0|0|1|NA|nan|NA,ES,ES
Spain_104,Spain_311,0.16666666666666666,0.3333333333333333,3,within,0|0|0|1|NA|nan|NA,ES,ES
Spain_113,Spain_419,0.047619047619047616,0.3333333333333333,1,within,0|0|0|1|NA|nan|NA,ES,ES
Spain_113,Spain_423,0.047619047619047616,0.3333333333333333,2,within,0|0|0|1|NA|nan|NA,ES,ES
Spain_113,Spain_369,0.19047619047619047,0.3333333333333333,3,within,0|0|0|1|NA|nan|NA,ES,ES
Spain_136,Spain_218,0.16666666666666666,0.3333333333333333,1,within,0|0|0|1|NA|nan|NA,ES,ES
Spain_136,Spain_34,0.19444444444444445,0.3333333333333333,2,within,0|0|0|1|NA|nan|NA,ES,ES
Spain_136,Spain_156,0.19444444444444445,0.3333333333333333,3,within,0|0|0|1|NA|nan|NA,ES,ES
Spain_156,Spain_65,0.027777777777777776,0.3333333333333333,1,within,0|0|0|1|NA|nan|NA,ES,ES
Spain_156,Spain_523,0.027777777777777776,0.3333333333333333,2,within,0|0|0|1|NA|nan|NA,ES,ES
Spain_156,Spain_495,0.05158730158730159,0.3333333333333333,3,within,0|0|0|1|NA|nan|NA,ES,ES
Spain_218,Spain_136,0.16666666666666666,0.3333333333333333,1,within,0|0|0|1|NA|nan|NA,ES,ES
Spain_218,Spain_34,0.19444444444444445,0.3333333333333333,2,within,0|0|0|1|NA|nan|NA,ES,ES
Spain_218,Spain_156,0.19444444444444445,0.3333333333333333,3,within,0|0|0|1|NA|nan|NA,ES,ES
Spain_248,Spain_249,0.0,0.3333333333333333,1,within,0|0|0|1|NA|nan|NA,ES,ES
Spain_248,Spain_308,0.0,0.3333333333333333,2,within,0|0|0|1|NA|nan|NA,ES,ES
Spain_248,Spain_251,0.16666666666666666,0.3333333333333333,3,within,0|0|0|1|NA|nan|NA,ES,ES
Spain_249,Spain_248,0.0,0.3333333333333333,1,within,0|0|0|1|NA|nan|NA,ES,ES
Spain_249,Spain_308,0.0,0.3333333333333333,2,within,0|0|0|1|NA|nan|NA,ES,ES
Spain_249,Spain_251,0.16666666666666666,0.3333333333333333,3,within,0|0|0|1|NA|nan|NA,ES,ES
Spain_251,Spain_450,0.0,0.3333333333333333,1,within,0|0|0|1|NA|nan|NA,ES,ES
Spain_251,Spain_451,0.0,0.3333333333333333,2,within,0|0|0|1|NA|nan|NA,ES,ES
Spain_251,Spain_369,0.023809523809523808,0.3333333333333333,3,within,0|0|0|1|NA|nan|NA,ES,ES
Spain_274,Spain_320,0.0,1.0,1,within,0|0|0|1|NA|nan|NA,ES,ES
Spain_295,Spain_34,0.027777777777777776,0.3333333333333333,1,within,0|0|0|1|NA|nan|NA,ES,ES
Spain_295,Spain_65,0.16666666666666666,0.3333333333333333,2,within,0|0|0|1|NA|nan|NA,ES,ES
Spain_295,Spain_249,0.16666666666666666,0.3333333333333333,3,within,0|0|0|1|NA|nan|NA,ES,ES
Spain_308,Spain_249,0.0,0.3333333333333333,1,within,0|0|0|1|NA|nan|NA,ES,ES
Spain_308,Spain_248,0.0,0.3333333333333333,2,within,0|0|0|1|NA|nan|NA,ES,ES
Spain_308,Spain_65,0.16666666666666666,0.3333333333333333,3,within,0|0|0|1|NA|nan|NA,ES,ES
Spain_311,Spain_61,0.0,0.3333333333333333,1,within,0|0|0|1|NA|nan|NA,ES,ES
Spain_311,Spain_460,0.0,0.3333333333333333,2,within,0|0|0|1|NA|nan|NA,ES,ES
Spain_311,Spain_569,0.0,0.3333333333333333,3,within,0|0|0|1|NA|nan|NA,ES,ES
Spain_320,Spain_274,0.0,1.0,1,within,0|0|0|1|NA|nan|NA,ES,ES
Spain_316,Spain_248,0.16666666666666666,0.3333333333333333,1,within,0|0|0|1|NA|nan|NA,ES,ES
Spain_316,Spain_249,0.16666666666666666,0.3333333333333333,2,within,0|0|0|1|NA|nan|NA,ES,ES
Spain_316,Spain_251,0.16666666666666666,0.3333333333333333,3,within,0|0|0|1|NA|nan|NA,ES,ES
Spain_334,Spain_519,0.0,0.3333333333333333,1,within,0|0|0|1|NA|nan|NA,ES,ES
Spain_334,Spain_65,0.16666666666666666,0.3333333333333333,2,within,0|0|0|1|NA|nan|NA,ES,ES
Spain_334,Spain_248,0.16666666666666666,0.3333333333333333,3,within,0|0|0|1|NA|nan|NA,ES,ES
Spain_341,Spain_61,0.16666666666666666,0.3333333333333333,1,within,0|0|0|1|NA|nan|NA,ES,ES
Spain_341,Spain_104,0.16666666666666666,0.3333333333333333,2,within,0|0|0|1|NA|nan|NA,ES,ES
Spain_341,Spain_251,0.16666666666666666,0.3333333333333333,3,within,0|0|0|1|NA|nan|NA,ES,ES
Spain_357,Spain_561,0.0,0.3333333333333333,1,within,0|0|0|1|NA|nan|NA,ES,ES
Spain_357,Spain_61,0.16666666666666666,0.3333333333333333,2,within,0|0|0|1|NA|nan|NA,ES,ES
Spain_357,Spain_311,0.16666666666666666,0.3333333333333333,3,within,0|0|0|1|NA|nan|NA,ES,ES
Spain_363,Spain_104,0.0,0.3333333333333333,1,within,0|0|0|1|NA|nan|NA,ES,ES
Spain_363,Spain_61,0.16666666666666666,0.3333333333333333,2,within,0|0|0|1|NA|nan|NA,ES,ES
Spain_363,Spain_65,0.16666666666666666,0.3333333333333333,3,within,0|0|0|1|NA|nan|NA,ES,ES
Spain_369,Spain_251,0.023809523809523808,0.3333333333333333,1,within,0|0|0|1|NA|nan|NA,ES,ES
Spain_369,Spain_451,0.023809523809523808,0.3333333333333333,2,within,0|0|0|1|NA|nan|NA,ES,ES
Spain_369,Spain_450,0.023809523809523808,0.3333333333333333,3,within,0|0|0|1|NA|nan|NA,ES,ES
Spain_400,Spain_61,0.16666666666666666,0.3333333333333333,1,within,0|0|0|1|NA|nan|NA,ES,ES
Spain_400,Spain_104,0.16666666666666666,0.3333333333333333,2,within,0|0|0|1|NA|nan|NA,ES,ES
Spain_400,Spain_251,0.16666666666666666,0.3333333333333333,3,within,0|0|0|1|NA|nan|NA,ES,ES
Spain_419,Spain_423,0.0,0.3333333333333333,1,within,0|0|0|1|NA|nan|NA,ES,ES
Spain_419,Spain_113,0.047619047619047616,0.3333333333333333,2,within,0|0|0|1|NA|nan|NA,ES,ES
Spain_419,Spain_104,0.16666666666666666,0.3333333333333333,3,within,0|0|0|1|NA|nan|NA,ES,ES
Spain_423,Spain_419,0.0,0.3333333333333333,1,within,0|0|0|1|NA|nan|NA,ES,ES
Spain_423,Spain_113,0.047619047619047616,0.3333333333333333,2,within,0|0|0|1|NA|nan|NA,ES,ES
Spain_423,Spain_104,0.16666666666666666,0.3333333333333333,3,within,0|0|0|1|NA|nan|NA,ES,ES
Spain_435,Spain_61,0.023809523809523808,0.3333333333333333,1,within,0|0|0|1|NA|nan|NA,ES,ES
Spain_435,Spain_311,0.023809523809523808,0.3333333333333333,2,within,0|0|0|1|NA|nan|NA,ES,ES
Spain_435,Spain_460,0.023809523809523808,0.3333333333333333,3,within,0|0|0|1|NA|nan|NA,ES,ES
Spain_451,Spain_251,0.0,0.3333333333333333,1,within,0|0|0|1|NA|nan|NA,ES,ES
Spain_451,Spain_450,0.0,0.3333333333333333,2,within,0|0|0|1|NA|nan|NA,ES,ES
Spain_451,Spain_554,0.023809523809523808,0.3333333333333333,3,within,0|0|0|1|NA|nan|NA,ES,ES
Spain_450,Spain_251,0.0,0.3333333333333333,1,within,0|0|0|1|NA|nan|NA,ES,ES
Spain_450,Spain_451,0.0,0.3333333333333333,2,within,0|0|0|1|NA|nan|NA,ES,ES
Spain_450,Spain_554,0.023809523809523808,0.3333333333333333,3,within,0|0|0|1|NA|nan|NA,ES,ES
Spain_460,Spain_61,0.0,0.3333333333333333,1,within,0|0|0|1|NA|nan|NA,ES,ES
Spain_460,Spain_311,0.0,0.3333333333333333,2,within,0|0|0|1|NA|nan|NA,ES,ES
Spain_460,Spain_569,0.0,0.3333333333333333,3,within,0|0|0|1|NA|nan|NA,ES,ES
Spain_495,Spain_65,0.023809523809523808,0.3333333333333333,1,within,0|0|0|1|NA|nan|NA,ES,ES
Spain_495,Spain_523,0.023809523809523808,0.3333333333333333,2,within,0|0|0|1|NA|nan|NA,ES,ES
Spain_495,Spain_156,0.05158730158730159,0.3333333333333333,3,within,0|0|0|1|NA|nan|NA,ES,ES
Spain_513,Spain_61,0.16666666666666666,0.3333333333333333,1,within,0|0|0|1|NA|nan|NA,ES,ES
Spain_513,Spain_104,0.16666666666666666,0.3333333333333333,2,within,0|0|0|1|NA|nan|NA,ES,ES
Spain_513,Spain_251,0.16666666666666666,0.3333333333333333,3,within,0|0|0|1|NA|nan|NA,ES,ES
Spain_519,Spain_334,0.0,0.3333333333333333,1,within,0|0|0|1|NA|nan|NA,ES,ES
Spain_519,Spain_65,0.16666666666666666,0.3333333333333333,2,within,0|0|0|1|NA|nan|NA,ES,ES
Spain_519,Spain_248,0.16666666666666666,0.3333333333333333,3,within,0|0|0|1|NA|nan|NA,ES,ES
Spain_523,Spain_65,0.0,0.3333333333333333,1,within,0|0|0|1|NA|nan|NA,ES,ES
Spain_523,Spain_495,0.023809523809523808,0.3333333333333333,2,within,0|0|0|1|NA|nan|NA,ES,ES
Spain_523,Spain_156,0.027777777777777776,0.3333333333333333,3,within,0|0|0|1|NA|nan|NA,ES,ES
Spain_545,Spain_136,0.19444444444444445,0.3333333333333333,1,within,0|0|0|1|NA|nan|NA,ES,ES
Spain_545,Spain_218,0.19444444444444445,0.3333333333333333,2,within,0|0|0|1|NA|nan|NA,ES,ES
Spain_545,Spain_156,0.2222222222222222,0.3333333333333333,3,within,0|0|0|1|NA|nan|NA,ES,ES
Spain_551,Spain_61,0.0,0.3333333333333333,1,within,0|0|0|1|NA|nan|NA,ES,ES
Spain_551,Spain_311,0.0,0.3333333333333333,2,within,0|0|0|1|NA|nan|NA,ES,ES
Spain_551,Spain_460,0.0,0.3333333333333333,3,within,0|0|0|1|NA|nan|NA,ES,ES
Spain_558,Spain_369,0.12698412698412698,0.3333333333333333,1,within,0|0|0|1|NA|nan|NA,ES,ES
Spain_558,Spain_251,0.15079365079365079,0.3333333333333333,2,within,0|0|0|1|NA|nan|NA,ES,ES
Spain_558,Spain_451,0.15079365079365079,0.3333333333333333,3,within,0|0|0|1|NA|nan|NA,ES,ES
Spain_554,Spain_251,0.023809523809523808,0.3333333333333333,1,within,0|0|0|1|NA|nan|NA,ES,ES
Spain_554,Spain_451,0.023809523809523808,0.3333333333333333,2,within,0|0|0|1|NA|nan|NA,ES,ES
Spain_554,Spain_450,0.023809523809523808,0.3333333333333333,3,within,0|0|0|1|NA|nan|NA,ES,ES
Spain_561,Spain_357,0.0,0.3333333333333333,1,within,0|0|0|1|NA|nan|NA,ES,ES
Spain_561,Spain_61,0.16666666666666666,0.3333333333333333,2,within,0|0|0|1|NA|nan|NA,ES,ES
Spain_561,Spain_251,0.16666666666666666,0.3333333333333333,3,within,0|0|0|1|NA|nan|NA,ES,ES
Spain_560,Spain_558,0.21428571428571427,0.3333333333333333,1,within,0|0|0|1|NA|nan|NA,ES,ES
Spain_560,Spain_113,0.2222222222222222,0.3333333333333333,2,within,0|0|0|1|NA|nan|NA,ES,ES
Spain_560,Spain_369,0.24603174603174605,0.3333333333333333,3,within,0|0|0|1|NA|nan|NA,ES,ES
Spain_569,Spain_61,0.0,0.3333333333333333,1,within,0|0|0|1|NA|nan|NA,ES,ES
Spain_569,Spain_311,0.0,0.3333333333333333,2,within,0|0|0|1|NA|nan|NA,ES,ES
Spain_569,Spain_460,0.0,0.3333333333333333,3,within,0|0|0|1|NA|nan|NA,ES,ES
Spain_580,Spain_513,0.24603174603174605,1.0,1,within,0|0|0|1|NA|nan|NA,ES,ES
Romania_4,Romania_37,0.16666666666666666,0.3333333333333333,1,within,0|0|0|1|NA|nan|NA,RO,RO
Romania_4,Romania_43,0.16666666666666666,0.3333333333333333,2,within,0|0|0|1|NA|nan|NA,RO,RO
Romania_4,Romania_95,0.16666666666666666,0.3333333333333333,3,within,0|0|0|1|NA|nan|NA,RO,RO
Romania_3,Romania_10,0.21825396825396826,0.3333333333333333,1,within,0|0|0|1|NA|nan|NA,RO,RO
Romania_3,Romania_142,0.21825396825396826,0.3333333333333333,2,within,0|0|0|1|NA|nan|NA,RO,RO
Romania_3,Romania_122,0.2222222222222222,0.3333333333333333,3,within,0|0|0|1|NA|nan|NA,RO,RO
Romania_10,Romania_73,0.19047619047619047,0.3333333333333333,1,within,0|0|0|1|NA|nan|NA,RO,RO
Romania_10,Romania_3,0.21825396825396826,0.3333333333333333,2,within,0|0|0|1|NA|nan|NA,RO,RO
Romania_10,Romania_172,0.21825396825396826,0.3333333333333333,3,within,0|0|0|1|NA|nan|NA,RO,RO
Romania_20,Romania_155,0.07142857142857142,0.3333333333333333,1,within,0|0|0|1|NA|nan|NA,RO,RO
Romania_20,Romania_40,0.19444444444444445,0.3333333333333333,2,within,0|0|0|1|NA|nan|NA,RO,RO
Romania_20,Romania_92,0.21825396825396826,0.3333333333333333,3,within,0|0|0|1|NA|nan|NA,RO,RO
Romania_21,Romania_40,0.05158730158730159,0.3333333333333333,1,within,0|0|0|1|NA|nan|NA,RO,RO
Romania_21,Romania_61,0.16666666666666666,0.3333333333333333,2,within,0|0|0|1|NA|nan|NA,RO,RO
Romania_21,Romania_95,0.16666666666666666,0.3333333333333333,3,within,0|0|0|1|NA|nan|NA,RO,RO
Romania_37,Romania_122,0.05555555555555555,0.3333333333333333,1,within,0|0|0|1|NA|nan|NA,RO,RO
Romania_37,Romania_146,0.05555555555555555,0.3333333333333333,2,within,0|0|0|1|NA|nan|NA,RO,RO
Romania_37,Romania_43,0.16666666666666666,0.3333333333333333,3,within,0|0|0|1|NA|nan|NA,RO,RO
Romania_38,Romania_107,0.2222222222222222,1.0,1,within,0|0|0|1|NA|nan|NA,RO,RO
Romania_43,Romania_4,0.16666666666666666,0.3333333333333333,1,within,0|0|0|1|NA|nan|NA,RO,RO
Romania_43,Romania_37,0.16666666666666666,0.3333333333333333,2,within,0|0|0|1|NA|nan|NA,RO,RO
Romania_43,Romania_92,0.19444444444444445,0.3333333333333333,3,within,0|0|0|1|NA|nan|NA,RO,RO
Romania_40,Romania_21,0.05158730158730159,0.3333333333333333,1,within,0|0|0|1|NA|nan|NA,RO,RO
Romania_40,Romania_71,0.19047619047619047,0.3333333333333333,2,within,0|0|0|1|NA|nan|NA,RO,RO
Romania_40,Romania_92,0.19047619047619047,0.3333333333333333,3,within,0|0|0|1|NA|nan|NA,RO,RO
Romania_46,Romania_155,0.16666666666666666,0.3333333333333333,1,within,0|0|0|1|NA|nan|NA,RO,RO
Romania_46,Romania_20,0.2380952380952381,0.3333333333333333,2,within,0|0|0|1|NA|nan|NA,RO,RO
Romania_46,Romania_153,0.2698412698412698,0.3333333333333333,3,within,0|0|0|1|NA|nan|NA,RO,RO
Romania_61,Romania_71,0.027777777777777776,0.3333333333333333,1,within,0|0|0|1|NA|nan|NA,RO,RO
Romania_61,Romania_21,0.16666666666666666,0.3333333333333333,2,within,0|0|0|1|NA|nan|NA,RO,RO
Romania_61,Romania_99,0.16666666666666666,0.3333333333333333,3,within,0|0|0|1|NA|nan|NA,RO,RO
Romania_67,Romania_155,0.24603174603174605,1.0,1,within,0|0|0|1|NA|nan|NA,RO,RO
Romania_69,Romania_172,0.19444444444444445,0.3333333333333333,1,within,0|0|0|1|NA|nan|NA,RO,RO
Romania_69,Romania_73,0.21428571428571427,0.3333333333333333,2,within,0|0|0|1|NA|nan|NA,RO,RO
Romania_69,Romania_122,0.24206349206349206,0.3333333333333333,3,within,0|0|0|1|NA|nan|NA,RO,RO
Romania_71,Romania_61,0.027777777777777776,0.3333333333333333,1,within,0|0|0|1|NA|nan|NA,RO,RO
Romania_71,Romania_92,0.16666666666666666,0.3333333333333333,2,within,0|0|0|1|NA|nan|NA,RO,RO
Romania_71,Romania_80,0.19047619047619047,0.3333333333333333,3,within,0|0|0|1|NA|nan|NA,RO,RO
Romania_73,Romania_172,0.07539682539682539,0.3333333333333333,1,within,0|0|0|1|NA|nan|NA,RO,RO
Romania_73,Romania_10,0.19047619047619047,0.3333333333333333,2,within,0|0|0|1|NA|nan|NA,RO,RO
Romania_73,Romania_146,0.19444444444444445,0.3333333333333333,3,within,0|0|0|1|NA|nan|NA,RO,RO
Romania_80,Romania_71,0.19047619047619047,0.3333333333333333,1,within,0|0|0|1|NA|nan|NA,RO,RO
Romania_80,Romania_61,0.21825396825396826,0.3333333333333333,2,within,0|0|0|1|NA|nan|NA,RO,RO
Romania_80,Romania_73,0.24603174603174605,0.3333333333333333,3,within,0|0|0|1|NA|nan|NA,RO,RO
Romania_82,Romania_142,0.13095238095238096,0.3333333333333333,1,within,0|0|0|1|NA|nan|NA,RO,RO
Romania_82,Romania_21,0.19047619047619047,0.3333333333333333,2,within,0|0|0|1|NA|nan|NA,RO,RO
Romania_82,Romania_95,0.19047619047619047,0.3333333333333333,3,within,0|0|0|1|NA|nan|NA,RO,RO
Romania_92,Romania_71,0.16666666666666666,0.3333333333333333,1,within,0|0|0|1|NA|nan|NA,RO,RO
Romania_92,Romania_40,0.19047619047619047,0.3333333333333333,2,within,0|0|0|1|NA|nan|NA,RO,RO
Romania_92,Romania_37,0.19444444444444445,0.3333333333333333,3,within,0|0|0|1|NA|nan|NA,RO,RO
Romania_95,Romania_154,0.07936507936507936,0.3333333333333333,1,within,0|0|0|1|NA|nan|NA,RO,RO
Romania_95,Romania_4,0.16666666666666666,0.3333333333333333,2,within,0|0|0|1|NA|nan|NA,RO,RO
Romania_95,Romania_153,0.16666666666666666,0.3333333333333333,3,within,0|0|0|1|NA|nan|NA,RO,RO
Romania_99,Romania_21,0.16666666666666666,0.3333333333333333,1,within,0|0|0|1|NA|nan|NA,RO,RO
Romania_99,Romania_61,0.16666666666666666,0.3333333333333333,2,within,0|0|0|1|NA|nan|NA,RO,RO
Romania_99,Romania_92,0.19444444444444445,0.3333333333333333,3,within,0|0|0|1|NA|nan|NA,RO,RO
Romania_107,Romania_38,0.2222222222222222,1.0,1,within,0|0|0|1|NA|nan|NA,RO,RO
Romania_122,Romania_146,0.0,0.3333333333333333,1,within,0|0|0|1|NA|nan|NA,RO,RO
Romania_122,Romania_37,0.05555555555555555,0.3333333333333333,2,within,0|0|0|1|NA|nan|NA,RO,RO
Romania_122,Romania_92,0.19444444444444445,0.3333333333333333,3,within,0|0|0|1|NA|nan|NA,RO,RO
Romania_126,Romania_37,0.2380952380952381,0.3333333333333333,1,within,0|0|0|1|NA|nan|NA,RO,RO
Romania_126,Romania_82,0.2619047619047619,0.3333333333333333,2,within,0|0|0|1|NA|nan|NA,RO,RO
Romania_126,Romania_122,0.29365079365079366,0.3333333333333333,3,within,0|0|0|1|NA|nan|NA,RO,RO
Romania_142,Romania_82,0.13095238095238096,0.3333333333333333,1,within,0|0|0|1|NA|nan|NA,RO,RO
Romania_142,Romania_159,0.19047619047619047,0.3333333333333333,2,within,0|0|0|1|NA|nan|NA,RO,RO
Romania_142,Romania_122,0.21825396825396826,0.3333333333333333,3,within,0|0|0|1|NA|nan|NA,RO,RO
Romania_146,Romania_122,0.0,0.3333333333333333,1,within,0|0|0|1|NA|nan|NA,RO,RO
Romania_146,Romania_37,0.05555555555555555,0.3333333333333333,2,within,0|0|0|1|NA|nan|NA,RO,RO
Romania_146,Romania_92,0.19444444444444445,0.3333333333333333,3,within,0|0|0|1|NA|nan|NA,RO,RO
Romania_153,Romania_4,0.16666666666666666,0.3333333333333333,1,within,0|0|0|1|NA|nan|NA,RO,RO
Romania_153,Romania_95,0.16666666666666666,0.3333333333333333,2,within,0|0|0|1|NA|nan|NA,RO,RO
Romania_153,Romania_20,0.24603174603174605,0.3333333333333333,3,within,0|0|0|1|NA|nan|NA,RO,RO
Romania_154,Romania_95,0.07936507936507936,0.3333333333333333,1,within,0|0|0|1|NA|nan|NA,RO,RO
Romania_154,Romania_40,0.19444444444444445,0.3333333333333333,2,within,0|0|0|1|NA|nan|NA,RO,RO
Romania_154,Romania_159,0.21825396825396826,0.3333333333333333,3,within,0|0|0|1|NA|nan|NA,RO,RO
Romania_159,Romania_142,0.19047619047619047,0.3333333333333333,1,within,0|0|0|1|NA|nan|NA,RO,RO
Romania_159,Romania_154,0.21825396825396826,0.3333333333333333,2,within,0|0|0|1|NA|nan|NA,RO,RO
Romania_159,Romania_40,0.24603174603174605,0.3333333333333333,3,within,0|0|0|1|NA|nan|NA,RO,RO
Romania_155,Romania_20,0.07142857142857142,0.3333333333333333,1,within,0|0|0|1|NA|nan|NA,RO,RO
Romania_155,Romania_46,0.16666666666666666,0.3333333333333333,2,within,0|0|0|1|NA|nan|NA,RO,RO
Romania_155,Romania_71,0.24206349206349206,0.3333333333333333,3,within,0|0|0|1|NA|nan|NA,RO,RO
Romania_161,Romania_46,0.2698412698412698,1.0,1,within,0|0|0|1|NA|nan|NA,RO,RO
Romania_172,Romania_73,0.07539682539682539,0.3333333333333333,1,within,0|0|0|1|NA|nan|NA,RO,RO
Romania_172,Romania_69,0.19444444444444445,0.3333333333333333,2,within,0|0|0|1|NA|nan|NA,RO,RO
Romania_172,Romania_146,0.21428571428571427,0.3333333333333333,3,within,0|0|0|1|NA|nan|NA,RO,RO
Norway_52,Norway_70,0.24603174603174605,1.0,1,within,0|0|0|1|NA|nan|NA,NO,NO
Norway_70,Norway_52,0.24603174603174605,1.0,1,within,0|0|0|1|NA|nan|NA,NO,NO
Luxembourg_3,Luxembourg_21,0.05158730158730159,1.0,1,within,0|0|0|1|NA|nan|NA,LU,LU
Luxembourg_21,Luxembourg_3,0.05158730158730159,1.0,1,within,0|0|0|1|NA|nan|NA,LU,LU
Lithuania_8,Lithuania_11,0.16666666666666666,1.0,1,within,0|0|0|1|NA|nan|NA,LT,LT
Lithuania_11,Lithuania_8,0.16666666666666666,1.0,1,within,0|0|0|1|NA|nan|NA,LT,LT
Italy_18,Italy_104,0.023809523809523808,0.3333333333333333,1,within,0|0|0|1|NA|nan|NA,IT,IT
Italy_18,Italy_279,0.05158730158730159,0.3333333333333333,2,within,0|0|0|1|NA|nan|NA,IT,IT
Italy_18,Italy_265,0.07936507936507936,0.3333333333333333,3,within,0|0|0|1|NA|nan|NA,IT,IT
Italy_74,Italy_138,0.05158730158730159,0.3333333333333333,1,within,0|0|0|1|NA|nan|NA,IT,IT
Italy_74,Italy_225,0.05158730158730159,0.3333333333333333,2,within,0|0|0|1|NA|nan|NA,IT,IT
Italy_74,Italy_104,0.16666666666666666,0.3333333333333333,3,within,0|0|0|1|NA|nan|NA,IT,IT
Italy_91,Italy_276,0.0,0.3333333333333333,1,within,0|0|0|1|NA|nan|NA,IT,IT
Italy_91,Italy_316,0.05158730158730159,0.3333333333333333,2,within,0|0|0|1|NA|nan|NA,IT,IT
Italy_91,Italy_138,0.16666666666666666,0.3333333333333333,3,within,0|0|0|1|NA|nan|NA,IT,IT
Italy_104,Italy_18,0.023809523809523808,0.3333333333333333,1,within,0|0|0|1|NA|nan|NA,IT,IT
Italy_104,Italy_279,0.07539682539682539,0.3333333333333333,2,within,0|0|0|1|NA|nan|NA,IT,IT
Italy_104,Italy_265,0.10317460317460318,0.3333333333333333,3,within,0|0|0|1|NA|nan|NA,IT,IT
Italy_138,Italy_225,0.047619047619047616,0.3333333333333333,1,within,0|0|0|1|NA|nan|NA,IT,IT
Italy_138,Italy_74,0.05158730158730159,0.3333333333333333,2,within,0|0|0|1|NA|nan|NA,IT,IT
Italy_138,Italy_182,0.1349206349206349,0.3333333333333333,3,within,0|0|0|1|NA|nan|NA,IT,IT
Italy_147,Italy_300,0.047619047619047616,0.3333333333333333,1,within,0|0|0|1|NA|nan|NA,IT,IT
Italy_147,Italy_241,0.07539682539682539,0.3333333333333333,2,within,0|0|0|1|NA|nan|NA,IT,IT
Italy_147,Italy_231,0.07936507936507936,0.3333333333333333,3,within,0|0|0|1|NA|nan|NA,IT,IT
Italy_153,Italy_269,0.05158730158730159,0.5,1,within,0|0|0|1|NA|nan|NA,IT,IT
Italy_153,Italy_278,0.12698412698412698,0.5,2,within,0|0|0|1|NA|nan|NA,IT,IT
Italy_162,Italy_245,0.047619047619047616,0.3333333333333333,1,within,0|0|0|1|NA|nan|NA,IT,IT
Italy_162,Italy_180,0.16666666666666666,0.3333333333333333,2,within,0|0|0|1|NA|nan|NA,IT,IT
Italy_162,Italy_182,0.19047619047619047,0.3333333333333333,3,within,0|0|0|1|NA|nan|NA,IT,IT
Italy_180,Italy_182,0.023809523809523808,0.3333333333333333,1,within,0|0|0|1|NA|nan|NA,IT,IT
Italy_180,Italy_138,0.15873015873015872,0.3333333333333333,2,within,0|0|0|1|NA|nan|NA,IT,IT
Italy_180,Italy_162,0.16666666666666666,0.3333333333333333,3,within,0|0|0|1|NA|nan|NA,IT,IT
Italy_182,Italy_180,0.023809523809523808,0.3333333333333333,1,within,0|0|0|1|NA|nan|NA,IT,IT
Italy_182,Italy_138,0.1349206349206349,0.3333333333333333,2,within,0|0|0|1|NA|nan|NA,IT,IT
Italy_182,Italy_225,0.18253968253968253,0.3333333333333333,3,within,0|0|0|1|NA|nan|NA,IT,IT
Italy_225,Italy_138,0.047619047619047616,0.3333333333333333,1,within,0|0|0|1|NA|nan|NA,IT,IT
Italy_225,Italy_74,0.05158730158730159,0.3333333333333333,2,within,0|0|0|1|NA|nan|NA,IT,IT
Italy_225,Italy_182,0.18253968253968253,0.3333333333333333,3,within,0|0|0|1|NA|nan|NA,IT,IT
Italy_231,Italy_241,0.05158730158730159,0.3333333333333333,1,within,0|0|0|1|NA|nan|NA,IT,IT
Italy_231,Italy_147,0.07936507936507936,0.3333333333333333,2,within,0|0|0|1|NA|nan|NA,IT,IT
Italy_231,Italy_300,0.07936507936507936,0.3333333333333333,3,within,0|0|0|1|NA|nan|NA,IT,IT
Italy_241,Italy_300,0.027777777777777776,0.3333333333333333,1,within,0|0|0|1|NA|nan|NA,IT,IT
Italy_241,Italy_231,0.05158730158730159,0.3333333333333333,2,within,0|0|0|1|NA|nan|NA,IT,IT
Italy_241,Italy_147,0.07539682539682539,0.3333333333333333,3,within,0|0|0|1|NA|nan|NA,IT,IT
Italy_245,Italy_162,0.047619047619047616,0.3333333333333333,1,within,0|0|0|1|NA|nan|NA,IT,IT
Italy_245,Italy_180,0.21428571428571427,0.3333333333333333,2,within,0|0|0|1|NA|nan|NA,IT,IT
Italy_245,Italy_182,0.2380952380952381,0.3333333333333333,3,within,0|0|0|1|NA|nan|NA,IT,IT
Italy_259,Italy_279,0.047619047619047616,0.3333333333333333,1,within,0|0|0|1|NA|nan|NA,IT,IT
Italy_259,Italy_265,0.07539682539682539,0.3333333333333333,2,within,0|0|0|1|NA|nan|NA,IT,IT
Italy_259,Italy_18,0.0992063492063492,0.3333333333333333,3,within,0|0|0|1|NA|nan|NA,IT,IT
Italy_265,Italy_279,0.027777777777777776,0.3333333333333333,1,within,0|0|0|1|NA|nan|NA,IT,IT
Italy_265,Italy_259,0.07539682539682539,0.3333333333333333,2,within,0|0|0|1|NA|nan|NA,IT,IT
Italy_265,Italy_18,0.07936507936507936,0.3333333333333333,3,within,0|0|0|1|NA|nan|NA,IT,IT
Italy_269,Italy_153,0.05158730158730159,0.5,1,within,0|0|0|1|NA|nan|NA,IT,IT
Italy_269,Italy_278,0.07539682539682539,0.5,2,within,0|0|0|1|NA|nan|NA,IT,IT
Italy_276,Italy_91,0.0,0.3333333333333333,1,within,0|0|0|1|NA|nan|NA,IT,IT
Italy_276,Italy_316,0.05158730158730159,0.3333333333333333,2,within,0|0|0|1|NA|nan|NA,IT,IT
Italy_276,Italy_138,0.16666666666666666,0.3333333333333333,3,within,0|0|0|1|NA|nan|NA,IT,IT
Italy_278,Italy_269,0.07539682539682539,0.5,1,within,0|0|0|1|NA|nan|NA,IT,IT
Italy_278,Italy_153,0.12698412698412698,0.5,2,within,0|0|0|1|NA|nan|NA,IT,IT
Italy_279,Italy_265,0.027777777777777776,0.3333333333333333,1,within,0|0|0|1|NA|nan|NA,IT,IT
Italy_279,Italy_259,0.047619047619047616,0.3333333333333333,2,within,0|0|0|1|NA|nan|NA,IT,IT
Italy_279,Italy_18,0.05158730158730159,0.3333333333333333,3,within,0|0|0|1|NA|nan|NA,IT,IT
Italy_300,Italy_241,0.027777777777777776,0.3333333333333333,1,within,0|0|0|1|NA|nan|NA,IT,IT
Italy_300,Italy_147,0.047619047619047616,0.3333333333333333,2,within,0|0|0|1|NA|nan|NA,IT,IT
Italy_300,Italy_231,0.07936507936507936,0.3333333333333333,3,within,0|0|0|1|NA|nan|NA,IT,IT
Italy_316,Italy_91,0.05158730158730159,0.3333333333333333,1,within,0|0|0|1|NA|nan|NA,IT,IT
Italy_316,Italy_276,0.05158730158730159,0.3333333333333333,2,within,0|0|0|1|NA|nan|NA,IT,IT
Italy_316,Italy_18,0.19047619047619047,0.3333333333333333,3,within,0|0|0|1|NA|nan|NA,IT,IT
Iceland_15,Iceland_75,0.10714285714285714,0.3333333333333333,1,within,0|0|0|1|NA|nan|NA,IS,IS
Iceland_15,Iceland_80,0.16666666666666666,0.3333333333333333,2,within,0|0|0|1|NA|nan|NA,IS,IS
Iceland_15,Iceland_24,0.24206349206349206,0.3333333333333333,3,within,0|0|0|1|NA|nan|NA,IS,IS
Iceland_24,Iceland_15,0.24206349206349206,0.5,1,within,0|0|0|1|NA|nan|NA,IS,IS
Iceland_24,Iceland_75,0.24603174603174605,0.5,2,within,0|0|0|1|NA|nan|NA,IS,IS
Iceland_75,Iceland_15,0.10714285714285714,0.3333333333333333,1,within,0|0|0|1|NA|nan|NA,IS,IS
Iceland_75,Iceland_24,0.24603174603174605,0.3333333333333333,2,within,0|0|0|1|NA|nan|NA,IS,IS
Iceland_75,Iceland_80,0.2738095238095238,0.3333333333333333,3,within,0|0|0|1|NA|nan|NA,IS,IS
Iceland_80,Iceland_15,0.16666666666666666,0.5,1,within,0|0|0|1|NA|nan|NA,IS,IS
Iceland_80,Iceland_75,0.2738095238095238,0.5,2,within,0|0|0|1|NA|nan|NA,IS,IS
Greece_20,Greece_48,0.19444444444444445,0.3333333333333333,1,within,0|0|0|1|NA|nan|NA,GR,GR
Greece_20,Greece_92,0.2698412698412698,0.3333333333333333,2,within,0|0|0|1|NA|nan|NA,GR,GR
Greece_20,Greece_18,0.2738095238095238,0.3333333333333333,3,within,0|0|0|1|NA|nan|NA,GR,GR
Greece_18,Greece_92,0.21825396825396826,0.3333333333333333,1,within,0|0|0|1|NA|nan|NA,GR,GR
Greece_18,Greece_114,0.2222222222222222,0.3333333333333333,2,within,0|0|0|1|NA|nan|NA,GR,GR
Greece_18,Greece_48,0.24603174603174605,0.3333333333333333,3,within,0|0|0|1|NA|nan|NA,GR,GR
Greece_27,Greece_40,0.047619047619047616,1.0,1,within,0|0|0|1|NA|nan|NA,GR,GR
Greece_26,Greece_114,0.1349206349206349,0.3333333333333333,1,within,0|0|0|1|NA|nan|NA,GR,GR
Greece_26,Greece_18,0.24603174603174605,0.3333333333333333,2,within,0|0|0|1|NA|nan|NA,GR,GR
Greece_26,Greece_47,0.25,0.3333333333333333,3,within,0|0|0|1|NA|nan|NA,GR,GR
Greece_35,Greece_47,0.027777777777777776,0.3333333333333333,1,within,0|0|0|1|NA|nan|NA,GR,GR
Greece_35,Greece_60,0.16666666666666666,0.3333333333333333,2,within,0|0|0|1|NA|nan|NA,GR,GR
Greece_35,Greece_72,0.16666666666666666,0.3333333333333333,3,within,0|0|0|1|NA|nan|NA,GR,GR
Greece_40,Greece_27,0.047619047619047616,1.0,1,within,0|0|0|1|NA|nan|NA,GR,GR
Greece_48,Greece_20,0.19444444444444445,0.3333333333333333,1,within,0|0|0|1|NA|nan|NA,GR,GR
Greece_48,Greece_92,0.24206349206349206,0.3333333333333333,2,within,0|0|0|1|NA|nan|NA,GR,GR
Greece_48,Greece_18,0.24603174603174605,0.3333333333333333,3,within,0|0|0|1|NA|nan|NA,GR,GR
Greece_47,Greece_35,0.027777777777777776,0.3333333333333333,1,within,0|0|0|1|NA|nan|NA,GR,GR
Greece_47,Greece_60,0.19444444444444445,0.3333333333333333,2,within,0|0|0|1|NA|nan|NA,GR,GR
Greece_47,Greece_72,0.19444444444444445,0.3333333333333333,3,within,0|0|0|1|NA|nan|NA,GR,GR
Greece_60,Greece_35,0.16666666666666666,0.3333333333333333,1,within,0|0|0|1|NA|nan|NA,GR,GR
Greece_60,Greece_72,0.16666666666666666,0.3333333333333333,2,within,0|0|0|1|NA|nan|NA,GR,GR
Greece_60,Greece_114,0.19047619047619047,0.3333333333333333,3,within,0|0|0|1|NA|nan|NA,GR,GR
Greece_72,Greece_102,0.027777777777777776,0.3333333333333333,1,within,0|0|0|1|NA|nan|NA,GR,GR
Greece_72,Greece_35,0.16666666666666666,0.3333333333333333,2,within,0|0|0|1|NA|nan|NA,GR,GR
Greece_72,Greece_60,0.16666666666666666,0.3333333333333333,3,within,0|0|0|1|NA|nan|NA,GR,GR
Greece_77,Greece_97,0.0,0.5,1,within,0|0|0|1|NA|nan|NA,UNCLEAR,UNCLEAR
Greece_77,United Kingdom_61,0.047619047619047616,0.5,2,within,0|0|0|1|NA|nan|NA,UNCLEAR,UNCLEAR
Greece_92,Greece_72,0.19444444444444445,0.3333333333333333,1,within,0|0|0|1|NA|nan|NA,GR,GR
Greece_92,Greece_18,0.21825396825396826,0.3333333333333333,2,within,0|0|0|1|NA|nan|NA,GR,GR
Greece_92,Greece_102,0.2222222222222222,0.3333333333333333,3,within,0|0|0|1|NA|nan|NA,GR,GR
Greece_97,Greece_77,0.0,0.5,1,within,0|0|0|1|NA|nan|NA,UNCLEAR,UNCLEAR
Greece_97,United Kingdom_61,0.047619047619047616,0.5,2,within,0|0|0|1|NA|nan|NA,UNCLEAR,UNCLEAR
Greece_102,Greece_72,0.027777777777777776,0.3333333333333333,1,within,0|0|0|1|NA|nan|NA,GR,GR
Greece_102,Greece_35,0.19444444444444445,0.3333333333333333,2,within,0|0|0|1|NA|nan|NA,GR,GR
Greece_102,Greece_60,0.19444444444444445,0.3333333333333333,3,within,0|0|0|1|NA|nan|NA,GR,GR
Greece_114,Greece_26,0.1349206349206349,0.3333333333333333,1,within,0|0|0|1|NA|nan|NA,GR,GR
Greece_114,Greece_35,0.19047619047619047,0.3333333333333333,2,within,0|0|0|1|NA|nan|NA,GR,GR
Greece_114,Greece_72,0.19047619047619047,0.3333333333333333,3,within,0|0|0|1|NA|nan|NA,GR,GR
Germany_2,Germany_12,0.19444444444444445,1.0,1,within,0|0|0|1|NA|nan|NA,DE,DE
Germany_12,Germany_16,0.19047619047619047,0.5,1,within,0|0|0|1|NA|nan|NA,DE,DE
Germany_12,Germany_2,0.19444444444444445,0.5,2,within,0|0|0|1|NA|nan|NA,DE,DE
Germany_16,Germany_12,0.19047619047619047,1.0,1,within,0|0|0|1|NA|nan|NA,DE,DE
France_13,France_30,0.16666666666666666,0.5,1,within,0|0|0|1|NA|nan|NA,FR,FR
France_13,France_19,0.2698412698412698,0.5,2,within,0|0|0|1|NA|nan|NA,FR,FR
France_19,France_13,0.2698412698412698,0.5,1,within,0|0|0|1|NA|nan|NA,FR,FR
France_19,France_30,0.2698412698412698,0.5,2,within,0|0|0|1|NA|nan|NA,FR,FR
France_30,France_13,0.16666666666666666,0.5,1,within,0|0|0|1|NA|nan|NA,FR,FR
France_30,France_19,0.2698412698412698,0.5,2,within,0|0|0|1|NA|nan|NA,FR,FR
Sweden_2,Sweden_3,0.14285714285714285,1.0,1,within,0|1|0|0|0|2020-2021|NA,SE,SE
Sweden_3,Sweden_2,0.14285714285714285,1.0,1,within,0|1|0|0|0|2020-2021|NA,SE,SE
Italy_112,Italy_131,0.2440944881889764,1.0,1,within,0|1|0|0|0|2022-2023|NA,IT,IT
Italy_131,Italy_112,0.2440944881889764,1.0,1,within,0|1|0|0|0|2022-2023|NA,IT,IT
Italy_242,Italy_283,0.23502304147465436,1.0,1,within,0|1|0|0|0|2024-2025|NA,IT,IT
Italy_283,Italy_242,0.23502304147465436,1.0,1,within,0|1|0|0|0|2024-2025|NA,IT,IT
Italy_130,Italy_132,0.16666666666666666,1.0,1,within,0|1|0|0|0|nan|J,IT,IT
Italy_132,Italy_130,0.16666666666666666,1.0,1,within,0|1|0|0|0|nan|J,IT,IT
Italy_55,Italy_193,0.2222222222222222,1.0,1,within,0|1|0|0|0|nan|Q,IT,IT
Italy_193,Italy_55,0.2222222222222222,1.0,1,within,0|1|0|0|0|nan|Q,IT,IT
Sweden_5,Sweden_6,0.19444444444444445,1.0,1,within,0|1|0|0|0|nan|NA,SE,SE
Sweden_6,Sweden_5,0.19444444444444445,1.0,1,within,0|1|0|0|0|nan|NA,SE,SE
Sweden_13,Sweden_43,0.16666666666666666,1.0,1,within,0|1|0|0|0|nan|NA,SE,SE
Sweden_43,Sweden_13,0.16666666666666666,1.0,1,within,0|1|0|0|0|nan|NA,SE,SE
Spain_74,Spain_97,0.13888888888888887,0.3333333333333333,1,within,0|1|0|0|0|nan|NA,ES,ES
Spain_74,Spain_301,0.16666666666666666,0.3333333333333333,2,within,0|1|0|0|0|nan|NA,ES,ES
Spain_74,Spain_465,0.16666666666666666,0.3333333333333333,3,within,0|1|0|0|0|nan|NA,ES,ES
Spain_97,Spain_74,0.13888888888888887,0.3333333333333333,1,within,0|1|0|0|0|nan|NA,ES,ES
Spain_97,Spain_585,0.2222222222222222,0.3333333333333333,2,within,0|1|0|0|0|nan|NA,ES,ES
Spain_97,Spain_390,0.25,0.3333333333333333,3,within,0|1|0|0|0|nan|NA,ES,ES
Spain_277,Spain_333,0.27777777777777773,0.5,1,within,0|1|0|0|0|nan|NA,ES,ES
Spain_277,Spain_414,0.27777777777777773,0.5,2,within,0|1|0|0|0|nan|NA,ES,ES
Spain_301,Spain_74,0.16666666666666666,0.3333333333333333,1,within,0|1|0|0|0|nan|NA,ES,ES
Spain_301,Spain_390,0.2222222222222222,0.3333333333333333,2,within,0|1|0|0|0|nan|NA,ES,ES
Spain_301,Spain_585,0.25,0.3333333333333333,3,within,0|1|0|0|0|nan|NA,ES,ES
Spain_330,Spain_333,0.05555555555555555,0.3333333333333333,1,within,0|1|0|0|0|nan|NA,ES,ES
Spain_330,Spain_414,0.05555555555555555,0.3333333333333333,2,within,0|1|0|0|0|nan|NA,ES,ES
Spain_330,Spain_585,0.19444444444444445,0.3333333333333333,3,within,0|1|0|0|0|nan|NA,ES,ES
Spain_333,Spain_414,0.0,0.3333333333333333,1,within,0|1|0|0|0|nan|NA,ES,ES
Spain_333,Spain_330,0.05555555555555555,0.3333333333333333,2,within,0|1|0|0|0|nan|NA,ES,ES
Spain_333,Spain_465,0.16666666666666666,0.3333333333333333,3,within,0|1|0|0|0|nan|NA,ES,ES
Spain_390,Spain_585,0.19444444444444445,0.3333333333333333,1,within,0|1|0|0|0|nan|NA,ES,ES
Spain_390,Spain_74,0.2222222222222222,0.3333333333333333,2,within,0|1|0|0|0|nan|NA,ES,ES
Spain_390,Spain_301,0.2222222222222222,0.3333333333333333,3,within,0|1|0|0|0|nan|NA,ES,ES
Spain_414,Spain_333,0.0,0.3333333333333333,1,within,0|1|0|0|0|nan|NA,ES,ES
Spain_414,Spain_330,0.05555555555555555,0.3333333333333333,2,within,0|1|0|0|0|nan|NA,ES,ES
Spain_414,Spain_465,0.16666666666666666,0.3333333333333333,3,within,0|1|0|0|0|nan|NA,ES,ES
Spain_465,Spain_74,0.16666666666666666,0.3333333333333333,1,within,0|1|0|0|0|nan|NA,ES,ES
Spain_465,Spain_333,0.16666666666666666,0.3333333333333333,2,within,0|1|0|0|0|nan|NA,ES,ES
Spain_465,Spain_414,0.16666666666666666,0.3333333333333333,3,within,0|1|0|0|0|nan|NA,ES,ES
Spain_585,Spain_330,0.19444444444444445,0.3333333333333333,1,within,0|1|0|0|0|nan|NA,ES,ES
Spain_585,Spain_390,0.19444444444444445,0.3333333333333333,2,within,0|1|0|0|0|nan|NA,ES,ES
Spain_585,Spain_97,0.2222222222222222,0.3333333333333333,3,within,0|1|0|0|0|nan|NA,ES,ES
Slovenia_10,Slovenia_11,0.19444444444444445,0.5,1,within,0|1|0|0|0|nan|NA,SI,SI
Slovenia_10,Slovenia_13,0.19444444444444445,0.5,2,within,0|1|0|0|0|nan|NA,SI,SI
Slovenia_11,Slovenia_13,0.0,0.5,1,within,0|1|0|0|0|nan|NA,SI,SI
Slovenia_11,Slovenia_10,0.19444444444444445,0.5,2,within,0|1|0|0|0|nan|NA,SI,SI
Slovenia_13,Slovenia_11,0.0,0.5,1,within,0|1|0|0|0|nan|NA,SI,SI
Slovenia_13,Slovenia_10,0.19444444444444445,0.5,2,within,0|1|0|0|0|nan|NA,SI,SI
Romania_25,Romania_158,0.19444444444444445,0.3333333333333333,1,within,0|1|0|0|0|nan|NA,RO,RO
Romania_25,Romania_101,0.25,0.3333333333333333,2,within,0|1|0|0|0|nan|NA,RO,RO
Romania_25,Romania_98,0.25,0.3333333333333333,3,within,0|1|0|0|0|nan|NA,RO,RO
Romania_101,Romania_25,0.25,0.5,1,within,0|1|0|0|0|nan|NA,RO,RO
Romania_101,Romania_132,0.27777777777777773,0.5,2,within,0|1|0|0|0|nan|NA,RO,RO
Romania_98,Romania_132,0.2222222222222222,0.5,1,within,0|1|0|0|0|nan|NA,RO,RO
Romania_98,Romania_25,0.25,0.5,2,within,0|1|0|0|0|nan|NA,RO,RO
Romania_132,Romania_98,0.2222222222222222,0.3333333333333333,1,within,0|1|0|0|0|nan|NA,RO,RO
Romania_132,Romania_25,0.25,0.3333333333333333,2,within,0|1|0|0|0|nan|NA,RO,RO
Romania_132,Romania_101,0.27777777777777773,0.3333333333333333,3,within,0|1|0|0|0|nan|NA,RO,RO
Romania_158,Romania_25,0.19444444444444445,1.0,1,within,0|1|0|0|0|nan|NA,RO,RO
Norway_22,Norway_60,0.0,0.5,1,within,0|1|0|0|0|nan|NA,NO,NO
Norway_22,Norway_78,0.0,0.5,2,within,0|1|0|0|0|nan|NA,NO,NO
Norway_60,Norway_22,0.0,0.5,1,within,0|1|0|0|0|nan|NA,NO,NO
Norway_60,Norway_78,0.0,0.5,2,within,0|1|0|0|0|nan|NA,NO,NO
Norway_78,Norway_22,0.0,0.5,1,within,0|1|0|0|0|nan|NA,NO,NO
Norway_78,Norway_60,0.0,0.5,2,within,0|1|0|0|0|nan|NA,NO,NO
Italy_12,Italy_40,0.2222222222222222,0.3333333333333333,1,within,0|1|0|0|0|nan|NA,IT,IT
Italy_12,Italy_137,0.2222222222222222,0.3333333333333333,2,within,0|1|0|0|0|nan|NA,IT,IT
Italy_12,Italy_222,0.2222222222222222,0.3333333333333333,3,within,0|1|0|0|0|nan|NA,IT,IT
Italy_28,Italy_107,0.0,0.3333333333333333,1,within,0|1|0|0|0|nan|NA,IT,IT
Italy_28,Italy_80,0.027777777777777776,0.3333333333333333,2,within,0|1|0|0|0|nan|NA,IT,IT
Italy_28,Italy_56,0.027777777777777776,0.3333333333333333,3,within,0|1|0|0|0|nan|NA,IT,IT
Italy_40,Italy_137,0.0,0.3333333333333333,1,within,0|1|0|0|0|nan|NA,IT,IT
Italy_40,Italy_222,0.0,0.3333333333333333,2,within,0|1|0|0|0|nan|NA,IT,IT
Italy_40,Italy_208,0.027777777777777776,0.3333333333333333,3,within,0|1|0|0|0|nan|NA,IT,IT
Italy_56,Italy_80,0.0,0.3333333333333333,1,within,0|1|0|0|0|nan|NA,IT,IT
Italy_56,Italy_208,0.0,0.3333333333333333,2,within,0|1|0|0|0|nan|NA,IT,IT
Italy_56,Italy_251,0.0,0.3333333333333333,3,within,0|1|0|0|0|nan|NA,IT,IT
Italy_80,Italy_56,0.0,0.3333333333333333,1,within,0|1|0|0|0|nan|NA,IT,IT
Italy_80,Italy_208,0.0,0.3333333333333333,2,within,0|1|0|0|0|nan|NA,IT,IT
Italy_80,Italy_251,0.0,0.3333333333333333,3,within,0|1|0|0|0|nan|NA,IT,IT
Italy_82,Italy_99,0.0,0.3333333333333333,1,within,0|1|0|0|0|nan|NA,IT,IT
Italy_82,Italy_56,0.027777777777777776,0.3333333333333333,2,within,0|1|0|0|0|nan|NA,IT,IT
Italy_82,Italy_80,0.027777777777777776,0.3333333333333333,3,within,0|1|0|0|0|nan|NA,IT,IT
Italy_99,Italy_82,0.0,0.3333333333333333,1,within,0|1|0|0|0|nan|NA,IT,IT
Italy_99,Italy_56,0.027777777777777776,0.3333333333333333,2,within,0|1|0|0|0|nan|NA,IT,IT
Italy_99,Italy_80,0.027777777777777776,0.3333333333333333,3,within,0|1|0|0|0|nan|NA,IT,IT
Italy_107,Italy_28,0.0,0.3333333333333333,1,within,0|1|0|0|0|nan|NA,IT,IT
Italy_107,Italy_56,0.027777777777777776,0.3333333333333333,2,within,0|1|0|0|0|nan|NA,IT,IT
Italy_107,Italy_80,0.027777777777777776,0.3333333333333333,3,within,0|1|0|0|0|nan|NA,IT,IT
Italy_115,Italy_172,0.16666666666666666,0.3333333333333333,1,within,0|1|0|0|0|nan|NA,IT,IT
Italy_115,Italy_28,0.19444444444444445,0.3333333333333333,2,within,0|1|0|0|0|nan|NA,IT,IT
Italy_115,Italy_194,0.19444444444444445,0.3333333333333333,3,within,0|1|0|0|0|nan|NA,IT,IT
Italy_121,Italy_194,0.027777777777777776,0.3333333333333333,1,within,0|1|0|0|0|nan|NA,IT,IT
Italy_121,Italy_172,0.05555555555555555,0.3333333333333333,2,within,0|1|0|0|0|nan|NA,IT,IT
Italy_121,Italy_250,0.05555555555555555,0.3333333333333333,3,within,0|1|0|0|0|nan|NA,IT,IT
Italy_123,Italy_264,0.027777777777777776,0.3333333333333333,1,within,0|1|0|0|0|nan|NA,IT,IT
Italy_123,Italy_250,0.027777777777777776,0.3333333333333333,2,within,0|1|0|0|0|nan|NA,IT,IT
Italy_123,Italy_28,0.05555555555555555,0.3333333333333333,3,within,0|1|0|0|0|nan|NA,IT,IT
Italy_137,Italy_40,0.0,0.3333333333333333,1,within,0|1|0|0|0|nan|NA,IT,IT
Italy_137,Italy_222,0.0,0.3333333333333333,2,within,0|1|0|0|0|nan|NA,IT,IT
Italy_137,Italy_80,0.027777777777777776,0.3333333333333333,3,within,0|1|0|0|0|nan|NA,IT,IT
Italy_164,Italy_121,0.16666666666666666,0.3333333333333333,1,within,0|1|0|0|0|nan|NA,IT,IT
Italy_164,Italy_194,0.19444444444444445,0.3333333333333333,2,within,0|1|0|0|0|nan|NA,IT,IT
Italy_164,Italy_172,0.2222222222222222,0.3333333333333333,3,within,0|1|0|0|0|nan|NA,IT,IT
Italy_172,Italy_28,0.027777777777777776,0.3333333333333333,1,within,0|1|0|0|0|nan|NA,IT,IT
Italy_172,Italy_107,0.027777777777777776,0.3333333333333333,2,within,0|1|0|0|0|nan|NA,IT,IT
Italy_172,Italy_194,0.027777777777777776,0.3333333333333333,3,within,0|1|0|0|0|nan|NA,IT,IT
Italy_189,Italy_80,0.16666666666666666,0.3333333333333333,1,within,0|1|0|0|0|nan|NA,IT,IT
Italy_189,Italy_56,0.16666666666666666,0.3333333333333333,2,within,0|1|0|0|0|nan|NA,IT,IT
Italy_189,Italy_208,0.16666666666666666,0.3333333333333333,3,within,0|1|0|0|0|nan|NA,IT,IT
Italy_194,Italy_172,0.027777777777777776,0.3333333333333333,1,within,0|1|0|0|0|nan|NA,IT,IT
Italy_194,Italy_121,0.027777777777777776,0.3333333333333333,2,within,0|1|0|0|0|nan|NA,IT,IT
Italy_194,Italy_250,0.027777777777777776,0.3333333333333333,3,within,0|1|0|0|0|nan|NA,IT,IT
Italy_208,Italy_56,0.0,0.3333333333333333,1,within,0|1|0|0|0|nan|NA,IT,IT
Italy_208,Italy_80,0.0,0.3333333333333333,2,within,0|1|0|0|0|nan|NA,IT,IT
Italy_208,Italy_251,0.0,0.3333333333333333,3,within,0|1|0|0|0|nan|NA,IT,IT
Italy_212,Italy_40,0.08333333333333333,0.3333333333333333,1,within,0|1|0|0|0|nan|NA,IT,IT
Italy_212,Italy_82,0.08333333333333333,0.3333333333333333,2,within,0|1|0|0|0|nan|NA,IT,IT
Italy_212,Italy_99,0.08333333333333333,0.3333333333333333,3,within,0|1|0|0|0|nan|NA,IT,IT
Italy_222,Italy_40,0.0,0.3333333333333333,1,within,0|1|0|0|0|nan|NA,IT,IT
Italy_222,Italy_137,0.0,0.3333333333333333,2,within,0|1|0|0|0|nan|NA,IT,IT
Italy_222,Italy_80,0.027777777777777776,0.3333333333333333,3,within,0|1|0|0|0|nan|NA,IT,IT
Italy_228,Italy_56,0.0,0.3333333333333333,1,within,0|1|0|0|0|nan|NA,IT,IT
Italy_228,Italy_80,0.0,0.3333333333333333,2,within,0|1|0|0|0|nan|NA,IT,IT
Italy_228,Italy_251,0.0,0.3333333333333333,3,within,0|1|0|0|0|nan|NA,IT,IT
Italy_246,Italy_189,0.19444444444444442,0.3333333333333333,1,within,0|1|0|0|0|nan|NA,IT,IT
Italy_246,Italy_121,0.25,0.3333333333333333,2,within,0|1|0|0|0|nan|NA,IT,IT
Italy_246,Italy_164,0.25,0.3333333333333333,3,within,0|1|0|0|0|nan|NA,IT,IT
Italy_250,Italy_28,0.027777777777777776,0.3333333333333333,1,within,0|1|0|0|0|nan|NA,IT,IT
Italy_250,Italy_107,0.027777777777777776,0.3333333333333333,2,within,0|1|0|0|0|nan|NA,IT,IT
Italy_250,Italy_99,0.027777777777777776,0.3333333333333333,3,within,0|1|0|0|0|nan|NA,IT,IT
Italy_251,Italy_56,0.0,0.3333333333333333,1,within,0|1|0|0|0|nan|NA,IT,IT
Italy_251,Italy_80,0.0,0.3333333333333333,2,within,0|1|0|0|0|nan|NA,IT,IT
Italy_251,Italy_228,0.0,0.3333333333333333,3,within,0|1|0|0|0|nan|NA,IT,IT
Italy_264,Italy_123,0.027777777777777776,0.3333333333333333,1,within,0|1|0|0|0|nan|NA,IT,IT
Italy_264,Italy_250,0.05555555555555555,0.3333333333333333,2,within,0|1|0|0|0|nan|NA,IT,IT
Italy_264,Italy_99,0.08333333333333333,0.3333333333333333,3,within,0|1|0|0|0|nan|NA,IT,IT
Italy_272,Italy_56,0.0,0.3333333333333333,1,within,0|1|0|0|0|nan|NA,IT,IT
Italy_272,Italy_80,0.0,0.3333333333333333,2,within,0|1|0|0|0|nan|NA,IT,IT
Italy_272,Italy_228,0.0,0.3333333333333333,3,within,0|1|0|0|0|nan|NA,IT,IT
Italy_308,Italy_80,0.16666666666666666,0.3333333333333333,1,within,0|1|0|0|0|nan|NA,IT,IT
Italy_308,Italy_56,0.16666666666666666,0.3333333333333333,2,within,0|1|0|0|0|nan|NA,IT,IT
Italy_308,Italy_208,0.16666666666666666,0.3333333333333333,3,within,0|1|0|0|0|nan|NA,IT,IT
Iceland_19,Iceland_81,0.2222222222222222,1.0,1,within,0|1|0|0|0|nan|NA,IS,IS
Iceland_40,Iceland_56,0.1111111111111111,0.5,1,within,0|1|0|0|0|nan|NA,IS,IS
Iceland_40,Iceland_81,0.25,0.5,2,within,0|1|0|0|0|nan|NA,IS,IS
Iceland_56,Iceland_40,0.1111111111111111,0.5,1,within,0|1|0|0|0|nan|NA,IS,IS
Iceland_56,Iceland_81,0.25,0.5,2,within,0|1|0|0|0|nan|NA,IS,IS
Iceland_81,Iceland_19,0.2222222222222222,0.3333333333333333,1,within,0|1|0|0|0|nan|NA,IS,IS
Iceland_81,Iceland_40,0.25,0.3333333333333333,2,within,0|1|0|0|0|nan|NA,IS,IS
Iceland_81,Iceland_56,0.25,0.3333333333333333,3,within,0|1|0|0|0|nan|NA,IS,IS
Spain_153,Spain_157,0.0,1.0,1,within,0|1|0|0|1|nan|R,ES,ES
Spain_157,Spain_153,0.0,1.0,1,within,0|1|0|0|1|nan|R,ES,ES
Spain_67,Spain_211,0.2333333333333333,1.0,1,within,0|1|0|0|1|nan|NA,ES,ES
Spain_211,Spain_67,0.2333333333333333,1.0,1,within,0|1|0|0|1|nan|NA,ES,ES
Romania_81,Romania_129,0.2714285714285714,1.0,1,within,0|1|0|0|1|nan|NA,RO,RO
Romania_129,Romania_81,0.2714285714285714,1.0,1,within,0|1|0|0|1|nan|NA,RO,RO
Norway_42,Norway_59,0.09999999999999999,0.5,1,within,0|1|0|0|1|nan|NA,NO,NO
Norway_42,Norway_40,0.19047619047619047,0.5,2,within,0|1|0|0|1|nan|NA,NO,NO
Norway_40,Norway_42,0.19047619047619047,0.3333333333333333,1,within,0|1|0|0|1|nan|NA,NO,NO
Norway_40,Norway_61,0.22380952380952382,0.3333333333333333,2,within,0|1|0|0|1|nan|NA,NO,NO
Norway_40,Norway_59,0.2904761904761905,0.3333333333333333,3,within,0|1|0|0|1|nan|NA,NO,NO
Norway_61,Norway_40,0.22380952380952382,1.0,1,within,0|1|0|0|1|nan|NA,NO,NO
Norway_59,Norway_42,0.09999999999999999,0.5,1,within,0|1|0|0|1|nan|NA,NO,NO
Norway_59,Norway_40,0.2904761904761905,0.5,2,within,0|1|0|0|1|nan|NA,NO,NO
Italy_27,Italy_57,0.0,0.3333333333333333,1,within,0|1|0|0|1|nan|NA,IT,IT
Italy_27,Italy_152,0.11428571428571428,0.3333333333333333,2,within,0|1|0|0|1|nan|NA,IT,IT
Italy_27,Italy_227,0.19047619047619047,0.3333333333333333,3,within,0|1|0|0|1|nan|NA,IT,IT
Italy_57,Italy_27,0.0,0.3333333333333333,1,within,0|1|0|0|1|nan|NA,IT,IT
Italy_57,Italy_152,0.11428571428571428,0.3333333333333333,2,within,0|1|0|0|1|nan|NA,IT,IT
Italy_57,Italy_227,0.19047619047619047,0.3333333333333333,3,within,0|1|0|0|1|nan|NA,IT,IT
Italy_152,Italy_27,0.11428571428571428,0.3333333333333333,1,within,0|1|0|0|1|nan|NA,IT,IT
Italy_152,Italy_57,0.11428571428571428,0.3333333333333333,2,within,0|1|0|0|1|nan|NA,IT,IT
Italy_152,Italy_227,0.2571428571428572,0.3333333333333333,3,within,0|1|0|0|1|nan|NA,IT,IT
Italy_227,Italy_254,0.16666666666666666,0.3333333333333333,1,within,0|1|0|0|1|nan|NA,IT,IT
Italy_227,Italy_27,0.19047619047619047,0.3333333333333333,2,within,0|1|0|0|1|nan|NA,IT,IT
Italy_227,Italy_57,0.19047619047619047,0.3333333333333333,3,within,0|1|0|0|1|nan|NA,IT,IT
Italy_254,Italy_227,0.16666666666666666,0.3333333333333333,1,within,0|1|0|0|1|nan|NA,IT,IT
Italy_254,Italy_27,0.19047619047619047,0.3333333333333333,2,within,0|1|0|0|1|nan|NA,IT,IT
Italy_254,Italy_57,0.19047619047619047,0.3333333333333333,3,within,0|1|0|0|1|nan|NA,IT,IT
Iceland_30,Iceland_66,0.023809523809523808,1.0,1,within,0|1|0|0|1|nan|NA,IS,IS
Iceland_66,Iceland_30,0.023809523809523808,1.0,1,within,0|1|0|0|1|nan|NA,IS,IS
Spain_60,Spain_355,0.023809523809523808,0.5,1,within,0|1|0|0|NA|nan|NA,ES,ES
Spain_60,Spain_198,0.19047619047619047,0.5,2,within,0|1|0|0|NA|nan|NA,ES,ES
Spain_198,Spain_60,0.19047619047619047,0.5,1,within,0|1|0|0|NA|nan|NA,ES,ES
Spain_198,Spain_355,0.21428571428571427,0.5,2,within,0|1|0|0|NA|nan|NA,ES,ES
Spain_224,Spain_345,0.2333333333333333,1.0,1,within,0|1|0|0|NA|nan|NA,ES,ES
Spain_345,Spain_224,0.2333333333333333,1.0,1,within,0|1|0|0|NA|nan|NA,ES,ES
Spain_355,Spain_60,0.023809523809523808,0.5,1,within,0|1|0|0|NA|nan|NA,ES,ES
Spain_355,Spain_198,0.21428571428571427,0.5,2,within,0|1|0|0|NA|nan|NA,ES,ES
Italy_47,Italy_133,0.28571428571428575,1.0,1,within,0|1|0|0|NA|nan|NA,IT,IT
Italy_133,Italy_47,0.28571428571428575,1.0,1,within,0|1|0|0|NA|nan|NA,IT,IT
Iceland_93,Iceland_102,0.0,1.0,1,within,0|1|0|0|NA|nan|NA,IS,IS
Iceland_102,Iceland_93,0.0,1.0,1,within,0|1|0|0|NA|nan|NA,IS,IS
Luxembourg_23,Luxembourg_22,0.19723452186747453,1.0,1,within,0|NA|NA|NA|0|2020-2021|NA,LU,LU
Luxembourg_22,Luxembourg_23,0.19723452186747453,1.0,1,within,0|NA|NA|NA|0|2020-2021|NA,LU,LU
Italy_22,Italy_36,0.2534374271731531,1.0,1,within,0|NA|NA|NA|0|2020-2021|NA,IT,IT
Italy_36,Italy_22,0.2534374271731531,1.0,1,within,0|NA|NA|NA|0|2020-2021|NA,IT,IT
Iceland_41,Iceland_50,0.07142857142857142,1.0,1,within,0|NA|NA|NA|0|2020-2021|NA,IS,IS
Iceland_50,Iceland_41,0.07142857142857142,1.0,1,within,0|NA|NA|NA|0|2020-2021|NA,IS,IS
Italy_79,Italy_100,0.0430622009569378,0.5,1,within,0|NA|NA|NA|0|2022-2023|O,IT,IT
Italy_79,Italy_127,0.1352244246981089,0.5,2,within,0|NA|NA|NA|0|2022-2023|O,IT,IT
Italy_100,Italy_79,0.0430622009569378,0.5,1,within,0|NA|NA|NA|0|2022-2023|O,IT,IT
Italy_100,Italy_127,0.09216222374117111,0.5,2,within,0|NA|NA|NA|0|2022-2023|O,IT,IT
Italy_127,Italy_100,0.09216222374117111,0.5,1,within,0|NA|NA|NA|0|2022-2023|O,IT,IT
Italy_127,Italy_79,0.1352244246981089,0.5,2,within,0|NA|NA|NA|0|2022-2023|O,IT,IT
United Kingdom_44,United Kingdom_59,0.04755072760811641,1.0,1,within,0|NA|NA|NA|0|2022-2023|NA,GB,GB
United Kingdom_59,United Kingdom_44,0.04755072760811641,1.0,1,within,0|NA|NA|NA|0|2022-2023|NA,GB,GB
Italy_68,Italy_84,0.09294937487189998,0.3333333333333333,1,within,0|NA|NA|NA|0|2022-2023|NA,IT,IT
Italy_68,Italy_183,0.18436154949784792,0.3333333333333333,2,within,0|NA|NA|NA|0|2022-2023|NA,IT,IT
Italy_68,Italy_97,0.24871899979503995,0.3333333333333333,3,within,0|NA|NA|NA|0|2022-2023|NA,IT,IT
Italy_84,Italy_183,0.09141217462594795,0.3333333333333333,1,within,0|NA|NA|NA|0|2022-2023|NA,IT,IT
Italy_84,Italy_68,0.09294937487189998,0.3333333333333333,2,within,0|NA|NA|NA|0|2022-2023|NA,IT,IT
Italy_84,Italy_97,0.15576962492313998,0.3333333333333333,3,within,0|NA|NA|NA|0|2022-2023|NA,IT,IT
Italy_97,Italy_143,0.07568149210903874,0.3333333333333333,1,within,0|NA|NA|NA|0|2022-2023|NA,IT,IT
Italy_97,Italy_84,0.15576962492313998,0.3333333333333333,2,within,0|NA|NA|NA|0|2022-2023|NA,IT,IT
Italy_97,Italy_113,0.16581266653002663,0.3333333333333333,3,within,0|NA|NA|NA|0|2022-2023|NA,IT,IT
Italy_113,Italy_97,0.16581266653002663,0.3333333333333333,1,within,0|NA|NA|NA|0|2022-2023|NA,IT,IT
Italy_113,Italy_198,0.1712782674045228,0.3333333333333333,2,within,0|NA|NA|NA|0|2022-2023|NA,IT,IT
Italy_113,Italy_84,0.17872514859602376,0.3333333333333333,3,within,0|NA|NA|NA|0|2022-2023|NA,IT,IT
Italy_129,Italy_113,0.19004919040787047,0.3333333333333333,1,within,0|NA|NA|NA|0|2022-2023|NA,IT,IT
Italy_129,Italy_97,0.21300471408075425,0.3333333333333333,2,within,0|NA|NA|NA|0|2022-2023|NA,IT,IT
Italy_129,Italy_143,0.21981963517114161,0.3333333333333333,3,within,0|NA|NA|NA|0|2022-2023|NA,IT,IT
Italy_143,Italy_97,0.07568149210903874,0.3333333333333333,1,within,0|NA|NA|NA|0|2022-2023|NA,IT,IT
Italy_143,Italy_113,0.1955831112932978,0.3333333333333333,2,within,0|NA|NA|NA|0|2022-2023|NA,IT,IT
Italy_143,Italy_183,0.21710391473662635,0.3333333333333333,3,within,0|NA|NA|NA|0|2022-2023|NA,IT,IT
Italy_183,Italy_84,0.09141217462594795,0.3333333333333333,1,within,0|NA|NA|NA|0|2022-2023|NA,IT,IT
Italy_183,Italy_68,0.18436154949784792,0.3333333333333333,2,within,0|NA|NA|NA|0|2022-2023|NA,IT,IT
Italy_183,Italy_113,0.19840131174420986,0.3333333333333333,3,within,0|NA|NA|NA|0|2022-2023|NA,IT,IT
Italy_198,Italy_113,0.1712782674045228,0.3333333333333333,1,within,0|NA|NA|NA|0|2022-2023|NA,IT,IT
Italy_198,Italy_183,0.2585912413745986,0.3333333333333333,2,within,0|NA|NA|NA|0|2022-2023|NA,IT,IT
Italy_198,Italy_143,0.2614094418255107,0.3333333333333333,3,within,0|NA|NA|NA|0|2022-2023|NA,IT,IT
Iceland_68,Iceland_95,0.2466523194643711,1.0,1,within,0|NA|NA|NA|0|2022-2023|NA,IS,IS
Iceland_95,Iceland_68,0.2466523194643711,1.0,1,within,0|NA|NA|NA|0|2022-2023|NA,IS,IS
Hungary_21,Hungary_56,0.2996174079387853,1.0,1,within,0|NA|NA|NA|0|2022-2023|NA,HU,HU
Hungary_56,Hungary_21,0.2996174079387853,1.0,1,within,0|NA|NA|NA|0|2022-2023|NA,HU,HU
Greece_33,Greece_53,0.18902439024390244,1.0,1,within,0|NA|NA|NA|0|2022-2023|NA,GR,GR
Greece_53,Greece_33,0.18902439024390244,1.0,1,within,0|NA|NA|NA|0|2022-2023|NA,GR,GR
Italy_235,Italy_258,0.22755102040816327,0.5,1,within,0|NA|NA|NA|0|2024-2025|O,IT,IT
Italy_235,Italy_298,0.2857142857142857,0.5,2,within,0|NA|NA|NA|0|2024-2025|O,IT,IT
Italy_258,Italy_298,0.2010204081632653,0.5,1,within,0|NA|NA|NA|0|2024-2025|O,IT,IT
Italy_258,Italy_235,0.22755102040816327,0.5,2,within,0|NA|NA|NA|0|2024-2025|O,IT,IT
Italy_298,Italy_258,0.2010204081632653,0.5,1,within,0|NA|NA|NA|0|2024-2025|O,IT,IT
Italy_298,Italy_235,0.2857142857142857,0.5,2,within,0|NA|NA|NA|0|2024-2025|O,IT,IT
Spain_89,Spain_582,0.23809523809523808,0.5,1,within,0|NA|NA|NA|0|2024-2025|NA,ES,ES
Spain_89,Spain_222,0.2858263305322129,0.5,2,within,0|NA|NA|NA|0|2024-2025|NA,ES,ES
Spain_222,Spain_582,0.19058823529411764,0.5,1,within,0|NA|NA|NA|0|2024-2025|NA,ES,ES
Spain_222,Spain_89,0.2858263305322129,0.5,2,within,0|NA|NA|NA|0|2024-2025|NA,ES,ES
Spain_582,Spain_222,0.19058823529411764,0.5,1,within,0|NA|NA|NA|0|2024-2025|NA,ES,ES
Spain_582,Spain_89,0.23809523809523808,0.5,2,within,0|NA|NA|NA|0|2024-2025|NA,ES,ES
Italy_218,Italy_230,0.1573109243697479,0.5,1,within,0|NA|NA|NA|0|2024-2025|NA,IT,IT
Italy_218,Italy_247,0.18319327731092436,0.5,2,within,0|NA|NA|NA|0|2024-2025|NA,IT,IT
Italy_230,Italy_218,0.1573109243697479,0.5,1,within,0|NA|NA|NA|0|2024-2025|NA,IT,IT
Italy_230,Italy_247,0.16873949579831932,0.5,2,within,0|NA|NA|NA|0|2024-2025|NA,IT,IT
Italy_247,Italy_230,0.16873949579831932,0.5,1,within,0|NA|NA|NA|0|2024-2025|NA,IT,IT
Italy_247,Italy_218,0.18319327731092436,0.5,2,within,0|NA|NA|NA|0|2024-2025|NA,IT,IT
Spain_92,Spain_459,0.25,1.0,1,within,0|NA|NA|NA|0|nan|Q,ES,ES
Spain_188,Spain_590,0.16666666666666666,0.5,1,within,0|NA|NA|NA|0|nan|Q,ES,ES
Spain_188,Spain_212,0.25,0.5,2,within,0|NA|NA|NA|0|nan|Q,ES,ES
Spain_212,Spain_188,0.25,1.0,1,within,0|NA|NA|NA|0|nan|Q,ES,ES
Spain_459,Spain_92,0.25,1.0,1,within,0|NA|NA|NA|0|nan|Q,ES,ES
Spain_590,Spain_188,0.16666666666666666,1.0,1,within,0|NA|NA|NA|0|nan|Q,ES,ES
Spain_37,Spain_83,0.061111111111111116,0.3333333333333333,1,within,0|NA|NA|NA|0|nan|NA,ES,ES
Spain_37,Spain_614,0.061111111111111116,0.3333333333333333,2,within,0|NA|NA|NA|0|nan|NA,ES,ES
Spain_37,Spain_607,0.08888888888888889,0.3333333333333333,3,within,0|NA|NA|NA|0|nan|NA,ES,ES
Spain_76,Spain_324,0.16666666666666666,0.3333333333333333,1,within,0|NA|NA|NA|0|nan|NA,ES,ES
Spain_76,Spain_242,0.19444444444444445,0.3333333333333333,2,within,0|NA|NA|NA|0|nan|NA,ES,ES
Spain_76,Spain_329,0.19444444444444445,0.3333333333333333,3,within,0|NA|NA|NA|0|nan|NA,ES,ES
Spain_82,Spain_171,0.027777777777777776,0.3333333333333333,1,within,0|NA|NA|NA|0|nan|NA,ES,ES
Spain_82,Spain_579,0.027777777777777776,0.3333333333333333,2,within,0|NA|NA|NA|0|nan|NA,ES,ES
Spain_82,Spain_233,0.09444444444444444,0.3333333333333333,3,within,0|NA|NA|NA|0|nan|NA,ES,ES
Spain_83,Spain_614,0.0,0.3333333333333333,1,within,0|NA|NA|NA|0|nan|NA,ES,ES
Spain_83,Spain_607,0.027777777777777776,0.3333333333333333,2,within,0|NA|NA|NA|0|nan|NA,ES,ES
Spain_83,Spain_37,0.061111111111111116,0.3333333333333333,3,within,0|NA|NA|NA|0|nan|NA,ES,ES
Spain_100,Spain_412,0.03333333333333333,0.3333333333333333,1,within,0|NA|NA|NA|0|nan|NA,ES,ES
Spain_100,Spain_131,0.06666666666666667,0.3333333333333333,2,within,0|NA|NA|NA|0|nan|NA,ES,ES
Spain_100,Spain_233,0.16666666666666666,0.3333333333333333,3,within,0|NA|NA|NA|0|nan|NA,ES,ES
Spain_119,Spain_421,0.16666666666666666,0.3333333333333333,1,within,0|NA|NA|NA|0|nan|NA,ES,ES
Spain_119,Spain_480,0.16666666666666666,0.3333333333333333,2,within,0|NA|NA|NA|0|nan|NA,ES,ES
Spain_119,Spain_605,0.19444444444444445,0.3333333333333333,3,within,0|NA|NA|NA|0|nan|NA,ES,ES
Spain_118,Spain_294,0.2333333333333333,0.3333333333333333,1,within,0|NA|NA|NA|0|nan|NA,ES,ES
Spain_118,Spain_354,0.2333333333333333,0.3333333333333333,2,within,0|NA|NA|NA|0|nan|NA,ES,ES
Spain_118,Spain_408,0.2333333333333333,0.3333333333333333,3,within,0|NA|NA|NA|0|nan|NA,ES,ES
Spain_125,Spain_544,0.03333333333333333,0.3333333333333333,1,within,0|NA|NA|NA|0|nan|NA,ES,ES
Spain_125,Spain_410,0.03333333333333333,0.3333333333333333,2,within,0|NA|NA|NA|0|nan|NA,ES,ES
Spain_125,Spain_175,0.16666666666666666,0.3333333333333333,3,within,0|NA|NA|NA|0|nan|NA,ES,ES
Spain_131,Spain_412,0.03333333333333333,0.3333333333333333,1,within,0|NA|NA|NA|0|nan|NA,ES,ES
Spain_131,Spain_100,0.06666666666666667,0.3333333333333333,2,within,0|NA|NA|NA|0|nan|NA,ES,ES
Spain_131,Spain_171,0.16666666666666666,0.3333333333333333,3,within,0|NA|NA|NA|0|nan|NA,ES,ES
Spain_171,Spain_579,0.0,0.3333333333333333,1,within,0|NA|NA|NA|0|nan|NA,ES,ES
Spain_171,Spain_82,0.027777777777777776,0.3333333333333333,2,within,0|NA|NA|NA|0|nan|NA,ES,ES
Spain_171,Spain_233,0.06666666666666667,0.3333333333333333,3,within,0|NA|NA|NA|0|nan|NA,ES,ES
Spain_175,Spain_125,0.16666666666666666,0.3333333333333333,1,within,0|NA|NA|NA|0|nan|NA,ES,ES
Spain_175,Spain_412,0.16666666666666666,0.3333333333333333,2,within,0|NA|NA|NA|0|nan|NA,ES,ES
Spain_175,Spain_131,0.19999999999999998,0.3333333333333333,3,within,0|NA|NA|NA|0|nan|NA,ES,ES
Spain_217,Spain_233,0.05555555555555555,0.3333333333333333,1,within,0|NA|NA|NA|0|nan|NA,ES,ES
Spain_217,Spain_82,0.09444444444444444,0.3333333333333333,2,within,0|NA|NA|NA|0|nan|NA,ES,ES
Spain_217,Spain_579,0.12222222222222223,0.3333333333333333,3,within,0|NA|NA|NA|0|nan|NA,ES,ES
Spain_225,Spain_83,0.16666666666666666,0.3333333333333333,1,within,0|NA|NA|NA|0|nan|NA,ES,ES
Spain_225,Spain_131,0.16666666666666666,0.3333333333333333,2,within,0|NA|NA|NA|0|nan|NA,ES,ES
Spain_225,Spain_171,0.16666666666666666,0.3333333333333333,3,within,0|NA|NA|NA|0|nan|NA,ES,ES
Spain_233,Spain_217,0.05555555555555555,0.3333333333333333,1,within,0|NA|NA|NA|0|nan|NA,ES,ES
Spain_233,Spain_171,0.06666666666666667,0.3333333333333333,2,within,0|NA|NA|NA|0|nan|NA,ES,ES
Spain_233,Spain_579,0.06666666666666667,0.3333333333333333,3,within,0|NA|NA|NA|0|nan|NA,ES,ES
Spain_242,Spain_358,0.16666666666666666,0.3333333333333333,1,within,0|NA|NA|NA|0|nan|NA,ES,ES
Spain_242,Spain_329,0.16666666666666666,0.3333333333333333,2,within,0|NA|NA|NA|0|nan|NA,ES,ES
Spain_242,Spain_421,0.16666666666666666,0.3333333333333333,3,within,0|NA|NA|NA|0|nan|NA,ES,ES
Spain_294,Spain_354,0.0,0.3333333333333333,1,within,0|NA|NA|NA|0|nan|NA,ES,ES
Spain_294,Spain_323,0.16666666666666666,0.3333333333333333,2,within,0|NA|NA|NA|0|nan|NA,ES,ES
Spain_294,Spain_497,0.16666666666666666,0.3333333333333333,3,within,0|NA|NA|NA|0|nan|NA,ES,ES
Spain_323,Spain_497,0.0,0.3333333333333333,1,within,0|NA|NA|NA|0|nan|NA,ES,ES
Spain_323,Spain_294,0.16666666666666666,0.3333333333333333,2,within,0|NA|NA|NA|0|nan|NA,ES,ES
Spain_323,Spain_354,0.16666666666666666,0.3333333333333333,3,within,0|NA|NA|NA|0|nan|NA,ES,ES
Spain_324,Spain_358,0.027777777777777776,0.3333333333333333,1,within,0|NA|NA|NA|0|nan|NA,ES,ES
Spain_324,Spain_399,0.15,0.3333333333333333,2,within,0|NA|NA|NA|0|nan|NA,ES,ES
Spain_324,Spain_76,0.16666666666666666,0.3333333333333333,3,within,0|NA|NA|NA|0|nan|NA,ES,ES
Spain_329,Spain_242,0.16666666666666666,0.3333333333333333,1,within,0|NA|NA|NA|0|nan|NA,ES,ES
Spain_329,Spain_358,0.16666666666666666,0.3333333333333333,2,within,0|NA|NA|NA|0|nan|NA,ES,ES
Spain_329,Spain_421,0.16666666666666666,0.3333333333333333,3,within,0|NA|NA|NA|0|nan|NA,ES,ES
Spain_354,Spain_294,0.0,0.3333333333333333,1,within,0|NA|NA|NA|0|nan|NA,ES,ES
Spain_354,Spain_323,0.16666666666666666,0.3333333333333333,2,within,0|NA|NA|NA|0|nan|NA,ES,ES
Spain_354,Spain_497,0.16666666666666666,0.3333333333333333,3,within,0|NA|NA|NA|0|nan|NA,ES,ES
Spain_358,Spain_324,0.027777777777777776,0.3333333333333333,1,within,0|NA|NA|NA|0|nan|NA,ES,ES
Spain_358,Spain_225,0.16666666666666666,0.3333333333333333,2,within,0|NA|NA|NA|0|nan|NA,ES,ES
Spain_358,Spain_242,0.16666666666666666,0.3333333333333333,3,within,0|NA|NA|NA|0|nan|NA,ES,ES
Spain_399,Spain_324,0.15,0.3333333333333333,1,within,0|NA|NA|NA|0|nan|NA,ES,ES
Spain_399,Spain_358,0.17777777777777778,0.3333333333333333,2,within,0|NA|NA|NA|0|nan|NA,ES,ES
Spain_399,Spain_496,0.2222222222222222,0.3333333333333333,3,within,0|NA|NA|NA|0|nan|NA,ES,ES
Spain_408,Spain_464,0.0,0.3333333333333333,1,within,0|NA|NA|NA|0|nan|NA,ES,ES
Spain_408,Spain_131,0.16666666666666666,0.3333333333333333,2,within,0|NA|NA|NA|0|nan|NA,ES,ES
Spain_408,Spain_329,0.16666666666666666,0.3333333333333333,3,within,0|NA|NA|NA|0|nan|NA,ES,ES
Spain_410,Spain_544,0.0,0.3333333333333333,1,within,0|NA|NA|NA|0|nan|NA,ES,ES
Spain_410,Spain_125,0.03333333333333333,0.3333333333333333,2,within,0|NA|NA|NA|0|nan|NA,ES,ES
Spain_410,Spain_131,0.16666666666666666,0.3333333333333333,3,within,0|NA|NA|NA|0|nan|NA,ES,ES
Spain_412,Spain_100,0.03333333333333333,0.3333333333333333,1,within,0|NA|NA|NA|0|nan|NA,ES,ES
Spain_412,Spain_131,0.03333333333333333,0.3333333333333333,2,within,0|NA|NA|NA|0|nan|NA,ES,ES
Spain_412,Spain_125,0.16666666666666666,0.3333333333333333,3,within,0|NA|NA|NA|0|nan|NA,ES,ES
Spain_421,Spain_480,0.0,0.3333333333333333,1,within,0|NA|NA|NA|0|nan|NA,ES,ES
Spain_421,Spain_605,0.027777777777777776,0.3333333333333333,2,within,0|NA|NA|NA|0|nan|NA,ES,ES
Spain_421,Spain_532,0.061111111111111116,0.3333333333333333,3,within,0|NA|NA|NA|0|nan|NA,ES,ES
Spain_425,Spain_496,0.2222222222222222,0.3333333333333333,1,within,0|NA|NA|NA|0|nan|NA,ES,ES
Spain_425,Spain_242,0.2333333333333333,0.3333333333333333,2,within,0|NA|NA|NA|0|nan|NA,ES,ES
Spain_425,Spain_408,0.2333333333333333,0.3333333333333333,3,within,0|NA|NA|NA|0|nan|NA,ES,ES
Spain_430,Spain_83,0.06666666666666667,0.3333333333333333,1,within,0|NA|NA|NA|0|nan|NA,ES,ES
Spain_430,Spain_614,0.06666666666666667,0.3333333333333333,2,within,0|NA|NA|NA|0|nan|NA,ES,ES
Spain_430,Spain_607,0.09444444444444444,0.3333333333333333,3,within,0|NA|NA|NA|0|nan|NA,ES,ES
Spain_434,Spain_242,0.16666666666666666,0.3333333333333333,1,within,0|NA|NA|NA|0|nan|NA,ES,ES
Spain_434,Spain_408,0.16666666666666666,0.3333333333333333,2,within,0|NA|NA|NA|0|nan|NA,ES,ES
Spain_434,Spain_358,0.16666666666666666,0.3333333333333333,3,within,0|NA|NA|NA|0|nan|NA,ES,ES
Spain_464,Spain_408,0.0,0.3333333333333333,1,within,0|NA|NA|NA|0|nan|NA,ES,ES
Spain_464,Spain_131,0.16666666666666666,0.3333333333333333,2,within,0|NA|NA|NA|0|nan|NA,ES,ES
Spain_464,Spain_329,0.16666666666666666,0.3333333333333333,3,within,0|NA|NA|NA|0|nan|NA,ES,ES
Spain_480,Spain_421,0.0,0.3333333333333333,1,within,0|NA|NA|NA|0|nan|NA,ES,ES
Spain_480,Spain_605,0.027777777777777776,0.3333333333333333,2,within,0|NA|NA|NA|0|nan|NA,ES,ES
Spain_480,Spain_532,0.061111111111111116,0.3333333333333333,3,within,0|NA|NA|NA|0|nan|NA,ES,ES
Spain_496,Spain_480,0.12222222222222223,0.3333333333333333,1,within,0|NA|NA|NA|0|nan|NA,ES,ES
Spain_496,Spain_421,0.12222222222222223,0.3333333333333333,2,within,0|NA|NA|NA|0|nan|NA,ES,ES
Spain_496,Spain_605,0.15,0.3333333333333333,3,within,0|NA|NA|NA|0|nan|NA,ES,ES
Spain_497,Spain_323,0.0,0.3333333333333333,1,within,0|NA|NA|NA|0|nan|NA,ES,ES
Spain_497,Spain_294,0.16666666666666666,0.3333333333333333,2,within,0|NA|NA|NA|0|nan|NA,ES,ES
Spain_497,Spain_354,0.16666666666666666,0.3333333333333333,3,within,0|NA|NA|NA|0|nan|NA,ES,ES
Spain_532,Spain_605,0.03333333333333333,0.3333333333333333,1,within,0|NA|NA|NA|0|nan|NA,ES,ES
Spain_532,Spain_480,0.061111111111111116,0.3333333333333333,2,within,0|NA|NA|NA|0|nan|NA,ES,ES
Spain_532,Spain_421,0.061111111111111116,0.3333333333333333,3,within,0|NA|NA|NA|0|nan|NA,ES,ES
Spain_544,Spain_410,0.0,0.3333333333333333,1,within,0|NA|NA|NA|0|nan|NA,ES,ES
Spain_544,Spain_125,0.03333333333333333,0.3333333333333333,2,within,0|NA|NA|NA|0|nan|NA,ES,ES
Spain_544,Spain_131,0.16666666666666666,0.3333333333333333,3,within,0|NA|NA|NA|0|nan|NA,ES,ES
Spain_579,Spain_171,0.0,0.3333333333333333,1,within,0|NA|NA|NA|0|nan|NA,ES,ES
Spain_579,Spain_82,0.027777777777777776,0.3333333333333333,2,within,0|NA|NA|NA|0|nan|NA,ES,ES
Spain_579,Spain_233,0.06666666666666667,0.3333333333333333,3,within,0|NA|NA|NA|0|nan|NA,ES,ES
Spain_605,Spain_480,0.027777777777777776,0.3333333333333333,1,within,0|NA|NA|NA|0|nan|NA,ES,ES
Spain_605,Spain_421,0.027777777777777776,0.3333333333333333,2,within,0|NA|NA|NA|0|nan|NA,ES,ES
Spain_605,Spain_532,0.03333333333333333,0.3333333333333333,3,within,0|NA|NA|NA|0|nan|NA,ES,ES
Spain_607,Spain_83,0.027777777777777776,0.3333333333333333,1,within,0|NA|NA|NA|0|nan|NA,ES,ES
Spain_607,Spain_614,0.027777777777777776,0.3333333333333333,2,within,0|NA|NA|NA|0|nan|NA,ES,ES
Spain_607,Spain_37,0.08888888888888889,0.3333333333333333,3,within,0|NA|NA|NA|0|nan|NA,ES,ES
Spain_614,Spain_83,0.0,0.3333333333333333,1,within,0|NA|NA|NA|0|nan|NA,ES,ES
Spain_614,Spain_607,0.027777777777777776,0.3333333333333333,2,within,0|NA|NA|NA|0|nan|NA,ES,ES
Spain_614,Spain_37,0.061111111111111116,0.3333333333333333,3,within,0|NA|NA|NA|0|nan|NA,ES,ES
Spain_629,Spain_430,0.16666666666666666,0.3333333333333333,1,within,0|NA|NA|NA|0|nan|NA,ES,ES
Spain_629,Spain_496,0.2222222222222222,0.3333333333333333,2,within,0|NA|NA|NA|0|nan|NA,ES,ES
Spain_629,Spain_421,0.2333333333333333,0.3333333333333333,3,within,0|NA|NA|NA|0|nan|NA,ES,ES
Slovenia_16,Slovenia_75,0.0,0.3333333333333333,1,within,0|NA|NA|NA|0|nan|NA,SI,SI
Slovenia_16,Slovenia_26,0.16666666666666666,0.3333333333333333,2,within,0|NA|NA|NA|0|nan|NA,SI,SI
Slovenia_16,Slovenia_33,0.16666666666666666,0.3333333333333333,3,within,0|NA|NA|NA|0|nan|NA,SI,SI
Slovenia_19,Slovenia_33,0.16666666666666666,1.0,1,within,0|NA|NA|NA|0|nan|NA,SI,SI
Slovenia_26,Slovenia_16,0.16666666666666666,0.5,1,within,0|NA|NA|NA|0|nan|NA,SI,SI
Slovenia_26,Slovenia_75,0.16666666666666666,0.5,2,within,0|NA|NA|NA|0|nan|NA,SI,SI
Slovenia_33,Slovenia_16,0.16666666666666666,0.3333333333333333,1,within,0|NA|NA|NA|0|nan|NA,SI,SI
Slovenia_33,Slovenia_19,0.16666666666666666,0.3333333333333333,2,within,0|NA|NA|NA|0|nan|NA,SI,SI
Slovenia_33,Slovenia_75,0.16666666666666666,0.3333333333333333,3,within,0|NA|NA|NA|0|nan|NA,SI,SI
Slovenia_75,Slovenia_16,0.0,0.3333333333333333,1,within,0|NA|NA|NA|0|nan|NA,SI,SI
Slovenia_75,Slovenia_26,0.16666666666666666,0.3333333333333333,2,within,0|NA|NA|NA|0|nan|NA,SI,SI
Slovenia_75,Slovenia_33,0.16666666666666666,0.3333333333333333,3,within,0|NA|NA|NA|0|nan|NA,SI,SI
Romania_9,Romania_117,0.19444444444444445,1.0,1,within,0|NA|NA|NA|0|nan|NA,RO,RO
Romania_16,Romania_41,0.25,0.3333333333333333,1,within,0|NA|NA|NA|0|nan|NA,RO,RO
Romania_16,Romania_27,0.2611111111111111,0.3333333333333333,2,within,0|NA|NA|NA|0|nan|NA,RO,RO
Romania_16,Romania_128,0.2611111111111111,0.3333333333333333,3,within,0|NA|NA|NA|0|nan|NA,RO,RO
Romania_18,Romania_76,0.16666666666666666,0.5,1,within,0|NA|NA|NA|0|nan|NA,RO,RO
Romania_18,Romania_79,0.25,0.5,2,within,0|NA|NA|NA|0|nan|NA,RO,RO
Romania_27,Romania_128,0.16666666666666666,0.3333333333333333,1,within,0|NA|NA|NA|0|nan|NA,RO,RO
Romania_27,Romania_16,0.2611111111111111,0.3333333333333333,2,within,0|NA|NA|NA|0|nan|NA,RO,RO
Romania_27,Romania_77,0.26666666666666666,0.3333333333333333,3,within,0|NA|NA|NA|0|nan|NA,RO,RO
Romania_33,Romania_79,0.25555555555555554,0.3333333333333333,1,within,0|NA|NA|NA|0|nan|NA,RO,RO
Romania_33,Romania_49,0.2611111111111111,0.3333333333333333,2,within,0|NA|NA|NA|0|nan|NA,RO,RO
Romania_33,Romania_103,0.2888888888888889,0.3333333333333333,3,within,0|NA|NA|NA|0|nan|NA,RO,RO
Romania_41,Romania_16,0.25,1.0,1,within,0|NA|NA|NA|0|nan|NA,RO,RO
Romania_49,Romania_33,0.2611111111111111,1.0,1,within,0|NA|NA|NA|0|nan|NA,RO,RO
Romania_79,Romania_103,0.09999999999999999,0.3333333333333333,1,within,0|NA|NA|NA|0|nan|NA,RO,RO
Romania_79,Romania_117,0.19999999999999998,0.3333333333333333,2,within,0|NA|NA|NA|0|nan|NA,RO,RO
Romania_79,Romania_18,0.25,0.3333333333333333,3,within,0|NA|NA|NA|0|nan|NA,RO,RO
Romania_77,Romania_27,0.26666666666666666,1.0,1,within,0|NA|NA|NA|0|nan|NA,RO,RO
Romania_76,Romania_18,0.16666666666666666,1.0,1,within,0|NA|NA|NA|0|nan|NA,RO,RO
Romania_103,Romania_79,0.09999999999999999,0.3333333333333333,1,within,0|NA|NA|NA|0|nan|NA,RO,RO
Romania_103,Romania_150,0.22777777777777777,0.3333333333333333,2,within,0|NA|NA|NA|0|nan|NA,RO,RO
Romania_103,Romania_117,0.2333333333333333,0.3333333333333333,3,within,0|NA|NA|NA|0|nan|NA,RO,RO
Romania_117,Romania_9,0.19444444444444445,0.3333333333333333,1,within,0|NA|NA|NA|0|nan|NA,RO,RO
Romania_117,Romania_79,0.19999999999999998,0.3333333333333333,2,within,0|NA|NA|NA|0|nan|NA,RO,RO
Romania_117,Romania_150,0.22777777777777777,0.3333333333333333,3,within,0|NA|NA|NA|0|nan|NA,RO,RO
Romania_128,Romania_27,0.16666666666666666,0.5,1,within,0|NA|NA|NA|0|nan|NA,RO,RO
Romania_128,Romania_16,0.2611111111111111,0.5,2,within,0|NA|NA|NA|0|nan|NA,RO,RO
Romania_150,Romania_103,0.22777777777777777,0.3333333333333333,1,within,0|NA|NA|NA|0|nan|NA,RO,RO
Romania_150,Romania_117,0.22777777777777777,0.3333333333333333,2,within,0|NA|NA|NA|0|nan|NA,RO,RO
Romania_150,Romania_79,0.2611111111111111,0.3333333333333333,3,within,0|NA|NA|NA|0|nan|NA,RO,RO
Norway_27,Norway_47,0.0,0.5,1,within,0|NA|NA|NA|0|nan|NA,NO,NO
Norway_27,Norway_41,0.061111111111111116,0.5,2,within,0|NA|NA|NA|0|nan|NA,NO,NO
Norway_41,Norway_27,0.061111111111111116,0.5,1,within,0|NA|NA|NA|0|nan|NA,NO,NO
Norway_41,Norway_47,0.061111111111111116,0.5,2,within,0|NA|NA|NA|0|nan|NA,NO,NO
Norway_47,Norway_27,0.0,0.5,1,within,0|NA|NA|NA|0|nan|NA,NO,NO
Norway_47,Norway_41,0.061111111111111116,0.5,2,within,0|NA|NA|NA|0|nan|NA,NO,NO
Luxembourg_9,Luxembourg_10,0.22777777777777777,0.3333333333333333,1,within,0|NA|NA|NA|0|nan|NA,LU,LU
Luxembourg_9,Luxembourg_12,0.25555555555555554,0.3333333333333333,2,within,0|NA|NA|NA|0|nan|NA,LU,LU
Luxembourg_9,Luxembourg_20,0.29444444444444445,0.3333333333333333,3,within,0|NA|NA|NA|0|nan|NA,LU,LU
Luxembourg_10,Luxembourg_12,0.027777777777777776,0.3333333333333333,1,within,0|NA|NA|NA|0|nan|NA,LU,LU
Luxembourg_10,Luxembourg_9,0.22777777777777777,0.3333333333333333,2,within,0|NA|NA|NA|0|nan|NA,LU,LU
Luxembourg_10,Luxembourg_20,0.2333333333333333,0.3333333333333333,3,within,0|NA|NA|NA|0|nan|NA,LU,LU
Luxembourg_12,Luxembourg_10,0.027777777777777776,0.3333333333333333,1,within,0|NA|NA|NA|0|nan|NA,LU,LU
Luxembourg_12,Luxembourg_9,0.25555555555555554,0.3333333333333333,2,within,0|NA|NA|NA|0|nan|NA,LU,LU
Luxembourg_12,Luxembourg_20,0.2611111111111111,0.3333333333333333,3,within,0|NA|NA|NA|0|nan|NA,LU,LU
Luxembourg_20,Luxembourg_10,0.2333333333333333,0.3333333333333333,1,within,0|NA|NA|NA|0|nan|NA,LU,LU
Luxembourg_20,Luxembourg_12,0.2611111111111111,0.3333333333333333,2,within,0|NA|NA|NA|0|nan|NA,LU,LU
Luxembourg_20,Luxembourg_9,0.29444444444444445,0.3333333333333333,3,within,0|NA|NA|NA|0|nan|NA,LU,LU
Latvia_3,Greece_51,0.22777777777777777,1.0,1,within,0|NA|NA|NA|0|nan|NA,UNCLEAR,UNCLEAR
Italy_38,Italy_221,0.027777777777777776,0.3333333333333333,1,within,0|NA|NA|NA|0|nan|NA,IT,IT
Italy_38,Italy_126,0.061111111111111116,0.3333333333333333,2,within,0|NA|NA|NA|0|nan|NA,IT,IT
Italy_38,Italy_314,0.12222222222222223,0.3333333333333333,3,within,0|NA|NA|NA|0|nan|NA,IT,IT
Italy_54,Italy_314,0.25,0.3333333333333333,1,within,0|NA|NA|NA|0|nan|NA,IT,IT
Italy_54,Italy_295,0.25555555555555554,0.3333333333333333,2,within,0|NA|NA|NA|0|nan|NA,IT,IT
Italy_54,Italy_196,0.26666666666666666,0.3333333333333333,3,within,0|NA|NA|NA|0|nan|NA,IT,IT
Italy_72,Italy_38,0.16666666666666666,0.3333333333333333,1,within,0|NA|NA|NA|0|nan|NA,IT,IT
Italy_72,Italy_221,0.19444444444444445,0.3333333333333333,2,within,0|NA|NA|NA|0|nan|NA,IT,IT
Italy_72,Italy_126,0.22777777777777777,0.3333333333333333,3,within,0|NA|NA|NA|0|nan|NA,IT,IT
Italy_126,Italy_221,0.03333333333333333,0.3333333333333333,1,within,0|NA|NA|NA|0|nan|NA,IT,IT
Italy_126,Italy_38,0.061111111111111116,0.3333333333333333,2,within,0|NA|NA|NA|0|nan|NA,IT,IT
Italy_126,Italy_196,0.16666666666666666,0.3333333333333333,3,within,0|NA|NA|NA|0|nan|NA,IT,IT
Italy_196,Italy_126,0.16666666666666666,0.3333333333333333,1,within,0|NA|NA|NA|0|nan|NA,IT,IT
Italy_196,Italy_239,0.16666666666666666,0.3333333333333333,2,within,0|NA|NA|NA|0|nan|NA,IT,IT
Italy_196,Italy_257,0.16666666666666666,0.3333333333333333,3,within,0|NA|NA|NA|0|nan|NA,IT,IT
Italy_221,Italy_38,0.027777777777777776,0.3333333333333333,1,within,0|NA|NA|NA|0|nan|NA,IT,IT
Italy_221,Italy_126,0.03333333333333333,0.3333333333333333,2,within,0|NA|NA|NA|0|nan|NA,IT,IT
Italy_221,Italy_314,0.15,0.3333333333333333,3,within,0|NA|NA|NA|0|nan|NA,IT,IT
Italy_239,Italy_196,0.16666666666666666,0.3333333333333333,1,within,0|NA|NA|NA|0|nan|NA,IT,IT
Italy_239,Italy_126,0.16666666666666666,0.3333333333333333,2,within,0|NA|NA|NA|0|nan|NA,IT,IT
Italy_239,Italy_257,0.16666666666666666,0.3333333333333333,3,within,0|NA|NA|NA|0|nan|NA,IT,IT
Italy_257,Italy_196,0.16666666666666666,0.3333333333333333,1,within,0|NA|NA|NA|0|nan|NA,IT,IT
Italy_257,Italy_126,0.16666666666666666,0.3333333333333333,2,within,0|NA|NA|NA|0|nan|NA,IT,IT
Italy_257,Italy_239,0.16666666666666666,0.3333333333333333,3,within,0|NA|NA|NA|0|nan|NA,IT,IT
Italy_295,Italy_314,0.22777777777777777,0.3333333333333333,1,within,0|NA|NA|NA|0|nan|NA,IT,IT
Italy_295,Italy_257,0.24444444444444446,0.3333333333333333,2,within,0|NA|NA|NA|0|nan|NA,IT,IT
Italy_295,Italy_54,0.25555555555555554,0.3333333333333333,3,within,0|NA|NA|NA|0|nan|NA,IT,IT
Italy_314,Italy_38,0.12222222222222223,0.3333333333333333,1,within,0|NA|NA|NA|0|nan|NA,IT,IT
Italy_314,Italy_221,0.15,0.3333333333333333,2,within,0|NA|NA|NA|0|nan|NA,IT,IT
Italy_314,Italy_126,0.18333333333333335,0.3333333333333333,3,within,0|NA|NA|NA|0|nan|NA,IT,IT
Iceland_39,Iceland_103,0.06666666666666667,0.5,1,within,0|NA|NA|NA|0|nan|NA,IS,IS
Iceland_39,Iceland_65,0.19999999999999998,0.5,2,within,0|NA|NA|NA|0|nan|NA,IS,IS
Iceland_65,Iceland_39,0.19999999999999998,0.5,1,within,0|NA|NA|NA|0|nan|NA,IS,IS
Iceland_65,Iceland_103,0.26666666666666666,0.5,2,within,0|NA|NA|NA|0|nan|NA,IS,IS
Iceland_103,Iceland_39,0.06666666666666667,0.5,1,within,0|NA|NA|NA|0|nan|NA,IS,IS
Iceland_103,Iceland_65,0.26666666666666666,0.5,2,within,0|NA|NA|NA|0|nan|NA,IS,IS
Greece_4,Greece_80,0.19444444444444445,0.3333333333333333,1,within,0|NA|NA|NA|0|nan|NA,GR,GR
Greece_4,Greece_54,0.22777777777777777,0.3333333333333333,2,within,0|NA|NA|NA|0|nan|NA,GR,GR
Greece_4,Greece_32,0.25555555555555554,0.3333333333333333,3,within,0|NA|NA|NA|0|nan|NA,GR,GR
Greece_22,Greece_63,0.16666666666666666,1.0,1,within,0|NA|NA|NA|0|nan|NA,GR,GR
Greece_32,Greece_89,0.16666666666666666,0.3333333333333333,1,within,0|NA|NA|NA|0|nan|NA,GR,GR
Greece_32,Greece_54,0.19444444444444445,0.3333333333333333,2,within,0|NA|NA|NA|0|nan|NA,GR,GR
Greece_32,Greece_80,0.22777777777777777,0.3333333333333333,3,within,0|NA|NA|NA|0|nan|NA,GR,GR
Greece_37,Greece_94,0.22777777777777777,1.0,1,within,0|NA|NA|NA|0|nan|NA,UNCLEAR,UNCLEAR
Greece_51,Latvia_3,0.22777777777777777,1.0,1,within,0|NA|NA|NA|0|nan|NA,UNCLEAR,UNCLEAR
Greece_54,Greece_89,0.027777777777777776,0.3333333333333333,1,within,0|NA|NA|NA|0|nan|NA,GR,GR
Greece_54,Greece_32,0.19444444444444445,0.3333333333333333,2,within,0|NA|NA|NA|0|nan|NA,GR,GR
Greece_54,Greece_80,0.19999999999999998,0.3333333333333333,3,within,0|NA|NA|NA|0|nan|NA,GR,GR
Greece_63,Greece_22,0.16666666666666666,0.3333333333333333,1,within,0|NA|NA|NA|0|nan|NA,GR,GR
Greece_63,Greece_80,0.22777777777777777,0.3333333333333333,2,within,0|NA|NA|NA|0|nan|NA,GR,GR
Greece_63,Greece_89,0.2333333333333333,0.3333333333333333,3,within,0|NA|NA|NA|0|nan|NA,GR,GR
Greece_80,Greece_4,0.19444444444444445,0.3333333333333333,1,within,0|NA|NA|NA|0|nan|NA,GR,GR
Greece_80,Greece_54,0.19999999999999998,0.3333333333333333,2,within,0|NA|NA|NA|0|nan|NA,GR,GR
Greece_80,Greece_32,0.22777777777777777,0.3333333333333333,3,within,0|NA|NA|NA|0|nan|NA,GR,GR
Greece_89,Greece_54,0.027777777777777776,0.3333333333333333,1,within,0|NA|NA|NA|0|nan|NA,GR,GR
Greece_89,Greece_32,0.16666666666666666,0.3333333333333333,2,within,0|NA|NA|NA|0|nan|NA,GR,GR
Greece_89,Greece_80,0.22777777777777777,0.3333333333333333,3,within,0|NA|NA|NA|0|nan|NA,GR,GR
Greece_94,Greece_37,0.22777777777777777,1.0,1,within,0|NA|NA|NA|0|nan|NA,UNCLEAR,UNCLEAR
Germany_11,Germany_43,0.19999999999999998,0.5,1,within,0|NA|NA|NA|0|nan|NA,DE,DE
Germany_11,Germany_37,0.25,0.5,2,within,0|NA|NA|NA|0|nan|NA,DE,DE
Germany_37,Germany_11,0.25,0.5,1,within,0|NA|NA|NA|0|nan|NA,DE,DE
Germany_37,Germany_43,0.2833333333333333,0.5,2,within,0|NA|NA|NA|0|nan|NA,DE,DE
Germany_43,Germany_11,0.19999999999999998,0.5,1,within,0|NA|NA|NA|0|nan|NA,DE,DE
Germany_43,Germany_37,0.2833333333333333,0.5,2,within,0|NA|NA|NA|0|nan|NA,DE,DE
Finland_6,Finland_36,0.19999999999999998,1.0,1,within,0|NA|NA|NA|0|nan|NA,FI,FI
Finland_36,Finland_6,0.19999999999999998,1.0,1,within,0|NA|NA|NA|0|nan|NA,FI,FI
Italy_34,Italy_46,0.21498670534203532,1.0,1,within,0|NA|NA|NA|1|2020-2021|NA,IT,IT
Italy_46,Italy_34,0.21498670534203532,1.0,1,within,0|NA|NA|NA|1|2020-2021|NA,IT,IT
Italy_151,Italy_200,0.2781112444977991,1.0,1,within,0|NA|NA|NA|1|2022-2023|NA,IT,IT
Italy_200,Italy_151,0.2781112444977991,1.0,1,within,0|NA|NA|NA|1|2022-2023|NA,IT,IT
Lithuania_2,Lithuania_3,0.25,1.0,1,within,0|NA|NA|NA|1|nan|O,LT,LT
Lithuania_3,Lithuania_2,0.25,1.0,1,within,0|NA|NA|NA|1|nan|O,LT,LT
Finland_42,Finland_43,0.05555555555555555,1.0,1,within,0|NA|NA|NA|1|nan|P,FI,FI
Finland_43,Finland_42,0.05555555555555555,1.0,1,within,0|NA|NA|NA|1|nan|P,FI,FI
Spain_52,Spain_121,0.21666666666666667,0.3333333333333333,1,within,0|NA|NA|NA|1|nan|NA,ES,ES
Spain_52,Spain_506,0.21666666666666667,0.3333333333333333,2,within,0|NA|NA|NA|1|nan|NA,ES,ES
Spain_52,Spain_91,0.2333333333333333,0.3333333333333333,3,within,0|NA|NA|NA|1|nan|NA,ES,ES
Spain_91,Spain_121,0.016666666666666666,0.3333333333333333,1,within,0|NA|NA|NA|1|nan|NA,ES,ES
Spain_91,Spain_143,0.016666666666666666,0.3333333333333333,2,within,0|NA|NA|NA|1|nan|NA,ES,ES
Spain_91,Spain_506,0.016666666666666666,0.3333333333333333,3,within,0|NA|NA|NA|1|nan|NA,ES,ES
Spain_105,Spain_443,0.016666666666666666,0.3333333333333333,1,within,0|NA|NA|NA|1|nan|NA,ES,ES
Spain_105,Spain_147,0.19999999999999998,0.3333333333333333,2,within,0|NA|NA|NA|1|nan|NA,ES,ES
Spain_105,Spain_511,0.19999999999999998,0.3333333333333333,3,within,0|NA|NA|NA|1|nan|NA,ES,ES
Spain_121,Spain_506,0.0,0.3333333333333333,1,within,0|NA|NA|NA|1|nan|NA,ES,ES
Spain_121,Spain_91,0.016666666666666666,0.3333333333333333,2,within,0|NA|NA|NA|1|nan|NA,ES,ES
Spain_121,Spain_143,0.03333333333333333,0.3333333333333333,3,within,0|NA|NA|NA|1|nan|NA,ES,ES
Spain_127,Spain_616,0.0,0.3333333333333333,1,within,0|NA|NA|NA|1|nan|NA,ES,ES
Spain_127,Spain_409,0.18333333333333335,0.3333333333333333,2,within,0|NA|NA|NA|1|nan|NA,ES,ES
Spain_127,Spain_503,0.18333333333333335,0.3333333333333333,3,within,0|NA|NA|NA|1|nan|NA,ES,ES
Spain_143,Spain_91,0.016666666666666666,0.3333333333333333,1,within,0|NA|NA|NA|1|nan|NA,ES,ES
Spain_143,Spain_121,0.03333333333333333,0.3333333333333333,2,within,0|NA|NA|NA|1|nan|NA,ES,ES
Spain_143,Spain_506,0.03333333333333333,0.3333333333333333,3,within,0|NA|NA|NA|1|nan|NA,ES,ES
Spain_147,Spain_388,0.049999999999999996,0.3333333333333333,1,within,0|NA|NA|NA|1|nan|NA,ES,ES
Spain_147,Spain_325,0.049999999999999996,0.3333333333333333,2,within,0|NA|NA|NA|1|nan|NA,ES,ES
Spain_147,Spain_245,0.16666666666666666,0.3333333333333333,3,within,0|NA|NA|NA|1|nan|NA,ES,ES
Spain_201,Spain_409,0.19999999999999998,0.3333333333333333,1,within,0|NA|NA|NA|1|nan|NA,ES,ES
Spain_201,Spain_245,0.19999999999999998,0.3333333333333333,2,within,0|NA|NA|NA|1|nan|NA,ES,ES
Spain_201,Spain_127,0.21666666666666667,0.3333333333333333,3,within,0|NA|NA|NA|1|nan|NA,ES,ES
Spain_227,Spain_503,0.016666666666666666,0.3333333333333333,1,within,0|NA|NA|NA|1|nan|NA,ES,ES
Spain_227,Spain_127,0.19999999999999998,0.3333333333333333,2,within,0|NA|NA|NA|1|nan|NA,ES,ES
Spain_227,Spain_616,0.19999999999999998,0.3333333333333333,3,within,0|NA|NA|NA|1|nan|NA,ES,ES
Spain_245,Spain_147,0.16666666666666666,0.3333333333333333,1,within,0|NA|NA|NA|1|nan|NA,ES,ES
Spain_245,Spain_409,0.16666666666666666,0.3333333333333333,2,within,0|NA|NA|NA|1|nan|NA,ES,ES
Spain_245,Spain_127,0.18333333333333335,0.3333333333333333,3,within,0|NA|NA|NA|1|nan|NA,ES,ES
Spain_325,Spain_388,0.0,0.3333333333333333,1,within,0|NA|NA|NA|1|nan|NA,ES,ES
Spain_325,Spain_147,0.049999999999999996,0.3333333333333333,2,within,0|NA|NA|NA|1|nan|NA,ES,ES
Spain_325,Spain_245,0.21666666666666667,0.3333333333333333,3,within,0|NA|NA|NA|1|nan|NA,ES,ES
Spain_388,Spain_325,0.0,0.3333333333333333,1,within,0|NA|NA|NA|1|nan|NA,ES,ES
Spain_388,Spain_147,0.049999999999999996,0.3333333333333333,2,within,0|NA|NA|NA|1|nan|NA,ES,ES
Spain_388,Spain_245,0.21666666666666667,0.3333333333333333,3,within,0|NA|NA|NA|1|nan|NA,ES,ES
Spain_385,Spain_473,0.0,0.3333333333333333,1,within,0|NA|NA|NA|1|nan|NA,ES,ES
Spain_385,Spain_121,0.16666666666666666,0.3333333333333333,2,within,0|NA|NA|NA|1|nan|NA,ES,ES
Spain_385,Spain_506,0.16666666666666666,0.3333333333333333,3,within,0|NA|NA|NA|1|nan|NA,ES,ES
Spain_409,Spain_245,0.16666666666666666,0.3333333333333333,1,within,0|NA|NA|NA|1|nan|NA,ES,ES
Spain_409,Spain_127,0.18333333333333335,0.3333333333333333,2,within,0|NA|NA|NA|1|nan|NA,ES,ES
Spain_409,Spain_616,0.18333333333333335,0.3333333333333333,3,within,0|NA|NA|NA|1|nan|NA,ES,ES
Spain_443,Spain_105,0.016666666666666666,0.3333333333333333,1,within,0|NA|NA|NA|1|nan|NA,ES,ES
Spain_443,Spain_147,0.21666666666666667,0.3333333333333333,2,within,0|NA|NA|NA|1|nan|NA,ES,ES
Spain_443,Spain_511,0.21666666666666667,0.3333333333333333,3,within,0|NA|NA|NA|1|nan|NA,ES,ES
Spain_473,Spain_385,0.0,0.3333333333333333,1,within,0|NA|NA|NA|1|nan|NA,ES,ES
Spain_473,Spain_121,0.16666666666666666,0.3333333333333333,2,within,0|NA|NA|NA|1|nan|NA,ES,ES
Spain_473,Spain_506,0.16666666666666666,0.3333333333333333,3,within,0|NA|NA|NA|1|nan|NA,ES,ES
Spain_503,Spain_227,0.016666666666666666,0.3333333333333333,1,within,0|NA|NA|NA|1|nan|NA,ES,ES
Spain_503,Spain_127,0.18333333333333335,0.3333333333333333,2,within,0|NA|NA|NA|1|nan|NA,ES,ES
Spain_503,Spain_616,0.18333333333333335,0.3333333333333333,3,within,0|NA|NA|NA|1|nan|NA,ES,ES
Spain_506,Spain_121,0.0,0.3333333333333333,1,within,0|NA|NA|NA|1|nan|NA,ES,ES
Spain_506,Spain_91,0.016666666666666666,0.3333333333333333,2,within,0|NA|NA|NA|1|nan|NA,ES,ES
Spain_506,Spain_143,0.03333333333333333,0.3333333333333333,3,within,0|NA|NA|NA|1|nan|NA,ES,ES
Spain_511,Spain_147,0.16666666666666666,0.3333333333333333,1,within,0|NA|NA|NA|1|nan|NA,ES,ES
Spain_511,Spain_562,0.16666666666666666,0.3333333333333333,2,within,0|NA|NA|NA|1|nan|NA,ES,ES
Spain_511,Spain_105,0.19999999999999998,0.3333333333333333,3,within,0|NA|NA|NA|1|nan|NA,ES,ES
Spain_562,Spain_147,0.16666666666666666,0.3333333333333333,1,within,0|NA|NA|NA|1|nan|NA,ES,ES
Spain_562,Spain_511,0.16666666666666666,0.3333333333333333,2,within,0|NA|NA|NA|1|nan|NA,ES,ES
Spain_562,Spain_105,0.19999999999999998,0.3333333333333333,3,within,0|NA|NA|NA|1|nan|NA,ES,ES
Spain_616,Spain_127,0.0,0.3333333333333333,1,within,0|NA|NA|NA|1|nan|NA,ES,ES
Spain_616,Spain_245,0.18333333333333335,0.3333333333333333,2,within,0|NA|NA|NA|1|nan|NA,ES,ES
Spain_616,Spain_503,0.18333333333333335,0.3333333333333333,3,within,0|NA|NA|NA|1|nan|NA,ES,ES
Spain_624,Spain_105,0.19999999999999998,0.3333333333333333,1,within,0|NA|NA|NA|1|nan|NA,ES,ES
Spain_624,Spain_443,0.21666666666666667,0.3333333333333333,2,within,0|NA|NA|NA|1|nan|NA,ES,ES
Spain_624,Spain_409,0.2333333333333333,0.3333333333333333,3,within,0|NA|NA|NA|1|nan|NA,ES,ES
Slovenia_4,Slovenia_35,0.016666666666666666,0.5,1,within,0|NA|NA|NA|1|nan|NA,SI,SI
Slovenia_4,Slovenia_28,0.16666666666666666,0.5,2,within,0|NA|NA|NA|1|nan|NA,SI,SI
Slovenia_17,Slovenia_22,0.16666666666666666,1.0,1,within,0|NA|NA|NA|1|nan|NA,SI,SI
Slovenia_22,Slovenia_17,0.16666666666666666,1.0,1,within,0|NA|NA|NA|1|nan|NA,SI,SI
Slovenia_28,Slovenia_4,0.16666666666666666,0.5,1,within,0|NA|NA|NA|1|nan|NA,SI,SI
Slovenia_28,Slovenia_35,0.18333333333333335,0.5,2,within,0|NA|NA|NA|1|nan|NA,SI,SI
Slovenia_35,Slovenia_4,0.016666666666666666,0.5,1,within,0|NA|NA|NA|1|nan|NA,SI,SI
Slovenia_35,Slovenia_28,0.18333333333333335,0.5,2,within,0|NA|NA|NA|1|nan|NA,SI,SI
Slovenia_54,Slovenia_69,0.3,1.0,1,within,0|NA|NA|NA|1|nan|NA,SI,SI
Slovenia_69,Slovenia_54,0.3,1.0,1,within,0|NA|NA|NA|1|nan|NA,SI,SI
Italy_20,Italy_64,0.25,1.0,1,within,0|NA|NA|NA|1|nan|NA,IT,IT
Italy_64,Italy_20,0.25,0.3333333333333333,1,within,0|NA|NA|NA|1|nan|NA,IT,IT
Italy_64,Italy_124,0.25,0.3333333333333333,2,within,0|NA|NA|NA|1|nan|NA,IT,IT
Italy_64,Italy_146,0.2833333333333333,0.3333333333333333,3,within,0|NA|NA|NA|1|nan|NA,IT,IT
Italy_124,Italy_146,0.19999999999999998,0.5,1,within,0|NA|NA|NA|1|nan|NA,IT,IT
Italy_124,Italy_64,0.25,0.5,2,within,0|NA|NA|NA|1|nan|NA,IT,IT
Italy_146,Italy_124,0.19999999999999998,0.5,1,within,0|NA|NA|NA|1|nan|NA,IT,IT
Italy_146,Italy_64,0.2833333333333333,0.5,2,within,0|NA|NA|NA|1|nan|NA,IT,IT
Iceland_16,Iceland_78,0.2857142857142857,1.0,1,within,0|NA|NA|NA|NA|2020-2021|M,IS,IS
Iceland_78,Iceland_16,0.2857142857142857,1.0,1,within,0|NA|NA|NA|NA|2020-2021|M,IS,IS
Spain_265,Spain_302,0.2857142857142857,1.0,1,within,0|NA|NA|NA|NA|2020-2021|N,ES,ES
Spain_302,Spain_265,0.2857142857142857,1.0,1,within,0|NA|NA|NA|NA|2020-2021|N,ES,ES
Slovenia_21,Slovenia_31,0.16865079365079366,1.0,1,within,0|NA|NA|NA|NA|2020-2021|O,SI,SI
Slovenia_31,Slovenia_21,0.16865079365079366,1.0,1,within,0|NA|NA|NA|NA|2020-2021|O,SI,SI
Romania_174,Romania_175,0.0,1.0,1,within,0|NA|NA|NA|NA|2020-2021|O,RO,RO
Romania_175,Romania_174,0.0,1.0,1,within,0|NA|NA|NA|NA|2020-2021|O,RO,RO
Poland_5,Poland_20,0.25454144620811286,1.0,1,within,0|NA|NA|NA|NA|2020-2021|O,PL,PL
Poland_20,Poland_5,0.25454144620811286,1.0,1,within,0|NA|NA|NA|NA|2020-2021|O,PL,PL
Italy_13,Italy_24,0.1250440917107584,1.0,1,within,0|NA|NA|NA|NA|2020-2021|O,IT,IT
Italy_24,Italy_13,0.1250440917107584,1.0,1,within,0|NA|NA|NA|NA|2020-2021|O,IT,IT
Iceland_2,Iceland_29,0.15983245149911815,0.5,1,within,0|NA|NA|NA|NA|2020-2021|O,IS,IS
Iceland_2,Iceland_10,0.28994708994708995,0.5,2,within,0|NA|NA|NA|NA|2020-2021|O,IS,IS
Iceland_10,Iceland_29,0.1640652557319224,0.3333333333333333,1,within,0|NA|NA|NA|NA|2020-2021|O,IS,IS
Iceland_10,Iceland_54,0.2212962962962963,0.3333333333333333,2,within,0|NA|NA|NA|NA|2020-2021|O,IS,IS
Iceland_10,Iceland_51,0.2427248677248677,0.3333333333333333,3,within,0|NA|NA|NA|NA|2020-2021|O,IS,IS
Iceland_23,Iceland_29,0.19819223985890652,0.3333333333333333,1,within,0|NA|NA|NA|NA|2020-2021|O,IS,IS
Iceland_23,Iceland_48,0.2688712522045855,0.3333333333333333,2,within,0|NA|NA|NA|NA|2020-2021|O,IS,IS
Iceland_23,Iceland_10,0.29126984126984123,0.3333333333333333,3,within,0|NA|NA|NA|NA|2020-2021|O,IS,IS
Iceland_29,Iceland_2,0.15983245149911815,0.3333333333333333,1,within,0|NA|NA|NA|NA|2020-2021|O,IS,IS
Iceland_29,Iceland_10,0.1640652557319224,0.3333333333333333,2,within,0|NA|NA|NA|NA|2020-2021|O,IS,IS
Iceland_29,Iceland_23,0.19819223985890652,0.3333333333333333,3,within,0|NA|NA|NA|NA|2020-2021|O,IS,IS
Iceland_48,Iceland_51,0.08258377425044092,0.3333333333333333,1,within,0|NA|NA|NA|NA|2020-2021|O,IS,IS
Iceland_48,Iceland_23,0.2688712522045855,0.3333333333333333,2,within,0|NA|NA|NA|NA|2020-2021|O,IS,IS
Iceland_48,Iceland_10,0.28871252204585535,0.3333333333333333,3,within,0|NA|NA|NA|NA|2020-2021|O,IS,IS
Iceland_51,Iceland_48,0.08258377425044092,0.3333333333333333,1,within,0|NA|NA|NA|NA|2020-2021|O,IS,IS
Iceland_51,Iceland_10,0.2427248677248677,0.3333333333333333,2,within,0|NA|NA|NA|NA|2020-2021|O,IS,IS
Iceland_51,Iceland_54,0.2642857142857143,0.3333333333333333,3,within,0|NA|NA|NA|NA|2020-2021|O,IS,IS
Iceland_54,Iceland_10,0.2212962962962963,0.5,1,within,0|NA|NA|NA|NA|2020-2021|O,IS,IS
Iceland_54,Iceland_51,0.2642857142857143,0.5,2,within,0|NA|NA|NA|NA|2020-2021|O,IS,IS
United Kingdom_19,United Kingdom_62,0.19211576846307385,0.5,1,within,0|NA|NA|NA|NA|2020-2021|NA,GB,GB
United Kingdom_19,United Kingdom_26,0.19673510122611917,0.5,2,within,0|NA|NA|NA|NA|2020-2021|NA,GB,GB
United Kingdom_26,United Kingdom_62,0.19538066723695466,0.5,1,within,0|NA|NA|NA|NA|2020-2021|NA,GB,GB
United Kingdom_26,United Kingdom_19,0.19673510122611917,0.5,2,within,0|NA|NA|NA|NA|2020-2021|NA,GB,GB
United Kingdom_62,United Kingdom_19,0.19211576846307385,0.5,1,within,0|NA|NA|NA|NA|2020-2021|NA,GB,GB
United Kingdom_62,United Kingdom_26,0.19538066723695466,0.5,2,within,0|NA|NA|NA|NA|2020-2021|NA,GB,GB
Sweden_26,Sweden_31,0.21599657827202737,1.0,1,within,0|NA|NA|NA|NA|2020-2021|NA,SE,SE
Sweden_27,Sweden_31,0.25568862275449106,1.0,1,within,0|NA|NA|NA|NA|2020-2021|NA,SE,SE
Sweden_31,Sweden_26,0.21599657827202737,0.5,1,within,0|NA|NA|NA|NA|2020-2021|NA,SE,SE
Sweden_31,Sweden_27,0.25568862275449106,0.5,2,within,0|NA|NA|NA|NA|2020-2021|NA,SE,SE
Spain_293,Spain_563,0.22830054177359566,0.5,1,within,0|NA|NA|NA|NA|2020-2021|NA,ES,ES
Spain_293,Spain_486,0.249258625605931,0.5,2,within,0|NA|NA|NA|NA|2020-2021|NA,ES,ES
Spain_486,Spain_563,0.02994011976047904,0.3333333333333333,1,within,0|NA|NA|NA|NA|2020-2021|NA,ES,ES
Spain_486,Spain_530,0.15761334473909325,0.3333333333333333,2,within,0|NA|NA|NA|NA|2020-2021|NA,ES,ES
Spain_486,Spain_293,0.249258625605931,0.3333333333333333,3,within,0|NA|NA|NA|NA|2020-2021|NA,ES,ES
Spain_530,Spain_486,0.15761334473909325,0.5,1,within,0|NA|NA|NA|NA|2020-2021|NA,ES,ES
Spain_530,Spain_563,0.18755346449957228,0.5,2,within,0|NA|NA|NA|NA|2020-2021|NA,ES,ES
Spain_563,Spain_486,0.02994011976047904,0.3333333333333333,1,within,0|NA|NA|NA|NA|2020-2021|NA,ES,ES
Spain_563,Spain_530,0.18755346449957228,0.3333333333333333,2,within,0|NA|NA|NA|NA|2020-2021|NA,ES,ES
Spain_563,Spain_293,0.22830054177359566,0.3333333333333333,3,within,0|NA|NA|NA|NA|2020-2021|NA,ES,ES
Slovenia_14,Slovenia_47,0.1437125748502994,0.3333333333333333,1,within,0|NA|NA|NA|NA|2020-2021|NA,SI,SI
Slovenia_14,Slovenia_46,0.14414029084687766,0.3333333333333333,2,within,0|NA|NA|NA|NA|2020-2021|NA,SI,SI
Slovenia_14,Slovenia_30,0.21856287425149704,0.3333333333333333,3,within,0|NA|NA|NA|NA|2020-2021|NA,SI,SI
Slovenia_18,Slovenia_30,0.15761334473909325,1.0,1,within,0|NA|NA|NA|NA|2020-2021|NA,SI,SI
Slovenia_29,Slovenia_46,0.07442258340461934,0.3333333333333333,1,within,0|NA|NA|NA|NA|2020-2021|NA,SI,SI
Slovenia_29,Slovenia_47,0.0748502994011976,0.3333333333333333,2,within,0|NA|NA|NA|NA|2020-2021|NA,SI,SI
Slovenia_29,Slovenia_30,0.14285714285714285,0.3333333333333333,3,within,0|NA|NA|NA|NA|2020-2021|NA,SI,SI
Slovenia_30,Slovenia_29,0.14285714285714285,0.3333333333333333,1,within,0|NA|NA|NA|NA|2020-2021|NA,SI,SI
Slovenia_30,Slovenia_18,0.15761334473909325,0.3333333333333333,2,within,0|NA|NA|NA|NA|2020-2021|NA,SI,SI
Slovenia_30,Slovenia_46,0.2172797262617622,0.3333333333333333,3,within,0|NA|NA|NA|NA|2020-2021|NA,SI,SI
Slovenia_46,Slovenia_47,0.00042771599657827206,0.3333333333333333,1,within,0|NA|NA|NA|NA|2020-2021|NA,SI,SI
Slovenia_46,Slovenia_29,0.07442258340461934,0.3333333333333333,2,within,0|NA|NA|NA|NA|2020-2021|NA,SI,SI
Slovenia_46,Slovenia_14,0.14414029084687766,0.3333333333333333,3,within,0|NA|NA|NA|NA|2020-2021|NA,SI,SI
Slovenia_47,Slovenia_46,0.00042771599657827206,0.3333333333333333,1,within,0|NA|NA|NA|NA|2020-2021|NA,SI,SI
Slovenia_47,Slovenia_29,0.0748502994011976,0.3333333333333333,2,within,0|NA|NA|NA|NA|2020-2021|NA,SI,SI
Slovenia_47,Slovenia_14,0.1437125748502994,0.3333333333333333,3,within,0|NA|NA|NA|NA|2020-2021|NA,SI,SI
Norway_58,Norway_81,0.2330196749358426,1.0,1,within,0|NA|NA|NA|NA|2020-2021|NA,NO,NO
Norway_81,Norway_58,0.2330196749358426,1.0,1,within,0|NA|NA|NA|NA|2020-2021|NA,NO,NO
Italy_62,Italy_65,0.23102366695181065,1.0,1,within,0|NA|NA|NA|NA|2020-2021|NA,IT,IT
Italy_65,Italy_62,0.23102366695181065,1.0,1,within,0|NA|NA|NA|NA|2020-2021|NA,IT,IT
Iceland_7,Iceland_44,0.22879954376960368,1.0,1,within,0|NA|NA|NA|NA|2020-2021|NA,IS,IS
Iceland_13,Iceland_20,0.19846022241231823,0.5,1,within,0|NA|NA|NA|NA|2020-2021|NA,IS,IS
Iceland_13,Iceland_12,0.2734958654120331,0.5,2,within,0|NA|NA|NA|NA|2020-2021|NA,IS,IS
Iceland_12,Iceland_13,0.2734958654120331,0.5,1,within,0|NA|NA|NA|NA|2020-2021|NA,IS,IS
Iceland_12,Iceland_20,0.2773453093812375,0.5,2,within,0|NA|NA|NA|NA|2020-2021|NA,IS,IS
Iceland_21,Iceland_36,0.08019674935842601,0.5,1,within,0|NA|NA|NA|NA|2020-2021|NA,IS,IS
Iceland_21,Iceland_20,0.19999999999999998,0.5,2,within,0|NA|NA|NA|NA|2020-2021|NA,IS,IS
Iceland_20,Iceland_37,0.16723695466210436,0.3333333333333333,1,within,0|NA|NA|NA|NA|2020-2021|NA,IS,IS
Iceland_20,Iceland_13,0.19846022241231823,0.3333333333333333,2,within,0|NA|NA|NA|NA|2020-2021|NA,IS,IS
Iceland_20,Iceland_21,0.19999999999999998,0.3333333333333333,3,within,0|NA|NA|NA|NA|2020-2021|NA,IS,IS
Iceland_36,Iceland_21,0.08019674935842601,0.5,1,within,0|NA|NA|NA|NA|2020-2021|NA,IS,IS
Iceland_36,Iceland_20,0.28019674935842603,0.5,2,within,0|NA|NA|NA|NA|2020-2021|NA,IS,IS
Iceland_37,Iceland_20,0.16723695466210436,1.0,1,within,0|NA|NA|NA|NA|2020-2021|NA,IS,IS
Iceland_44,Iceland_7,0.22879954376960368,1.0,1,within,0|NA|NA|NA|NA|2020-2021|NA,IS,IS
Hungary_11,Hungary_13,0.08289136013686912,0.3333333333333333,1,within,0|NA|NA|NA|NA|2020-2021|NA,HU,HU
Hungary_11,Hungary_34,0.1174508126603935,0.3333333333333333,2,within,0|NA|NA|NA|NA|2020-2021|NA,HU,HU
Hungary_11,Hungary_16,0.2888793840889649,0.3333333333333333,3,within,0|NA|NA|NA|NA|2020-2021|NA,HU,HU
Hungary_13,Hungary_34,0.03455945252352438,0.3333333333333333,1,within,0|NA|NA|NA|NA|2020-2021|NA,HU,HU
Hungary_13,Hungary_11,0.08289136013686912,0.3333333333333333,2,within,0|NA|NA|NA|NA|2020-2021|NA,HU,HU
Hungary_13,Hungary_16,0.20598802395209578,0.3333333333333333,3,within,0|NA|NA|NA|NA|2020-2021|NA,HU,HU
Hungary_16,Hungary_34,0.17142857142857143,0.3333333333333333,1,within,0|NA|NA|NA|NA|2020-2021|NA,HU,HU
Hungary_16,Hungary_13,0.20598802395209578,0.3333333333333333,2,within,0|NA|NA|NA|NA|2020-2021|NA,HU,HU
Hungary_16,Hungary_26,0.22982606216139148,0.3333333333333333,3,within,0|NA|NA|NA|NA|2020-2021|NA,HU,HU
Hungary_26,Hungary_39,0.05182492158540063,0.5,1,within,0|NA|NA|NA|NA|2020-2021|NA,HU,HU
Hungary_26,Hungary_16,0.22982606216139148,0.5,2,within,0|NA|NA|NA|NA|2020-2021|NA,HU,HU
Hungary_34,Hungary_13,0.03455945252352438,0.3333333333333333,1,within,0|NA|NA|NA|NA|2020-2021|NA,HU,HU
Hungary_34,Hungary_11,0.1174508126603935,0.3333333333333333,2,within,0|NA|NA|NA|NA|2020-2021|NA,HU,HU
Hungary_34,Hungary_16,0.17142857142857143,0.3333333333333333,3,within,0|NA|NA|NA|NA|2020-2021|NA,HU,HU
Hungary_39,Hungary_26,0.05182492158540063,0.5,1,within,0|NA|NA|NA|NA|2020-2021|NA,HU,HU
Hungary_39,Hungary_16,0.28165098374679215,0.5,2,within,0|NA|NA|NA|NA|2020-2021|NA,HU,HU
France_18,France_20,0.2040633019674936,1.0,1,within,0|NA|NA|NA|NA|2020-2021|NA,FR,FR
France_20,France_18,0.2040633019674936,1.0,1,within,0|NA|NA|NA|NA|2020-2021|NA,FR,FR
Italy_108,Italy_167,0.09138438880706921,1.0,1,within,0|NA|NA|NA|NA|2022-2023|G,IT,IT
Italy_161,Italy_167,0.21840942562592044,1.0,1,within,0|NA|NA|NA|NA|2022-2023|G,IT,IT
Italy_167,Italy_108,0.09138438880706921,0.5,1,within,0|NA|NA|NA|NA|2022-2023|G,IT,IT
Italy_167,Italy_161,0.21840942562592044,0.5,2,within,0|NA|NA|NA|NA|2022-2023|G,IT,IT
Sweden_24,Sweden_35,0.17224373344202162,0.5,1,within,0|NA|NA|NA|NA|2022-2023|J,SE,SE
Sweden_24,Sweden_34,0.17938659058487877,0.5,2,within,0|NA|NA|NA|NA|2022-2023|J,SE,SE
Sweden_34,Sweden_24,0.17938659058487877,0.5,1,within,0|NA|NA|NA|NA|2022-2023|J,SE,SE
Sweden_34,Sweden_35,0.20714285714285713,0.5,2,within,0|NA|NA|NA|NA|2022-2023|J,SE,SE
Sweden_35,Sweden_24,0.17224373344202162,0.5,1,within,0|NA|NA|NA|NA|2022-2023|J,SE,SE
Sweden_35,Sweden_34,0.20714285714285713,0.5,2,within,0|NA|NA|NA|NA|2022-2023|J,SE,SE
Italy_71,Italy_125,0.2201345017322193,0.3333333333333333,1,within,0|NA|NA|NA|NA|2022-2023|J,IT,IT
Italy_71,Italy_89,0.23139392704299983,0.3333333333333333,2,within,0|NA|NA|NA|NA|2022-2023|J,IT,IT
Italy_71,Italy_114,0.2584980639902181,0.3333333333333333,3,within,0|NA|NA|NA|NA|2022-2023|J,IT,IT
Italy_89,Italy_186,0.18986142245771348,0.3333333333333333,1,within,0|NA|NA|NA|NA|2022-2023|J,IT,IT
Italy_89,Italy_125,0.20302628897493374,0.3333333333333333,2,within,0|NA|NA|NA|NA|2022-2023|J,IT,IT
Italy_89,Italy_71,0.23139392704299983,0.3333333333333333,3,within,0|NA|NA|NA|NA|2022-2023|J,IT,IT
Italy_114,Italy_125,0.18122070511514163,0.3333333333333333,1,within,0|NA|NA|NA|NA|2022-2023|J,IT,IT
Italy_114,Italy_89,0.24138985123293258,0.3333333333333333,2,within,0|NA|NA|NA|NA|2022-2023|J,IT,IT
Italy_114,Italy_168,0.2499286733238231,0.3333333333333333,3,within,0|NA|NA|NA|NA|2022-2023|J,IT,IT
Italy_125,Italy_114,0.18122070511514163,0.3333333333333333,1,within,0|NA|NA|NA|NA|2022-2023|J,IT,IT
Italy_125,Italy_89,0.20302628897493374,0.3333333333333333,2,within,0|NA|NA|NA|NA|2022-2023|J,IT,IT
Italy_125,Italy_71,0.2201345017322193,0.3333333333333333,3,within,0|NA|NA|NA|NA|2022-2023|J,IT,IT
Italy_168,Italy_178,0.12958019156307315,0.3333333333333333,1,within,0|NA|NA|NA|NA|2022-2023|J,IT,IT
Italy_168,Italy_186,0.1985428979009578,0.3333333333333333,2,within,0|NA|NA|NA|NA|2022-2023|J,IT,IT
Italy_168,Italy_114,0.2499286733238231,0.3333333333333333,3,within,0|NA|NA|NA|NA|2022-2023|J,IT,IT
Italy_178,Italy_168,0.12958019156307315,0.5,1,within,0|NA|NA|NA|NA|2022-2023|J,IT,IT
Italy_178,Italy_114,0.265223150601182,0.5,2,within,0|NA|NA|NA|NA|2022-2023|J,IT,IT
Italy_186,Italy_89,0.18986142245771348,0.3333333333333333,1,within,0|NA|NA|NA|NA|2022-2023|J,IT,IT
Italy_186,Italy_168,0.1985428979009578,0.3333333333333333,2,within,0|NA|NA|NA|NA|2022-2023|J,IT,IT
Italy_186,Italy_125,0.2725494191970654,0.3333333333333333,3,within,0|NA|NA|NA|NA|2022-2023|J,IT,IT
Italy_98,Italy_119,0.2600558448418987,1.0,1,within,0|NA|NA|NA|NA|2022-2023|N,IT,IT
Italy_119,Italy_177,0.10421854954343068,0.5,1,within,0|NA|NA|NA|NA|2022-2023|N,IT,IT
Italy_119,Italy_98,0.2600558448418987,0.5,2,within,0|NA|NA|NA|NA|2022-2023|N,IT,IT
Italy_177,Italy_119,0.10421854954343068,1.0,1,within,0|NA|NA|NA|NA|2022-2023|N,IT,IT
Norway_51,Norway_72,0.1716500553709856,1.0,1,within,0|NA|NA|NA|NA|2022-2023|O,NO,NO
Norway_72,Norway_51,0.1716500553709856,1.0,1,within,0|NA|NA|NA|NA|2022-2023|O,NO,NO
Sweden_12,Sweden_30,0.15704295704295704,0.3333333333333333,1,within,0|NA|NA|NA|NA|2022-2023|NA,SE,SE
Sweden_12,Sweden_48,0.19862994148708432,0.3333333333333333,2,within,0|NA|NA|NA|NA|2022-2023|NA,SE,SE
Sweden_12,Sweden_22,0.20019980019980022,0.3333333333333333,3,within,0|NA|NA|NA|NA|2022-2023|NA,SE,SE
Sweden_22,Sweden_12,0.20019980019980022,0.5,1,within,0|NA|NA|NA|NA|2022-2023|NA,SE,SE
Sweden_22,Sweden_48,0.2559725988297417,0.5,2,within,0|NA|NA|NA|NA|2022-2023|NA,SE,SE
Sweden_30,Sweden_12,0.15704295704295704,0.5,1,within,0|NA|NA|NA|NA|2022-2023|NA,SE,SE
Sweden_30,Sweden_41,0.2365919794491223,0.5,2,within,0|NA|NA|NA|NA|2022-2023|NA,SE,SE
Sweden_33,Sweden_47,0.27125731411445697,1.0,1,within,0|NA|NA|NA|NA|2022-2023|NA,SE,SE
Sweden_41,Sweden_47,0.16546310832025116,0.3333333333333333,1,within,0|NA|NA|NA|NA|2022-2023|NA,SE,SE
Sweden_41,Sweden_12,0.22240616526330811,0.3333333333333333,2,within,0|NA|NA|NA|NA|2022-2023|NA,SE,SE
Sweden_41,Sweden_30,0.2365919794491223,0.3333333333333333,3,within,0|NA|NA|NA|NA|2022-2023|NA,SE,SE
Sweden_47,Sweden_41,0.16546310832025116,0.5,1,within,0|NA|NA|NA|NA|2022-2023|NA,SE,SE
Sweden_47,Sweden_33,0.27125731411445697,0.5,2,within,0|NA|NA|NA|NA|2022-2023|NA,SE,SE
Sweden_48,Sweden_12,0.19862994148708432,0.3333333333333333,1,within,0|NA|NA|NA|NA|2022-2023|NA,SE,SE
Sweden_48,Sweden_57,0.2416868845440274,0.3333333333333333,2,within,0|NA|NA|NA|NA|2022-2023|NA,SE,SE
Sweden_48,Sweden_22,0.2559725988297417,0.3333333333333333,3,within,0|NA|NA|NA|NA|2022-2023|NA,SE,SE
Sweden_57,Sweden_48,0.2416868845440274,1.0,1,within,0|NA|NA|NA|NA|2022-2023|NA,SE,SE
Spain_49,Spain_186,0.2640645069216498,1.0,1,within,0|NA|NA|NA|NA|2022-2023|NA,ES,ES
Spain_186,Spain_49,0.2640645069216498,1.0,1,within,0|NA|NA|NA|NA|2022-2023|NA,ES,ES
Netherlands_7,Netherlands_23,0.2833166833166833,1.0,1,within,0|NA|NA|NA|NA|2022-2023|NA,NL,NL
Netherlands_23,Netherlands_7,0.2833166833166833,1.0,1,within,0|NA|NA|NA|NA|2022-2023|NA,NL,NL
Italy_69,Italy_106,0.07472527472527472,0.3333333333333333,1,within,0|NA|NA|NA|NA|2022-2023|NA,IT,IT
Italy_69,Italy_142,0.10742115027829312,0.3333333333333333,2,within,0|NA|NA|NA|NA|2022-2023|NA,IT,IT
Italy_69,Italy_158,0.18187526758955327,0.3333333333333333,3,within,0|NA|NA|NA|NA|2022-2023|NA,IT,IT
Italy_76,Italy_96,0.18844013129727413,0.3333333333333333,1,within,0|NA|NA|NA|NA|2022-2023|NA,IT,IT
Italy_76,Italy_69,0.1885114885114885,0.3333333333333333,2,within,0|NA|NA|NA|NA|2022-2023|NA,IT,IT
Italy_76,Italy_106,0.2004995004995005,0.3333333333333333,3,within,0|NA|NA|NA|NA|2022-2023|NA,IT,IT
Italy_90,Italy_105,0.011388611388611388,0.3333333333333333,1,within,0|NA|NA|NA|NA|2022-2023|NA,IT,IT
Italy_90,Italy_145,0.12113600685029256,0.3333333333333333,2,within,0|NA|NA|NA|NA|2022-2023|NA,IT,IT
Italy_90,Italy_69,0.18983873269587553,0.3333333333333333,3,within,0|NA|NA|NA|NA|2022-2023|NA,IT,IT
Italy_96,Italy_156,0.07022977022977024,0.3333333333333333,1,within,0|NA|NA|NA|NA|2022-2023|NA,IT,IT
Italy_96,Italy_76,0.18844013129727413,0.3333333333333333,2,within,0|NA|NA|NA|NA|2022-2023|NA,IT,IT
Italy_96,Italy_106,0.19573283858998144,0.3333333333333333,3,within,0|NA|NA|NA|NA|2022-2023|NA,IT,IT
Italy_106,Italy_142,0.06126730412444698,0.3333333333333333,1,within,0|NA|NA|NA|NA|2022-2023|NA,IT,IT
Italy_106,Italy_69,0.07472527472527472,0.3333333333333333,2,within,0|NA|NA|NA|NA|2022-2023|NA,IT,IT
Italy_106,Italy_158,0.10714999286427858,0.3333333333333333,3,within,0|NA|NA|NA|NA|2022-2023|NA,IT,IT
Italy_105,Italy_90,0.011388611388611388,0.3333333333333333,1,within,0|NA|NA|NA|NA|2022-2023|NA,IT,IT
Italy_105,Italy_145,0.10974739546168119,0.3333333333333333,2,within,0|NA|NA|NA|NA|2022-2023|NA,IT,IT
Italy_105,Italy_106,0.20002854288568575,0.3333333333333333,3,within,0|NA|NA|NA|NA|2022-2023|NA,IT,IT
Italy_118,Italy_106,0.19153703439417727,0.3333333333333333,1,within,0|NA|NA|NA|NA|2022-2023|NA,IT,IT
Italy_118,Italy_105,0.20789210789210788,0.3333333333333333,2,within,0|NA|NA|NA|NA|2022-2023|NA,IT,IT
Italy_118,Italy_96,0.21584130155558728,0.3333333333333333,3,within,0|NA|NA|NA|NA|2022-2023|NA,IT,IT
Italy_142,Italy_106,0.06126730412444698,0.3333333333333333,1,within,0|NA|NA|NA|NA|2022-2023|NA,IT,IT
Italy_142,Italy_158,0.07445411731126017,0.3333333333333333,2,within,0|NA|NA|NA|NA|2022-2023|NA,IT,IT
Italy_142,Italy_69,0.10742115027829312,0.3333333333333333,3,within,0|NA|NA|NA|NA|2022-2023|NA,IT,IT
Italy_145,Italy_105,0.10974739546168119,0.3333333333333333,1,within,0|NA|NA|NA|NA|2022-2023|NA,IT,IT
Italy_145,Italy_90,0.12113600685029256,0.3333333333333333,2,within,0|NA|NA|NA|NA|2022-2023|NA,IT,IT
Italy_145,Italy_142,0.2729413443699158,0.3333333333333333,3,within,0|NA|NA|NA|NA|2022-2023|NA,IT,IT
Italy_156,Italy_96,0.07022977022977024,0.3333333333333333,1,within,0|NA|NA|NA|NA|2022-2023|NA,IT,IT
Italy_156,Italy_142,0.16833166833166832,0.3333333333333333,2,within,0|NA|NA|NA|NA|2022-2023|NA,IT,IT
Italy_156,Italy_184,0.17502497502497502,0.3333333333333333,3,within,0|NA|NA|NA|NA|2022-2023|NA,IT,IT
Italy_158,Italy_142,0.07445411731126017,0.3333333333333333,1,within,0|NA|NA|NA|NA|2022-2023|NA,IT,IT
Italy_158,Italy_106,0.10714999286427858,0.3333333333333333,2,within,0|NA|NA|NA|NA|2022-2023|NA,IT,IT
Italy_158,Italy_69,0.18187526758955327,0.3333333333333333,3,within,0|NA|NA|NA|NA|2022-2023|NA,IT,IT
Italy_184,Italy_201,0.050078492935635786,0.3333333333333333,1,within,0|NA|NA|NA|NA|2022-2023|NA,IT,IT
Italy_184,Italy_156,0.17502497502497502,0.3333333333333333,2,within,0|NA|NA|NA|NA|2022-2023|NA,IT,IT
Italy_184,Italy_142,0.2004995004995005,0.3333333333333333,3,within,0|NA|NA|NA|NA|2022-2023|NA,IT,IT
Italy_197,Italy_184,0.2969030969030969,1.0,1,within,0|NA|NA|NA|NA|2022-2023|NA,IT,IT
Italy_201,Italy_184,0.050078492935635786,0.3333333333333333,1,within,0|NA|NA|NA|NA|2022-2023|NA,IT,IT
Italy_201,Italy_142,0.22200656486370773,0.3333333333333333,2,within,0|NA|NA|NA|NA|2022-2023|NA,IT,IT
Italy_201,Italy_156,0.22510346796061081,0.3333333333333333,3,within,0|NA|NA|NA|NA|2022-2023|NA,IT,IT
Iceland_63,Iceland_71,0.0434850863422292,0.3333333333333333,1,within,0|NA|NA|NA|NA|2022-2023|NA,IS,IS
Iceland_63,Iceland_83,0.05597259882974169,0.3333333333333333,2,within,0|NA|NA|NA|NA|2022-2023|NA,IS,IS
Iceland_63,Iceland_69,0.19603253888968175,0.3333333333333333,3,within,0|NA|NA|NA|NA|2022-2023|NA,IS,IS
Iceland_69,Iceland_83,0.14565434565434568,0.3333333333333333,1,within,0|NA|NA|NA|NA|2022-2023|NA,IS,IS
Iceland_69,Iceland_71,0.1903096903096903,0.3333333333333333,2,within,0|NA|NA|NA|NA|2022-2023|NA,IS,IS
Iceland_69,Iceland_63,0.19603253888968175,0.3333333333333333,3,within,0|NA|NA|NA|NA|2022-2023|NA,IS,IS
Iceland_71,Iceland_63,0.0434850863422292,0.3333333333333333,1,within,0|NA|NA|NA|NA|2022-2023|NA,IS,IS
Iceland_71,Iceland_83,0.04465534465534465,0.3333333333333333,2,within,0|NA|NA|NA|NA|2022-2023|NA,IS,IS
Iceland_71,Iceland_69,0.1903096903096903,0.3333333333333333,3,within,0|NA|NA|NA|NA|2022-2023|NA,IS,IS
Iceland_83,Iceland_71,0.04465534465534465,0.3333333333333333,1,within,0|NA|NA|NA|NA|2022-2023|NA,IS,IS
Iceland_83,Iceland_63,0.05597259882974169,0.3333333333333333,2,within,0|NA|NA|NA|NA|2022-2023|NA,IS,IS
Iceland_83,Iceland_69,0.14565434565434568,0.3333333333333333,3,within,0|NA|NA|NA|NA|2022-2023|NA,IS,IS
Iceland_96,Iceland_69,0.2560724989296418,1.0,1,within,0|NA|NA|NA|NA|2022-2023|NA,IS,IS
Hungary_22,Hungary_36,0.20991865277579563,1.0,1,within,0|NA|NA|NA|NA|2022-2023|NA,HU,HU
Hungary_31,Hungary_43,0.06796061081775367,0.3333333333333333,1,within,0|NA|NA|NA|NA|2022-2023|NA,HU,HU
Hungary_31,Hungary_35,0.184015984015984,0.3333333333333333,2,within,0|NA|NA|NA|NA|2022-2023|NA,HU,HU
Hungary_31,Hungary_54,0.2571000428143285,0.3333333333333333,3,within,0|NA|NA|NA|NA|2022-2023|NA,HU,HU
Hungary_35,Hungary_31,0.184015984015984,0.3333333333333333,1,within,0|NA|NA|NA|NA|2022-2023|NA,HU,HU
Hungary_35,Hungary_36,0.22010846296560582,0.3333333333333333,2,within,0|NA|NA|NA|NA|2022-2023|NA,HU,HU
Hungary_35,Hungary_43,0.2519765948337377,0.3333333333333333,3,within,0|NA|NA|NA|NA|2022-2023|NA,HU,HU
Hungary_36,Hungary_54,0.20408163265306123,0.3333333333333333,1,within,0|NA|NA|NA|NA|2022-2023|NA,HU,HU
Hungary_36,Hungary_22,0.20991865277579563,0.3333333333333333,2,within,0|NA|NA|NA|NA|2022-2023|NA,HU,HU
Hungary_36,Hungary_35,0.22010846296560582,0.3333333333333333,3,within,0|NA|NA|NA|NA|2022-2023|NA,HU,HU
Hungary_43,Hungary_31,0.06796061081775367,0.3333333333333333,1,within,0|NA|NA|NA|NA|2022-2023|NA,HU,HU
Hungary_43,Hungary_54,0.22310546596260883,0.3333333333333333,2,within,0|NA|NA|NA|NA|2022-2023|NA,HU,HU
Hungary_43,Hungary_35,0.2519765948337377,0.3333333333333333,3,within,0|NA|NA|NA|NA|2022-2023|NA,HU,HU
Hungary_54,Hungary_36,0.20408163265306123,0.3333333333333333,1,within,0|NA|NA|NA|NA|2022-2023|NA,HU,HU
Hungary_54,Hungary_43,0.22310546596260883,0.3333333333333333,2,within,0|NA|NA|NA|NA|2022-2023|NA,HU,HU
Hungary_54,Hungary_31,0.2571000428143285,0.3333333333333333,3,within,0|NA|NA|NA|NA|2022-2023|NA,HU,HU
Greece_6,Greece_56,0.1945054945054945,1.0,1,within,0|NA|NA|NA|NA|2022-2023|NA,GR,GR
Greece_56,Greece_6,0.1945054945054945,1.0,1,within,0|NA|NA|NA|NA|2022-2023|NA,GR,GR
France_5,France_59,0.0,1.0,1,within,0|NA|NA|NA|NA|2022-2023|NA,FR,FR
France_59,France_5,0.0,1.0,1,within,0|NA|NA|NA|NA|2022-2023|NA,FR,FR
Italy_1,Italy_220,0.20316117990536595,1.0,1,within,0|NA|NA|NA|NA|2024-2025|J,IT,IT
Italy_220,Italy_1,0.20316117990536595,1.0,1,within,0|NA|NA|NA|NA|2024-2025|J,IT,IT
Italy_236,Italy_270,0.20535714285714285,0.5,1,within,0|NA|NA|NA|NA|2024-2025|O,IT,IT
Italy_236,Italy_297,0.23400297619047622,0.5,2,within,0|NA|NA|NA|NA|2024-2025|O,IT,IT
Italy_270,Italy_236,0.20535714285714285,1.0,1,within,0|NA|NA|NA|NA|2024-2025|O,IT,IT
Italy_297,Italy_236,0.23400297619047622,1.0,1,within,0|NA|NA|NA|NA|2024-2025|O,IT,IT
Spain_192,Spain_215,0.23340285019117135,1.0,1,within,0|NA|NA|NA|NA|2024-2025|NA,ES,ES
Spain_215,Spain_192,0.23340285019117135,1.0,1,within,0|NA|NA|NA|NA|2024-2025|NA,ES,ES
Norway_18,Norway_76,0.03578876806196931,1.0,1,within,0|NA|NA|NA|NA|2024-2025|NA,NO,NO
Norway_76,Norway_18,0.03578876806196931,1.0,1,within,0|NA|NA|NA|NA|2024-2025|NA,NO,NO
Italy_261,Italy_284,0.24847311187248625,1.0,1,within,0|NA|NA|NA|NA|2024-2025|NA,IT,IT
Italy_285,Italy_290,0.21452157505337904,0.5,1,within,0|NA|NA|NA|NA|2024-2025|NA,IT,IT
Italy_285,Italy_284,0.28231292517006806,0.5,2,within,0|NA|NA|NA|NA|2024-2025|NA,IT,IT
Italy_284,Italy_290,0.12268484035950146,0.3333333333333333,1,within,0|NA|NA|NA|NA|2024-2025|NA,IT,IT
Italy_284,Italy_261,0.24847311187248625,0.3333333333333333,2,within,0|NA|NA|NA|NA|2024-2025|NA,IT,IT
Italy_284,Italy_285,0.28231292517006806,0.3333333333333333,3,within,0|NA|NA|NA|NA|2024-2025|NA,IT,IT
Italy_290,Italy_284,0.12268484035950146,0.5,1,within,0|NA|NA|NA|NA|2024-2025|NA,IT,IT
Italy_290,Italy_285,0.21452157505337904,0.5,2,within,0|NA|NA|NA|NA|2024-2025|NA,IT,IT
Ireland_19,Ireland_35,0.2953597497393118,1.0,1,within,0|NA|NA|NA|NA|2024-2025|NA,IE,IE
Ireland_35,Ireland_19,0.2953597497393118,1.0,1,within,0|NA|NA|NA|NA|2024-2025|NA,IE,IE
Hungary_41,Hungary_55,0.09008639952331297,1.0,1,within,0|NA|NA|NA|NA|2024-2025|NA,HU,HU
Hungary_55,Hungary_41,0.09008639952331297,1.0,1,within,0|NA|NA|NA|NA|2024-2025|NA,HU,HU
Greece_113,Greece_115,0.18942102388400617,1.0,1,within,0|NA|NA|NA|NA|2024-2025|NA,GR,GR
Greece_115,Greece_113,0.18942102388400617,1.0,1,within,0|NA|NA|NA|NA|2024-2025|NA,GR,GR
France_61,France_60,0.02040816326530612,1.0,1,within,0|NA|NA|NA|NA|2024-2025|NA,FR,FR
France_60,France_61,0.02040816326530612,0.5,1,within,0|NA|NA|NA|NA|2024-2025|NA,FR,FR
France_60,France_68,0.28578876806196934,0.5,2,within,0|NA|NA|NA|NA|2024-2025|NA,FR,FR
France_68,France_60,0.28578876806196934,1.0,1,within,0|NA|NA|NA|NA|2024-2025|NA,FR,FR
Spain_120,Spain_239,0.0,0.3333333333333333,1,within,0|NA|NA|NA|NA|nan|D,ES,ES
Spain_120,Spain_185,0.16666666666666666,0.3333333333333333,2,within,0|NA|NA|NA|NA|nan|D,ES,ES
Spain_120,Spain_367,0.16666666666666666,0.3333333333333333,3,within,0|NA|NA|NA|NA|nan|D,ES,ES
Spain_185,Spain_210,0.06666666666666667,0.3333333333333333,1,within,0|NA|NA|NA|NA|nan|D,ES,ES
Spain_185,Spain_120,0.16666666666666666,0.3333333333333333,2,within,0|NA|NA|NA|NA|nan|D,ES,ES
Spain_185,Spain_239,0.16666666666666666,0.3333333333333333,3,within,0|NA|NA|NA|NA|nan|D,ES,ES
Spain_210,Spain_185,0.06666666666666667,0.3333333333333333,1,within,0|NA|NA|NA|NA|nan|D,ES,ES
Spain_210,Spain_255,0.16666666666666666,0.3333333333333333,2,within,0|NA|NA|NA|NA|nan|D,ES,ES
Spain_210,Spain_120,0.2333333333333333,0.3333333333333333,3,within,0|NA|NA|NA|NA|nan|D,ES,ES
Spain_239,Spain_120,0.0,0.3333333333333333,1,within,0|NA|NA|NA|NA|nan|D,ES,ES
Spain_239,Spain_185,0.16666666666666666,0.3333333333333333,2,within,0|NA|NA|NA|NA|nan|D,ES,ES
Spain_239,Spain_367,0.16666666666666666,0.3333333333333333,3,within,0|NA|NA|NA|NA|nan|D,ES,ES
Spain_255,Spain_210,0.16666666666666666,0.5,1,within,0|NA|NA|NA|NA|nan|D,ES,ES
Spain_255,Spain_185,0.2333333333333333,0.5,2,within,0|NA|NA|NA|NA|nan|D,ES,ES
Spain_367,Spain_120,0.16666666666666666,0.3333333333333333,1,within,0|NA|NA|NA|NA|nan|D,ES,ES
Spain_367,Spain_185,0.16666666666666666,0.3333333333333333,2,within,0|NA|NA|NA|NA|nan|D,ES,ES
Spain_367,Spain_239,0.16666666666666666,0.3333333333333333,3,within,0|NA|NA|NA|NA|nan|D,ES,ES
Italy_66,Italy_232,0.3,1.0,1,within,0|NA|NA|NA|NA|nan|D,IT,IT
Italy_232,Italy_296,0.26666666666666666,0.5,1,within,0|NA|NA|NA|NA|nan|D,IT,IT
Italy_232,Italy_66,0.3,0.5,2,within,0|NA|NA|NA|NA|nan|D,IT,IT
Italy_296,Italy_232,0.26666666666666666,1.0,1,within,0|NA|NA|NA|NA|nan|D,IT,IT
Spain_307,Spain_581,0.2222222222222222,1.0,1,within,0|NA|NA|NA|NA|nan|G,ES,ES
Spain_581,Spain_307,0.2222222222222222,1.0,1,within,0|NA|NA|NA|NA|nan|G,ES,ES
Spain_194,Spain_566,0.05555555555555555,0.5,1,within,0|NA|NA|NA|NA|nan|I,ES,ES
Spain_194,Spain_220,0.2222222222222222,0.5,2,within,0|NA|NA|NA|NA|nan|I,ES,ES
Spain_220,Spain_566,0.16666666666666666,0.5,1,within,0|NA|NA|NA|NA|nan|I,ES,ES
Spain_220,Spain_194,0.2222222222222222,0.5,2,within,0|NA|NA|NA|NA|nan|I,ES,ES
Spain_566,Spain_194,0.05555555555555555,0.5,1,within,0|NA|NA|NA|NA|nan|I,ES,ES
Spain_566,Spain_220,0.16666666666666666,0.5,2,within,0|NA|NA|NA|NA|nan|I,ES,ES
Spain_14,Spain_195,0.25,0.3333333333333333,1,within,0|NA|NA|NA|NA|nan|J,ES,ES
Spain_14,Spain_303,0.25,0.3333333333333333,2,within,0|NA|NA|NA|NA|nan|J,ES,ES
Spain_14,Spain_321,0.25,0.3333333333333333,3,within,0|NA|NA|NA|NA|nan|J,ES,ES
Spain_21,Spain_117,0.08333333333333333,0.3333333333333333,1,within,0|NA|NA|NA|NA|nan|J,ES,ES
Spain_21,Spain_587,0.20833333333333334,0.3333333333333333,2,within,0|NA|NA|NA|NA|nan|J,ES,ES
Spain_21,Spain_536,0.20833333333333334,0.3333333333333333,3,within,0|NA|NA|NA|NA|nan|J,ES,ES
Spain_101,Spain_387,0.041666666666666664,0.3333333333333333,1,within,0|NA|NA|NA|NA|nan|J,ES,ES
Spain_101,Spain_107,0.16666666666666666,0.3333333333333333,2,within,0|NA|NA|NA|NA|nan|J,ES,ES
Spain_101,Spain_126,0.16666666666666666,0.3333333333333333,3,within,0|NA|NA|NA|NA|nan|J,ES,ES
Spain_107,Spain_126,0.0,0.3333333333333333,1,within,0|NA|NA|NA|NA|nan|J,ES,ES
Spain_107,Spain_142,0.0,0.3333333333333333,2,within,0|NA|NA|NA|NA|nan|J,ES,ES
Spain_107,Spain_436,0.0,0.3333333333333333,3,within,0|NA|NA|NA|NA|nan|J,ES,ES
Spain_117,Spain_21,0.08333333333333333,0.3333333333333333,1,within,0|NA|NA|NA|NA|nan|J,ES,ES
Spain_117,Spain_101,0.16666666666666666,0.3333333333333333,2,within,0|NA|NA|NA|NA|nan|J,ES,ES
Spain_117,Spain_107,0.16666666666666666,0.3333333333333333,3,within,0|NA|NA|NA|NA|nan|J,ES,ES
Spain_126,Spain_107,0.0,0.3333333333333333,1,within,0|NA|NA|NA|NA|nan|J,ES,ES
Spain_126,Spain_142,0.0,0.3333333333333333,2,within,0|NA|NA|NA|NA|nan|J,ES,ES
Spain_126,Spain_436,0.0,0.3333333333333333,3,within,0|NA|NA|NA|NA|nan|J,ES,ES
Spain_142,Spain_107,0.0,0.3333333333333333,1,within,0|NA|NA|NA|NA|nan|J,ES,ES
Spain_142,Spain_126,0.0,0.3333333333333333,2,within,0|NA|NA|NA|NA|nan|J,ES,ES
Spain_142,Spain_436,0.0,0.3333333333333333,3,within,0|NA|NA|NA|NA|nan|J,ES,ES
Spain_149,Spain_387,0.25,0.3333333333333333,1,within,0|NA|NA|NA|NA|nan|J,ES,ES
Spain_149,Spain_101,0.2916666666666667,0.3333333333333333,2,within,0|NA|NA|NA|NA|nan|J,ES,ES
Spain_149,Spain_117,0.2916666666666667,0.3333333333333333,3,within,0|NA|NA|NA|NA|nan|J,ES,ES
Spain_195,Spain_107,0.16666666666666666,0.3333333333333333,1,within,0|NA|NA|NA|NA|nan|J,ES,ES
Spain_195,Spain_101,0.16666666666666666,0.3333333333333333,2,within,0|NA|NA|NA|NA|nan|J,ES,ES
Spain_195,Spain_126,0.16666666666666666,0.3333333333333333,3,within,0|NA|NA|NA|NA|nan|J,ES,ES
Spain_283,Spain_303,0.16666666666666666,0.3333333333333333,1,within,0|NA|NA|NA|NA|nan|J,ES,ES
Spain_283,Spain_321,0.16666666666666666,0.3333333333333333,2,within,0|NA|NA|NA|NA|nan|J,ES,ES
Spain_283,Spain_352,0.16666666666666666,0.3333333333333333,3,within,0|NA|NA|NA|NA|nan|J,ES,ES
Spain_303,Spain_321,0.0,0.3333333333333333,1,within,0|NA|NA|NA|NA|nan|J,ES,ES
Spain_303,Spain_376,0.0,0.3333333333333333,2,within,0|NA|NA|NA|NA|nan|J,ES,ES
Spain_303,Spain_362,0.0,0.3333333333333333,3,within,0|NA|NA|NA|NA|nan|J,ES,ES
Spain_321,Spain_303,0.0,0.3333333333333333,1,within,0|NA|NA|NA|NA|nan|J,ES,ES
Spain_321,Spain_376,0.0,0.3333333333333333,2,within,0|NA|NA|NA|NA|nan|J,ES,ES
Spain_321,Spain_362,0.0,0.3333333333333333,3,within,0|NA|NA|NA|NA|nan|J,ES,ES
Spain_340,Spain_101,0.16666666666666666,0.3333333333333333,1,within,0|NA|NA|NA|NA|nan|J,ES,ES
Spain_340,Spain_303,0.16666666666666666,0.3333333333333333,2,within,0|NA|NA|NA|NA|nan|J,ES,ES
Spain_340,Spain_321,0.16666666666666666,0.3333333333333333,3,within,0|NA|NA|NA|NA|nan|J,ES,ES
Spain_352,Spain_303,0.0,0.3333333333333333,1,within,0|NA|NA|NA|NA|nan|J,ES,ES
Spain_352,Spain_376,0.0,0.3333333333333333,2,within,0|NA|NA|NA|NA|nan|J,ES,ES
Spain_352,Spain_362,0.0,0.3333333333333333,3,within,0|NA|NA|NA|NA|nan|J,ES,ES
Spain_362,Spain_303,0.0,0.3333333333333333,1,within,0|NA|NA|NA|NA|nan|J,ES,ES
Spain_362,Spain_376,0.0,0.3333333333333333,2,within,0|NA|NA|NA|NA|nan|J,ES,ES
Spain_362,Spain_352,0.0,0.3333333333333333,3,within,0|NA|NA|NA|NA|nan|J,ES,ES
Spain_376,Spain_303,0.0,0.3333333333333333,1,within,0|NA|NA|NA|NA|nan|J,ES,ES
Spain_376,Spain_362,0.0,0.3333333333333333,2,within,0|NA|NA|NA|NA|nan|J,ES,ES
Spain_376,Spain_352,0.0,0.3333333333333333,3,within,0|NA|NA|NA|NA|nan|J,ES,ES
Spain_387,Spain_101,0.041666666666666664,0.3333333333333333,1,within,0|NA|NA|NA|NA|nan|J,ES,ES
Spain_387,Spain_107,0.20833333333333334,0.3333333333333333,2,within,0|NA|NA|NA|NA|nan|J,ES,ES
Spain_387,Spain_117,0.20833333333333334,0.3333333333333333,3,within,0|NA|NA|NA|NA|nan|J,ES,ES
Spain_398,Spain_107,0.0,0.3333333333333333,1,within,0|NA|NA|NA|NA|nan|J,ES,ES
Spain_398,Spain_126,0.0,0.3333333333333333,2,within,0|NA|NA|NA|NA|nan|J,ES,ES
Spain_398,Spain_142,0.0,0.3333333333333333,3,within,0|NA|NA|NA|NA|nan|J,ES,ES
Spain_422,Spain_321,0.16666666666666666,0.3333333333333333,1,within,0|NA|NA|NA|NA|nan|J,ES,ES
Spain_422,Spain_303,0.16666666666666666,0.3333333333333333,2,within,0|NA|NA|NA|NA|nan|J,ES,ES
Spain_422,Spain_362,0.16666666666666666,0.3333333333333333,3,within,0|NA|NA|NA|NA|nan|J,ES,ES
Spain_436,Spain_107,0.0,0.3333333333333333,1,within,0|NA|NA|NA|NA|nan|J,ES,ES
Spain_436,Spain_126,0.0,0.3333333333333333,2,within,0|NA|NA|NA|NA|nan|J,ES,ES
Spain_436,Spain_142,0.0,0.3333333333333333,3,within,0|NA|NA|NA|NA|nan|J,ES,ES
Spain_449,Spain_521,0.20833333333333334,0.3333333333333333,1,within,0|NA|NA|NA|NA|nan|J,ES,ES
Spain_449,Spain_14,0.2916666666666667,0.3333333333333333,2,within,0|NA|NA|NA|NA|nan|J,ES,ES
Spain_449,Spain_117,0.2916666666666667,0.3333333333333333,3,within,0|NA|NA|NA|NA|nan|J,ES,ES
Spain_453,Spain_303,0.0,0.3333333333333333,1,within,0|NA|NA|NA|NA|nan|J,ES,ES
Spain_453,Spain_362,0.0,0.3333333333333333,2,within,0|NA|NA|NA|NA|nan|J,ES,ES
Spain_453,Spain_352,0.0,0.3333333333333333,3,within,0|NA|NA|NA|NA|nan|J,ES,ES
Spain_479,Spain_303,0.0,0.3333333333333333,1,within,0|NA|NA|NA|NA|nan|J,ES,ES
Spain_479,Spain_362,0.0,0.3333333333333333,2,within,0|NA|NA|NA|NA|nan|J,ES,ES
Spain_479,Spain_352,0.0,0.3333333333333333,3,within,0|NA|NA|NA|NA|nan|J,ES,ES
Spain_481,Spain_303,0.0,0.3333333333333333,1,within,0|NA|NA|NA|NA|nan|J,ES,ES
Spain_481,Spain_362,0.0,0.3333333333333333,2,within,0|NA|NA|NA|NA|nan|J,ES,ES
Spain_481,Spain_352,0.0,0.3333333333333333,3,within,0|NA|NA|NA|NA|nan|J,ES,ES
Spain_521,Spain_449,0.20833333333333334,0.3333333333333333,1,within,0|NA|NA|NA|NA|nan|J,ES,ES
Spain_521,Spain_283,0.25,0.3333333333333333,2,within,0|NA|NA|NA|NA|nan|J,ES,ES
Spain_521,Spain_321,0.25,0.3333333333333333,3,within,0|NA|NA|NA|NA|nan|J,ES,ES
Spain_536,Spain_587,0.16666666666666666,0.3333333333333333,1,within,0|NA|NA|NA|NA|nan|J,ES,ES
Spain_536,Spain_21,0.20833333333333334,0.3333333333333333,2,within,0|NA|NA|NA|NA|nan|J,ES,ES
Spain_536,Spain_107,0.20833333333333334,0.3333333333333333,3,within,0|NA|NA|NA|NA|nan|J,ES,ES
Spain_533,Spain_303,0.0,0.3333333333333333,1,within,0|NA|NA|NA|NA|nan|J,ES,ES
Spain_533,Spain_362,0.0,0.3333333333333333,2,within,0|NA|NA|NA|NA|nan|J,ES,ES
Spain_533,Spain_352,0.0,0.3333333333333333,3,within,0|NA|NA|NA|NA|nan|J,ES,ES
Spain_587,Spain_536,0.16666666666666666,0.3333333333333333,1,within,0|NA|NA|NA|NA|nan|J,ES,ES
Spain_587,Spain_21,0.20833333333333334,0.3333333333333333,2,within,0|NA|NA|NA|NA|nan|J,ES,ES
Spain_587,Spain_107,0.20833333333333334,0.3333333333333333,3,within,0|NA|NA|NA|NA|nan|J,ES,ES
Italy_78,Italy_277,0.041666666666666664,0.3333333333333333,1,within,0|NA|NA|NA|NA|nan|J,IT,IT
Italy_78,Italy_226,0.25,0.3333333333333333,2,within,0|NA|NA|NA|NA|nan|J,IT,IT
Italy_78,Italy_312,0.2916666666666667,0.3333333333333333,3,within,0|NA|NA|NA|NA|nan|J,IT,IT
Italy_226,Italy_277,0.20833333333333334,0.3333333333333333,1,within,0|NA|NA|NA|NA|nan|J,IT,IT
Italy_226,Italy_78,0.25,0.3333333333333333,2,within,0|NA|NA|NA|NA|nan|J,IT,IT
Italy_226,Italy_312,0.2916666666666667,0.3333333333333333,3,within,0|NA|NA|NA|NA|nan|J,IT,IT
Italy_277,Italy_78,0.041666666666666664,0.3333333333333333,1,within,0|NA|NA|NA|NA|nan|J,IT,IT
Italy_277,Italy_226,0.20833333333333334,0.3333333333333333,2,within,0|NA|NA|NA|NA|nan|J,IT,IT
Italy_277,Italy_312,0.25,0.3333333333333333,3,within,0|NA|NA|NA|NA|nan|J,IT,IT
Italy_312,Italy_277,0.25,0.3333333333333333,1,within,0|NA|NA|NA|NA|nan|J,IT,IT
Italy_312,Italy_78,0.2916666666666667,0.3333333333333333,2,within,0|NA|NA|NA|NA|nan|J,IT,IT
Italy_312,Italy_226,0.2916666666666667,0.3333333333333333,3,within,0|NA|NA|NA|NA|nan|J,IT,IT
Spain_68,Spain_98,0.0,0.3333333333333333,1,within,0|NA|NA|NA|NA|nan|K,ES,ES
Spain_68,Spain_397,0.0,0.3333333333333333,2,within,0|NA|NA|NA|NA|nan|K,ES,ES
Spain_68,Spain_236,0.05555555555555555,0.3333333333333333,3,within,0|NA|NA|NA|NA|nan|K,ES,ES
Spain_98,Spain_68,0.0,0.3333333333333333,1,within,0|NA|NA|NA|NA|nan|K,ES,ES
Spain_98,Spain_397,0.0,0.3333333333333333,2,within,0|NA|NA|NA|NA|nan|K,ES,ES
Spain_98,Spain_236,0.05555555555555555,0.3333333333333333,3,within,0|NA|NA|NA|NA|nan|K,ES,ES
Spain_236,Spain_68,0.05555555555555555,0.3333333333333333,1,within,0|NA|NA|NA|NA|nan|K,ES,ES
Spain_236,Spain_98,0.05555555555555555,0.3333333333333333,2,within,0|NA|NA|NA|NA|nan|K,ES,ES
Spain_236,Spain_397,0.05555555555555555,0.3333333333333333,3,within,0|NA|NA|NA|NA|nan|K,ES,ES
Spain_397,Spain_68,0.0,0.3333333333333333,1,within,0|NA|NA|NA|NA|nan|K,ES,ES
Spain_397,Spain_98,0.0,0.3333333333333333,2,within,0|NA|NA|NA|NA|nan|K,ES,ES
Spain_397,Spain_236,0.05555555555555555,0.3333333333333333,3,within,0|NA|NA|NA|NA|nan|K,ES,ES
Spain_462,Spain_68,0.27777777777777773,0.3333333333333333,1,within,0|NA|NA|NA|NA|nan|K,ES,ES
Spain_462,Spain_98,0.27777777777777773,0.3333333333333333,2,within,0|NA|NA|NA|NA|nan|K,ES,ES
Spain_462,Spain_397,0.27777777777777773,0.3333333333333333,3,within,0|NA|NA|NA|NA|nan|K,ES,ES
Spain_611,Spain_236,0.16666666666666666,0.3333333333333333,1,within,0|NA|NA|NA|NA|nan|K,ES,ES
Spain_611,Spain_68,0.2222222222222222,0.3333333333333333,2,within,0|NA|NA|NA|NA|nan|K,ES,ES
Spain_611,Spain_98,0.2222222222222222,0.3333333333333333,3,within,0|NA|NA|NA|NA|nan|K,ES,ES
Spain_55,Spain_377,0.0,0.5,1,within,0|NA|NA|NA|NA|nan|M,ES,ES
Spain_55,Spain_394,0.16666666666666666,0.5,2,within,0|NA|NA|NA|NA|nan|M,ES,ES
Spain_377,Spain_55,0.0,0.5,1,within,0|NA|NA|NA|NA|nan|M,ES,ES
Spain_377,Spain_394,0.16666666666666666,0.5,2,within,0|NA|NA|NA|NA|nan|M,ES,ES
Spain_394,Spain_55,0.16666666666666666,0.5,1,within,0|NA|NA|NA|NA|nan|M,ES,ES
Spain_394,Spain_377,0.16666666666666666,0.5,2,within,0|NA|NA|NA|NA|nan|M,ES,ES
Spain_415,Spain_540,0.16666666666666666,1.0,1,within,0|NA|NA|NA|NA|nan|N,ES,ES
Spain_540,Spain_415,0.16666666666666666,1.0,1,within,0|NA|NA|NA|NA|nan|N,ES,ES
United Kingdom_45,United Kingdom_49,0.25,1.0,1,within,0|NA|NA|NA|NA|nan|O,GB,GB
United Kingdom_49,United Kingdom_45,0.25,1.0,1,within,0|NA|NA|NA|NA|nan|O,GB,GB
Spain_10,Spain_467,0.0,0.3333333333333333,1,within,0|NA|NA|NA|NA|nan|O,ES,ES
Spain_10,Spain_603,0.20833333333333334,0.3333333333333333,2,within,0|NA|NA|NA|NA|nan|O,ES,ES
Spain_10,Spain_250,0.23611111111111108,0.3333333333333333,3,within,0|NA|NA|NA|NA|nan|O,ES,ES
Spain_32,Spain_35,0.0,0.3333333333333333,1,within,0|NA|NA|NA|NA|nan|O,ES,ES
Spain_32,Spain_332,0.027777777777777776,0.3333333333333333,2,within,0|NA|NA|NA|NA|nan|O,ES,ES
Spain_32,Spain_603,0.041666666666666664,0.3333333333333333,3,within,0|NA|NA|NA|NA|nan|O,ES,ES
Spain_35,Spain_32,0.0,0.3333333333333333,1,within,0|NA|NA|NA|NA|nan|O,ES,ES
Spain_35,Spain_332,0.027777777777777776,0.3333333333333333,2,within,0|NA|NA|NA|NA|nan|O,ES,ES
Spain_35,Spain_603,0.041666666666666664,0.3333333333333333,3,within,0|NA|NA|NA|NA|nan|O,ES,ES
Spain_250,Spain_603,0.1111111111111111,0.3333333333333333,1,within,0|NA|NA|NA|NA|nan|O,ES,ES
Spain_250,Spain_332,0.125,0.3333333333333333,2,within,0|NA|NA|NA|NA|nan|O,ES,ES
Spain_250,Spain_35,0.15277777777777776,0.3333333333333333,3,within,0|NA|NA|NA|NA|nan|O,ES,ES
Spain_332,Spain_32,0.027777777777777776,0.3333333333333333,1,within,0|NA|NA|NA|NA|nan|O,ES,ES
Spain_332,Spain_35,0.027777777777777776,0.3333333333333333,2,within,0|NA|NA|NA|NA|nan|O,ES,ES
Spain_332,Spain_603,0.06944444444444443,0.3333333333333333,3,within,0|NA|NA|NA|NA|nan|O,ES,ES
Spain_467,Spain_10,0.0,0.3333333333333333,1,within,0|NA|NA|NA|NA|nan|O,ES,ES
Spain_467,Spain_603,0.20833333333333334,0.3333333333333333,2,within,0|NA|NA|NA|NA|nan|O,ES,ES
Spain_467,Spain_250,0.23611111111111108,0.3333333333333333,3,within,0|NA|NA|NA|NA|nan|O,ES,ES
Spain_603,Spain_32,0.041666666666666664,0.3333333333333333,1,within,0|NA|NA|NA|NA|nan|O,ES,ES
Spain_603,Spain_35,0.041666666666666664,0.3333333333333333,2,within,0|NA|NA|NA|NA|nan|O,ES,ES
Spain_603,Spain_332,0.06944444444444443,0.3333333333333333,3,within,0|NA|NA|NA|NA|nan|O,ES,ES
Spain_620,Spain_250,0.19444444444444445,0.3333333333333333,1,within,0|NA|NA|NA|NA|nan|O,ES,ES
Spain_620,Spain_10,0.2638888888888889,0.3333333333333333,2,within,0|NA|NA|NA|NA|nan|O,ES,ES
Spain_620,Spain_467,0.2638888888888889,0.3333333333333333,3,within,0|NA|NA|NA|NA|nan|O,ES,ES
Slovenia_1,Slovenia_67,0.2222222222222222,1.0,1,within,0|NA|NA|NA|NA|nan|O,SI,SI
Slovenia_67,Slovenia_1,0.2222222222222222,1.0,1,within,0|NA|NA|NA|NA|nan|O,SI,SI
Italy_21,Italy_207,0.0,0.3333333333333333,1,within,0|NA|NA|NA|NA|nan|O,IT,IT
Italy_21,Italy_309,0.0,0.3333333333333333,2,within,0|NA|NA|NA|NA|nan|O,IT,IT
Italy_21,Italy_244,0.15277777777777776,0.3333333333333333,3,within,0|NA|NA|NA|NA|nan|O,IT,IT
Italy_207,Italy_21,0.0,0.3333333333333333,1,within,0|NA|NA|NA|NA|nan|O,IT,IT
Italy_207,Italy_309,0.0,0.3333333333333333,2,within,0|NA|NA|NA|NA|nan|O,IT,IT
Italy_207,Italy_244,0.15277777777777776,0.3333333333333333,3,within,0|NA|NA|NA|NA|nan|O,IT,IT
Italy_244,Italy_21,0.15277777777777776,0.3333333333333333,1,within,0|NA|NA|NA|NA|nan|O,IT,IT
Italy_244,Italy_207,0.15277777777777776,0.3333333333333333,2,within,0|NA|NA|NA|NA|nan|O,IT,IT
Italy_244,Italy_309,0.15277777777777776,0.3333333333333333,3,within,0|NA|NA|NA|NA|nan|O,IT,IT
Italy_309,Italy_21,0.0,0.3333333333333333,1,within,0|NA|NA|NA|NA|nan|O,IT,IT
Italy_309,Italy_207,0.0,0.3333333333333333,2,within,0|NA|NA|NA|NA|nan|O,IT,IT
Italy_309,Italy_244,0.15277777777777776,0.3333333333333333,3,within,0|NA|NA|NA|NA|nan|O,IT,IT
Greece_3,Greece_8,0.0,0.5,1,within,0|NA|NA|NA|NA|nan|O,GR,GR
Greece_3,Greece_36,0.2916666666666667,0.5,2,within,0|NA|NA|NA|NA|nan|O,GR,GR
Greece_8,Greece_3,0.0,0.5,1,within,0|NA|NA|NA|NA|nan|O,GR,GR
Greece_8,Greece_36,0.2916666666666667,0.5,2,within,0|NA|NA|NA|NA|nan|O,GR,GR
Greece_36,Greece_3,0.2916666666666667,0.5,1,within,0|NA|NA|NA|NA|nan|O,GR,GR
Greece_36,Greece_8,0.2916666666666667,0.5,2,within,0|NA|NA|NA|NA|nan|O,GR,GR
United Kingdom_10,United Kingdom_7,0.0,0.3333333333333333,1,within,0|NA|NA|NA|NA|nan|NA,UNCLEAR,UNCLEAR
United Kingdom_10,Spain_310,0.0,0.3333333333333333,2,within,0|NA|NA|NA|NA|nan|NA,UNCLEAR,UNCLEAR
United Kingdom_10,Spain_448,0.0,0.3333333333333333,3,within,0|NA|NA|NA|NA|nan|NA,UNCLEAR,UNCLEAR
United Kingdom_7,United Kingdom_10,0.0,0.3333333333333333,1,within,0|NA|NA|NA|NA|nan|NA,UNCLEAR,UNCLEAR
United Kingdom_7,Spain_310,0.0,0.3333333333333333,2,within,0|NA|NA|NA|NA|nan|NA,UNCLEAR,UNCLEAR
United Kingdom_7,Spain_448,0.0,0.3333333333333333,3,within,0|NA|NA|NA|NA|nan|NA,UNCLEAR,UNCLEAR
United Kingdom_27,United Kingdom_30,0.013888888888888888,0.3333333333333333,1,within,0|NA|NA|NA|NA|nan|NA,GB,GB
United Kingdom_27,United Kingdom_47,0.013888888888888888,0.3333333333333333,2,within,0|NA|NA|NA|NA|nan|NA,GB,GB
United Kingdom_27,United Kingdom_22,0.020833333333333332,0.3333333333333333,3,within,0|NA|NA|NA|NA|nan|NA,GB,GB
United Kingdom_22,United Kingdom_27,0.020833333333333332,0.3333333333333333,1,within,0|NA|NA|NA|NA|nan|NA,GB,GB
United Kingdom_22,United Kingdom_30,0.03472222222222222,0.3333333333333333,2,within,0|NA|NA|NA|NA|nan|NA,GB,GB
United Kingdom_22,United Kingdom_47,0.03472222222222222,0.3333333333333333,3,within,0|NA|NA|NA|NA|nan|NA,GB,GB
United Kingdom_30,United Kingdom_47,0.0,0.3333333333333333,1,within,0|NA|NA|NA|NA|nan|NA,GB,GB
United Kingdom_30,United Kingdom_27,0.013888888888888888,0.3333333333333333,2,within,0|NA|NA|NA|NA|nan|NA,GB,GB
United Kingdom_30,United Kingdom_22,0.03472222222222222,0.3333333333333333,3,within,0|NA|NA|NA|NA|nan|NA,GB,GB
United Kingdom_33,Greece_1,0.0,0.3333333333333333,1,within,0|NA|NA|NA|NA|nan|NA,UNCLEAR,UNCLEAR
United Kingdom_33,Greece_11,0.013888888888888888,0.3333333333333333,2,within,0|NA|NA|NA|NA|nan|NA,UNCLEAR,UNCLEAR
United Kingdom_33,Greece_121,0.027777777777777776,0.3333333333333333,3,within,0|NA|NA|NA|NA|nan|NA,UNCLEAR,UNCLEAR
United Kingdom_36,United Kingdom_63,0.0,0.3333333333333333,1,within,0|NA|NA|NA|NA|nan|NA,UNCLEAR,UNCLEAR
United Kingdom_36,Spain_572,0.0,0.3333333333333333,2,within,0|NA|NA|NA|NA|nan|NA,UNCLEAR,UNCLEAR
United Kingdom_36,Italy_139,0.0,0.3333333333333333,3,within,0|NA|NA|NA|NA|nan|NA,UNCLEAR,UNCLEAR
United Kingdom_47,United Kingdom_30,0.0,0.3333333333333333,1,within,0|NA|NA|NA|NA|nan|NA,GB,GB
United Kingdom_47,United Kingdom_27,0.013888888888888888,0.3333333333333333,2,within,0|NA|NA|NA|NA|nan|NA,GB,GB
United Kingdom_47,United Kingdom_22,0.03472222222222222,0.3333333333333333,3,within,0|NA|NA|NA|NA|nan|NA,GB,GB
United Kingdom_38,United Kingdom_58,0.0,0.3333333333333333,1,within,0|NA|NA|NA|NA|nan|NA,,
United Kingdom_38,Sweden_8,0.0,0.3333333333333333,2,within,0|NA|NA|NA|NA|nan|NA,,
United Kingdom_38,Spain_79,0.0,0.3333333333333333,3,within,0|NA|NA|NA|NA|nan|NA,,
United Kingdom_54,United Kingdom_10,0.16666666666666666,0.3333333333333333,1,within,0|NA|NA|NA|NA|nan|NA,UNCLEAR,UNCLEAR
United Kingdom_54,United Kingdom_7,0.16666666666666666,0.3333333333333333,2,within,0|NA|NA|NA|NA|nan|NA,UNCLEAR,UNCLEAR
United Kingdom_54,Spain_310,0.16666666666666666,0.3333333333333333,3,within,0|NA|NA|NA|NA|nan|NA,UNCLEAR,UNCLEAR
United Kingdom_63,United Kingdom_36,0.0,0.3333333333333333,1,within,0|NA|NA|NA|NA|nan|NA,UNCLEAR,UNCLEAR
United Kingdom_63,Spain_572,0.0,0.3333333333333333,2,within,0|NA|NA|NA|NA|nan|NA,UNCLEAR,UNCLEAR
United Kingdom_63,Italy_139,0.0,0.3333333333333333,3,within,0|NA|NA|NA|NA|nan|NA,UNCLEAR,UNCLEAR
United Kingdom_58,United Kingdom_38,0.0,0.3333333333333333,1,within,0|NA|NA|NA|NA|nan|NA,,
United Kingdom_58,Sweden_8,0.0,0.3333333333333333,2,within,0|NA|NA|NA|NA|nan|NA,,
United Kingdom_58,Spain_79,0.0,0.3333333333333333,3,within,0|NA|NA|NA|NA|nan|NA,,
Sweden_8,United Kingdom_38,0.0,0.3333333333333333,1,within,0|NA|NA|NA|NA|nan|NA,,
Sweden_8,United Kingdom_58,0.0,0.3333333333333333,2,within,0|NA|NA|NA|NA|nan|NA,,
Sweden_8,Spain_79,0.0,0.3333333333333333,3,within,0|NA|NA|NA|NA|nan|NA,,
Sweden_21,Sweden_44,0.1875,1.0,1,within,0|NA|NA|NA|NA|nan|NA,SE,SE
Sweden_44,Sweden_21,0.1875,1.0,1,within,0|NA|NA|NA|NA|nan|NA,SE,SE
Sweden_46,Spain_365,0.0,0.3333333333333333,1,within,0|NA|NA|NA|NA|nan|NA,UNCLEAR,UNCLEAR
Sweden_46,Slovenia_59,0.0,0.3333333333333333,2,within,0|NA|NA|NA|NA|nan|NA,UNCLEAR,UNCLEAR
Sweden_46,Spain_623,0.0,0.3333333333333333,3,within,0|NA|NA|NA|NA|nan|NA,UNCLEAR,UNCLEAR
Spain_1,Spain_258,0.0,0.3333333333333333,1,within,0|NA|NA|NA|NA|nan|NA,ES,ES
Spain_1,Spain_146,0.03472222222222222,0.3333333333333333,2,within,0|NA|NA|NA|NA|nan|NA,ES,ES
Spain_1,Spain_439,0.03472222222222222,0.3333333333333333,3,within,0|NA|NA|NA|NA|nan|NA,ES,ES
Spain_3,Spain_484,0.0,0.3333333333333333,1,within,0|NA|NA|NA|NA|nan|NA,ES,ES
Spain_3,Spain_85,0.013888888888888888,0.3333333333333333,2,within,0|NA|NA|NA|NA|nan|NA,ES,ES
Spain_3,Spain_396,0.013888888888888888,0.3333333333333333,3,within,0|NA|NA|NA|NA|nan|NA,ES,ES
Spain_6,Spain_9,0.16666666666666666,0.3333333333333333,1,within,0|NA|NA|NA|NA|nan|NA,ES,ES
Spain_6,Spain_12,0.16666666666666666,0.3333333333333333,2,within,0|NA|NA|NA|NA|nan|NA,ES,ES
Spain_6,Spain_19,0.16666666666666666,0.3333333333333333,3,within,0|NA|NA|NA|NA|nan|NA,ES,ES
Spain_5,Spain_280,0.0,0.3333333333333333,1,within,0|NA|NA|NA|NA|nan|NA,ES,ES
Spain_5,Spain_537,0.0,0.3333333333333333,2,within,0|NA|NA|NA|NA|nan|NA,ES,ES
Spain_5,Spain_514,0.013888888888888888,0.3333333333333333,3,within,0|NA|NA|NA|NA|nan|NA,ES,ES
Spain_7,Spain_595,0.03472222222222222,0.3333333333333333,1,within,0|NA|NA|NA|NA|nan|NA,ES,ES
Spain_7,Spain_24,0.16666666666666666,0.3333333333333333,2,within,0|NA|NA|NA|NA|nan|NA,ES,ES
Spain_7,Spain_51,0.16666666666666666,0.3333333333333333,3,within,0|NA|NA|NA|NA|nan|NA,ES,ES
Spain_8,Spain_15,0.0,0.3333333333333333,1,within,0|NA|NA|NA|NA|nan|NA,ES,ES
Spain_8,Spain_33,0.0,0.3333333333333333,2,within,0|NA|NA|NA|NA|nan|NA,ES,ES
Spain_8,Spain_144,0.0,0.3333333333333333,3,within,0|NA|NA|NA|NA|nan|NA,ES,ES
Spain_9,Spain_12,0.0,0.3333333333333333,1,within,0|NA|NA|NA|NA|nan|NA,ES,ES
Spain_9,Spain_19,0.0,0.3333333333333333,2,within,0|NA|NA|NA|NA|nan|NA,ES,ES
Spain_9,Spain_305,0.0,0.3333333333333333,3,within,0|NA|NA|NA|NA|nan|NA,ES,ES
Spain_12,Spain_9,0.0,0.3333333333333333,1,within,0|NA|NA|NA|NA|nan|NA,ES,ES
Spain_12,Spain_19,0.0,0.3333333333333333,2,within,0|NA|NA|NA|NA|nan|NA,ES,ES
Spain_12,Spain_305,0.0,0.3333333333333333,3,within,0|NA|NA|NA|NA|nan|NA,ES,ES
Spain_15,Spain_8,0.0,0.3333333333333333,1,within,0|NA|NA|NA|NA|nan|NA,ES,ES
Spain_15,Spain_33,0.0,0.3333333333333333,2,within,0|NA|NA|NA|NA|nan|NA,ES,ES
Spain_15,Spain_144,0.0,0.3333333333333333,3,within,0|NA|NA|NA|NA|nan|NA,ES,ES
Spain_13,Spain_599,0.027777777777777776,0.3333333333333333,1,within,0|NA|NA|NA|NA|nan|NA,ES,ES
Spain_13,Spain_565,0.03472222222222222,0.3333333333333333,2,within,0|NA|NA|NA|NA|nan|NA,ES,ES
Spain_13,Spain_5,0.16666666666666666,0.3333333333333333,3,within,0|NA|NA|NA|NA|nan|NA,ES,ES
Spain_16,Spain_17,0.0,0.3333333333333333,1,within,0|NA|NA|NA|NA|nan|NA,ES,ES
Spain_16,Spain_269,0.013888888888888888,0.3333333333333333,2,within,0|NA|NA|NA|NA|nan|NA,ES,ES
Spain_16,Spain_327,0.0625,0.3333333333333333,3,within,0|NA|NA|NA|NA|nan|NA,ES,ES
Spain_17,Spain_16,0.0,0.3333333333333333,1,within,0|NA|NA|NA|NA|nan|NA,ES,ES
Spain_17,Spain_269,0.013888888888888888,0.3333333333333333,2,within,0|NA|NA|NA|NA|nan|NA,ES,ES
Spain_17,Spain_327,0.0625,0.3333333333333333,3,within,0|NA|NA|NA|NA|nan|NA,ES,ES
Spain_18,Spain_28,0.0,0.3333333333333333,1,within,0|NA|NA|NA|NA|nan|NA,ES,ES
Spain_18,Spain_81,0.03472222222222222,0.3333333333333333,2,within,0|NA|NA|NA|NA|nan|NA,ES,ES
Spain_18,Spain_103,0.03472222222222222,0.3333333333333333,3,within,0|NA|NA|NA|NA|nan|NA,ES,ES
Spain_19,Spain_9,0.0,0.3333333333333333,1,within,0|NA|NA|NA|NA|nan|NA,ES,ES
Spain_19,Spain_12,0.0,0.3333333333333333,2,within,0|NA|NA|NA|NA|nan|NA,ES,ES
Spain_19,Spain_305,0.0,0.3333333333333333,3,within,0|NA|NA|NA|NA|nan|NA,ES,ES
Spain_20,Spain_1,0.16666666666666666,0.3333333333333333,1,within,0|NA|NA|NA|NA|nan|NA,ES,ES
Spain_20,Spain_258,0.16666666666666666,0.3333333333333333,2,within,0|NA|NA|NA|NA|nan|NA,ES,ES
Spain_20,Spain_584,0.16666666666666666,0.3333333333333333,3,within,0|NA|NA|NA|NA|nan|NA,ES,ES
Spain_24,Spain_7,0.16666666666666666,0.3333333333333333,1,within,0|NA|NA|NA|NA|nan|NA,ES,ES
Spain_24,Spain_48,0.16666666666666666,0.3333333333333333,2,within,0|NA|NA|NA|NA|nan|NA,ES,ES
Spain_24,Spain_51,0.16666666666666666,0.3333333333333333,3,within,0|NA|NA|NA|NA|nan|NA,ES,ES
Spain_28,Spain_18,0.0,0.3333333333333333,1,within,0|NA|NA|NA|NA|nan|NA,ES,ES
Spain_28,Spain_81,0.03472222222222222,0.3333333333333333,2,within,0|NA|NA|NA|NA|nan|NA,ES,ES
Spain_28,Spain_103,0.03472222222222222,0.3333333333333333,3,within,0|NA|NA|NA|NA|nan|NA,ES,ES
Spain_33,Spain_8,0.0,0.3333333333333333,1,within,0|NA|NA|NA|NA|nan|NA,ES,ES
Spain_33,Spain_15,0.0,0.3333333333333333,2,within,0|NA|NA|NA|NA|nan|NA,ES,ES
Spain_33,Spain_144,0.0,0.3333333333333333,3,within,0|NA|NA|NA|NA|nan|NA,ES,ES
Spain_36,Spain_106,0.0,0.3333333333333333,1,within,0|NA|NA|NA|NA|nan|NA,ES,ES
Spain_36,Spain_62,0.0,0.3333333333333333,2,within,0|NA|NA|NA|NA|nan|NA,ES,ES
Spain_36,Spain_291,0.0,0.3333333333333333,3,within,0|NA|NA|NA|NA|nan|NA,ES,ES
Spain_40,Spain_124,0.0,0.3333333333333333,1,within,0|NA|NA|NA|NA|nan|NA,ES,ES
Spain_40,Spain_216,0.0,0.3333333333333333,2,within,0|NA|NA|NA|NA|nan|NA,ES,ES
Spain_40,Spain_253,0.0,0.3333333333333333,3,within,0|NA|NA|NA|NA|nan|NA,ES,ES
Spain_42,Spain_73,0.0,0.3333333333333333,1,within,0|NA|NA|NA|NA|nan|NA,ES,ES
Spain_42,Spain_328,0.0,0.3333333333333333,2,within,0|NA|NA|NA|NA|nan|NA,ES,ES
Spain_42,Spain_259,0.0,0.3333333333333333,3,within,0|NA|NA|NA|NA|nan|NA,ES,ES
Spain_43,Spain_226,0.0,0.3333333333333333,1,within,0|NA|NA|NA|NA|nan|NA,ES,ES
Spain_43,Spain_221,0.013888888888888888,0.3333333333333333,2,within,0|NA|NA|NA|NA|nan|NA,ES,ES
Spain_43,Spain_427,0.020833333333333332,0.3333333333333333,3,within,0|NA|NA|NA|NA|nan|NA,ES,ES
Spain_45,Spain_343,0.03472222222222222,0.3333333333333333,1,within,0|NA|NA|NA|NA|nan|NA,ES,ES
Spain_45,Spain_116,0.0625,0.3333333333333333,2,within,0|NA|NA|NA|NA|nan|NA,ES,ES
Spain_45,Spain_315,0.0625,0.3333333333333333,3,within,0|NA|NA|NA|NA|nan|NA,ES,ES
Spain_48,Spain_578,0.0,0.3333333333333333,1,within,0|NA|NA|NA|NA|nan|NA,ES,ES
Spain_48,Spain_604,0.0,0.3333333333333333,2,within,0|NA|NA|NA|NA|nan|NA,ES,ES
Spain_48,Spain_478,0.013888888888888888,0.3333333333333333,3,within,0|NA|NA|NA|NA|nan|NA,ES,ES
Spain_51,Spain_77,0.0,0.3333333333333333,1,within,0|NA|NA|NA|NA|nan|NA,ES,ES
Spain_51,Spain_99,0.0,0.3333333333333333,2,within,0|NA|NA|NA|NA|nan|NA,ES,ES
Spain_51,Spain_95,0.0,0.3333333333333333,3,within,0|NA|NA|NA|NA|nan|NA,ES,ES
Spain_46,Spain_96,0.0,0.3333333333333333,1,within,0|NA|NA|NA|NA|nan|NA,ES,ES
Spain_46,Spain_498,0.027777777777777776,0.3333333333333333,2,within,0|NA|NA|NA|NA|nan|NA,ES,ES
Spain_46,Spain_571,0.027777777777777776,0.3333333333333333,3,within,0|NA|NA|NA|NA|nan|NA,ES,ES
Spain_50,Spain_428,0.0,0.3333333333333333,1,within,0|NA|NA|NA|NA|nan|NA,ES,ES
Spain_50,Spain_319,0.013888888888888888,0.3333333333333333,2,within,0|NA|NA|NA|NA|nan|NA,ES,ES
Spain_50,Spain_364,0.020833333333333332,0.3333333333333333,3,within,0|NA|NA|NA|NA|nan|NA,ES,ES
Spain_53,Spain_129,0.0,0.3333333333333333,1,within,0|NA|NA|NA|NA|nan|NA,ES,ES
Spain_53,Spain_40,0.013888888888888888,0.3333333333333333,2,within,0|NA|NA|NA|NA|nan|NA,ES,ES
Spain_53,Spain_124,0.013888888888888888,0.3333333333333333,3,within,0|NA|NA|NA|NA|nan|NA,ES,ES
Spain_56,Spain_130,0.0,0.3333333333333333,1,within,0|NA|NA|NA|NA|nan|NA,ES,ES
Spain_56,Spain_244,0.0,0.3333333333333333,2,within,0|NA|NA|NA|NA|nan|NA,ES,ES
Spain_56,Spain_463,0.0,0.3333333333333333,3,within,0|NA|NA|NA|NA|nan|NA,ES,ES
Spain_57,Spain_50,0.16666666666666666,0.3333333333333333,1,within,0|NA|NA|NA|NA|nan|NA,ES,ES
Spain_57,Spain_241,0.16666666666666666,0.3333333333333333,2,within,0|NA|NA|NA|NA|nan|NA,ES,ES
Spain_57,Spain_372,0.16666666666666666,0.3333333333333333,3,within,0|NA|NA|NA|NA|nan|NA,ES,ES
Spain_62,Spain_36,0.0,0.3333333333333333,1,within,0|NA|NA|NA|NA|nan|NA,ES,ES
Spain_62,Spain_106,0.0,0.3333333333333333,2,within,0|NA|NA|NA|NA|nan|NA,ES,ES
Spain_62,Spain_291,0.0,0.3333333333333333,3,within,0|NA|NA|NA|NA|nan|NA,ES,ES
Spain_63,Spain_335,0.020833333333333332,0.3333333333333333,1,within,0|NA|NA|NA|NA|nan|NA,ES,ES
Spain_63,Spain_110,0.16666666666666666,0.3333333333333333,2,within,0|NA|NA|NA|NA|nan|NA,ES,ES
Spain_63,Spain_146,0.16666666666666666,0.3333333333333333,3,within,0|NA|NA|NA|NA|nan|NA,ES,ES
Spain_64,Spain_426,0.0,0.3333333333333333,1,within,0|NA|NA|NA|NA|nan|NA,ES,ES
Spain_64,Spain_208,0.020833333333333332,0.3333333333333333,2,within,0|NA|NA|NA|NA|nan|NA,ES,ES
Spain_64,Spain_166,0.020833333333333332,0.3333333333333333,3,within,0|NA|NA|NA|NA|nan|NA,ES,ES
Spain_69,Spain_114,0.0,0.3333333333333333,1,within,0|NA|NA|NA|NA|nan|NA,ES,ES
Spain_69,Spain_200,0.0,0.3333333333333333,2,within,0|NA|NA|NA|NA|nan|NA,ES,ES
Spain_69,Spain_292,0.0,0.3333333333333333,3,within,0|NA|NA|NA|NA|nan|NA,ES,ES
Spain_73,Spain_42,0.0,0.3333333333333333,1,within,0|NA|NA|NA|NA|nan|NA,ES,ES
Spain_73,Spain_328,0.0,0.3333333333333333,2,within,0|NA|NA|NA|NA|nan|NA,ES,ES
Spain_73,Spain_259,0.0,0.3333333333333333,3,within,0|NA|NA|NA|NA|nan|NA,ES,ES
Spain_72,Spain_46,0.18055555555555555,0.3333333333333333,1,within,0|NA|NA|NA|NA|nan|NA,ES,ES
Spain_72,Spain_96,0.18055555555555555,0.3333333333333333,2,within,0|NA|NA|NA|NA|nan|NA,ES,ES
Spain_72,Spain_327,0.18055555555555555,0.3333333333333333,3,within,0|NA|NA|NA|NA|nan|NA,ES,ES
Spain_77,Spain_51,0.0,0.3333333333333333,1,within,0|NA|NA|NA|NA|nan|NA,ES,ES
Spain_77,Spain_99,0.0,0.3333333333333333,2,within,0|NA|NA|NA|NA|nan|NA,ES,ES
Spain_77,Spain_95,0.0,0.3333333333333333,3,within,0|NA|NA|NA|NA|nan|NA,ES,ES
Spain_79,United Kingdom_38,0.0,0.3333333333333333,1,within,0|NA|NA|NA|NA|nan|NA,,
Spain_79,United Kingdom_58,0.0,0.3333333333333333,2,within,0|NA|NA|NA|NA|nan|NA,,
Spain_79,Sweden_8,0.0,0.3333333333333333,3,within,0|NA|NA|NA|NA|nan|NA,,
Spain_81,Spain_103,0.0,0.3333333333333333,1,within,0|NA|NA|NA|NA|nan|NA,ES,ES
Spain_81,Spain_290,0.0,0.3333333333333333,2,within,0|NA|NA|NA|NA|nan|NA,ES,ES
Spain_81,Spain_393,0.0,0.3333333333333333,3,within,0|NA|NA|NA|NA|nan|NA,ES,ES
Spain_85,Spain_396,0.0,0.3333333333333333,1,within,0|NA|NA|NA|NA|nan|NA,ES,ES
Spain_85,Spain_431,0.0,0.3333333333333333,2,within,0|NA|NA|NA|NA|nan|NA,ES,ES
Spain_85,Spain_278,0.0,0.3333333333333333,3,within,0|NA|NA|NA|NA|nan|NA,ES,ES
Spain_84,Spain_109,0.0,0.3333333333333333,1,within,0|NA|NA|NA|NA|nan|NA,ES,ES
Spain_84,Spain_137,0.0,0.3333333333333333,2,within,0|NA|NA|NA|NA|nan|NA,ES,ES
Spain_84,Spain_164,0.0,0.3333333333333333,3,within,0|NA|NA|NA|NA|nan|NA,ES,ES
Spain_87,Spain_77,0.0,0.3333333333333333,1,within,0|NA|NA|NA|NA|nan|NA,ES,ES
Spain_87,Spain_51,0.0,0.3333333333333333,2,within,0|NA|NA|NA|NA|nan|NA,ES,ES
Spain_87,Spain_95,0.0,0.3333333333333333,3,within,0|NA|NA|NA|NA|nan|NA,ES,ES
Spain_86,Spain_232,0.013888888888888888,0.3333333333333333,1,within,0|NA|NA|NA|NA|nan|NA,ES,ES
Spain_86,Spain_424,0.013888888888888888,0.3333333333333333,2,within,0|NA|NA|NA|NA|nan|NA,ES,ES
Spain_86,Spain_190,0.020833333333333332,0.3333333333333333,3,within,0|NA|NA|NA|NA|nan|NA,ES,ES
Spain_93,Spain_214,0.0,0.3333333333333333,1,within,0|NA|NA|NA|NA|nan|NA,ES,ES
Spain_93,Spain_122,0.027777777777777776,0.3333333333333333,2,within,0|NA|NA|NA|NA|nan|NA,ES,ES
Spain_93,Spain_526,0.027777777777777776,0.3333333333333333,3,within,0|NA|NA|NA|NA|nan|NA,ES,ES
Spain_94,Spain_56,0.027777777777777776,0.3333333333333333,1,within,0|NA|NA|NA|NA|nan|NA,ES,ES
Spain_94,Spain_130,0.027777777777777776,0.3333333333333333,2,within,0|NA|NA|NA|NA|nan|NA,ES,ES
Spain_94,Spain_244,0.027777777777777776,0.3333333333333333,3,within,0|NA|NA|NA|NA|nan|NA,ES,ES
Spain_95,Spain_77,0.0,0.3333333333333333,1,within,0|NA|NA|NA|NA|nan|NA,ES,ES
Spain_95,Spain_51,0.0,0.3333333333333333,2,within,0|NA|NA|NA|NA|nan|NA,ES,ES
Spain_95,Spain_99,0.0,0.3333333333333333,3,within,0|NA|NA|NA|NA|nan|NA,ES,ES
Spain_96,Spain_46,0.0,0.3333333333333333,1,within,0|NA|NA|NA|NA|nan|NA,ES,ES
Spain_96,Spain_498,0.027777777777777776,0.3333333333333333,2,within,0|NA|NA|NA|NA|nan|NA,ES,ES
Spain_96,Spain_571,0.027777777777777776,0.3333333333333333,3,within,0|NA|NA|NA|NA|nan|NA,ES,ES
Spain_99,Spain_77,0.0,0.3333333333333333,1,within,0|NA|NA|NA|NA|nan|NA,ES,ES
Spain_99,Spain_51,0.0,0.3333333333333333,2,within,0|NA|NA|NA|NA|nan|NA,ES,ES
Spain_99,Spain_95,0.0,0.3333333333333333,3,within,0|NA|NA|NA|NA|nan|NA,ES,ES
Spain_103,Spain_81,0.0,0.3333333333333333,1,within,0|NA|NA|NA|NA|nan|NA,ES,ES
Spain_103,Spain_290,0.0,0.3333333333333333,2,within,0|NA|NA|NA|NA|nan|NA,ES,ES
Spain_103,Spain_393,0.0,0.3333333333333333,3,within,0|NA|NA|NA|NA|nan|NA,ES,ES
Spain_102,Spain_312,0.0,0.3333333333333333,1,within,0|NA|NA|NA|NA|nan|NA,ES,ES
Spain_102,Spain_109,0.013888888888888888,0.3333333333333333,2,within,0|NA|NA|NA|NA|nan|NA,ES,ES
Spain_102,Spain_164,0.013888888888888888,0.3333333333333333,3,within,0|NA|NA|NA|NA|nan|NA,ES,ES
Spain_106,Spain_36,0.0,0.3333333333333333,1,within,0|NA|NA|NA|NA|nan|NA,ES,ES
Spain_106,Spain_62,0.0,0.3333333333333333,2,within,0|NA|NA|NA|NA|nan|NA,ES,ES
Spain_106,Spain_291,0.0,0.3333333333333333,3,within,0|NA|NA|NA|NA|nan|NA,ES,ES
Spain_110,Spain_135,0.0,0.3333333333333333,1,within,0|NA|NA|NA|NA|nan|NA,ES,ES
Spain_110,Spain_432,0.0,0.3333333333333333,2,within,0|NA|NA|NA|NA|nan|NA,ES,ES
Spain_110,Spain_129,0.013888888888888888,0.3333333333333333,3,within,0|NA|NA|NA|NA|nan|NA,ES,ES
Spain_111,Spain_128,0.0,0.3333333333333333,1,within,0|NA|NA|NA|NA|nan|NA,ES,ES
Spain_111,Spain_379,0.0,0.3333333333333333,2,within,0|NA|NA|NA|NA|nan|NA,ES,ES
Spain_111,Spain_196,0.020833333333333332,0.3333333333333333,3,within,0|NA|NA|NA|NA|nan|NA,ES,ES
Spain_109,Spain_84,0.0,0.3333333333333333,1,within,0|NA|NA|NA|NA|nan|NA,ES,ES
Spain_109,Spain_137,0.0,0.3333333333333333,2,within,0|NA|NA|NA|NA|nan|NA,ES,ES
Spain_109,Spain_164,0.0,0.3333333333333333,3,within,0|NA|NA|NA|NA|nan|NA,ES,ES
Spain_112,Spain_438,0.020833333333333332,0.3333333333333333,1,within,0|NA|NA|NA|NA|nan|NA,ES,ES
Spain_112,Spain_606,0.020833333333333332,0.3333333333333333,2,within,0|NA|NA|NA|NA|nan|NA,ES,ES
Spain_112,Spain_380,0.020833333333333332,0.3333333333333333,3,within,0|NA|NA|NA|NA|nan|NA,ES,ES
Spain_116,Spain_315,0.0,0.3333333333333333,1,within,0|NA|NA|NA|NA|nan|NA,ES,ES
Spain_116,Spain_343,0.027777777777777776,0.3333333333333333,2,within,0|NA|NA|NA|NA|nan|NA,ES,ES
Spain_116,Spain_45,0.0625,0.3333333333333333,3,within,0|NA|NA|NA|NA|nan|NA,ES,ES
Spain_114,Spain_69,0.0,0.3333333333333333,1,within,0|NA|NA|NA|NA|nan|NA,ES,ES
Spain_114,Spain_200,0.0,0.3333333333333333,2,within,0|NA|NA|NA|NA|nan|NA,ES,ES
Spain_114,Spain_292,0.0,0.3333333333333333,3,within,0|NA|NA|NA|NA|nan|NA,ES,ES
Spain_122,Spain_526,0.0,0.3333333333333333,1,within,0|NA|NA|NA|NA|nan|NA,ES,ES
Spain_122,Spain_267,0.013888888888888888,0.3333333333333333,2,within,0|NA|NA|NA|NA|nan|NA,ES,ES
Spain_122,Spain_189,0.020833333333333332,0.3333333333333333,3,within,0|NA|NA|NA|NA|nan|NA,ES,ES
Spain_124,Spain_40,0.0,0.3333333333333333,1,within,0|NA|NA|NA|NA|nan|NA,ES,ES
Spain_124,Spain_216,0.0,0.3333333333333333,2,within,0|NA|NA|NA|NA|nan|NA,ES,ES
Spain_124,Spain_253,0.0,0.3333333333333333,3,within,0|NA|NA|NA|NA|nan|NA,ES,ES
Spain_123,Spain_344,0.0,0.3333333333333333,1,within,0|NA|NA|NA|NA|nan|NA,ES,ES
Spain_123,Spain_282,0.013888888888888888,0.3333333333333333,2,within,0|NA|NA|NA|NA|nan|NA,ES,ES
Spain_123,Spain_372,0.013888888888888888,0.3333333333333333,3,within,0|NA|NA|NA|NA|nan|NA,ES,ES
Spain_130,Spain_56,0.0,0.3333333333333333,1,within,0|NA|NA|NA|NA|nan|NA,ES,ES
Spain_130,Spain_244,0.0,0.3333333333333333,2,within,0|NA|NA|NA|NA|nan|NA,ES,ES
Spain_130,Spain_463,0.0,0.3333333333333333,3,within,0|NA|NA|NA|NA|nan|NA,ES,ES
Spain_129,Spain_53,0.0,0.3333333333333333,1,within,0|NA|NA|NA|NA|nan|NA,ES,ES
Spain_129,Spain_40,0.013888888888888888,0.3333333333333333,2,within,0|NA|NA|NA|NA|nan|NA,ES,ES
Spain_129,Spain_110,0.013888888888888888,0.3333333333333333,3,within,0|NA|NA|NA|NA|nan|NA,ES,ES
Spain_128,Spain_111,0.0,0.3333333333333333,1,within,0|NA|NA|NA|NA|nan|NA,ES,ES
Spain_128,Spain_379,0.0,0.3333333333333333,2,within,0|NA|NA|NA|NA|nan|NA,ES,ES
Spain_128,Spain_196,0.020833333333333332,0.3333333333333333,3,within,0|NA|NA|NA|NA|nan|NA,ES,ES
Spain_133,Spain_260,0.0,0.3333333333333333,1,within,0|NA|NA|NA|NA|nan|NA,ES,ES
Spain_133,Spain_488,0.0,0.3333333333333333,2,within,0|NA|NA|NA|NA|nan|NA,ES,ES
Spain_133,Spain_529,0.0,0.3333333333333333,3,within,0|NA|NA|NA|NA|nan|NA,ES,ES
Spain_134,Spain_232,0.020833333333333332,0.3333333333333333,1,within,0|NA|NA|NA|NA|nan|NA,ES,ES
Spain_134,Spain_424,0.020833333333333332,0.3333333333333333,2,within,0|NA|NA|NA|NA|nan|NA,ES,ES
Spain_134,Spain_86,0.03472222222222222,0.3333333333333333,3,within,0|NA|NA|NA|NA|nan|NA,ES,ES
Spain_137,Spain_109,0.0,0.3333333333333333,1,within,0|NA|NA|NA|NA|nan|NA,ES,ES
Spain_137,Spain_84,0.0,0.3333333333333333,2,within,0|NA|NA|NA|NA|nan|NA,ES,ES
Spain_137,Spain_164,0.0,0.3333333333333333,3,within,0|NA|NA|NA|NA|nan|NA,ES,ES
Spain_135,Spain_110,0.0,0.3333333333333333,1,within,0|NA|NA|NA|NA|nan|NA,ES,ES
Spain_135,Spain_432,0.0,0.3333333333333333,2,within,0|NA|NA|NA|NA|nan|NA,ES,ES
Spain_135,Spain_196,0.013888888888888888,0.3333333333333333,3,within,0|NA|NA|NA|NA|nan|NA,ES,ES
Spain_138,Spain_40,0.020833333333333332,0.3333333333333333,1,within,0|NA|NA|NA|NA|nan|NA,ES,ES
Spain_138,Spain_216,0.020833333333333332,0.3333333333333333,2,within,0|NA|NA|NA|NA|nan|NA,ES,ES
Spain_138,Spain_253,0.020833333333333332,0.3333333333333333,3,within,0|NA|NA|NA|NA|nan|NA,ES,ES
Spain_141,Spain_51,0.16666666666666666,0.3333333333333333,1,within,0|NA|NA|NA|NA|nan|NA,ES,ES
Spain_141,Spain_77,0.16666666666666666,0.3333333333333333,2,within,0|NA|NA|NA|NA|nan|NA,ES,ES
Spain_141,Spain_95,0.16666666666666666,0.3333333333333333,3,within,0|NA|NA|NA|NA|nan|NA,ES,ES
Spain_144,Spain_8,0.0,0.3333333333333333,1,within,0|NA|NA|NA|NA|nan|NA,ES,ES
Spain_144,Spain_15,0.0,0.3333333333333333,2,within,0|NA|NA|NA|NA|nan|NA,ES,ES
Spain_144,Spain_33,0.0,0.3333333333333333,3,within,0|NA|NA|NA|NA|nan|NA,ES,ES
Spain_146,Spain_383,0.0,0.3333333333333333,1,within,0|NA|NA|NA|NA|nan|NA,ES,ES
Spain_146,Spain_285,0.0,0.3333333333333333,2,within,0|NA|NA|NA|NA|nan|NA,ES,ES
Spain_146,Spain_439,0.0,0.3333333333333333,3,within,0|NA|NA|NA|NA|nan|NA,ES,ES
Spain_155,Spain_438,0.027777777777777776,0.3333333333333333,1,within,0|NA|NA|NA|NA|nan|NA,ES,ES
Spain_155,Spain_606,0.027777777777777776,0.3333333333333333,2,within,0|NA|NA|NA|NA|nan|NA,ES,ES
Spain_155,Spain_380,0.027777777777777776,0.3333333333333333,3,within,0|NA|NA|NA|NA|nan|NA,ES,ES
Spain_158,Spain_427,0.013888888888888888,0.3333333333333333,1,within,0|NA|NA|NA|NA|nan|NA,ES,ES
Spain_158,Spain_221,0.020833333333333332,0.3333333333333333,2,within,0|NA|NA|NA|NA|nan|NA,ES,ES
Spain_158,Spain_226,0.03472222222222222,0.3333333333333333,3,within,0|NA|NA|NA|NA|nan|NA,ES,ES
Spain_160,Spain_178,0.0,0.3333333333333333,1,within,0|NA|NA|NA|NA|nan|NA,ES,ES
Spain_160,Spain_181,0.0,0.3333333333333333,2,within,0|NA|NA|NA|NA|nan|NA,ES,ES
Spain_160,Spain_165,0.0,0.3333333333333333,3,within,0|NA|NA|NA|NA|nan|NA,ES,ES
Spain_162,Spain_77,0.0,0.3333333333333333,1,within,0|NA|NA|NA|NA|nan|NA,ES,ES
Spain_162,Spain_51,0.0,0.3333333333333333,2,within,0|NA|NA|NA|NA|nan|NA,ES,ES
Spain_162,Spain_95,0.0,0.3333333333333333,3,within,0|NA|NA|NA|NA|nan|NA,ES,ES
Spain_164,Spain_109,0.0,0.3333333333333333,1,within,0|NA|NA|NA|NA|nan|NA,ES,ES
Spain_164,Spain_84,0.0,0.3333333333333333,2,within,0|NA|NA|NA|NA|nan|NA,ES,ES
Spain_164,Spain_137,0.0,0.3333333333333333,3,within,0|NA|NA|NA|NA|nan|NA,ES,ES
Spain_165,Spain_178,0.0,0.3333333333333333,1,within,0|NA|NA|NA|NA|nan|NA,ES,ES
Spain_165,Spain_181,0.0,0.3333333333333333,2,within,0|NA|NA|NA|NA|nan|NA,ES,ES
Spain_165,Spain_160,0.0,0.3333333333333333,3,within,0|NA|NA|NA|NA|nan|NA,ES,ES
Spain_167,United Kingdom_38,0.0,0.3333333333333333,1,within,0|NA|NA|NA|NA|nan|NA,,
Spain_167,United Kingdom_58,0.0,0.3333333333333333,2,within,0|NA|NA|NA|NA|nan|NA,,
Spain_167,Sweden_8,0.0,0.3333333333333333,3,within,0|NA|NA|NA|NA|nan|NA,,
Spain_163,Spain_208,0.0,0.3333333333333333,1,within,0|NA|NA|NA|NA|nan|NA,ES,ES
Spain_163,Spain_172,0.0,0.3333333333333333,2,within,0|NA|NA|NA|NA|nan|NA,ES,ES
Spain_163,Spain_64,0.020833333333333332,0.3333333333333333,3,within,0|NA|NA|NA|NA|nan|NA,ES,ES
Spain_166,Spain_64,0.020833333333333332,0.3333333333333333,1,within,0|NA|NA|NA|NA|nan|NA,ES,ES
Spain_166,Spain_426,0.020833333333333332,0.3333333333333333,2,within,0|NA|NA|NA|NA|nan|NA,ES,ES
Spain_166,Spain_163,0.041666666666666664,0.3333333333333333,3,within,0|NA|NA|NA|NA|nan|NA,ES,ES
Spain_173,Spain_190,0.013888888888888888,0.3333333333333333,1,within,0|NA|NA|NA|NA|nan|NA,ES,ES
Spain_173,Spain_232,0.020833333333333332,0.3333333333333333,2,within,0|NA|NA|NA|NA|nan|NA,ES,ES
Spain_173,Spain_424,0.020833333333333332,0.3333333333333333,3,within,0|NA|NA|NA|NA|nan|NA,ES,ES
Spain_172,Spain_208,0.0,0.3333333333333333,1,within,0|NA|NA|NA|NA|nan|NA,ES,ES
Spain_172,Spain_163,0.0,0.3333333333333333,2,within,0|NA|NA|NA|NA|nan|NA,ES,ES
Spain_172,Spain_64,0.020833333333333332,0.3333333333333333,3,within,0|NA|NA|NA|NA|nan|NA,ES,ES
Spain_170,United Kingdom_38,0.0,0.3333333333333333,1,within,0|NA|NA|NA|NA|nan|NA,,
Spain_170,United Kingdom_58,0.0,0.3333333333333333,2,within,0|NA|NA|NA|NA|nan|NA,,
Spain_170,Sweden_8,0.0,0.3333333333333333,3,within,0|NA|NA|NA|NA|nan|NA,,
Spain_179,Spain_458,0.0,0.3333333333333333,1,within,0|NA|NA|NA|NA|nan|NA,ES,ES
Spain_179,Spain_243,0.020833333333333332,0.3333333333333333,2,within,0|NA|NA|NA|NA|nan|NA,ES,ES
Spain_179,Spain_535,0.020833333333333332,0.3333333333333333,3,within,0|NA|NA|NA|NA|nan|NA,ES,ES
Spain_178,Spain_165,0.0,0.3333333333333333,1,within,0|NA|NA|NA|NA|nan|NA,ES,ES
Spain_178,Spain_181,0.0,0.3333333333333333,2,within,0|NA|NA|NA|NA|nan|NA,ES,ES
Spain_178,Spain_160,0.0,0.3333333333333333,3,within,0|NA|NA|NA|NA|nan|NA,ES,ES
Spain_181,Spain_165,0.0,0.3333333333333333,1,within,0|NA|NA|NA|NA|nan|NA,ES,ES
Spain_181,Spain_178,0.0,0.3333333333333333,2,within,0|NA|NA|NA|NA|nan|NA,ES,ES
Spain_181,Spain_160,0.0,0.3333333333333333,3,within,0|NA|NA|NA|NA|nan|NA,ES,ES
Spain_189,Spain_122,0.020833333333333332,0.3333333333333333,1,within,0|NA|NA|NA|NA|nan|NA,ES,ES
Spain_189,Spain_526,0.020833333333333332,0.3333333333333333,2,within,0|NA|NA|NA|NA|nan|NA,ES,ES
Spain_189,Spain_267,0.03472222222222222,0.3333333333333333,3,within,0|NA|NA|NA|NA|nan|NA,ES,ES
Spain_183,Spain_64,0.16666666666666666,0.3333333333333333,1,within,0|NA|NA|NA|NA|nan|NA,ES,ES
Spain_183,Spain_189,0.16666666666666666,0.3333333333333333,2,within,0|NA|NA|NA|NA|nan|NA,ES,ES
Spain_183,Spain_426,0.16666666666666666,0.3333333333333333,3,within,0|NA|NA|NA|NA|nan|NA,ES,ES
Spain_190,Spain_173,0.013888888888888888,0.3333333333333333,1,within,0|NA|NA|NA|NA|nan|NA,ES,ES
Spain_190,Spain_86,0.020833333333333332,0.3333333333333333,2,within,0|NA|NA|NA|NA|nan|NA,ES,ES
Spain_190,Spain_232,0.03472222222222222,0.3333333333333333,3,within,0|NA|NA|NA|NA|nan|NA,ES,ES
Spain_193,Spain_189,0.03472222222222222,0.3333333333333333,1,within,0|NA|NA|NA|NA|nan|NA,ES,ES
Spain_193,Spain_122,0.05555555555555555,0.3333333333333333,2,within,0|NA|NA|NA|NA|nan|NA,ES,ES
Spain_193,Spain_214,0.05555555555555555,0.3333333333333333,3,within,0|NA|NA|NA|NA|nan|NA,ES,ES
Spain_196,Spain_110,0.013888888888888888,0.3333333333333333,1,within,0|NA|NA|NA|NA|nan|NA,ES,ES
Spain_196,Spain_135,0.013888888888888888,0.3333333333333333,2,within,0|NA|NA|NA|NA|nan|NA,ES,ES
Spain_196,Spain_432,0.013888888888888888,0.3333333333333333,3,within,0|NA|NA|NA|NA|nan|NA,ES,ES
Spain_200,Spain_69,0.0,0.3333333333333333,1,within,0|NA|NA|NA|NA|nan|NA,ES,ES
Spain_200,Spain_114,0.0,0.3333333333333333,2,within,0|NA|NA|NA|NA|nan|NA,ES,ES
Spain_200,Spain_292,0.0,0.3333333333333333,3,within,0|NA|NA|NA|NA|nan|NA,ES,ES
Spain_197,Spain_134,0.041666666666666664,0.3333333333333333,1,within,0|NA|NA|NA|NA|nan|NA,ES,ES
Spain_197,Spain_86,0.048611111111111105,0.3333333333333333,2,within,0|NA|NA|NA|NA|nan|NA,ES,ES
Spain_197,Spain_232,0.0625,0.3333333333333333,3,within,0|NA|NA|NA|NA|nan|NA,ES,ES
Spain_202,Spain_77,0.0,0.3333333333333333,1,within,0|NA|NA|NA|NA|nan|NA,ES,ES
Spain_202,Spain_51,0.0,0.3333333333333333,2,within,0|NA|NA|NA|NA|nan|NA,ES,ES
Spain_202,Spain_95,0.0,0.3333333333333333,3,within,0|NA|NA|NA|NA|nan|NA,ES,ES
Spain_203,Spain_304,0.013888888888888888,0.3333333333333333,1,within,0|NA|NA|NA|NA|nan|NA,ES,ES
Spain_203,Spain_288,0.013888888888888888,0.3333333333333333,2,within,0|NA|NA|NA|NA|nan|NA,ES,ES
Spain_203,Spain_457,0.013888888888888888,0.3333333333333333,3,within,0|NA|NA|NA|NA|nan|NA,ES,ES
Spain_208,Spain_163,0.0,0.3333333333333333,1,within,0|NA|NA|NA|NA|nan|NA,ES,ES
Spain_208,Spain_172,0.0,0.3333333333333333,2,within,0|NA|NA|NA|NA|nan|NA,ES,ES
Spain_208,Spain_64,0.020833333333333332,0.3333333333333333,3,within,0|NA|NA|NA|NA|nan|NA,ES,ES
Spain_214,Spain_93,0.0,0.3333333333333333,1,within,0|NA|NA|NA|NA|nan|NA,ES,ES
Spain_214,Spain_122,0.027777777777777776,0.3333333333333333,2,within,0|NA|NA|NA|NA|nan|NA,ES,ES
Spain_214,Spain_526,0.027777777777777776,0.3333333333333333,3,within,0|NA|NA|NA|NA|nan|NA,ES,ES
Spain_216,Spain_40,0.0,0.3333333333333333,1,within,0|NA|NA|NA|NA|nan|NA,ES,ES
Spain_216,Spain_124,0.0,0.3333333333333333,2,within,0|NA|NA|NA|NA|nan|NA,ES,ES
Spain_216,Spain_253,0.0,0.3333333333333333,3,within,0|NA|NA|NA|NA|nan|NA,ES,ES
Spain_221,Spain_43,0.013888888888888888,0.3333333333333333,1,within,0|NA|NA|NA|NA|nan|NA,ES,ES
Spain_221,Spain_226,0.013888888888888888,0.3333333333333333,2,within,0|NA|NA|NA|NA|nan|NA,ES,ES
Spain_221,Spain_158,0.020833333333333332,0.3333333333333333,3,within,0|NA|NA|NA|NA|nan|NA,ES,ES
Spain_228,Spain_230,0.013888888888888888,0.3333333333333333,1,within,0|NA|NA|NA|NA|nan|NA,ES,ES
Spain_228,Spain_576,0.013888888888888888,0.3333333333333333,2,within,0|NA|NA|NA|NA|nan|NA,ES,ES
Spain_228,Spain_200,0.027777777777777776,0.3333333333333333,3,within,0|NA|NA|NA|NA|nan|NA,ES,ES
Spain_226,Spain_43,0.0,0.3333333333333333,1,within,0|NA|NA|NA|NA|nan|NA,ES,ES
Spain_226,Spain_221,0.013888888888888888,0.3333333333333333,2,within,0|NA|NA|NA|NA|nan|NA,ES,ES
Spain_226,Spain_427,0.020833333333333332,0.3333333333333333,3,within,0|NA|NA|NA|NA|nan|NA,ES,ES
Spain_230,Spain_576,0.0,0.3333333333333333,1,within,0|NA|NA|NA|NA|nan|NA,ES,ES
Spain_230,Spain_69,0.013888888888888888,0.3333333333333333,2,within,0|NA|NA|NA|NA|nan|NA,ES,ES
Spain_230,Spain_200,0.013888888888888888,0.3333333333333333,3,within,0|NA|NA|NA|NA|nan|NA,ES,ES
Spain_232,Spain_424,0.0,0.3333333333333333,1,within,0|NA|NA|NA|NA|nan|NA,ES,ES
Spain_232,Spain_86,0.013888888888888888,0.3333333333333333,2,within,0|NA|NA|NA|NA|nan|NA,ES,ES
Spain_232,Spain_173,0.020833333333333332,0.3333333333333333,3,within,0|NA|NA|NA|NA|nan|NA,ES,ES
Spain_240,Spain_77,0.0,0.3333333333333333,1,within,0|NA|NA|NA|NA|nan|NA,ES,ES
Spain_240,Spain_51,0.0,0.3333333333333333,2,within,0|NA|NA|NA|NA|nan|NA,ES,ES
Spain_240,Spain_95,0.0,0.3333333333333333,3,within,0|NA|NA|NA|NA|nan|NA,ES,ES
Spain_238,Spain_595,0.22916666666666666,0.3333333333333333,1,within,0|NA|NA|NA|NA|nan|NA,ES,ES
Spain_238,Spain_556,0.2569444444444444,0.3333333333333333,2,within,0|NA|NA|NA|NA|nan|NA,ES,ES
Spain_238,Spain_7,0.2638888888888889,0.3333333333333333,3,within,0|NA|NA|NA|NA|nan|NA,ES,ES
Spain_241,Spain_81,0.027777777777777776,0.3333333333333333,1,within,0|NA|NA|NA|NA|nan|NA,ES,ES
Spain_241,Spain_103,0.027777777777777776,0.3333333333333333,2,within,0|NA|NA|NA|NA|nan|NA,ES,ES
Spain_241,Spain_290,0.027777777777777776,0.3333333333333333,3,within,0|NA|NA|NA|NA|nan|NA,ES,ES
Spain_243,Spain_535,0.0,0.3333333333333333,1,within,0|NA|NA|NA|NA|nan|NA,ES,ES
Spain_243,Spain_179,0.020833333333333332,0.3333333333333333,2,within,0|NA|NA|NA|NA|nan|NA,ES,ES
Spain_243,Spain_458,0.020833333333333332,0.3333333333333333,3,within,0|NA|NA|NA|NA|nan|NA,ES,ES
Spain_244,Spain_56,0.0,0.3333333333333333,1,within,0|NA|NA|NA|NA|nan|NA,ES,ES
Spain_244,Spain_130,0.0,0.3333333333333333,2,within,0|NA|NA|NA|NA|nan|NA,ES,ES
Spain_244,Spain_463,0.0,0.3333333333333333,3,within,0|NA|NA|NA|NA|nan|NA,ES,ES
Spain_247,Spain_42,0.0,0.3333333333333333,1,within,0|NA|NA|NA|NA|nan|NA,ES,ES
Spain_247,Spain_73,0.0,0.3333333333333333,2,within,0|NA|NA|NA|NA|nan|NA,ES,ES
Spain_247,Spain_328,0.0,0.3333333333333333,3,within,0|NA|NA|NA|NA|nan|NA,ES,ES
Spain_246,Spain_256,0.16666666666666666,0.3333333333333333,1,within,0|NA|NA|NA|NA|nan|NA,ES,ES
Spain_246,Spain_264,0.16666666666666666,0.3333333333333333,2,within,0|NA|NA|NA|NA|nan|NA,ES,ES
Spain_246,Spain_378,0.16666666666666666,0.3333333333333333,3,within,0|NA|NA|NA|NA|nan|NA,ES,ES
Spain_252,Spain_490,0.0,0.3333333333333333,1,within,0|NA|NA|NA|NA|nan|NA,ES,ES
Spain_252,Spain_522,0.0,0.3333333333333333,2,within,0|NA|NA|NA|NA|nan|NA,ES,ES
Spain_252,Spain_597,0.0,0.3333333333333333,3,within,0|NA|NA|NA|NA|nan|NA,ES,ES
Spain_253,Spain_40,0.0,0.3333333333333333,1,within,0|NA|NA|NA|NA|nan|NA,ES,ES
Spain_253,Spain_124,0.0,0.3333333333333333,2,within,0|NA|NA|NA|NA|nan|NA,ES,ES
Spain_253,Spain_216,0.0,0.3333333333333333,3,within,0|NA|NA|NA|NA|nan|NA,ES,ES
Spain_259,Spain_42,0.0,0.3333333333333333,1,within,0|NA|NA|NA|NA|nan|NA,ES,ES
Spain_259,Spain_73,0.0,0.3333333333333333,2,within,0|NA|NA|NA|NA|nan|NA,ES,ES
Spain_259,Spain_328,0.0,0.3333333333333333,3,within,0|NA|NA|NA|NA|nan|NA,ES,ES
Spain_258,Spain_1,0.0,0.3333333333333333,1,within,0|NA|NA|NA|NA|nan|NA,ES,ES
Spain_258,Spain_146,0.03472222222222222,0.3333333333333333,2,within,0|NA|NA|NA|NA|nan|NA,ES,ES
Spain_258,Spain_439,0.03472222222222222,0.3333333333333333,3,within,0|NA|NA|NA|NA|nan|NA,ES,ES
Spain_260,Spain_133,0.0,0.3333333333333333,1,within,0|NA|NA|NA|NA|nan|NA,ES,ES
Spain_260,Spain_488,0.0,0.3333333333333333,2,within,0|NA|NA|NA|NA|nan|NA,ES,ES
Spain_260,Spain_529,0.0,0.3333333333333333,3,within,0|NA|NA|NA|NA|nan|NA,ES,ES
Spain_256,Spain_42,0.020833333333333332,0.3333333333333333,1,within,0|NA|NA|NA|NA|nan|NA,ES,ES
Spain_256,Spain_73,0.020833333333333332,0.3333333333333333,2,within,0|NA|NA|NA|NA|nan|NA,ES,ES
Spain_256,Spain_247,0.020833333333333332,0.3333333333333333,3,within,0|NA|NA|NA|NA|nan|NA,ES,ES
Spain_261,Spain_289,0.18055555555555555,0.3333333333333333,1,within,0|NA|NA|NA|NA|nan|NA,ES,ES
Spain_261,Spain_592,0.18055555555555555,0.3333333333333333,2,within,0|NA|NA|NA|NA|nan|NA,ES,ES
Spain_261,Spain_297,0.1875,0.3333333333333333,3,within,0|NA|NA|NA|NA|nan|NA,ES,ES
Spain_257,United Kingdom_38,0.0,0.3333333333333333,1,within,0|NA|NA|NA|NA|nan|NA,,
Spain_257,United Kingdom_58,0.0,0.3333333333333333,2,within,0|NA|NA|NA|NA|nan|NA,,
Spain_257,Sweden_8,0.0,0.3333333333333333,3,within,0|NA|NA|NA|NA|nan|NA,,
Spain_263,Spain_146,0.0,0.3333333333333333,1,within,0|NA|NA|NA|NA|nan|NA,ES,ES
Spain_263,Spain_416,0.0,0.3333333333333333,2,within,0|NA|NA|NA|NA|nan|NA,ES,ES
Spain_263,Spain_285,0.0,0.3333333333333333,3,within,0|NA|NA|NA|NA|nan|NA,ES,ES
Spain_264,Spain_520,0.0,0.3333333333333333,1,within,0|NA|NA|NA|NA|nan|NA,ES,ES
Spain_264,Spain_371,0.020833333333333332,0.3333333333333333,2,within,0|NA|NA|NA|NA|nan|NA,ES,ES
Spain_264,Spain_392,0.020833333333333332,0.3333333333333333,3,within,0|NA|NA|NA|NA|nan|NA,ES,ES
Spain_266,Spain_69,0.0,0.3333333333333333,1,within,0|NA|NA|NA|NA|nan|NA,ES,ES
Spain_266,Spain_114,0.0,0.3333333333333333,2,within,0|NA|NA|NA|NA|nan|NA,ES,ES
Spain_266,Spain_200,0.0,0.3333333333333333,3,within,0|NA|NA|NA|NA|nan|NA,ES,ES
Spain_267,Spain_122,0.013888888888888888,0.3333333333333333,1,within,0|NA|NA|NA|NA|nan|NA,ES,ES
Spain_267,Spain_526,0.013888888888888888,0.3333333333333333,2,within,0|NA|NA|NA|NA|nan|NA,ES,ES
Spain_267,Spain_189,0.03472222222222222,0.3333333333333333,3,within,0|NA|NA|NA|NA|nan|NA,ES,ES
Spain_269,Spain_17,0.013888888888888888,0.3333333333333333,1,within,0|NA|NA|NA|NA|nan|NA,ES,ES
Spain_269,Spain_16,0.013888888888888888,0.3333333333333333,2,within,0|NA|NA|NA|NA|nan|NA,ES,ES
Spain_269,Spain_327,0.048611111111111105,0.3333333333333333,3,within,0|NA|NA|NA|NA|nan|NA,ES,ES
Spain_270,Spain_146,0.0,0.3333333333333333,1,within,0|NA|NA|NA|NA|nan|NA,ES,ES
Spain_270,Spain_416,0.0,0.3333333333333333,2,within,0|NA|NA|NA|NA|nan|NA,ES,ES
Spain_270,Spain_285,0.0,0.3333333333333333,3,within,0|NA|NA|NA|NA|nan|NA,ES,ES
Spain_268,Spain_378,0.03472222222222222,0.3333333333333333,1,within,0|NA|NA|NA|NA|nan|NA,ES,ES
Spain_268,Spain_81,0.05555555555555555,0.3333333333333333,2,within,0|NA|NA|NA|NA|nan|NA,ES,ES
Spain_268,Spain_290,0.05555555555555555,0.3333333333333333,3,within,0|NA|NA|NA|NA|nan|NA,ES,ES
Spain_271,Spain_36,0.0,0.3333333333333333,1,within,0|NA|NA|NA|NA|nan|NA,ES,ES
Spain_271,Spain_62,0.0,0.3333333333333333,2,within,0|NA|NA|NA|NA|nan|NA,ES,ES
Spain_271,Spain_106,0.0,0.3333333333333333,3,within,0|NA|NA|NA|NA|nan|NA,ES,ES
Spain_276,Spain_36,0.0,0.3333333333333333,1,within,0|NA|NA|NA|NA|nan|NA,ES,ES
Spain_276,Spain_62,0.0,0.3333333333333333,2,within,0|NA|NA|NA|NA|nan|NA,ES,ES
Spain_276,Spain_106,0.0,0.3333333333333333,3,within,0|NA|NA|NA|NA|nan|NA,ES,ES
Spain_278,Spain_85,0.0,0.3333333333333333,1,within,0|NA|NA|NA|NA|nan|NA,ES,ES
Spain_278,Spain_431,0.0,0.3333333333333333,2,within,0|NA|NA|NA|NA|nan|NA,ES,ES
Spain_278,Spain_396,0.0,0.3333333333333333,3,within,0|NA|NA|NA|NA|nan|NA,ES,ES
Spain_280,Spain_5,0.0,0.3333333333333333,1,within,0|NA|NA|NA|NA|nan|NA,ES,ES
Spain_280,Spain_537,0.0,0.3333333333333333,2,within,0|NA|NA|NA|NA|nan|NA,ES,ES
Spain_280,Spain_514,0.013888888888888888,0.3333333333333333,3,within,0|NA|NA|NA|NA|nan|NA,ES,ES
Spain_281,Spain_43,0.16666666666666666,0.3333333333333333,1,within,0|NA|NA|NA|NA|nan|NA,ES,ES
Spain_281,Spain_226,0.16666666666666666,0.3333333333333333,2,within,0|NA|NA|NA|NA|nan|NA,ES,ES
Spain_281,Spain_482,0.16666666666666666,0.3333333333333333,3,within,0|NA|NA|NA|NA|nan|NA,ES,ES
Spain_282,Spain_372,0.0,0.3333333333333333,1,within,0|NA|NA|NA|NA|nan|NA,ES,ES
Spain_282,Spain_543,0.0,0.3333333333333333,2,within,0|NA|NA|NA|NA|nan|NA,ES,ES
Spain_282,Spain_344,0.013888888888888888,0.3333333333333333,3,within,0|NA|NA|NA|NA|nan|NA,ES,ES
Spain_288,Spain_203,0.013888888888888888,0.3333333333333333,1,within,0|NA|NA|NA|NA|nan|NA,ES,ES
Spain_288,Spain_304,0.027777777777777776,0.3333333333333333,2,within,0|NA|NA|NA|NA|nan|NA,ES,ES
Spain_288,Spain_457,0.027777777777777776,0.3333333333333333,3,within,0|NA|NA|NA|NA|nan|NA,ES,ES
Spain_284,United Kingdom_38,0.0,0.3333333333333333,1,within,0|NA|NA|NA|NA|nan|NA,,
Spain_284,United Kingdom_58,0.0,0.3333333333333333,2,within,0|NA|NA|NA|NA|nan|NA,,
Spain_284,Sweden_8,0.0,0.3333333333333333,3,within,0|NA|NA|NA|NA|nan|NA,,
Spain_286,United Kingdom_38,0.0,0.3333333333333333,1,within,0|NA|NA|NA|NA|nan|NA,,
Spain_286,United Kingdom_58,0.0,0.3333333333333333,2,within,0|NA|NA|NA|NA|nan|NA,,
Spain_286,Sweden_8,0.0,0.3333333333333333,3,within,0|NA|NA|NA|NA|nan|NA,,
Spain_289,Spain_612,0.048611111111111105,0.3333333333333333,1,within,0|NA|NA|NA|NA|nan|NA,ES,ES
Spain_289,Spain_230,0.16666666666666666,0.3333333333333333,2,within,0|NA|NA|NA|NA|nan|NA,ES,ES
Spain_289,Spain_374,0.16666666666666666,0.3333333333333333,3,within,0|NA|NA|NA|NA|nan|NA,ES,ES
Spain_285,Spain_146,0.0,0.3333333333333333,1,within,0|NA|NA|NA|NA|nan|NA,ES,ES
Spain_285,Spain_416,0.0,0.3333333333333333,2,within,0|NA|NA|NA|NA|nan|NA,ES,ES
Spain_285,Spain_270,0.0,0.3333333333333333,3,within,0|NA|NA|NA|NA|nan|NA,ES,ES
Spain_290,Spain_81,0.0,0.3333333333333333,1,within,0|NA|NA|NA|NA|nan|NA,ES,ES
Spain_290,Spain_103,0.0,0.3333333333333333,2,within,0|NA|NA|NA|NA|nan|NA,ES,ES
Spain_290,Spain_393,0.0,0.3333333333333333,3,within,0|NA|NA|NA|NA|nan|NA,ES,ES
Spain_297,Spain_542,0.16666666666666666,0.3333333333333333,1,within,0|NA|NA|NA|NA|nan|NA,ES,ES
Spain_297,Spain_261,0.1875,0.3333333333333333,2,within,0|NA|NA|NA|NA|nan|NA,ES,ES
Spain_297,Spain_494,0.1875,0.3333333333333333,3,within,0|NA|NA|NA|NA|nan|NA,ES,ES
Spain_291,Spain_36,0.0,0.3333333333333333,1,within,0|NA|NA|NA|NA|nan|NA,ES,ES
Spain_291,Spain_62,0.0,0.3333333333333333,2,within,0|NA|NA|NA|NA|nan|NA,ES,ES
Spain_291,Spain_106,0.0,0.3333333333333333,3,within,0|NA|NA|NA|NA|nan|NA,ES,ES
Spain_292,Spain_69,0.0,0.3333333333333333,1,within,0|NA|NA|NA|NA|nan|NA,ES,ES
Spain_292,Spain_114,0.0,0.3333333333333333,2,within,0|NA|NA|NA|NA|nan|NA,ES,ES
Spain_292,Spain_200,0.0,0.3333333333333333,3,within,0|NA|NA|NA|NA|nan|NA,ES,ES
Spain_299,Spain_470,0.0,0.3333333333333333,1,within,0|NA|NA|NA|NA|nan|NA,ES,ES
Spain_299,Spain_374,0.0,0.3333333333333333,2,within,0|NA|NA|NA|NA|nan|NA,ES,ES
Spain_299,Spain_36,0.013888888888888888,0.3333333333333333,3,within,0|NA|NA|NA|NA|nan|NA,ES,ES
Spain_304,Spain_457,0.0,0.3333333333333333,1,within,0|NA|NA|NA|NA|nan|NA,ES,ES
Spain_304,Spain_203,0.013888888888888888,0.3333333333333333,2,within,0|NA|NA|NA|NA|nan|NA,ES,ES
Spain_304,Spain_288,0.027777777777777776,0.3333333333333333,3,within,0|NA|NA|NA|NA|nan|NA,ES,ES
Spain_305,Spain_9,0.0,0.3333333333333333,1,within,0|NA|NA|NA|NA|nan|NA,ES,ES
Spain_305,Spain_12,0.0,0.3333333333333333,2,within,0|NA|NA|NA|NA|nan|NA,ES,ES
Spain_305,Spain_19,0.0,0.3333333333333333,3,within,0|NA|NA|NA|NA|nan|NA,ES,ES
Spain_306,Spain_109,0.0,0.3333333333333333,1,within,0|NA|NA|NA|NA|nan|NA,ES,ES
Spain_306,Spain_84,0.0,0.3333333333333333,2,within,0|NA|NA|NA|NA|nan|NA,ES,ES
Spain_306,Spain_164,0.0,0.3333333333333333,3,within,0|NA|NA|NA|NA|nan|NA,ES,ES
Spain_312,Spain_102,0.0,0.3333333333333333,1,within,0|NA|NA|NA|NA|nan|NA,ES,ES
Spain_312,Spain_84,0.013888888888888888,0.3333333333333333,2,within,0|NA|NA|NA|NA|nan|NA,ES,ES
Spain_312,Spain_109,0.013888888888888888,0.3333333333333333,3,within,0|NA|NA|NA|NA|nan|NA,ES,ES
Spain_310,United Kingdom_10,0.0,0.3333333333333333,1,within,0|NA|NA|NA|NA|nan|NA,UNCLEAR,UNCLEAR
Spain_310,United Kingdom_7,0.0,0.3333333333333333,2,within,0|NA|NA|NA|NA|nan|NA,UNCLEAR,UNCLEAR
Spain_310,Spain_448,0.0,0.3333333333333333,3,within,0|NA|NA|NA|NA|nan|NA,UNCLEAR,UNCLEAR
Spain_313,Spain_319,0.020833333333333332,0.3333333333333333,1,within,0|NA|NA|NA|NA|nan|NA,ES,ES
Spain_313,Spain_516,0.027777777777777776,0.3333333333333333,2,within,0|NA|NA|NA|NA|nan|NA,ES,ES
Spain_313,Spain_501,0.027777777777777776,0.3333333333333333,3,within,0|NA|NA|NA|NA|nan|NA,ES,ES
Spain_315,Spain_116,0.0,0.3333333333333333,1,within,0|NA|NA|NA|NA|nan|NA,ES,ES
Spain_315,Spain_343,0.027777777777777776,0.3333333333333333,2,within,0|NA|NA|NA|NA|nan|NA,ES,ES
Spain_315,Spain_45,0.0625,0.3333333333333333,3,within,0|NA|NA|NA|NA|nan|NA,ES,ES
Spain_317,Spain_364,0.0,0.3333333333333333,1,within,0|NA|NA|NA|NA|nan|NA,ES,ES
Spain_317,Spain_411,0.013888888888888888,0.3333333333333333,2,within,0|NA|NA|NA|NA|nan|NA,ES,ES
Spain_317,Spain_50,0.020833333333333332,0.3333333333333333,3,within,0|NA|NA|NA|NA|nan|NA,ES,ES
Spain_319,Spain_50,0.013888888888888888,0.3333333333333333,1,within,0|NA|NA|NA|NA|nan|NA,ES,ES
Spain_319,Spain_428,0.013888888888888888,0.3333333333333333,2,within,0|NA|NA|NA|NA|nan|NA,ES,ES
Spain_319,Spain_411,0.020833333333333332,0.3333333333333333,3,within,0|NA|NA|NA|NA|nan|NA,ES,ES
Spain_322,Spain_346,0.041666666666666664,0.3333333333333333,1,within,0|NA|NA|NA|NA|nan|NA,ES,ES
Spain_322,Spain_514,0.041666666666666664,0.3333333333333333,2,within,0|NA|NA|NA|NA|nan|NA,ES,ES
Spain_322,Spain_589,0.041666666666666664,0.3333333333333333,3,within,0|NA|NA|NA|NA|nan|NA,ES,ES
Spain_327,Spain_269,0.048611111111111105,0.3333333333333333,1,within,0|NA|NA|NA|NA|nan|NA,ES,ES
Spain_327,Spain_17,0.0625,0.3333333333333333,2,within,0|NA|NA|NA|NA|nan|NA,ES,ES
Spain_327,Spain_16,0.0625,0.3333333333333333,3,within,0|NA|NA|NA|NA|nan|NA,ES,ES
Spain_328,Spain_42,0.0,0.3333333333333333,1,within,0|NA|NA|NA|NA|nan|NA,ES,ES
Spain_328,Spain_73,0.0,0.3333333333333333,2,within,0|NA|NA|NA|NA|nan|NA,ES,ES
Spain_328,Spain_247,0.0,0.3333333333333333,3,within,0|NA|NA|NA|NA|nan|NA,ES,ES
Spain_335,Spain_63,0.020833333333333332,0.3333333333333333,1,within,0|NA|NA|NA|NA|nan|NA,ES,ES
Spain_335,Spain_574,0.16666666666666666,0.3333333333333333,2,within,0|NA|NA|NA|NA|nan|NA,ES,ES
Spain_335,Spain_146,0.1875,0.3333333333333333,3,within,0|NA|NA|NA|NA|nan|NA,ES,ES
Spain_336,Spain_466,0.0,0.3333333333333333,1,within,0|NA|NA|NA|NA|nan|NA,ES,ES
Spain_336,Spain_539,0.013888888888888888,0.3333333333333333,2,within,0|NA|NA|NA|NA|nan|NA,ES,ES
Spain_336,Spain_456,0.020833333333333332,0.3333333333333333,3,within,0|NA|NA|NA|NA|nan|NA,ES,ES
Spain_338,Spain_483,0.0,0.3333333333333333,1,within,0|NA|NA|NA|NA|nan|NA,ES,ES
Spain_338,Spain_403,0.0,0.3333333333333333,2,within,0|NA|NA|NA|NA|nan|NA,ES,ES
Spain_338,Spain_591,0.03472222222222222,0.3333333333333333,3,within,0|NA|NA|NA|NA|nan|NA,ES,ES
Spain_343,Spain_116,0.027777777777777776,0.3333333333333333,1,within,0|NA|NA|NA|NA|nan|NA,ES,ES
Spain_343,Spain_315,0.027777777777777776,0.3333333333333333,2,within,0|NA|NA|NA|NA|nan|NA,ES,ES
Spain_343,Spain_45,0.03472222222222222,0.3333333333333333,3,within,0|NA|NA|NA|NA|nan|NA,ES,ES
Spain_344,Spain_123,0.0,0.3333333333333333,1,within,0|NA|NA|NA|NA|nan|NA,ES,ES
Spain_344,Spain_282,0.013888888888888888,0.3333333333333333,2,within,0|NA|NA|NA|NA|nan|NA,ES,ES
Spain_344,Spain_372,0.013888888888888888,0.3333333333333333,3,within,0|NA|NA|NA|NA|nan|NA,ES,ES
Spain_346,Spain_514,0.0,0.3333333333333333,1,within,0|NA|NA|NA|NA|nan|NA,ES,ES
Spain_346,Spain_589,0.0,0.3333333333333333,2,within,0|NA|NA|NA|NA|nan|NA,ES,ES
Spain_346,Spain_5,0.013888888888888888,0.3333333333333333,3,within,0|NA|NA|NA|NA|nan|NA,ES,ES
Spain_347,Spain_85,0.013888888888888888,0.3333333333333333,1,within,0|NA|NA|NA|NA|nan|NA,ES,ES
Spain_347,Spain_146,0.013888888888888888,0.3333333333333333,2,within,0|NA|NA|NA|NA|nan|NA,ES,ES
Spain_347,Spain_416,0.013888888888888888,0.3333333333333333,3,within,0|NA|NA|NA|NA|nan|NA,ES,ES
Spain_350,Spain_371,0.020833333333333332,0.3333333333333333,1,within,0|NA|NA|NA|NA|nan|NA,ES,ES
Spain_350,Spain_392,0.020833333333333332,0.3333333333333333,2,within,0|NA|NA|NA|NA|nan|NA,ES,ES
Spain_350,Spain_518,0.020833333333333332,0.3333333333333333,3,within,0|NA|NA|NA|NA|nan|NA,ES,ES
Spain_348,Spain_549,0.013888888888888888,0.3333333333333333,1,within,0|NA|NA|NA|NA|nan|NA,ES,ES
Spain_348,Spain_505,0.03472222222222222,0.3333333333333333,2,within,0|NA|NA|NA|NA|nan|NA,ES,ES
Spain_348,Spain_502,0.041666666666666664,0.3333333333333333,3,within,0|NA|NA|NA|NA|nan|NA,ES,ES
Spain_351,Spain_564,0.013888888888888888,0.3333333333333333,1,within,0|NA|NA|NA|NA|nan|NA,ES,ES
Spain_351,Spain_256,0.020833333333333332,0.3333333333333333,2,within,0|NA|NA|NA|NA|nan|NA,ES,ES
Spain_351,Spain_259,0.041666666666666664,0.3333333333333333,3,within,0|NA|NA|NA|NA|nan|NA,ES,ES
Spain_361,Spain_81,0.0,0.3333333333333333,1,within,0|NA|NA|NA|NA|nan|NA,ES,ES
Spain_361,Spain_103,0.0,0.3333333333333333,2,within,0|NA|NA|NA|NA|nan|NA,ES,ES
Spain_361,Spain_290,0.0,0.3333333333333333,3,within,0|NA|NA|NA|NA|nan|NA,ES,ES
Spain_365,Sweden_46,0.0,0.3333333333333333,1,within,0|NA|NA|NA|NA|nan|NA,UNCLEAR,UNCLEAR
Spain_365,Slovenia_59,0.0,0.3333333333333333,2,within,0|NA|NA|NA|NA|nan|NA,UNCLEAR,UNCLEAR
Spain_365,Spain_623,0.0,0.3333333333333333,3,within,0|NA|NA|NA|NA|nan|NA,UNCLEAR,UNCLEAR
Spain_364,Spain_317,0.0,0.3333333333333333,1,within,0|NA|NA|NA|NA|nan|NA,ES,ES
Spain_364,Spain_411,0.013888888888888888,0.3333333333333333,2,within,0|NA|NA|NA|NA|nan|NA,ES,ES
Spain_364,Spain_428,0.020833333333333332,0.3333333333333333,3,within,0|NA|NA|NA|NA|nan|NA,ES,ES
Spain_368,Spain_93,0.16666666666666666,0.3333333333333333,1,within,0|NA|NA|NA|NA|nan|NA,ES,ES
Spain_368,Spain_69,0.16666666666666666,0.3333333333333333,2,within,0|NA|NA|NA|NA|nan|NA,ES,ES
Spain_368,Spain_160,0.16666666666666666,0.3333333333333333,3,within,0|NA|NA|NA|NA|nan|NA,ES,ES
Spain_370,Spain_553,0.0,0.3333333333333333,1,within,0|NA|NA|NA|NA|nan|NA,ES,ES
Spain_370,Spain_433,0.0,0.3333333333333333,2,within,0|NA|NA|NA|NA|nan|NA,ES,ES
Spain_370,Spain_516,0.013888888888888888,0.3333333333333333,3,within,0|NA|NA|NA|NA|nan|NA,ES,ES
Spain_371,Spain_518,0.0,0.3333333333333333,1,within,0|NA|NA|NA|NA|nan|NA,ES,ES
Spain_371,Spain_392,0.0,0.3333333333333333,2,within,0|NA|NA|NA|NA|nan|NA,ES,ES
Spain_371,Spain_350,0.020833333333333332,0.3333333333333333,3,within,0|NA|NA|NA|NA|nan|NA,ES,ES
Spain_372,Spain_282,0.0,0.3333333333333333,1,within,0|NA|NA|NA|NA|nan|NA,ES,ES
Spain_372,Spain_543,0.0,0.3333333333333333,2,within,0|NA|NA|NA|NA|nan|NA,ES,ES
Spain_372,Spain_299,0.013888888888888888,0.3333333333333333,3,within,0|NA|NA|NA|NA|nan|NA,ES,ES
Spain_374,Spain_299,0.0,0.3333333333333333,1,within,0|NA|NA|NA|NA|nan|NA,ES,ES
Spain_374,Spain_470,0.0,0.3333333333333333,2,within,0|NA|NA|NA|NA|nan|NA,ES,ES
Spain_374,Spain_106,0.013888888888888888,0.3333333333333333,3,within,0|NA|NA|NA|NA|nan|NA,ES,ES
Spain_378,Spain_81,0.020833333333333332,0.3333333333333333,1,within,0|NA|NA|NA|NA|nan|NA,ES,ES
Spain_378,Spain_103,0.020833333333333332,0.3333333333333333,2,within,0|NA|NA|NA|NA|nan|NA,ES,ES
Spain_378,Spain_290,0.020833333333333332,0.3333333333333333,3,within,0|NA|NA|NA|NA|nan|NA,ES,ES
Spain_379,Spain_111,0.0,0.3333333333333333,1,within,0|NA|NA|NA|NA|nan|NA,ES,ES
Spain_379,Spain_128,0.0,0.3333333333333333,2,within,0|NA|NA|NA|NA|nan|NA,ES,ES
Spain_379,Spain_196,0.020833333333333332,0.3333333333333333,3,within,0|NA|NA|NA|NA|nan|NA,ES,ES
Spain_381,Spain_36,0.0,0.3333333333333333,1,within,0|NA|NA|NA|NA|nan|NA,ES,ES
Spain_381,Spain_62,0.0,0.3333333333333333,2,within,0|NA|NA|NA|NA|nan|NA,ES,ES
Spain_381,Spain_106,0.0,0.3333333333333333,3,within,0|NA|NA|NA|NA|nan|NA,ES,ES
Spain_380,Spain_606,0.0,0.3333333333333333,1,within,0|NA|NA|NA|NA|nan|NA,ES,ES
Spain_380,Spain_438,0.0,0.3333333333333333,2,within,0|NA|NA|NA|NA|nan|NA,ES,ES
Spain_380,Spain_112,0.020833333333333332,0.3333333333333333,3,within,0|NA|NA|NA|NA|nan|NA,ES,ES
Spain_382,Spain_600,0.013888888888888888,0.3333333333333333,1,within,0|NA|NA|NA|NA|nan|NA,ES,ES
Spain_382,Spain_69,0.020833333333333332,0.3333333333333333,2,within,0|NA|NA|NA|NA|nan|NA,ES,ES
Spain_382,Spain_200,0.020833333333333332,0.3333333333333333,3,within,0|NA|NA|NA|NA|nan|NA,ES,ES
Spain_383,Spain_146,0.0,0.3333333333333333,1,within,0|NA|NA|NA|NA|nan|NA,ES,ES
Spain_383,Spain_285,0.0,0.3333333333333333,2,within,0|NA|NA|NA|NA|nan|NA,ES,ES
Spain_383,Spain_270,0.0,0.3333333333333333,3,within,0|NA|NA|NA|NA|nan|NA,ES,ES
Spain_391,Spain_36,0.0,0.3333333333333333,1,within,0|NA|NA|NA|NA|nan|NA,ES,ES
Spain_391,Spain_62,0.0,0.3333333333333333,2,within,0|NA|NA|NA|NA|nan|NA,ES,ES
Spain_391,Spain_106,0.0,0.3333333333333333,3,within,0|NA|NA|NA|NA|nan|NA,ES,ES
Spain_392,Spain_371,0.0,0.3333333333333333,1,within,0|NA|NA|NA|NA|nan|NA,ES,ES
Spain_392,Spain_518,0.0,0.3333333333333333,2,within,0|NA|NA|NA|NA|nan|NA,ES,ES
Spain_392,Spain_350,0.020833333333333332,0.3333333333333333,3,within,0|NA|NA|NA|NA|nan|NA,ES,ES
Spain_393,Spain_81,0.0,0.3333333333333333,1,within,0|NA|NA|NA|NA|nan|NA,ES,ES
Spain_393,Spain_103,0.0,0.3333333333333333,2,within,0|NA|NA|NA|NA|nan|NA,ES,ES
Spain_393,Spain_290,0.0,0.3333333333333333,3,within,0|NA|NA|NA|NA|nan|NA,ES,ES
Spain_396,Spain_85,0.0,0.3333333333333333,1,within,0|NA|NA|NA|NA|nan|NA,ES,ES
Spain_396,Spain_278,0.0,0.3333333333333333,2,within,0|NA|NA|NA|NA|nan|NA,ES,ES
Spain_396,Spain_431,0.0,0.3333333333333333,3,within,0|NA|NA|NA|NA|nan|NA,ES,ES
Spain_395,Spain_179,0.16666666666666666,0.3333333333333333,1,within,0|NA|NA|NA|NA|nan|NA,ES,ES
Spain_395,Spain_252,0.16666666666666666,0.3333333333333333,2,within,0|NA|NA|NA|NA|nan|NA,ES,ES
Spain_395,Spain_370,0.16666666666666666,0.3333333333333333,3,within,0|NA|NA|NA|NA|nan|NA,ES,ES
Spain_403,Spain_338,0.0,0.3333333333333333,1,within,0|NA|NA|NA|NA|nan|NA,ES,ES
Spain_403,Spain_483,0.0,0.3333333333333333,2,within,0|NA|NA|NA|NA|nan|NA,ES,ES
Spain_403,Spain_591,0.03472222222222222,0.3333333333333333,3,within,0|NA|NA|NA|NA|nan|NA,ES,ES
Spain_411,Spain_317,0.013888888888888888,0.3333333333333333,1,within,0|NA|NA|NA|NA|nan|NA,ES,ES
Spain_411,Spain_364,0.013888888888888888,0.3333333333333333,2,within,0|NA|NA|NA|NA|nan|NA,ES,ES
Spain_411,Spain_319,0.020833333333333332,0.3333333333333333,3,within,0|NA|NA|NA|NA|nan|NA,ES,ES
Spain_416,Spain_146,0.0,0.3333333333333333,1,within,0|NA|NA|NA|NA|nan|NA,ES,ES
Spain_416,Spain_285,0.0,0.3333333333333333,2,within,0|NA|NA|NA|NA|nan|NA,ES,ES
Spain_416,Spain_270,0.0,0.3333333333333333,3,within,0|NA|NA|NA|NA|nan|NA,ES,ES
Spain_424,Spain_232,0.0,0.3333333333333333,1,within,0|NA|NA|NA|NA|nan|NA,ES,ES
Spain_424,Spain_86,0.013888888888888888,0.3333333333333333,2,within,0|NA|NA|NA|NA|nan|NA,ES,ES
Spain_424,Spain_173,0.020833333333333332,0.3333333333333333,3,within,0|NA|NA|NA|NA|nan|NA,ES,ES
Spain_426,Spain_64,0.0,0.3333333333333333,1,within,0|NA|NA|NA|NA|nan|NA,ES,ES
Spain_426,Spain_163,0.020833333333333332,0.3333333333333333,2,within,0|NA|NA|NA|NA|nan|NA,ES,ES
Spain_426,Spain_172,0.020833333333333332,0.3333333333333333,3,within,0|NA|NA|NA|NA|nan|NA,ES,ES
Spain_427,Spain_158,0.013888888888888888,0.3333333333333333,1,within,0|NA|NA|NA|NA|nan|NA,ES,ES
Spain_427,Spain_43,0.020833333333333332,0.3333333333333333,2,within,0|NA|NA|NA|NA|nan|NA,ES,ES
Spain_427,Spain_226,0.020833333333333332,0.3333333333333333,3,within,0|NA|NA|NA|NA|nan|NA,ES,ES
Spain_428,Spain_50,0.0,0.3333333333333333,1,within,0|NA|NA|NA|NA|nan|NA,ES,ES
Spain_428,Spain_319,0.013888888888888888,0.3333333333333333,2,within,0|NA|NA|NA|NA|nan|NA,ES,ES
Spain_428,Spain_317,0.020833333333333332,0.3333333333333333,3,within,0|NA|NA|NA|NA|nan|NA,ES,ES
Spain_431,Spain_85,0.0,0.3333333333333333,1,within,0|NA|NA|NA|NA|nan|NA,ES,ES
Spain_431,Spain_278,0.0,0.3333333333333333,2,within,0|NA|NA|NA|NA|nan|NA,ES,ES
Spain_431,Spain_396,0.0,0.3333333333333333,3,within,0|NA|NA|NA|NA|nan|NA,ES,ES
Spain_432,Spain_110,0.0,0.3333333333333333,1,within,0|NA|NA|NA|NA|nan|NA,ES,ES
Spain_432,Spain_135,0.0,0.3333333333333333,2,within,0|NA|NA|NA|NA|nan|NA,ES,ES
Spain_432,Spain_129,0.013888888888888888,0.3333333333333333,3,within,0|NA|NA|NA|NA|nan|NA,ES,ES
Spain_433,Spain_553,0.0,0.3333333333333333,1,within,0|NA|NA|NA|NA|nan|NA,ES,ES
Spain_433,Spain_370,0.0,0.3333333333333333,2,within,0|NA|NA|NA|NA|nan|NA,ES,ES
Spain_433,Spain_516,0.013888888888888888,0.3333333333333333,3,within,0|NA|NA|NA|NA|nan|NA,ES,ES
Spain_438,Spain_606,0.0,0.3333333333333333,1,within,0|NA|NA|NA|NA|nan|NA,ES,ES
Spain_438,Spain_380,0.0,0.3333333333333333,2,within,0|NA|NA|NA|NA|nan|NA,ES,ES
Spain_438,Spain_112,0.020833333333333332,0.3333333333333333,3,within,0|NA|NA|NA|NA|nan|NA,ES,ES
Spain_440,Spain_36,0.020833333333333332,0.3333333333333333,1,within,0|NA|NA|NA|NA|nan|NA,ES,ES
Spain_440,Spain_62,0.020833333333333332,0.3333333333333333,2,within,0|NA|NA|NA|NA|nan|NA,ES,ES
Spain_440,Spain_106,0.020833333333333332,0.3333333333333333,3,within,0|NA|NA|NA|NA|nan|NA,ES,ES
Spain_437,Spain_9,0.0,0.3333333333333333,1,within,0|NA|NA|NA|NA|nan|NA,ES,ES
Spain_437,Spain_12,0.0,0.3333333333333333,2,within,0|NA|NA|NA|NA|nan|NA,ES,ES
Spain_437,Spain_19,0.0,0.3333333333333333,3,within,0|NA|NA|NA|NA|nan|NA,ES,ES
Spain_441,Spain_36,0.0,0.3333333333333333,1,within,0|NA|NA|NA|NA|nan|NA,ES,ES
Spain_441,Spain_62,0.0,0.3333333333333333,2,within,0|NA|NA|NA|NA|nan|NA,ES,ES
Spain_441,Spain_106,0.0,0.3333333333333333,3,within,0|NA|NA|NA|NA|nan|NA,ES,ES
Spain_439,Spain_146,0.0,0.3333333333333333,1,within,0|NA|NA|NA|NA|nan|NA,ES,ES
Spain_439,Spain_285,0.0,0.3333333333333333,2,within,0|NA|NA|NA|NA|nan|NA,ES,ES
Spain_439,Spain_270,0.0,0.3333333333333333,3,within,0|NA|NA|NA|NA|nan|NA,ES,ES
Spain_442,Spain_268,0.18055555555555555,0.3333333333333333,1,within,0|NA|NA|NA|NA|nan|NA,ES,ES
Spain_442,Spain_564,0.18055555555555555,0.3333333333333333,2,within,0|NA|NA|NA|NA|nan|NA,ES,ES
Spain_442,Spain_317,0.1875,0.3333333333333333,3,within,0|NA|NA|NA|NA|nan|NA,ES,ES
Spain_446,Spain_541,0.0,0.3333333333333333,1,within,0|NA|NA|NA|NA|nan|NA,ES,ES
Spain_446,Spain_85,0.020833333333333332,0.3333333333333333,2,within,0|NA|NA|NA|NA|nan|NA,ES,ES
Spain_446,Spain_396,0.020833333333333332,0.3333333333333333,3,within,0|NA|NA|NA|NA|nan|NA,ES,ES
Spain_447,United Kingdom_10,0.0,0.3333333333333333,1,within,0|NA|NA|NA|NA|nan|NA,UNCLEAR,UNCLEAR
Spain_447,United Kingdom_7,0.0,0.3333333333333333,2,within,0|NA|NA|NA|NA|nan|NA,UNCLEAR,UNCLEAR
Spain_447,Spain_448,0.0,0.3333333333333333,3,within,0|NA|NA|NA|NA|nan|NA,UNCLEAR,UNCLEAR
Spain_448,United Kingdom_10,0.0,0.3333333333333333,1,within,0|NA|NA|NA|NA|nan|NA,UNCLEAR,UNCLEAR
Spain_448,United Kingdom_7,0.0,0.3333333333333333,2,within,0|NA|NA|NA|NA|nan|NA,UNCLEAR,UNCLEAR
Spain_448,Spain_447,0.0,0.3333333333333333,3,within,0|NA|NA|NA|NA|nan|NA,UNCLEAR,UNCLEAR
Spain_452,Spain_42,0.0,0.3333333333333333,1,within,0|NA|NA|NA|NA|nan|NA,ES,ES
Spain_452,Spain_73,0.0,0.3333333333333333,2,within,0|NA|NA|NA|NA|nan|NA,ES,ES
Spain_452,Spain_247,0.0,0.3333333333333333,3,within,0|NA|NA|NA|NA|nan|NA,ES,ES
Spain_455,Spain_509,0.013888888888888888,0.3333333333333333,1,within,0|NA|NA|NA|NA|nan|NA,ES,ES
Spain_455,Spain_494,0.013888888888888888,0.3333333333333333,2,within,0|NA|NA|NA|NA|nan|NA,ES,ES
Spain_455,Spain_86,0.16666666666666666,0.3333333333333333,3,within,0|NA|NA|NA|NA|nan|NA,ES,ES
Spain_457,Spain_304,0.0,0.3333333333333333,1,within,0|NA|NA|NA|NA|nan|NA,ES,ES
Spain_457,Spain_203,0.013888888888888888,0.3333333333333333,2,within,0|NA|NA|NA|NA|nan|NA,ES,ES
Spain_457,Spain_288,0.027777777777777776,0.3333333333333333,3,within,0|NA|NA|NA|NA|nan|NA,ES,ES
Spain_456,Spain_613,0.013888888888888888,0.3333333333333333,1,within,0|NA|NA|NA|NA|nan|NA,ES,ES
Spain_456,Spain_336,0.020833333333333332,0.3333333333333333,2,within,0|NA|NA|NA|NA|nan|NA,ES,ES
Spain_456,Spain_466,0.020833333333333332,0.3333333333333333,3,within,0|NA|NA|NA|NA|nan|NA,ES,ES
Spain_458,Spain_179,0.0,0.3333333333333333,1,within,0|NA|NA|NA|NA|nan|NA,ES,ES
Spain_458,Spain_243,0.020833333333333332,0.3333333333333333,2,within,0|NA|NA|NA|NA|nan|NA,ES,ES
Spain_458,Spain_535,0.020833333333333332,0.3333333333333333,3,within,0|NA|NA|NA|NA|nan|NA,ES,ES
Spain_466,Spain_336,0.0,0.3333333333333333,1,within,0|NA|NA|NA|NA|nan|NA,ES,ES
Spain_466,Spain_539,0.013888888888888888,0.3333333333333333,2,within,0|NA|NA|NA|NA|nan|NA,ES,ES
Spain_466,Spain_456,0.020833333333333332,0.3333333333333333,3,within,0|NA|NA|NA|NA|nan|NA,ES,ES
Spain_463,Spain_56,0.0,0.3333333333333333,1,within,0|NA|NA|NA|NA|nan|NA,ES,ES
Spain_463,Spain_130,0.0,0.3333333333333333,2,within,0|NA|NA|NA|NA|nan|NA,ES,ES
Spain_463,Spain_244,0.0,0.3333333333333333,3,within,0|NA|NA|NA|NA|nan|NA,ES,ES
Spain_469,Spain_69,0.0,0.3333333333333333,1,within,0|NA|NA|NA|NA|nan|NA,ES,ES
Spain_469,Spain_114,0.0,0.3333333333333333,2,within,0|NA|NA|NA|NA|nan|NA,ES,ES
Spain_469,Spain_200,0.0,0.3333333333333333,3,within,0|NA|NA|NA|NA|nan|NA,ES,ES
Spain_471,Spain_56,0.0,0.3333333333333333,1,within,0|NA|NA|NA|NA|nan|NA,ES,ES
Spain_471,Spain_130,0.0,0.3333333333333333,2,within,0|NA|NA|NA|NA|nan|NA,ES,ES
Spain_471,Spain_244,0.0,0.3333333333333333,3,within,0|NA|NA|NA|NA|nan|NA,ES,ES
Spain_470,Spain_299,0.0,0.3333333333333333,1,within,0|NA|NA|NA|NA|nan|NA,ES,ES
Spain_470,Spain_374,0.0,0.3333333333333333,2,within,0|NA|NA|NA|NA|nan|NA,ES,ES
Spain_470,Spain_106,0.013888888888888888,0.3333333333333333,3,within,0|NA|NA|NA|NA|nan|NA,ES,ES
Spain_468,Spain_134,0.16666666666666666,0.3333333333333333,1,within,0|NA|NA|NA|NA|nan|NA,ES,ES
Spain_468,Spain_382,0.16666666666666666,0.3333333333333333,2,within,0|NA|NA|NA|NA|nan|NA,ES,ES
Spain_468,Spain_600,0.18055555555555555,0.3333333333333333,3,within,0|NA|NA|NA|NA|nan|NA,ES,ES
Spain_472,Spain_146,0.0,0.3333333333333333,1,within,0|NA|NA|NA|NA|nan|NA,ES,ES
Spain_472,Spain_285,0.0,0.3333333333333333,2,within,0|NA|NA|NA|NA|nan|NA,ES,ES
Spain_472,Spain_439,0.0,0.3333333333333333,3,within,0|NA|NA|NA|NA|nan|NA,ES,ES
Spain_476,Spain_77,0.0,0.3333333333333333,1,within,0|NA|NA|NA|NA|nan|NA,ES,ES
Spain_476,Spain_51,0.0,0.3333333333333333,2,within,0|NA|NA|NA|NA|nan|NA,ES,ES
Spain_476,Spain_95,0.0,0.3333333333333333,3,within,0|NA|NA|NA|NA|nan|NA,ES,ES
Spain_477,United Kingdom_38,0.0,0.3333333333333333,1,within,0|NA|NA|NA|NA|nan|NA,,
Spain_477,United Kingdom_58,0.0,0.3333333333333333,2,within,0|NA|NA|NA|NA|nan|NA,,
Spain_477,Sweden_8,0.0,0.3333333333333333,3,within,0|NA|NA|NA|NA|nan|NA,,
Spain_478,Spain_48,0.013888888888888888,0.3333333333333333,1,within,0|NA|NA|NA|NA|nan|NA,ES,ES
Spain_478,Spain_604,0.013888888888888888,0.3333333333333333,2,within,0|NA|NA|NA|NA|nan|NA,ES,ES
Spain_478,Spain_578,0.013888888888888888,0.3333333333333333,3,within,0|NA|NA|NA|NA|nan|NA,ES,ES
Spain_482,Spain_592,0.03472222222222222,0.3333333333333333,1,within,0|NA|NA|NA|NA|nan|NA,ES,ES
Spain_482,Spain_281,0.16666666666666666,0.3333333333333333,2,within,0|NA|NA|NA|NA|nan|NA,ES,ES
Spain_482,Spain_18,0.18055555555555555,0.3333333333333333,3,within,0|NA|NA|NA|NA|nan|NA,ES,ES
Spain_484,Spain_3,0.0,0.3333333333333333,1,within,0|NA|NA|NA|NA|nan|NA,ES,ES
Spain_484,Spain_85,0.013888888888888888,0.3333333333333333,2,within,0|NA|NA|NA|NA|nan|NA,ES,ES
Spain_484,Spain_396,0.013888888888888888,0.3333333333333333,3,within,0|NA|NA|NA|NA|nan|NA,ES,ES
Spain_485,Spain_36,0.0,0.3333333333333333,1,within,0|NA|NA|NA|NA|nan|NA,ES,ES
Spain_485,Spain_62,0.0,0.3333333333333333,2,within,0|NA|NA|NA|NA|nan|NA,ES,ES
Spain_485,Spain_106,0.0,0.3333333333333333,3,within,0|NA|NA|NA|NA|nan|NA,ES,ES
Spain_487,Spain_179,0.16666666666666666,0.3333333333333333,1,within,0|NA|NA|NA|NA|nan|NA,ES,ES
Spain_487,Spain_252,0.16666666666666666,0.3333333333333333,2,within,0|NA|NA|NA|NA|nan|NA,ES,ES
Spain_487,Spain_370,0.16666666666666666,0.3333333333333333,3,within,0|NA|NA|NA|NA|nan|NA,ES,ES
Spain_483,Spain_338,0.0,0.3333333333333333,1,within,0|NA|NA|NA|NA|nan|NA,ES,ES
Spain_483,Spain_403,0.0,0.3333333333333333,2,within,0|NA|NA|NA|NA|nan|NA,ES,ES
Spain_483,Spain_591,0.03472222222222222,0.3333333333333333,3,within,0|NA|NA|NA|NA|nan|NA,ES,ES
Spain_490,Spain_252,0.0,0.3333333333333333,1,within,0|NA|NA|NA|NA|nan|NA,ES,ES
Spain_490,Spain_522,0.0,0.3333333333333333,2,within,0|NA|NA|NA|NA|nan|NA,ES,ES
Spain_490,Spain_597,0.0,0.3333333333333333,3,within,0|NA|NA|NA|NA|nan|NA,ES,ES
Spain_488,Spain_133,0.0,0.3333333333333333,1,within,0|NA|NA|NA|NA|nan|NA,ES,ES
Spain_488,Spain_260,0.0,0.3333333333333333,2,within,0|NA|NA|NA|NA|nan|NA,ES,ES
Spain_488,Spain_529,0.0,0.3333333333333333,3,within,0|NA|NA|NA|NA|nan|NA,ES,ES
Spain_489,United Kingdom_10,0.0,0.3333333333333333,1,within,0|NA|NA|NA|NA|nan|NA,UNCLEAR,UNCLEAR
Spain_489,United Kingdom_7,0.0,0.3333333333333333,2,within,0|NA|NA|NA|NA|nan|NA,UNCLEAR,UNCLEAR
Spain_489,Spain_447,0.0,0.3333333333333333,3,within,0|NA|NA|NA|NA|nan|NA,UNCLEAR,UNCLEAR
Spain_492,Spain_69,0.0,0.3333333333333333,1,within,0|NA|NA|NA|NA|nan|NA,ES,ES
Spain_492,Spain_114,0.0,0.3333333333333333,2,within,0|NA|NA|NA|NA|nan|NA,ES,ES
Spain_492,Spain_200,0.0,0.3333333333333333,3,within,0|NA|NA|NA|NA|nan|NA,ES,ES
Spain_494,Spain_509,0.0,0.3333333333333333,1,within,0|NA|NA|NA|NA|nan|NA,ES,ES
Spain_494,Spain_455,0.013888888888888888,0.3333333333333333,2,within,0|NA|NA|NA|NA|nan|NA,ES,ES
Spain_494,Spain_93,0.16666666666666666,0.3333333333333333,3,within,0|NA|NA|NA|NA|nan|NA,ES,ES
Spain_498,Spain_571,0.0,0.3333333333333333,1,within,0|NA|NA|NA|NA|nan|NA,ES,ES
Spain_498,Spain_478,0.020833333333333332,0.3333333333333333,2,within,0|NA|NA|NA|NA|nan|NA,ES,ES
Spain_498,Spain_46,0.027777777777777776,0.3333333333333333,3,within,0|NA|NA|NA|NA|nan|NA,ES,ES
Spain_501,Spain_516,0.0,0.3333333333333333,1,within,0|NA|NA|NA|NA|nan|NA,ES,ES
Spain_501,Spain_433,0.013888888888888888,0.3333333333333333,2,within,0|NA|NA|NA|NA|nan|NA,ES,ES
Spain_501,Spain_370,0.013888888888888888,0.3333333333333333,3,within,0|NA|NA|NA|NA|nan|NA,ES,ES
Spain_502,Spain_348,0.041666666666666664,0.3333333333333333,1,within,0|NA|NA|NA|NA|nan|NA,ES,ES
Spain_502,Spain_549,0.05555555555555555,0.3333333333333333,2,within,0|NA|NA|NA|NA|nan|NA,ES,ES
Spain_502,Spain_505,0.07638888888888888,0.3333333333333333,3,within,0|NA|NA|NA|NA|nan|NA,ES,ES
Spain_505,Spain_348,0.03472222222222222,0.3333333333333333,1,within,0|NA|NA|NA|NA|nan|NA,ES,ES
Spain_505,Spain_346,0.03472222222222222,0.3333333333333333,2,within,0|NA|NA|NA|NA|nan|NA,ES,ES
Spain_505,Spain_514,0.03472222222222222,0.3333333333333333,3,within,0|NA|NA|NA|NA|nan|NA,ES,ES
Spain_509,Spain_494,0.0,0.3333333333333333,1,within,0|NA|NA|NA|NA|nan|NA,ES,ES
Spain_509,Spain_455,0.013888888888888888,0.3333333333333333,2,within,0|NA|NA|NA|NA|nan|NA,ES,ES
Spain_509,Spain_93,0.16666666666666666,0.3333333333333333,3,within,0|NA|NA|NA|NA|nan|NA,ES,ES
Spain_507,Spain_42,0.0,0.3333333333333333,1,within,0|NA|NA|NA|NA|nan|NA,ES,ES
Spain_507,Spain_73,0.0,0.3333333333333333,2,within,0|NA|NA|NA|NA|nan|NA,ES,ES
Spain_507,Spain_247,0.0,0.3333333333333333,3,within,0|NA|NA|NA|NA|nan|NA,ES,ES
Spain_508,Spain_50,0.16666666666666666,0.3333333333333333,1,within,0|NA|NA|NA|NA|nan|NA,ES,ES
Spain_508,Spain_122,0.16666666666666666,0.3333333333333333,2,within,0|NA|NA|NA|NA|nan|NA,ES,ES
Spain_508,Spain_428,0.16666666666666666,0.3333333333333333,3,within,0|NA|NA|NA|NA|nan|NA,ES,ES
Spain_510,Spain_546,0.0,0.3333333333333333,1,within,0|NA|NA|NA|NA|nan|NA,ES,ES
Spain_510,Spain_588,0.020833333333333332,0.3333333333333333,2,within,0|NA|NA|NA|NA|nan|NA,ES,ES
Spain_510,Spain_610,0.03472222222222222,0.3333333333333333,3,within,0|NA|NA|NA|NA|nan|NA,ES,ES
Spain_514,Spain_346,0.0,0.3333333333333333,1,within,0|NA|NA|NA|NA|nan|NA,ES,ES
Spain_514,Spain_589,0.0,0.3333333333333333,2,within,0|NA|NA|NA|NA|nan|NA,ES,ES
Spain_514,Spain_280,0.013888888888888888,0.3333333333333333,3,within,0|NA|NA|NA|NA|nan|NA,ES,ES
Spain_512,United Kingdom_10,0.0,0.3333333333333333,1,within,0|NA|NA|NA|NA|nan|NA,UNCLEAR,UNCLEAR
Spain_512,United Kingdom_7,0.0,0.3333333333333333,2,within,0|NA|NA|NA|NA|nan|NA,UNCLEAR,UNCLEAR
Spain_512,Spain_447,0.0,0.3333333333333333,3,within,0|NA|NA|NA|NA|nan|NA,UNCLEAR,UNCLEAR
Spain_516,Spain_501,0.0,0.3333333333333333,1,within,0|NA|NA|NA|NA|nan|NA,ES,ES
Spain_516,Spain_433,0.013888888888888888,0.3333333333333333,2,within,0|NA|NA|NA|NA|nan|NA,ES,ES
Spain_516,Spain_370,0.013888888888888888,0.3333333333333333,3,within,0|NA|NA|NA|NA|nan|NA,ES,ES
Spain_522,Spain_252,0.0,0.3333333333333333,1,within,0|NA|NA|NA|NA|nan|NA,ES,ES
Spain_522,Spain_490,0.0,0.3333333333333333,2,within,0|NA|NA|NA|NA|nan|NA,ES,ES
Spain_522,Spain_597,0.0,0.3333333333333333,3,within,0|NA|NA|NA|NA|nan|NA,ES,ES
Spain_517,Spain_146,0.0,0.3333333333333333,1,within,0|NA|NA|NA|NA|nan|NA,ES,ES
Spain_517,Spain_285,0.0,0.3333333333333333,2,within,0|NA|NA|NA|NA|nan|NA,ES,ES
Spain_517,Spain_439,0.0,0.3333333333333333,3,within,0|NA|NA|NA|NA|nan|NA,ES,ES
Spain_518,Spain_371,0.0,0.3333333333333333,1,within,0|NA|NA|NA|NA|nan|NA,ES,ES
Spain_518,Spain_392,0.0,0.3333333333333333,2,within,0|NA|NA|NA|NA|nan|NA,ES,ES
Spain_518,Spain_350,0.020833333333333332,0.3333333333333333,3,within,0|NA|NA|NA|NA|nan|NA,ES,ES
Spain_524,Spain_77,0.0,0.3333333333333333,1,within,0|NA|NA|NA|NA|nan|NA,ES,ES
Spain_524,Spain_51,0.0,0.3333333333333333,2,within,0|NA|NA|NA|NA|nan|NA,ES,ES
Spain_524,Spain_95,0.0,0.3333333333333333,3,within,0|NA|NA|NA|NA|nan|NA,ES,ES
Spain_525,Spain_77,0.0,0.3333333333333333,1,within,0|NA|NA|NA|NA|nan|NA,ES,ES
Spain_525,Spain_51,0.0,0.3333333333333333,2,within,0|NA|NA|NA|NA|nan|NA,ES,ES
Spain_525,Spain_95,0.0,0.3333333333333333,3,within,0|NA|NA|NA|NA|nan|NA,ES,ES
Spain_520,Spain_264,0.0,0.3333333333333333,1,within,0|NA|NA|NA|NA|nan|NA,ES,ES
Spain_520,Spain_371,0.020833333333333332,0.3333333333333333,2,within,0|NA|NA|NA|NA|nan|NA,ES,ES
Spain_520,Spain_518,0.020833333333333332,0.3333333333333333,3,within,0|NA|NA|NA|NA|nan|NA,ES,ES
Spain_526,Spain_122,0.0,0.3333333333333333,1,within,0|NA|NA|NA|NA|nan|NA,ES,ES
Spain_526,Spain_267,0.013888888888888888,0.3333333333333333,2,within,0|NA|NA|NA|NA|nan|NA,ES,ES
Spain_526,Spain_189,0.020833333333333332,0.3333333333333333,3,within,0|NA|NA|NA|NA|nan|NA,ES,ES
Spain_528,United Kingdom_10,0.0,0.3333333333333333,1,within,0|NA|NA|NA|NA|nan|NA,UNCLEAR,UNCLEAR
Spain_528,United Kingdom_7,0.0,0.3333333333333333,2,within,0|NA|NA|NA|NA|nan|NA,UNCLEAR,UNCLEAR
Spain_528,Spain_447,0.0,0.3333333333333333,3,within,0|NA|NA|NA|NA|nan|NA,UNCLEAR,UNCLEAR
Spain_529,Spain_133,0.0,0.3333333333333333,1,within,0|NA|NA|NA|NA|nan|NA,ES,ES
Spain_529,Spain_260,0.0,0.3333333333333333,2,within,0|NA|NA|NA|NA|nan|NA,ES,ES
Spain_529,Spain_488,0.0,0.3333333333333333,3,within,0|NA|NA|NA|NA|nan|NA,ES,ES
Spain_534,Spain_598,0.0,0.3333333333333333,1,within,0|NA|NA|NA|NA|nan|NA,ES,ES
Spain_534,Spain_252,0.013888888888888888,0.3333333333333333,2,within,0|NA|NA|NA|NA|nan|NA,ES,ES
Spain_534,Spain_522,0.013888888888888888,0.3333333333333333,3,within,0|NA|NA|NA|NA|nan|NA,ES,ES
Spain_535,Spain_243,0.0,0.3333333333333333,1,within,0|NA|NA|NA|NA|nan|NA,ES,ES
Spain_535,Spain_179,0.020833333333333332,0.3333333333333333,2,within,0|NA|NA|NA|NA|nan|NA,ES,ES
Spain_535,Spain_458,0.020833333333333332,0.3333333333333333,3,within,0|NA|NA|NA|NA|nan|NA,ES,ES
Spain_537,Spain_5,0.0,0.3333333333333333,1,within,0|NA|NA|NA|NA|nan|NA,ES,ES
Spain_537,Spain_280,0.0,0.3333333333333333,2,within,0|NA|NA|NA|NA|nan|NA,ES,ES
Spain_537,Spain_346,0.013888888888888888,0.3333333333333333,3,within,0|NA|NA|NA|NA|nan|NA,ES,ES
Spain_539,Spain_133,0.013888888888888888,0.3333333333333333,1,within,0|NA|NA|NA|NA|nan|NA,ES,ES
Spain_539,Spain_260,0.013888888888888888,0.3333333333333333,2,within,0|NA|NA|NA|NA|nan|NA,ES,ES
Spain_539,Spain_336,0.013888888888888888,0.3333333333333333,3,within,0|NA|NA|NA|NA|nan|NA,ES,ES
Spain_541,Spain_446,0.0,0.3333333333333333,1,within,0|NA|NA|NA|NA|nan|NA,ES,ES
Spain_541,Spain_85,0.020833333333333332,0.3333333333333333,2,within,0|NA|NA|NA|NA|nan|NA,ES,ES
Spain_541,Spain_396,0.020833333333333332,0.3333333333333333,3,within,0|NA|NA|NA|NA|nan|NA,ES,ES
Spain_542,Spain_246,0.16666666666666666,0.3333333333333333,1,within,0|NA|NA|NA|NA|nan|NA,ES,ES
Spain_542,Spain_297,0.16666666666666666,0.3333333333333333,2,within,0|NA|NA|NA|NA|nan|NA,ES,ES
Spain_542,Spain_264,0.16666666666666666,0.3333333333333333,3,within,0|NA|NA|NA|NA|nan|NA,ES,ES
Spain_543,Spain_282,0.0,0.3333333333333333,1,within,0|NA|NA|NA|NA|nan|NA,ES,ES
Spain_543,Spain_372,0.0,0.3333333333333333,2,within,0|NA|NA|NA|NA|nan|NA,ES,ES
Spain_543,Spain_299,0.013888888888888888,0.3333333333333333,3,within,0|NA|NA|NA|NA|nan|NA,ES,ES
Spain_546,Spain_510,0.0,0.3333333333333333,1,within,0|NA|NA|NA|NA|nan|NA,ES,ES
Spain_546,Spain_588,0.020833333333333332,0.3333333333333333,2,within,0|NA|NA|NA|NA|nan|NA,ES,ES
Spain_546,Spain_610,0.03472222222222222,0.3333333333333333,3,within,0|NA|NA|NA|NA|nan|NA,ES,ES
Spain_547,Spain_178,0.0,0.3333333333333333,1,within,0|NA|NA|NA|NA|nan|NA,ES,ES
Spain_547,Spain_181,0.0,0.3333333333333333,2,within,0|NA|NA|NA|NA|nan|NA,ES,ES
Spain_547,Spain_165,0.0,0.3333333333333333,3,within,0|NA|NA|NA|NA|nan|NA,ES,ES
Spain_549,Spain_348,0.013888888888888888,0.3333333333333333,1,within,0|NA|NA|NA|NA|nan|NA,ES,ES
Spain_549,Spain_322,0.041666666666666664,0.3333333333333333,2,within,0|NA|NA|NA|NA|nan|NA,ES,ES
Spain_549,Spain_505,0.048611111111111105,0.3333333333333333,3,within,0|NA|NA|NA|NA|nan|NA,ES,ES
Spain_550,Spain_85,0.0,0.3333333333333333,1,within,0|NA|NA|NA|NA|nan|NA,ES,ES
Spain_550,Spain_431,0.0,0.3333333333333333,2,within,0|NA|NA|NA|NA|nan|NA,ES,ES
Spain_550,Spain_396,0.0,0.3333333333333333,3,within,0|NA|NA|NA|NA|nan|NA,ES,ES
Spain_553,Spain_433,0.0,0.3333333333333333,1,within,0|NA|NA|NA|NA|nan|NA,ES,ES
Spain_553,Spain_370,0.0,0.3333333333333333,2,within,0|NA|NA|NA|NA|nan|NA,ES,ES
Spain_553,Spain_501,0.013888888888888888,0.3333333333333333,3,within,0|NA|NA|NA|NA|nan|NA,ES,ES
Spain_555,Spain_252,0.0,0.3333333333333333,1,within,0|NA|NA|NA|NA|nan|NA,ES,ES
Spain_555,Spain_490,0.0,0.3333333333333333,2,within,0|NA|NA|NA|NA|nan|NA,ES,ES
Spain_555,Spain_522,0.0,0.3333333333333333,3,within,0|NA|NA|NA|NA|nan|NA,ES,ES
Spain_556,Spain_57,0.16666666666666666,0.3333333333333333,1,within,0|NA|NA|NA|NA|nan|NA,ES,ES
Spain_556,Spain_50,0.16666666666666666,0.3333333333333333,2,within,0|NA|NA|NA|NA|nan|NA,ES,ES
Spain_556,Spain_241,0.16666666666666666,0.3333333333333333,3,within,0|NA|NA|NA|NA|nan|NA,ES,ES
Spain_559,Spain_85,0.0,0.3333333333333333,1,within,0|NA|NA|NA|NA|nan|NA,ES,ES
Spain_559,Spain_431,0.0,0.3333333333333333,2,within,0|NA|NA|NA|NA|nan|NA,ES,ES
Spain_559,Spain_396,0.0,0.3333333333333333,3,within,0|NA|NA|NA|NA|nan|NA,ES,ES
Spain_557,Spain_36,0.0,0.3333333333333333,1,within,0|NA|NA|NA|NA|nan|NA,ES,ES
Spain_557,Spain_62,0.0,0.3333333333333333,2,within,0|NA|NA|NA|NA|nan|NA,ES,ES
Spain_557,Spain_106,0.0,0.3333333333333333,3,within,0|NA|NA|NA|NA|nan|NA,ES,ES
Spain_564,Spain_351,0.013888888888888888,0.3333333333333333,1,within,0|NA|NA|NA|NA|nan|NA,ES,ES
Spain_564,Spain_317,0.03472222222222222,0.3333333333333333,2,within,0|NA|NA|NA|NA|nan|NA,ES,ES
Spain_564,Spain_364,0.03472222222222222,0.3333333333333333,3,within,0|NA|NA|NA|NA|nan|NA,ES,ES
Spain_565,Spain_13,0.03472222222222222,0.3333333333333333,1,within,0|NA|NA|NA|NA|nan|NA,ES,ES
Spain_565,Spain_599,0.03472222222222222,0.3333333333333333,2,within,0|NA|NA|NA|NA|nan|NA,ES,ES
Spain_565,Spain_36,0.16666666666666666,0.3333333333333333,3,within,0|NA|NA|NA|NA|nan|NA,ES,ES
Spain_572,United Kingdom_36,0.0,0.3333333333333333,1,within,0|NA|NA|NA|NA|nan|NA,UNCLEAR,UNCLEAR
Spain_572,United Kingdom_63,0.0,0.3333333333333333,2,within,0|NA|NA|NA|NA|nan|NA,UNCLEAR,UNCLEAR
Spain_572,Italy_139,0.0,0.3333333333333333,3,within,0|NA|NA|NA|NA|nan|NA,UNCLEAR,UNCLEAR
Spain_570,Spain_146,0.0,0.3333333333333333,1,within,0|NA|NA|NA|NA|nan|NA,ES,ES
Spain_570,Spain_285,0.0,0.3333333333333333,2,within,0|NA|NA|NA|NA|nan|NA,ES,ES
Spain_570,Spain_439,0.0,0.3333333333333333,3,within,0|NA|NA|NA|NA|nan|NA,ES,ES
Spain_571,Spain_498,0.0,0.3333333333333333,1,within,0|NA|NA|NA|NA|nan|NA,ES,ES
Spain_571,Spain_478,0.020833333333333332,0.3333333333333333,2,within,0|NA|NA|NA|NA|nan|NA,ES,ES
Spain_571,Spain_46,0.027777777777777776,0.3333333333333333,3,within,0|NA|NA|NA|NA|nan|NA,ES,ES
Spain_574,Spain_146,0.020833333333333332,0.3333333333333333,1,within,0|NA|NA|NA|NA|nan|NA,ES,ES
Spain_574,Spain_285,0.020833333333333332,0.3333333333333333,2,within,0|NA|NA|NA|NA|nan|NA,ES,ES
Spain_574,Spain_439,0.020833333333333332,0.3333333333333333,3,within,0|NA|NA|NA|NA|nan|NA,ES,ES
Spain_578,Spain_48,0.0,0.3333333333333333,1,within,0|NA|NA|NA|NA|nan|NA,ES,ES
Spain_578,Spain_604,0.0,0.3333333333333333,2,within,0|NA|NA|NA|NA|nan|NA,ES,ES
Spain_578,Spain_478,0.013888888888888888,0.3333333333333333,3,within,0|NA|NA|NA|NA|nan|NA,ES,ES
Spain_576,Spain_230,0.0,0.3333333333333333,1,within,0|NA|NA|NA|NA|nan|NA,ES,ES
Spain_576,Spain_69,0.013888888888888888,0.3333333333333333,2,within,0|NA|NA|NA|NA|nan|NA,ES,ES
Spain_576,Spain_200,0.013888888888888888,0.3333333333333333,3,within,0|NA|NA|NA|NA|nan|NA,ES,ES
Spain_583,Spain_69,0.0,0.3333333333333333,1,within,0|NA|NA|NA|NA|nan|NA,ES,ES
Spain_583,Spain_114,0.0,0.3333333333333333,2,within,0|NA|NA|NA|NA|nan|NA,ES,ES
Spain_583,Spain_200,0.0,0.3333333333333333,3,within,0|NA|NA|NA|NA|nan|NA,ES,ES
Spain_584,Spain_20,0.16666666666666666,0.3333333333333333,1,within,0|NA|NA|NA|NA|nan|NA,ES,ES
Spain_584,Spain_63,0.20138888888888887,0.3333333333333333,2,within,0|NA|NA|NA|NA|nan|NA,ES,ES
Spain_584,Spain_335,0.2222222222222222,0.3333333333333333,3,within,0|NA|NA|NA|NA|nan|NA,ES,ES
Spain_586,Spain_365,0.0,0.3333333333333333,1,within,0|NA|NA|NA|NA|nan|NA,UNCLEAR,UNCLEAR
Spain_586,Sweden_46,0.0,0.3333333333333333,2,within,0|NA|NA|NA|NA|nan|NA,UNCLEAR,UNCLEAR
Spain_586,Slovenia_59,0.0,0.3333333333333333,3,within,0|NA|NA|NA|NA|nan|NA,UNCLEAR,UNCLEAR
Spain_588,Spain_610,0.013888888888888888,0.3333333333333333,1,within,0|NA|NA|NA|NA|nan|NA,ES,ES
Spain_588,Spain_546,0.020833333333333332,0.3333333333333333,2,within,0|NA|NA|NA|NA|nan|NA,ES,ES
Spain_588,Spain_510,0.020833333333333332,0.3333333333333333,3,within,0|NA|NA|NA|NA|nan|NA,ES,ES
Spain_589,Spain_346,0.0,0.3333333333333333,1,within,0|NA|NA|NA|NA|nan|NA,ES,ES
Spain_589,Spain_514,0.0,0.3333333333333333,2,within,0|NA|NA|NA|NA|nan|NA,ES,ES
Spain_589,Spain_280,0.013888888888888888,0.3333333333333333,3,within,0|NA|NA|NA|NA|nan|NA,ES,ES
Spain_591,Spain_338,0.03472222222222222,0.3333333333333333,1,within,0|NA|NA|NA|NA|nan|NA,ES,ES
Spain_591,Spain_403,0.03472222222222222,0.3333333333333333,2,within,0|NA|NA|NA|NA|nan|NA,ES,ES
Spain_591,Spain_483,0.03472222222222222,0.3333333333333333,3,within,0|NA|NA|NA|NA|nan|NA,ES,ES
Spain_592,Spain_482,0.03472222222222222,0.3333333333333333,1,within,0|NA|NA|NA|NA|nan|NA,ES,ES
Spain_592,Spain_289,0.16666666666666666,0.3333333333333333,2,within,0|NA|NA|NA|NA|nan|NA,ES,ES
Spain_592,Spain_81,0.18055555555555555,0.3333333333333333,3,within,0|NA|NA|NA|NA|nan|NA,ES,ES
Spain_593,Spain_612,0.16666666666666666,0.3333333333333333,1,within,0|NA|NA|NA|NA|nan|NA,ES,ES
Spain_593,Spain_112,0.18055555555555555,0.3333333333333333,2,within,0|NA|NA|NA|NA|nan|NA,ES,ES
Spain_593,Spain_350,0.18055555555555555,0.3333333333333333,3,within,0|NA|NA|NA|NA|nan|NA,ES,ES
Spain_595,Spain_7,0.03472222222222222,0.3333333333333333,1,within,0|NA|NA|NA|NA|nan|NA,ES,ES
Spain_595,Spain_69,0.16666666666666666,0.3333333333333333,2,within,0|NA|NA|NA|NA|nan|NA,ES,ES
Spain_595,Spain_93,0.16666666666666666,0.3333333333333333,3,within,0|NA|NA|NA|NA|nan|NA,ES,ES
Spain_596,Spain_109,0.0,0.3333333333333333,1,within,0|NA|NA|NA|NA|nan|NA,ES,ES
Spain_596,Spain_84,0.0,0.3333333333333333,2,within,0|NA|NA|NA|NA|nan|NA,ES,ES
Spain_596,Spain_164,0.0,0.3333333333333333,3,within,0|NA|NA|NA|NA|nan|NA,ES,ES
Spain_597,Spain_252,0.0,0.3333333333333333,1,within,0|NA|NA|NA|NA|nan|NA,ES,ES
Spain_597,Spain_490,0.0,0.3333333333333333,2,within,0|NA|NA|NA|NA|nan|NA,ES,ES
Spain_597,Spain_522,0.0,0.3333333333333333,3,within,0|NA|NA|NA|NA|nan|NA,ES,ES
Spain_594,Spain_109,0.0,0.3333333333333333,1,within,0|NA|NA|NA|NA|nan|NA,ES,ES
Spain_594,Spain_84,0.0,0.3333333333333333,2,within,0|NA|NA|NA|NA|nan|NA,ES,ES
Spain_594,Spain_164,0.0,0.3333333333333333,3,within,0|NA|NA|NA|NA|nan|NA,ES,ES
Spain_598,Spain_534,0.0,0.3333333333333333,1,within,0|NA|NA|NA|NA|nan|NA,ES,ES
Spain_598,Spain_252,0.013888888888888888,0.3333333333333333,2,within,0|NA|NA|NA|NA|nan|NA,ES,ES
Spain_598,Spain_490,0.013888888888888888,0.3333333333333333,3,within,0|NA|NA|NA|NA|nan|NA,ES,ES
Spain_599,Spain_13,0.027777777777777776,0.3333333333333333,1,within,0|NA|NA|NA|NA|nan|NA,ES,ES
Spain_599,Spain_565,0.03472222222222222,0.3333333333333333,2,within,0|NA|NA|NA|NA|nan|NA,ES,ES
Spain_599,Spain_598,0.16666666666666666,0.3333333333333333,3,within,0|NA|NA|NA|NA|nan|NA,ES,ES
Spain_600,Spain_382,0.013888888888888888,0.3333333333333333,1,within,0|NA|NA|NA|NA|nan|NA,ES,ES
Spain_600,Spain_230,0.020833333333333332,0.3333333333333333,2,within,0|NA|NA|NA|NA|nan|NA,ES,ES
Spain_600,Spain_576,0.020833333333333332,0.3333333333333333,3,within,0|NA|NA|NA|NA|nan|NA,ES,ES
Spain_602,Spain_43,0.16666666666666666,0.3333333333333333,1,within,0|NA|NA|NA|NA|nan|NA,ES,ES
Spain_602,Spain_84,0.16666666666666666,0.3333333333333333,2,within,0|NA|NA|NA|NA|nan|NA,ES,ES
Spain_602,Spain_112,0.16666666666666666,0.3333333333333333,3,within,0|NA|NA|NA|NA|nan|NA,ES,ES
Spain_608,United Kingdom_38,0.0,0.3333333333333333,1,within,0|NA|NA|NA|NA|nan|NA,,
Spain_608,United Kingdom_58,0.0,0.3333333333333333,2,within,0|NA|NA|NA|NA|nan|NA,,
Spain_608,Sweden_8,0.0,0.3333333333333333,3,within,0|NA|NA|NA|NA|nan|NA,,
Spain_609,United Kingdom_38,0.0,0.3333333333333333,1,within,0|NA|NA|NA|NA|nan|NA,,
Spain_609,United Kingdom_58,0.0,0.3333333333333333,2,within,0|NA|NA|NA|NA|nan|NA,,
Spain_609,Sweden_8,0.0,0.3333333333333333,3,within,0|NA|NA|NA|NA|nan|NA,,
Spain_604,Spain_48,0.0,0.3333333333333333,1,within,0|NA|NA|NA|NA|nan|NA,ES,ES
Spain_604,Spain_578,0.0,0.3333333333333333,2,within,0|NA|NA|NA|NA|nan|NA,ES,ES
Spain_604,Spain_478,0.013888888888888888,0.3333333333333333,3,within,0|NA|NA|NA|NA|nan|NA,ES,ES
Spain_606,Spain_438,0.0,0.3333333333333333,1,within,0|NA|NA|NA|NA|nan|NA,ES,ES
Spain_606,Spain_380,0.0,0.3333333333333333,2,within,0|NA|NA|NA|NA|nan|NA,ES,ES
Spain_606,Spain_112,0.020833333333333332,0.3333333333333333,3,within,0|NA|NA|NA|NA|nan|NA,ES,ES
Spain_612,Spain_289,0.048611111111111105,0.3333333333333333,1,within,0|NA|NA|NA|NA|nan|NA,ES,ES
Spain_612,Spain_6,0.16666666666666666,0.3333333333333333,2,within,0|NA|NA|NA|NA|nan|NA,ES,ES
Spain_612,Spain_12,0.16666666666666666,0.3333333333333333,3,within,0|NA|NA|NA|NA|nan|NA,ES,ES
Spain_610,Spain_588,0.013888888888888888,0.3333333333333333,1,within,0|NA|NA|NA|NA|nan|NA,ES,ES
Spain_610,Spain_510,0.03472222222222222,0.3333333333333333,2,within,0|NA|NA|NA|NA|nan|NA,ES,ES
Spain_610,Spain_546,0.03472222222222222,0.3333333333333333,3,within,0|NA|NA|NA|NA|nan|NA,ES,ES
Spain_615,Spain_8,0.16666666666666666,0.3333333333333333,1,within,0|NA|NA|NA|NA|nan|NA,ES,ES
Spain_615,Spain_15,0.16666666666666666,0.3333333333333333,2,within,0|NA|NA|NA|NA|nan|NA,ES,ES
Spain_615,Spain_33,0.16666666666666666,0.3333333333333333,3,within,0|NA|NA|NA|NA|nan|NA,ES,ES
Spain_613,Spain_456,0.013888888888888888,0.3333333333333333,1,within,0|NA|NA|NA|NA|nan|NA,ES,ES
Spain_613,Spain_539,0.020833333333333332,0.3333333333333333,2,within,0|NA|NA|NA|NA|nan|NA,ES,ES
Spain_613,Spain_8,0.027777777777777776,0.3333333333333333,3,within,0|NA|NA|NA|NA|nan|NA,ES,ES
Spain_618,Spain_46,0.24305555555555555,0.3333333333333333,1,within,0|NA|NA|NA|NA|nan|NA,ES,ES
Spain_618,Spain_96,0.24305555555555555,0.3333333333333333,2,within,0|NA|NA|NA|NA|nan|NA,ES,ES
Spain_618,Spain_466,0.24305555555555555,0.3333333333333333,3,within,0|NA|NA|NA|NA|nan|NA,ES,ES
Spain_623,Spain_365,0.0,0.3333333333333333,1,within,0|NA|NA|NA|NA|nan|NA,UNCLEAR,UNCLEAR
Spain_623,Sweden_46,0.0,0.3333333333333333,2,within,0|NA|NA|NA|NA|nan|NA,UNCLEAR,UNCLEAR
Spain_623,Slovenia_59,0.0,0.3333333333333333,3,within,0|NA|NA|NA|NA|nan|NA,UNCLEAR,UNCLEAR
Spain_628,Spain_539,0.16666666666666666,0.3333333333333333,1,within,0|NA|NA|NA|NA|nan|NA,ES,ES
Spain_628,Spain_96,0.18055555555555555,0.3333333333333333,2,within,0|NA|NA|NA|NA|nan|NA,ES,ES
Spain_628,Spain_46,0.18055555555555555,0.3333333333333333,3,within,0|NA|NA|NA|NA|nan|NA,ES,ES
Slovenia_5,Slovenia_12,0.027777777777777776,0.3333333333333333,1,within,0|NA|NA|NA|NA|nan|NA,SI,SI
Slovenia_5,Slovenia_27,0.027777777777777776,0.3333333333333333,2,within,0|NA|NA|NA|NA|nan|NA,SI,SI
Slovenia_5,Slovenia_39,0.027777777777777776,0.3333333333333333,3,within,0|NA|NA|NA|NA|nan|NA,SI,SI
Slovenia_6,Slovenia_7,0.16666666666666666,0.3333333333333333,1,within,0|NA|NA|NA|NA|nan|NA,SI,SI
Slovenia_6,Slovenia_12,0.16666666666666666,0.3333333333333333,2,within,0|NA|NA|NA|NA|nan|NA,SI,SI
Slovenia_6,Slovenia_27,0.16666666666666666,0.3333333333333333,3,within,0|NA|NA|NA|NA|nan|NA,SI,SI
Slovenia_7,Slovenia_32,0.0,0.3333333333333333,1,within,0|NA|NA|NA|NA|nan|NA,SI,SI
Slovenia_7,Slovenia_48,0.0,0.3333333333333333,2,within,0|NA|NA|NA|NA|nan|NA,SI,SI
Slovenia_7,Slovenia_27,0.16666666666666666,0.3333333333333333,3,within,0|NA|NA|NA|NA|nan|NA,SI,SI
Slovenia_12,Slovenia_27,0.0,0.3333333333333333,1,within,0|NA|NA|NA|NA|nan|NA,SI,SI
Slovenia_12,Slovenia_36,0.0,0.3333333333333333,2,within,0|NA|NA|NA|NA|nan|NA,SI,SI
Slovenia_12,Slovenia_39,0.0,0.3333333333333333,3,within,0|NA|NA|NA|NA|nan|NA,SI,SI
Slovenia_20,Slovenia_23,0.0,0.3333333333333333,1,within,0|NA|NA|NA|NA|nan|NA,SI,SI
Slovenia_20,Slovenia_24,0.0,0.3333333333333333,2,within,0|NA|NA|NA|NA|nan|NA,SI,SI
Slovenia_20,Slovenia_37,0.0,0.3333333333333333,3,within,0|NA|NA|NA|NA|nan|NA,SI,SI
Slovenia_24,Slovenia_23,0.0,0.3333333333333333,1,within,0|NA|NA|NA|NA|nan|NA,SI,SI
Slovenia_24,Slovenia_20,0.0,0.3333333333333333,2,within,0|NA|NA|NA|NA|nan|NA,SI,SI
Slovenia_24,Slovenia_37,0.0,0.3333333333333333,3,within,0|NA|NA|NA|NA|nan|NA,SI,SI
Slovenia_23,Slovenia_24,0.0,0.3333333333333333,1,within,0|NA|NA|NA|NA|nan|NA,SI,SI
Slovenia_23,Slovenia_20,0.0,0.3333333333333333,2,within,0|NA|NA|NA|NA|nan|NA,SI,SI
Slovenia_23,Slovenia_37,0.0,0.3333333333333333,3,within,0|NA|NA|NA|NA|nan|NA,SI,SI
Slovenia_25,Slovenia_24,0.0,0.3333333333333333,1,within,0|NA|NA|NA|NA|nan|NA,SI,SI
Slovenia_25,Slovenia_20,0.0,0.3333333333333333,2,within,0|NA|NA|NA|NA|nan|NA,SI,SI
Slovenia_25,Slovenia_37,0.0,0.3333333333333333,3,within,0|NA|NA|NA|NA|nan|NA,SI,SI
Slovenia_27,Slovenia_12,0.0,0.3333333333333333,1,within,0|NA|NA|NA|NA|nan|NA,SI,SI
Slovenia_27,Slovenia_36,0.0,0.3333333333333333,2,within,0|NA|NA|NA|NA|nan|NA,SI,SI
Slovenia_27,Slovenia_39,0.0,0.3333333333333333,3,within,0|NA|NA|NA|NA|nan|NA,SI,SI
Slovenia_32,Slovenia_7,0.0,0.3333333333333333,1,within,0|NA|NA|NA|NA|nan|NA,SI,SI
Slovenia_32,Slovenia_48,0.0,0.3333333333333333,2,within,0|NA|NA|NA|NA|nan|NA,SI,SI
Slovenia_32,Slovenia_12,0.16666666666666666,0.3333333333333333,3,within,0|NA|NA|NA|NA|nan|NA,SI,SI
Slovenia_36,Slovenia_12,0.0,0.3333333333333333,1,within,0|NA|NA|NA|NA|nan|NA,SI,SI
Slovenia_36,Slovenia_27,0.0,0.3333333333333333,2,within,0|NA|NA|NA|NA|nan|NA,SI,SI
Slovenia_36,Slovenia_39,0.0,0.3333333333333333,3,within,0|NA|NA|NA|NA|nan|NA,SI,SI
Slovenia_37,Slovenia_24,0.0,0.3333333333333333,1,within,0|NA|NA|NA|NA|nan|NA,SI,SI
Slovenia_37,Slovenia_20,0.0,0.3333333333333333,2,within,0|NA|NA|NA|NA|nan|NA,SI,SI
Slovenia_37,Slovenia_25,0.0,0.3333333333333333,3,within,0|NA|NA|NA|NA|nan|NA,SI,SI
Slovenia_38,Slovenia_24,0.0,0.3333333333333333,1,within,0|NA|NA|NA|NA|nan|NA,SI,SI
Slovenia_38,Slovenia_20,0.0,0.3333333333333333,2,within,0|NA|NA|NA|NA|nan|NA,SI,SI
Slovenia_38,Slovenia_25,0.0,0.3333333333333333,3,within,0|NA|NA|NA|NA|nan|NA,SI,SI
Slovenia_40,United Kingdom_38,0.0,0.3333333333333333,1,within,0|NA|NA|NA|NA|nan|NA,,
Slovenia_40,United Kingdom_58,0.0,0.3333333333333333,2,within,0|NA|NA|NA|NA|nan|NA,,
Slovenia_40,Sweden_8,0.0,0.3333333333333333,3,within,0|NA|NA|NA|NA|nan|NA,,
Slovenia_41,Slovenia_6,0.16666666666666666,0.3333333333333333,1,within,0|NA|NA|NA|NA|nan|NA,SI,SI
Slovenia_41,Slovenia_7,0.16666666666666666,0.3333333333333333,2,within,0|NA|NA|NA|NA|nan|NA,SI,SI
Slovenia_41,Slovenia_12,0.16666666666666666,0.3333333333333333,3,within,0|NA|NA|NA|NA|nan|NA,SI,SI
Slovenia_39,Slovenia_12,0.0,0.3333333333333333,1,within,0|NA|NA|NA|NA|nan|NA,SI,SI
Slovenia_39,Slovenia_27,0.0,0.3333333333333333,2,within,0|NA|NA|NA|NA|nan|NA,SI,SI
Slovenia_39,Slovenia_36,0.0,0.3333333333333333,3,within,0|NA|NA|NA|NA|nan|NA,SI,SI
Slovenia_42,Slovenia_24,0.0,0.3333333333333333,1,within,0|NA|NA|NA|NA|nan|NA,SI,SI
Slovenia_42,Slovenia_20,0.0,0.3333333333333333,2,within,0|NA|NA|NA|NA|nan|NA,SI,SI
Slovenia_42,Slovenia_25,0.0,0.3333333333333333,3,within,0|NA|NA|NA|NA|nan|NA,SI,SI
Slovenia_45,Slovenia_12,0.16666666666666666,0.3333333333333333,1,within,0|NA|NA|NA|NA|nan|NA,SI,SI
Slovenia_45,Slovenia_27,0.16666666666666666,0.3333333333333333,2,within,0|NA|NA|NA|NA|nan|NA,SI,SI
Slovenia_45,Slovenia_36,0.16666666666666666,0.3333333333333333,3,within,0|NA|NA|NA|NA|nan|NA,SI,SI
Slovenia_48,Slovenia_7,0.0,0.3333333333333333,1,within,0|NA|NA|NA|NA|nan|NA,SI,SI
Slovenia_48,Slovenia_32,0.0,0.3333333333333333,2,within,0|NA|NA|NA|NA|nan|NA,SI,SI
Slovenia_48,Slovenia_12,0.16666666666666666,0.3333333333333333,3,within,0|NA|NA|NA|NA|nan|NA,SI,SI
Slovenia_55,Slovenia_68,0.0,0.3333333333333333,1,within,0|NA|NA|NA|NA|nan|NA,SI,SI
Slovenia_55,Slovenia_72,0.013888888888888888,0.3333333333333333,2,within,0|NA|NA|NA|NA|nan|NA,SI,SI
Slovenia_55,Slovenia_53,0.020833333333333332,0.3333333333333333,3,within,0|NA|NA|NA|NA|nan|NA,SI,SI
Slovenia_56,United Kingdom_36,0.16666666666666666,0.3333333333333333,1,within,0|NA|NA|NA|NA|nan|NA,UNCLEAR,UNCLEAR
Slovenia_56,United Kingdom_63,0.16666666666666666,0.3333333333333333,2,within,0|NA|NA|NA|NA|nan|NA,UNCLEAR,UNCLEAR
Slovenia_56,Sweden_46,0.16666666666666666,0.3333333333333333,3,within,0|NA|NA|NA|NA|nan|NA,UNCLEAR,UNCLEAR
Slovenia_53,Slovenia_62,0.013888888888888888,0.3333333333333333,1,within,0|NA|NA|NA|NA|nan|NA,SI,SI
Slovenia_53,Slovenia_57,0.013888888888888888,0.3333333333333333,2,within,0|NA|NA|NA|NA|nan|NA,SI,SI
Slovenia_53,Slovenia_55,0.020833333333333332,0.3333333333333333,3,within,0|NA|NA|NA|NA|nan|NA,SI,SI
Slovenia_52,United Kingdom_38,0.0,0.3333333333333333,1,within,0|NA|NA|NA|NA|nan|NA,,
Slovenia_52,United Kingdom_58,0.0,0.3333333333333333,2,within,0|NA|NA|NA|NA|nan|NA,,
Slovenia_52,Sweden_8,0.0,0.3333333333333333,3,within,0|NA|NA|NA|NA|nan|NA,,
Slovenia_57,Slovenia_62,0.0,0.3333333333333333,1,within,0|NA|NA|NA|NA|nan|NA,SI,SI
Slovenia_57,Slovenia_53,0.013888888888888888,0.3333333333333333,2,within,0|NA|NA|NA|NA|nan|NA,SI,SI
Slovenia_57,Slovenia_72,0.020833333333333332,0.3333333333333333,3,within,0|NA|NA|NA|NA|nan|NA,SI,SI
Slovenia_59,Spain_365,0.0,0.3333333333333333,1,within,0|NA|NA|NA|NA|nan|NA,UNCLEAR,UNCLEAR
Slovenia_59,Sweden_46,0.0,0.3333333333333333,2,within,0|NA|NA|NA|NA|nan|NA,UNCLEAR,UNCLEAR
Slovenia_59,Spain_623,0.0,0.3333333333333333,3,within,0|NA|NA|NA|NA|nan|NA,UNCLEAR,UNCLEAR
Slovenia_62,Slovenia_57,0.0,0.3333333333333333,1,within,0|NA|NA|NA|NA|nan|NA,SI,SI
Slovenia_62,Slovenia_53,0.013888888888888888,0.3333333333333333,2,within,0|NA|NA|NA|NA|nan|NA,SI,SI
Slovenia_62,Slovenia_72,0.020833333333333332,0.3333333333333333,3,within,0|NA|NA|NA|NA|nan|NA,SI,SI
Slovenia_60,United Kingdom_38,0.0,0.3333333333333333,1,within,0|NA|NA|NA|NA|nan|NA,,
Slovenia_60,United Kingdom_58,0.0,0.3333333333333333,2,within,0|NA|NA|NA|NA|nan|NA,,
Slovenia_60,Sweden_8,0.0,0.3333333333333333,3,within,0|NA|NA|NA|NA|nan|NA,,
Slovenia_68,Slovenia_55,0.0,0.3333333333333333,1,within,0|NA|NA|NA|NA|nan|NA,SI,SI
Slovenia_68,Slovenia_72,0.013888888888888888,0.3333333333333333,2,within,0|NA|NA|NA|NA|nan|NA,SI,SI
Slovenia_68,Slovenia_53,0.020833333333333332,0.3333333333333333,3,within,0|NA|NA|NA|NA|nan|NA,SI,SI
Slovenia_72,Slovenia_55,0.013888888888888888,0.3333333333333333,1,within,0|NA|NA|NA|NA|nan|NA,SI,SI
Slovenia_72,Slovenia_68,0.013888888888888888,0.3333333333333333,2,within,0|NA|NA|NA|NA|nan|NA,SI,SI
Slovenia_72,Slovenia_57,0.020833333333333332,0.3333333333333333,3,within,0|NA|NA|NA|NA|nan|NA,SI,SI
Slovenia_76,United Kingdom_36,0.0,0.3333333333333333,1,within,0|NA|NA|NA|NA|nan|NA,UNCLEAR,UNCLEAR
Slovenia_76,United Kingdom_63,0.0,0.3333333333333333,2,within,0|NA|NA|NA|NA|nan|NA,UNCLEAR,UNCLEAR
Slovenia_76,Spain_572,0.0,0.3333333333333333,3,within,0|NA|NA|NA|NA|nan|NA,UNCLEAR,UNCLEAR
Slovenia_77,Slovenia_72,0.16666666666666666,0.3333333333333333,1,within,0|NA|NA|NA|NA|nan|NA,SI,SI
Slovenia_77,Slovenia_55,0.18055555555555555,0.3333333333333333,2,within,0|NA|NA|NA|NA|nan|NA,SI,SI
Slovenia_77,Slovenia_68,0.18055555555555555,0.3333333333333333,3,within,0|NA|NA|NA|NA|nan|NA,SI,SI
Slovenia_78,Slovenia_77,0.18055555555555555,1.0,1,within,0|NA|NA|NA|NA|nan|NA,SI,SI
Romania_2,Romania_60,0.16666666666666666,0.3333333333333333,1,within,0|NA|NA|NA|NA|nan|NA,RO,RO
Romania_2,Romania_85,0.18055555555555555,0.3333333333333333,2,within,0|NA|NA|NA|NA|nan|NA,RO,RO
Romania_2,Romania_157,0.18055555555555555,0.3333333333333333,3,within,0|NA|NA|NA|NA|nan|NA,RO,RO
Romania_6,Romania_148,0.16666666666666666,0.3333333333333333,1,within,0|NA|NA|NA|NA|nan|NA,RO,RO
Romania_6,Romania_164,0.19444444444444445,0.3333333333333333,2,within,0|NA|NA|NA|NA|nan|NA,RO,RO
Romania_6,Romania_114,0.21527777777777776,0.3333333333333333,3,within,0|NA|NA|NA|NA|nan|NA,RO,RO
Romania_7,Romania_130,0.0,0.3333333333333333,1,within,0|NA|NA|NA|NA|nan|NA,RO,RO
Romania_7,Romania_96,0.013888888888888888,0.3333333333333333,2,within,0|NA|NA|NA|NA|nan|NA,RO,RO
Romania_7,Romania_137,0.041666666666666664,0.3333333333333333,3,within,0|NA|NA|NA|NA|nan|NA,RO,RO
Romania_12,Romania_127,0.0,0.3333333333333333,1,within,0|NA|NA|NA|NA|nan|NA,RO,RO
Romania_12,Romania_15,0.027777777777777776,0.3333333333333333,2,within,0|NA|NA|NA|NA|nan|NA,RO,RO
Romania_12,Romania_24,0.041666666666666664,0.3333333333333333,3,within,0|NA|NA|NA|NA|nan|NA,RO,RO
Romania_8,United Kingdom_38,0.0,0.3333333333333333,1,within,0|NA|NA|NA|NA|nan|NA,,
Romania_8,United Kingdom_58,0.0,0.3333333333333333,2,within,0|NA|NA|NA|NA|nan|NA,,
Romania_8,Sweden_8,0.0,0.3333333333333333,3,within,0|NA|NA|NA|NA|nan|NA,,
Romania_15,Romania_24,0.013888888888888888,0.3333333333333333,1,within,0|NA|NA|NA|NA|nan|NA,RO,RO
Romania_15,Romania_12,0.027777777777777776,0.3333333333333333,2,within,0|NA|NA|NA|NA|nan|NA,RO,RO
Romania_15,Romania_127,0.027777777777777776,0.3333333333333333,3,within,0|NA|NA|NA|NA|nan|NA,RO,RO
Romania_24,Romania_15,0.013888888888888888,0.3333333333333333,1,within,0|NA|NA|NA|NA|nan|NA,RO,RO
Romania_24,Romania_12,0.041666666666666664,0.3333333333333333,2,within,0|NA|NA|NA|NA|nan|NA,RO,RO
Romania_24,Romania_58,0.041666666666666664,0.3333333333333333,3,within,0|NA|NA|NA|NA|nan|NA,RO,RO
Romania_22,United Kingdom_38,0.0,0.3333333333333333,1,within,0|NA|NA|NA|NA|nan|NA,,
Romania_22,United Kingdom_58,0.0,0.3333333333333333,2,within,0|NA|NA|NA|NA|nan|NA,,
Romania_22,Sweden_8,0.0,0.3333333333333333,3,within,0|NA|NA|NA|NA|nan|NA,,
Romania_23,United Kingdom_38,0.0,0.3333333333333333,1,within,0|NA|NA|NA|NA|nan|NA,,
Romania_23,United Kingdom_58,0.0,0.3333333333333333,2,within,0|NA|NA|NA|NA|nan|NA,,
Romania_23,Sweden_8,0.0,0.3333333333333333,3,within,0|NA|NA|NA|NA|nan|NA,,
Romania_31,Romania_70,0.20138888888888887,0.3333333333333333,1,within,0|NA|NA|NA|NA|nan|NA,RO,RO
Romania_31,Romania_58,0.21527777777777776,0.3333333333333333,2,within,0|NA|NA|NA|NA|nan|NA,RO,RO
Romania_31,Romania_24,0.2569444444444444,0.3333333333333333,3,within,0|NA|NA|NA|NA|nan|NA,RO,RO
Romania_35,United Kingdom_38,0.0,0.3333333333333333,1,within,0|NA|NA|NA|NA|nan|NA,,
Romania_35,United Kingdom_58,0.0,0.3333333333333333,2,within,0|NA|NA|NA|NA|nan|NA,,
Romania_35,Sweden_8,0.0,0.3333333333333333,3,within,0|NA|NA|NA|NA|nan|NA,,
Romania_39,United Kingdom_38,0.0,0.3333333333333333,1,within,0|NA|NA|NA|NA|nan|NA,,
Romania_39,United Kingdom_58,0.0,0.3333333333333333,2,within,0|NA|NA|NA|NA|nan|NA,,
Romania_39,Sweden_8,0.0,0.3333333333333333,3,within,0|NA|NA|NA|NA|nan|NA,,
Romania_44,United Kingdom_38,0.0,0.3333333333333333,1,within,0|NA|NA|NA|NA|nan|NA,,
Romania_44,United Kingdom_58,0.0,0.3333333333333333,2,within,0|NA|NA|NA|NA|nan|NA,,
Romania_44,Sweden_8,0.0,0.3333333333333333,3,within,0|NA|NA|NA|NA|nan|NA,,
Romania_51,Romania_84,0.18055555555555555,0.3333333333333333,1,within,0|NA|NA|NA|NA|nan|NA,RO,RO
Romania_51,Romania_15,0.1875,0.3333333333333333,2,within,0|NA|NA|NA|NA|nan|NA,RO,RO
Romania_51,Romania_63,0.1875,0.3333333333333333,3,within,0|NA|NA|NA|NA|nan|NA,RO,RO
Romania_58,Romania_24,0.041666666666666664,0.3333333333333333,1,within,0|NA|NA|NA|NA|nan|NA,RO,RO
Romania_58,Romania_15,0.05555555555555555,0.3333333333333333,2,within,0|NA|NA|NA|NA|nan|NA,RO,RO
Romania_58,Romania_12,0.08333333333333333,0.3333333333333333,3,within,0|NA|NA|NA|NA|nan|NA,RO,RO
Romania_60,Romania_78,0.09027777777777778,0.3333333333333333,1,within,0|NA|NA|NA|NA|nan|NA,RO,RO
Romania_60,Romania_2,0.16666666666666666,0.3333333333333333,2,within,0|NA|NA|NA|NA|nan|NA,RO,RO
Romania_60,Romania_96,0.16666666666666666,0.3333333333333333,3,within,0|NA|NA|NA|NA|nan|NA,RO,RO
Romania_55,United Kingdom_38,0.0,0.3333333333333333,1,within,0|NA|NA|NA|NA|nan|NA,,
Romania_55,United Kingdom_58,0.0,0.3333333333333333,2,within,0|NA|NA|NA|NA|nan|NA,,
Romania_55,Sweden_8,0.0,0.3333333333333333,3,within,0|NA|NA|NA|NA|nan|NA,,
Romania_62,Romania_86,0.03472222222222222,0.3333333333333333,1,within,0|NA|NA|NA|NA|nan|NA,RO,RO
Romania_62,Romania_60,0.16666666666666666,0.3333333333333333,2,within,0|NA|NA|NA|NA|nan|NA,RO,RO
Romania_62,Romania_96,0.16666666666666666,0.3333333333333333,3,within,0|NA|NA|NA|NA|nan|NA,RO,RO
Romania_63,Romania_112,0.013888888888888888,0.3333333333333333,1,within,0|NA|NA|NA|NA|nan|NA,RO,RO
Romania_63,Romania_70,0.1111111111111111,0.3333333333333333,2,within,0|NA|NA|NA|NA|nan|NA,RO,RO
Romania_63,Romania_15,0.16666666666666666,0.3333333333333333,3,within,0|NA|NA|NA|NA|nan|NA,RO,RO
Romania_70,Romania_112,0.09722222222222222,0.3333333333333333,1,within,0|NA|NA|NA|NA|nan|NA,RO,RO
Romania_70,Romania_63,0.1111111111111111,0.3333333333333333,2,within,0|NA|NA|NA|NA|nan|NA,RO,RO
Romania_70,Romania_31,0.20138888888888887,0.3333333333333333,3,within,0|NA|NA|NA|NA|nan|NA,RO,RO
Romania_64,United Kingdom_38,0.0,0.3333333333333333,1,within,0|NA|NA|NA|NA|nan|NA,,
Romania_64,United Kingdom_58,0.0,0.3333333333333333,2,within,0|NA|NA|NA|NA|nan|NA,,
Romania_64,Sweden_8,0.0,0.3333333333333333,3,within,0|NA|NA|NA|NA|nan|NA,,
Romania_66,United Kingdom_38,0.0,0.3333333333333333,1,within,0|NA|NA|NA|NA|nan|NA,,
Romania_66,United Kingdom_58,0.0,0.3333333333333333,2,within,0|NA|NA|NA|NA|nan|NA,,
Romania_66,Sweden_8,0.0,0.3333333333333333,3,within,0|NA|NA|NA|NA|nan|NA,,
Romania_78,Romania_60,0.09027777777777778,0.3333333333333333,1,within,0|NA|NA|NA|NA|nan|NA,RO,RO
Romania_78,Romania_112,0.20833333333333334,0.3333333333333333,2,within,0|NA|NA|NA|NA|nan|NA,RO,RO
Romania_78,Romania_163,0.20833333333333334,0.3333333333333333,3,within,0|NA|NA|NA|NA|nan|NA,RO,RO
Romania_75,Romania_31,0.2708333333333333,1.0,1,within,0|NA|NA|NA|NA|nan|NA,RO,RO
Romania_84,Romania_51,0.18055555555555555,0.3333333333333333,1,within,0|NA|NA|NA|NA|nan|NA,RO,RO
Romania_84,Romania_12,0.20138888888888887,0.3333333333333333,2,within,0|NA|NA|NA|NA|nan|NA,RO,RO
Romania_84,Romania_15,0.20138888888888887,0.3333333333333333,3,within,0|NA|NA|NA|NA|nan|NA,RO,RO
Romania_86,Romania_62,0.03472222222222222,0.3333333333333333,1,within,0|NA|NA|NA|NA|nan|NA,RO,RO
Romania_86,Romania_63,0.16666666666666666,0.3333333333333333,2,within,0|NA|NA|NA|NA|nan|NA,RO,RO
Romania_86,Romania_112,0.18055555555555555,0.3333333333333333,3,within,0|NA|NA|NA|NA|nan|NA,RO,RO
Romania_85,Romania_157,0.0,0.3333333333333333,1,within,0|NA|NA|NA|NA|nan|NA,RO,RO
Romania_85,Romania_143,0.027777777777777776,0.3333333333333333,2,within,0|NA|NA|NA|NA|nan|NA,RO,RO
Romania_85,Romania_2,0.18055555555555555,0.3333333333333333,3,within,0|NA|NA|NA|NA|nan|NA,RO,RO
Romania_83,United Kingdom_38,0.0,0.3333333333333333,1,within,0|NA|NA|NA|NA|nan|NA,,
Romania_83,United Kingdom_58,0.0,0.3333333333333333,2,within,0|NA|NA|NA|NA|nan|NA,,
Romania_83,Sweden_8,0.0,0.3333333333333333,3,within,0|NA|NA|NA|NA|nan|NA,,
Romania_88,United Kingdom_38,0.0,0.3333333333333333,1,within,0|NA|NA|NA|NA|nan|NA,,
Romania_88,United Kingdom_58,0.0,0.3333333333333333,2,within,0|NA|NA|NA|NA|nan|NA,,
Romania_88,Sweden_8,0.0,0.3333333333333333,3,within,0|NA|NA|NA|NA|nan|NA,,
Romania_89,United Kingdom_38,0.0,0.3333333333333333,1,within,0|NA|NA|NA|NA|nan|NA,,
Romania_89,United Kingdom_58,0.0,0.3333333333333333,2,within,0|NA|NA|NA|NA|nan|NA,,
Romania_89,Sweden_8,0.0,0.3333333333333333,3,within,0|NA|NA|NA|NA|nan|NA,,
Romania_90,United Kingdom_38,0.0,0.3333333333333333,1,within,0|NA|NA|NA|NA|nan|NA,,
Romania_90,United Kingdom_58,0.0,0.3333333333333333,2,within,0|NA|NA|NA|NA|nan|NA,,
Romania_90,Sweden_8,0.0,0.3333333333333333,3,within,0|NA|NA|NA|NA|nan|NA,,
Romania_96,Romania_7,0.013888888888888888,0.3333333333333333,1,within,0|NA|NA|NA|NA|nan|NA,RO,RO
Romania_96,Romania_130,0.013888888888888888,0.3333333333333333,2,within,0|NA|NA|NA|NA|nan|NA,RO,RO
Romania_96,Romania_137,0.027777777777777776,0.3333333333333333,3,within,0|NA|NA|NA|NA|nan|NA,RO,RO
Romania_97,United Kingdom_38,0.0,0.3333333333333333,1,within,0|NA|NA|NA|NA|nan|NA,,
Romania_97,United Kingdom_58,0.0,0.3333333333333333,2,within,0|NA|NA|NA|NA|nan|NA,,
Romania_97,Sweden_8,0.0,0.3333333333333333,3,within,0|NA|NA|NA|NA|nan|NA,,
Romania_108,Romania_164,0.05555555555555555,0.3333333333333333,1,within,0|NA|NA|NA|NA|nan|NA,RO,RO
Romania_108,Romania_148,0.08333333333333333,0.3333333333333333,2,within,0|NA|NA|NA|NA|nan|NA,RO,RO
Romania_108,Romania_139,0.1875,0.3333333333333333,3,within,0|NA|NA|NA|NA|nan|NA,RO,RO
Romania_109,Romania_24,0.16666666666666666,0.3333333333333333,1,within,0|NA|NA|NA|NA|nan|NA,RO,RO
Romania_109,Romania_15,0.18055555555555555,0.3333333333333333,2,within,0|NA|NA|NA|NA|nan|NA,RO,RO
Romania_109,Romania_137,0.1875,0.3333333333333333,3,within,0|NA|NA|NA|NA|nan|NA,RO,RO
Romania_104,United Kingdom_38,0.0,0.3333333333333333,1,within,0|NA|NA|NA|NA|nan|NA,,
Romania_104,United Kingdom_58,0.0,0.3333333333333333,2,within,0|NA|NA|NA|NA|nan|NA,,
Romania_104,Sweden_8,0.0,0.3333333333333333,3,within,0|NA|NA|NA|NA|nan|NA,,
Romania_105,United Kingdom_38,0.0,0.3333333333333333,1,within,0|NA|NA|NA|NA|nan|NA,,
Romania_105,United Kingdom_58,0.0,0.3333333333333333,2,within,0|NA|NA|NA|NA|nan|NA,,
Romania_105,Sweden_8,0.0,0.3333333333333333,3,within,0|NA|NA|NA|NA|nan|NA,,
Romania_106,United Kingdom_38,0.0,0.3333333333333333,1,within,0|NA|NA|NA|NA|nan|NA,,
Romania_106,United Kingdom_58,0.0,0.3333333333333333,2,within,0|NA|NA|NA|NA|nan|NA,,
Romania_106,Sweden_8,0.0,0.3333333333333333,3,within,0|NA|NA|NA|NA|nan|NA,,
Romania_112,Romania_63,0.013888888888888888,0.3333333333333333,1,within,0|NA|NA|NA|NA|nan|NA,RO,RO
Romania_112,Romania_70,0.09722222222222222,0.3333333333333333,2,within,0|NA|NA|NA|NA|nan|NA,RO,RO
Romania_112,Romania_24,0.16666666666666666,0.3333333333333333,3,within,0|NA|NA|NA|NA|nan|NA,RO,RO
Romania_111,United Kingdom_38,0.0,0.3333333333333333,1,within,0|NA|NA|NA|NA|nan|NA,,
Romania_111,United Kingdom_58,0.0,0.3333333333333333,2,within,0|NA|NA|NA|NA|nan|NA,,
Romania_111,Sweden_8,0.0,0.3333333333333333,3,within,0|NA|NA|NA|NA|nan|NA,,
Romania_114,Romania_164,0.1875,0.3333333333333333,1,within,0|NA|NA|NA|NA|nan|NA,RO,RO
Romania_114,Romania_6,0.21527777777777776,0.3333333333333333,2,within,0|NA|NA|NA|NA|nan|NA,RO,RO
Romania_114,Romania_148,0.21527777777777776,0.3333333333333333,3,within,0|NA|NA|NA|NA|nan|NA,RO,RO
Romania_115,United Kingdom_38,0.0,0.3333333333333333,1,within,0|NA|NA|NA|NA|nan|NA,,
Romania_115,United Kingdom_58,0.0,0.3333333333333333,2,within,0|NA|NA|NA|NA|nan|NA,,
Romania_115,Sweden_8,0.0,0.3333333333333333,3,within,0|NA|NA|NA|NA|nan|NA,,
Romania_118,United Kingdom_38,0.0,0.3333333333333333,1,within,0|NA|NA|NA|NA|nan|NA,,
Romania_118,United Kingdom_58,0.0,0.3333333333333333,2,within,0|NA|NA|NA|NA|nan|NA,,
Romania_118,Sweden_8,0.0,0.3333333333333333,3,within,0|NA|NA|NA|NA|nan|NA,,
Romania_127,Romania_12,0.0,0.3333333333333333,1,within,0|NA|NA|NA|NA|nan|NA,RO,RO
Romania_127,Romania_15,0.027777777777777776,0.3333333333333333,2,within,0|NA|NA|NA|NA|nan|NA,RO,RO
Romania_127,Romania_24,0.041666666666666664,0.3333333333333333,3,within,0|NA|NA|NA|NA|nan|NA,RO,RO
Romania_130,Romania_7,0.0,0.3333333333333333,1,within,0|NA|NA|NA|NA|nan|NA,RO,RO
Romania_130,Romania_96,0.013888888888888888,0.3333333333333333,2,within,0|NA|NA|NA|NA|nan|NA,RO,RO
Romania_130,Romania_137,0.041666666666666664,0.3333333333333333,3,within,0|NA|NA|NA|NA|nan|NA,RO,RO
Romania_135,Romania_163,0.1875,1.0,1,within,0|NA|NA|NA|NA|nan|NA,RO,RO
Romania_137,Romania_96,0.027777777777777776,0.3333333333333333,1,within,0|NA|NA|NA|NA|nan|NA,RO,RO
Romania_137,Romania_7,0.041666666666666664,0.3333333333333333,2,within,0|NA|NA|NA|NA|nan|NA,RO,RO
Romania_137,Romania_130,0.041666666666666664,0.3333333333333333,3,within,0|NA|NA|NA|NA|nan|NA,RO,RO
Romania_139,Romania_108,0.1875,0.3333333333333333,1,within,0|NA|NA|NA|NA|nan|NA,RO,RO
Romania_139,Romania_164,0.20138888888888887,0.3333333333333333,2,within,0|NA|NA|NA|NA|nan|NA,RO,RO
Romania_139,Romania_157,0.2222222222222222,0.3333333333333333,3,within,0|NA|NA|NA|NA|nan|NA,RO,RO
Romania_143,Romania_85,0.027777777777777776,0.3333333333333333,1,within,0|NA|NA|NA|NA|nan|NA,RO,RO
Romania_143,Romania_157,0.027777777777777776,0.3333333333333333,2,within,0|NA|NA|NA|NA|nan|NA,RO,RO
Romania_143,Romania_130,0.16666666666666666,0.3333333333333333,3,within,0|NA|NA|NA|NA|nan|NA,RO,RO
Romania_141,Romania_145,0.20138888888888887,1.0,1,within,0|NA|NA|NA|NA|nan|NA,RO,RO
Romania_145,Romania_141,0.20138888888888887,1.0,1,within,0|NA|NA|NA|NA|nan|NA,RO,RO
Romania_148,Romania_164,0.027777777777777776,0.3333333333333333,1,within,0|NA|NA|NA|NA|nan|NA,RO,RO
Romania_148,Romania_108,0.08333333333333333,0.3333333333333333,2,within,0|NA|NA|NA|NA|nan|NA,RO,RO
Romania_148,Romania_6,0.16666666666666666,0.3333333333333333,3,within,0|NA|NA|NA|NA|nan|NA,RO,RO
Romania_147,United Kingdom_38,0.0,0.3333333333333333,1,within,0|NA|NA|NA|NA|nan|NA,,
Romania_147,United Kingdom_58,0.0,0.3333333333333333,2,within,0|NA|NA|NA|NA|nan|NA,,
Romania_147,Sweden_8,0.0,0.3333333333333333,3,within,0|NA|NA|NA|NA|nan|NA,,
Romania_149,United Kingdom_38,0.0,0.3333333333333333,1,within,0|NA|NA|NA|NA|nan|NA,,
Romania_149,United Kingdom_58,0.0,0.3333333333333333,2,within,0|NA|NA|NA|NA|nan|NA,,
Romania_149,Sweden_8,0.0,0.3333333333333333,3,within,0|NA|NA|NA|NA|nan|NA,,
Romania_157,Romania_85,0.0,0.3333333333333333,1,within,0|NA|NA|NA|NA|nan|NA,RO,RO
Romania_157,Romania_143,0.027777777777777776,0.3333333333333333,2,within,0|NA|NA|NA|NA|nan|NA,RO,RO
Romania_157,Romania_96,0.18055555555555555,0.3333333333333333,3,within,0|NA|NA|NA|NA|nan|NA,RO,RO
Romania_163,Romania_112,0.16666666666666666,0.3333333333333333,1,within,0|NA|NA|NA|NA|nan|NA,RO,RO
Romania_163,Romania_63,0.18055555555555555,0.3333333333333333,2,within,0|NA|NA|NA|NA|nan|NA,RO,RO
Romania_163,Romania_86,0.18055555555555555,0.3333333333333333,3,within,0|NA|NA|NA|NA|nan|NA,RO,RO
Romania_160,United Kingdom_38,0.0,0.3333333333333333,1,within,0|NA|NA|NA|NA|nan|NA,,
Romania_160,United Kingdom_58,0.0,0.3333333333333333,2,within,0|NA|NA|NA|NA|nan|NA,,
Romania_160,Sweden_8,0.0,0.3333333333333333,3,within,0|NA|NA|NA|NA|nan|NA,,
Romania_164,Romania_148,0.027777777777777776,0.3333333333333333,1,within,0|NA|NA|NA|NA|nan|NA,RO,RO
Romania_164,Romania_108,0.05555555555555555,0.3333333333333333,2,within,0|NA|NA|NA|NA|nan|NA,RO,RO
Romania_164,Romania_114,0.1875,0.3333333333333333,3,within,0|NA|NA|NA|NA|nan|NA,RO,RO
Romania_170,Romania_96,0.16666666666666666,0.3333333333333333,1,within,0|NA|NA|NA|NA|nan|NA,RO,RO
Romania_170,Romania_7,0.18055555555555555,0.3333333333333333,2,within,0|NA|NA|NA|NA|nan|NA,RO,RO
Romania_170,Romania_85,0.18055555555555555,0.3333333333333333,3,within,0|NA|NA|NA|NA|nan|NA,RO,RO
Romania_168,United Kingdom_38,0.0,0.3333333333333333,1,within,0|NA|NA|NA|NA|nan|NA,,
Romania_168,United Kingdom_58,0.0,0.3333333333333333,2,within,0|NA|NA|NA|NA|nan|NA,,
Romania_168,Sweden_8,0.0,0.3333333333333333,3,within,0|NA|NA|NA|NA|nan|NA,,
Romania_173,United Kingdom_38,0.0,0.3333333333333333,1,within,0|NA|NA|NA|NA|nan|NA,,
Romania_173,United Kingdom_58,0.0,0.3333333333333333,2,within,0|NA|NA|NA|NA|nan|NA,,
Romania_173,Sweden_8,0.0,0.3333333333333333,3,within,0|NA|NA|NA|NA|nan|NA,,
Romania_169,United Kingdom_38,0.0,0.3333333333333333,1,within,0|NA|NA|NA|NA|nan|NA,,
Romania_169,United Kingdom_58,0.0,0.3333333333333333,2,within,0|NA|NA|NA|NA|nan|NA,,
Romania_169,Sweden_8,0.0,0.3333333333333333,3,within,0|NA|NA|NA|NA|nan|NA,,
Poland_11,United Kingdom_38,0.0,0.3333333333333333,1,within,0|NA|NA|NA|NA|nan|NA,,
Poland_11,United Kingdom_58,0.0,0.3333333333333333,2,within,0|NA|NA|NA|NA|nan|NA,,
Poland_11,Sweden_8,0.0,0.3333333333333333,3,within,0|NA|NA|NA|NA|nan|NA,,
Norway_8,United Kingdom_36,0.0,0.3333333333333333,1,within,0|NA|NA|NA|NA|nan|NA,UNCLEAR,UNCLEAR
Norway_8,United Kingdom_63,0.0,0.3333333333333333,2,within,0|NA|NA|NA|NA|nan|NA,UNCLEAR,UNCLEAR
Norway_8,Spain_572,0.0,0.3333333333333333,3,within,0|NA|NA|NA|NA|nan|NA,UNCLEAR,UNCLEAR
Norway_2,United Kingdom_38,0.0,0.3333333333333333,1,within,0|NA|NA|NA|NA|nan|NA,,
Norway_2,United Kingdom_58,0.0,0.3333333333333333,2,within,0|NA|NA|NA|NA|nan|NA,,
Norway_2,Sweden_8,0.0,0.3333333333333333,3,within,0|NA|NA|NA|NA|nan|NA,,
Norway_12,United Kingdom_38,0.0,0.3333333333333333,1,within,0|NA|NA|NA|NA|nan|NA,,
Norway_12,United Kingdom_58,0.0,0.3333333333333333,2,within,0|NA|NA|NA|NA|nan|NA,,
Norway_12,Sweden_8,0.0,0.3333333333333333,3,within,0|NA|NA|NA|NA|nan|NA,,
Norway_30,Norway_64,0.0,0.5,1,within,0|NA|NA|NA|NA|nan|NA,NO,NO
Norway_30,Norway_43,0.16666666666666666,0.5,2,within,0|NA|NA|NA|NA|nan|NA,NO,NO
Norway_43,Norway_30,0.16666666666666666,0.5,1,within,0|NA|NA|NA|NA|nan|NA,NO,NO
Norway_43,Norway_64,0.16666666666666666,0.5,2,within,0|NA|NA|NA|NA|nan|NA,NO,NO
Norway_44,Norway_56,0.19444444444444445,0.3333333333333333,1,within,0|NA|NA|NA|NA|nan|NA,NO,NO
Norway_44,Norway_55,0.20138888888888887,0.3333333333333333,2,within,0|NA|NA|NA|NA|nan|NA,NO,NO
Norway_44,Norway_50,0.21527777777777776,0.3333333333333333,3,within,0|NA|NA|NA|NA|nan|NA,NO,NO
Norway_50,Norway_55,0.18055555555555555,0.3333333333333333,1,within,0|NA|NA|NA|NA|nan|NA,NO,NO
Norway_50,Norway_56,0.1875,0.3333333333333333,2,within,0|NA|NA|NA|NA|nan|NA,NO,NO
Norway_50,Norway_44,0.21527777777777776,0.3333333333333333,3,within,0|NA|NA|NA|NA|nan|NA,NO,NO
Norway_56,Norway_50,0.1875,0.3333333333333333,1,within,0|NA|NA|NA|NA|nan|NA,NO,NO
Norway_56,Norway_44,0.19444444444444445,0.3333333333333333,2,within,0|NA|NA|NA|NA|nan|NA,NO,NO
Norway_56,Norway_55,0.20138888888888887,0.3333333333333333,3,within,0|NA|NA|NA|NA|nan|NA,NO,NO
Norway_62,Spain_365,0.0,0.3333333333333333,1,within,0|NA|NA|NA|NA|nan|NA,UNCLEAR,UNCLEAR
Norway_62,Sweden_46,0.0,0.3333333333333333,2,within,0|NA|NA|NA|NA|nan|NA,UNCLEAR,UNCLEAR
Norway_62,Spain_623,0.0,0.3333333333333333,3,within,0|NA|NA|NA|NA|nan|NA,UNCLEAR,UNCLEAR
Norway_55,Norway_50,0.18055555555555555,0.3333333333333333,1,within,0|NA|NA|NA|NA|nan|NA,NO,NO
Norway_55,Norway_44,0.20138888888888887,0.3333333333333333,2,within,0|NA|NA|NA|NA|nan|NA,NO,NO
Norway_55,Norway_56,0.20138888888888887,0.3333333333333333,3,within,0|NA|NA|NA|NA|nan|NA,NO,NO
Norway_64,Norway_30,0.0,0.5,1,within,0|NA|NA|NA|NA|nan|NA,NO,NO
Norway_64,Norway_43,0.16666666666666666,0.5,2,within,0|NA|NA|NA|NA|nan|NA,NO,NO
Norway_73,United Kingdom_36,0.0,0.3333333333333333,1,within,0|NA|NA|NA|NA|nan|NA,UNCLEAR,UNCLEAR
Norway_73,United Kingdom_63,0.0,0.3333333333333333,2,within,0|NA|NA|NA|NA|nan|NA,UNCLEAR,UNCLEAR
Norway_73,Spain_572,0.0,0.3333333333333333,3,within,0|NA|NA|NA|NA|nan|NA,UNCLEAR,UNCLEAR
Netherlands_6,United Kingdom_36,0.0,0.3333333333333333,1,within,0|NA|NA|NA|NA|nan|NA,UNCLEAR,UNCLEAR
Netherlands_6,United Kingdom_63,0.0,0.3333333333333333,2,within,0|NA|NA|NA|NA|nan|NA,UNCLEAR,UNCLEAR
Netherlands_6,Spain_572,0.0,0.3333333333333333,3,within,0|NA|NA|NA|NA|nan|NA,UNCLEAR,UNCLEAR
Netherlands_5,Netherlands_37,0.013888888888888888,0.5,1,within,0|NA|NA|NA|NA|nan|NA,NL,NL
Netherlands_5,Netherlands_28,0.020833333333333332,0.5,2,within,0|NA|NA|NA|NA|nan|NA,NL,NL
Netherlands_28,Netherlands_5,0.020833333333333332,0.5,1,within,0|NA|NA|NA|NA|nan|NA,NL,NL
Netherlands_28,Netherlands_37,0.03472222222222222,0.5,2,within,0|NA|NA|NA|NA|nan|NA,NL,NL
Netherlands_37,Netherlands_5,0.013888888888888888,0.5,1,within,0|NA|NA|NA|NA|nan|NA,NL,NL
Netherlands_37,Netherlands_28,0.03472222222222222,0.5,2,within,0|NA|NA|NA|NA|nan|NA,NL,NL
Malta_10,Spain_365,0.0,0.3333333333333333,1,within,0|NA|NA|NA|NA|nan|NA,UNCLEAR,UNCLEAR
Malta_10,Sweden_46,0.0,0.3333333333333333,2,within,0|NA|NA|NA|NA|nan|NA,UNCLEAR,UNCLEAR
Malta_10,Spain_623,0.0,0.3333333333333333,3,within,0|NA|NA|NA|NA|nan|NA,UNCLEAR,UNCLEAR
Luxembourg_1,Luxembourg_25,0.18055555555555555,0.3333333333333333,1,within,0|NA|NA|NA|NA|nan|NA,LU,LU
Luxembourg_1,Luxembourg_16,0.18055555555555555,0.3333333333333333,2,within,0|NA|NA|NA|NA|nan|NA,LU,LU
Luxembourg_1,Luxembourg_15,0.19444444444444445,0.3333333333333333,3,within,0|NA|NA|NA|NA|nan|NA,LU,LU
Luxembourg_7,Luxembourg_1,0.20833333333333334,0.3333333333333333,1,within,0|NA|NA|NA|NA|nan|NA,LU,LU
Luxembourg_7,Luxembourg_16,0.2222222222222222,0.3333333333333333,2,within,0|NA|NA|NA|NA|nan|NA,LU,LU
Luxembourg_7,Luxembourg_25,0.2222222222222222,0.3333333333333333,3,within,0|NA|NA|NA|NA|nan|NA,LU,LU
Luxembourg_13,Luxembourg_17,0.03472222222222222,1.0,1,within,0|NA|NA|NA|NA|nan|NA,FR,FR
Luxembourg_15,Luxembourg_16,0.041666666666666664,0.3333333333333333,1,within,0|NA|NA|NA|NA|nan|NA,LU,LU
Luxembourg_15,Luxembourg_1,0.19444444444444445,0.3333333333333333,2,within,0|NA|NA|NA|NA|nan|NA,LU,LU
Luxembourg_15,Luxembourg_25,0.20833333333333334,0.3333333333333333,3,within,0|NA|NA|NA|NA|nan|NA,LU,LU
Luxembourg_16,Luxembourg_15,0.041666666666666664,0.3333333333333333,1,within,0|NA|NA|NA|NA|nan|NA,LU,LU
Luxembourg_16,Luxembourg_25,0.16666666666666666,0.3333333333333333,2,within,0|NA|NA|NA|NA|nan|NA,LU,LU
Luxembourg_16,Luxembourg_1,0.18055555555555555,0.3333333333333333,3,within,0|NA|NA|NA|NA|nan|NA,LU,LU
Luxembourg_17,Luxembourg_13,0.03472222222222222,1.0,1,within,0|NA|NA|NA|NA|nan|NA,FR,FR
Luxembourg_25,Luxembourg_16,0.16666666666666666,0.3333333333333333,1,within,0|NA|NA|NA|NA|nan|NA,LU,LU
Luxembourg_25,Luxembourg_1,0.18055555555555555,0.3333333333333333,2,within,0|NA|NA|NA|NA|nan|NA,LU,LU
Luxembourg_25,Luxembourg_15,0.20833333333333334,0.3333333333333333,3,within,0|NA|NA|NA|NA|nan|NA,LU,LU
Lithuania_9,Lithuania_12,0.2222222222222222,1.0,1,within,0|NA|NA|NA|NA|nan|NA,LT,LT
Lithuania_12,Lithuania_9,0.2222222222222222,1.0,1,within,0|NA|NA|NA|NA|nan|NA,LT,LT
Latvia_8,United Kingdom_38,0.0,0.3333333333333333,1,within,0|NA|NA|NA|NA|nan|NA,,
Latvia_8,United Kingdom_58,0.0,0.3333333333333333,2,within,0|NA|NA|NA|NA|nan|NA,,
Latvia_8,Sweden_8,0.0,0.3333333333333333,3,within,0|NA|NA|NA|NA|nan|NA,,
Latvia_7,United Kingdom_38,0.0,0.3333333333333333,1,within,0|NA|NA|NA|NA|nan|NA,,
Latvia_7,United Kingdom_58,0.0,0.3333333333333333,2,within,0|NA|NA|NA|NA|nan|NA,,
Latvia_7,Sweden_8,0.0,0.3333333333333333,3,within,0|NA|NA|NA|NA|nan|NA,,
Latvia_5,United Kingdom_38,0.0,0.3333333333333333,1,within,0|NA|NA|NA|NA|nan|NA,,
Latvia_5,United Kingdom_58,0.0,0.3333333333333333,2,within,0|NA|NA|NA|NA|nan|NA,,
Latvia_5,Sweden_8,0.0,0.3333333333333333,3,within,0|NA|NA|NA|NA|nan|NA,,
Latvia_6,Latvia_12,0.20138888888888887,0.5,1,within,0|NA|NA|NA|NA|nan|NA,LV,LV
Latvia_6,Latvia_13,0.2916666666666667,0.5,2,within,0|NA|NA|NA|NA|nan|NA,LV,LV
Latvia_2,United Kingdom_38,0.0,0.3333333333333333,1,within,0|NA|NA|NA|NA|nan|NA,,
Latvia_2,United Kingdom_58,0.0,0.3333333333333333,2,within,0|NA|NA|NA|NA|nan|NA,,
Latvia_2,Sweden_8,0.0,0.3333333333333333,3,within,0|NA|NA|NA|NA|nan|NA,,
Latvia_12,Latvia_6,0.20138888888888887,0.5,1,within,0|NA|NA|NA|NA|nan|NA,LV,LV
Latvia_12,Latvia_10,0.20138888888888887,0.5,2,within,0|NA|NA|NA|NA|nan|NA,LV,LV
Latvia_10,Latvia_12,0.20138888888888887,1.0,1,within,0|NA|NA|NA|NA|nan|NA,LV,LV
Latvia_13,Latvia_6,0.2916666666666667,1.0,1,within,0|NA|NA|NA|NA|nan|NA,LV,LV
Italy_8,United Kingdom_38,0.0,0.3333333333333333,1,within,0|NA|NA|NA|NA|nan|NA,,
Italy_8,United Kingdom_58,0.0,0.3333333333333333,2,within,0|NA|NA|NA|NA|nan|NA,,
Italy_8,Sweden_8,0.0,0.3333333333333333,3,within,0|NA|NA|NA|NA|nan|NA,,
Italy_10,United Kingdom_38,0.0,0.3333333333333333,1,within,0|NA|NA|NA|NA|nan|NA,,
Italy_10,United Kingdom_58,0.0,0.3333333333333333,2,within,0|NA|NA|NA|NA|nan|NA,,
Italy_10,Sweden_8,0.0,0.3333333333333333,3,within,0|NA|NA|NA|NA|nan|NA,,
Italy_32,Italy_86,0.013888888888888888,0.3333333333333333,1,within,0|NA|NA|NA|NA|nan|NA,IT,IT
Italy_32,Italy_292,0.16666666666666666,0.3333333333333333,2,within,0|NA|NA|NA|NA|nan|NA,IT,IT
Italy_32,Italy_149,0.18055555555555555,0.3333333333333333,3,within,0|NA|NA|NA|NA|nan|NA,IT,IT
Italy_42,Italy_256,0.03472222222222222,0.3333333333333333,1,within,0|NA|NA|NA|NA|nan|NA,IT,IT
Italy_42,Italy_149,0.03472222222222222,0.3333333333333333,2,within,0|NA|NA|NA|NA|nan|NA,IT,IT
Italy_42,Italy_292,0.048611111111111105,0.3333333333333333,3,within,0|NA|NA|NA|NA|nan|NA,IT,IT
Italy_49,Italy_141,0.18055555555555555,0.3333333333333333,1,within,0|NA|NA|NA|NA|nan|NA,IT,IT
Italy_49,Italy_32,0.1875,0.3333333333333333,2,within,0|NA|NA|NA|NA|nan|NA,IT,IT
Italy_49,Italy_292,0.1875,0.3333333333333333,3,within,0|NA|NA|NA|NA|nan|NA,IT,IT
Italy_51,Italy_303,0.0,0.3333333333333333,1,within,0|NA|NA|NA|NA|nan|NA,IT,IT
Italy_51,Italy_176,0.020833333333333332,0.3333333333333333,2,within,0|NA|NA|NA|NA|nan|NA,IT,IT
Italy_51,Italy_159,0.048611111111111105,0.3333333333333333,3,within,0|NA|NA|NA|NA|nan|NA,IT,IT
Italy_67,Italy_103,0.10416666666666667,0.3333333333333333,1,within,0|NA|NA|NA|NA|nan|NA,IT,IT
Italy_67,Italy_159,0.16666666666666666,0.3333333333333333,2,within,0|NA|NA|NA|NA|nan|NA,IT,IT
Italy_67,Italy_304,0.18055555555555555,0.3333333333333333,3,within,0|NA|NA|NA|NA|nan|NA,IT,IT
Italy_86,Italy_32,0.013888888888888888,0.3333333333333333,1,within,0|NA|NA|NA|NA|nan|NA,IT,IT
Italy_86,Italy_136,0.16666666666666666,0.3333333333333333,2,within,0|NA|NA|NA|NA|nan|NA,IT,IT
Italy_86,Italy_149,0.16666666666666666,0.3333333333333333,3,within,0|NA|NA|NA|NA|nan|NA,IT,IT
Italy_83,United Kingdom_38,0.0,0.3333333333333333,1,within,0|NA|NA|NA|NA|nan|NA,,
Italy_83,United Kingdom_58,0.0,0.3333333333333333,2,within,0|NA|NA|NA|NA|nan|NA,,
Italy_83,Sweden_8,0.0,0.3333333333333333,3,within,0|NA|NA|NA|NA|nan|NA,,
Italy_93,Italy_149,0.048611111111111105,0.3333333333333333,1,within,0|NA|NA|NA|NA|nan|NA,IT,IT
Italy_93,Italy_42,0.05555555555555555,0.3333333333333333,2,within,0|NA|NA|NA|NA|nan|NA,IT,IT
Italy_93,Italy_141,0.05555555555555555,0.3333333333333333,3,within,0|NA|NA|NA|NA|nan|NA,IT,IT
Italy_101,Italy_291,0.05555555555555555,0.3333333333333333,1,within,0|NA|NA|NA|NA|nan|NA,IT,IT
Italy_101,Italy_154,0.07638888888888888,0.3333333333333333,2,within,0|NA|NA|NA|NA|nan|NA,IT,IT
Italy_101,Italy_310,0.10416666666666667,0.3333333333333333,3,within,0|NA|NA|NA|NA|nan|NA,IT,IT
Italy_103,Italy_67,0.10416666666666667,0.3333333333333333,1,within,0|NA|NA|NA|NA|nan|NA,IT,IT
Italy_103,Italy_93,0.18055555555555555,0.3333333333333333,2,within,0|NA|NA|NA|NA|nan|NA,IT,IT
Italy_103,Italy_49,0.19444444444444445,0.3333333333333333,3,within,0|NA|NA|NA|NA|nan|NA,IT,IT
Italy_139,United Kingdom_36,0.0,0.3333333333333333,1,within,0|NA|NA|NA|NA|nan|NA,UNCLEAR,UNCLEAR
Italy_139,United Kingdom_63,0.0,0.3333333333333333,2,within,0|NA|NA|NA|NA|nan|NA,UNCLEAR,UNCLEAR
Italy_139,Spain_572,0.0,0.3333333333333333,3,within,0|NA|NA|NA|NA|nan|NA,UNCLEAR,UNCLEAR
Italy_136,Italy_304,0.05555555555555555,0.3333333333333333,1,within,0|NA|NA|NA|NA|nan|NA,IT,IT
Italy_136,Italy_140,0.0625,0.3333333333333333,2,within,0|NA|NA|NA|NA|nan|NA,IT,IT
Italy_136,Italy_149,0.16666666666666666,0.3333333333333333,3,within,0|NA|NA|NA|NA|nan|NA,IT,IT
Italy_140,Italy_304,0.03472222222222222,0.3333333333333333,1,within,0|NA|NA|NA|NA|nan|NA,IT,IT
Italy_140,Italy_136,0.0625,0.3333333333333333,2,within,0|NA|NA|NA|NA|nan|NA,IT,IT
Italy_140,Italy_303,0.16666666666666666,0.3333333333333333,3,within,0|NA|NA|NA|NA|nan|NA,IT,IT
Italy_141,Italy_292,0.03472222222222222,0.3333333333333333,1,within,0|NA|NA|NA|NA|nan|NA,IT,IT
Italy_141,Italy_149,0.048611111111111105,0.3333333333333333,2,within,0|NA|NA|NA|NA|nan|NA,IT,IT
Italy_141,Italy_93,0.05555555555555555,0.3333333333333333,3,within,0|NA|NA|NA|NA|nan|NA,IT,IT
Italy_149,Italy_292,0.013888888888888888,0.3333333333333333,1,within,0|NA|NA|NA|NA|nan|NA,IT,IT
Italy_149,Italy_42,0.03472222222222222,0.3333333333333333,2,within,0|NA|NA|NA|NA|nan|NA,IT,IT
Italy_149,Italy_256,0.041666666666666664,0.3333333333333333,3,within,0|NA|NA|NA|NA|nan|NA,IT,IT
Italy_154,Italy_291,0.048611111111111105,0.3333333333333333,1,within,0|NA|NA|NA|NA|nan|NA,IT,IT
Italy_154,Italy_310,0.05555555555555555,0.3333333333333333,2,within,0|NA|NA|NA|NA|nan|NA,IT,IT
Italy_154,Italy_101,0.07638888888888888,0.3333333333333333,3,within,0|NA|NA|NA|NA|nan|NA,IT,IT
Italy_159,Italy_51,0.048611111111111105,0.3333333333333333,1,within,0|NA|NA|NA|NA|nan|NA,IT,IT
Italy_159,Italy_303,0.048611111111111105,0.3333333333333333,2,within,0|NA|NA|NA|NA|nan|NA,IT,IT
Italy_159,Italy_176,0.06944444444444443,0.3333333333333333,3,within,0|NA|NA|NA|NA|nan|NA,IT,IT
Italy_169,United Kingdom_38,0.0,0.3333333333333333,1,within,0|NA|NA|NA|NA|nan|NA,,
Italy_169,United Kingdom_58,0.0,0.3333333333333333,2,within,0|NA|NA|NA|NA|nan|NA,,
Italy_169,Sweden_8,0.0,0.3333333333333333,3,within,0|NA|NA|NA|NA|nan|NA,,
Italy_173,United Kingdom_38,0.0,0.3333333333333333,1,within,0|NA|NA|NA|NA|nan|NA,,
Italy_173,United Kingdom_58,0.0,0.3333333333333333,2,within,0|NA|NA|NA|NA|nan|NA,,
Italy_173,Sweden_8,0.0,0.3333333333333333,3,within,0|NA|NA|NA|NA|nan|NA,,
Italy_176,Italy_51,0.020833333333333332,0.3333333333333333,1,within,0|NA|NA|NA|NA|nan|NA,IT,IT
Italy_176,Italy_303,0.020833333333333332,0.3333333333333333,2,within,0|NA|NA|NA|NA|nan|NA,IT,IT
Italy_176,Italy_159,0.06944444444444443,0.3333333333333333,3,within,0|NA|NA|NA|NA|nan|NA,IT,IT
Italy_181,United Kingdom_38,0.0,0.3333333333333333,1,within,0|NA|NA|NA|NA|nan|NA,,
Italy_181,United Kingdom_58,0.0,0.3333333333333333,2,within,0|NA|NA|NA|NA|nan|NA,,
Italy_181,Sweden_8,0.0,0.3333333333333333,3,within,0|NA|NA|NA|NA|nan|NA,,
Italy_191,Italy_204,0.020833333333333332,0.5,1,within,0|NA|NA|NA|NA|nan|NA,IT,IT
Italy_191,Italy_274,0.041666666666666664,0.5,2,within,0|NA|NA|NA|NA|nan|NA,IT,IT
Italy_204,Italy_191,0.020833333333333332,0.5,1,within,0|NA|NA|NA|NA|nan|NA,IT,IT
Italy_204,Italy_274,0.020833333333333332,0.5,2,within,0|NA|NA|NA|NA|nan|NA,IT,IT
Italy_256,Italy_42,0.03472222222222222,0.3333333333333333,1,within,0|NA|NA|NA|NA|nan|NA,IT,IT
Italy_256,Italy_149,0.041666666666666664,0.3333333333333333,2,within,0|NA|NA|NA|NA|nan|NA,IT,IT
Italy_256,Italy_292,0.05555555555555555,0.3333333333333333,3,within,0|NA|NA|NA|NA|nan|NA,IT,IT
Italy_263,United Kingdom_36,0.0,0.3333333333333333,1,within,0|NA|NA|NA|NA|nan|NA,UNCLEAR,UNCLEAR
Italy_263,United Kingdom_63,0.0,0.3333333333333333,2,within,0|NA|NA|NA|NA|nan|NA,UNCLEAR,UNCLEAR
Italy_263,Spain_572,0.0,0.3333333333333333,3,within,0|NA|NA|NA|NA|nan|NA,UNCLEAR,UNCLEAR
Italy_260,United Kingdom_38,0.0,0.3333333333333333,1,within,0|NA|NA|NA|NA|nan|NA,,
Italy_260,United Kingdom_58,0.0,0.3333333333333333,2,within,0|NA|NA|NA|NA|nan|NA,,
Italy_260,Sweden_8,0.0,0.3333333333333333,3,within,0|NA|NA|NA|NA|nan|NA,,
Italy_274,Italy_204,0.020833333333333332,0.5,1,within,0|NA|NA|NA|NA|nan|NA,IT,IT
Italy_274,Italy_191,0.041666666666666664,0.5,2,within,0|NA|NA|NA|NA|nan|NA,IT,IT
Italy_275,United Kingdom_38,0.0,0.3333333333333333,1,within,0|NA|NA|NA|NA|nan|NA,,
Italy_275,United Kingdom_58,0.0,0.3333333333333333,2,within,0|NA|NA|NA|NA|nan|NA,,
Italy_275,Sweden_8,0.0,0.3333333333333333,3,within,0|NA|NA|NA|NA|nan|NA,,
Italy_291,Italy_154,0.048611111111111105,0.3333333333333333,1,within,0|NA|NA|NA|NA|nan|NA,IT,IT
Italy_291,Italy_310,0.048611111111111105,0.3333333333333333,2,within,0|NA|NA|NA|NA|nan|NA,IT,IT
Italy_291,Italy_101,0.05555555555555555,0.3333333333333333,3,within,0|NA|NA|NA|NA|nan|NA,IT,IT
Italy_292,Italy_149,0.013888888888888888,0.3333333333333333,1,within,0|NA|NA|NA|NA|nan|NA,IT,IT
Italy_292,Italy_141,0.03472222222222222,0.3333333333333333,2,within,0|NA|NA|NA|NA|nan|NA,IT,IT
Italy_292,Italy_42,0.048611111111111105,0.3333333333333333,3,within,0|NA|NA|NA|NA|nan|NA,IT,IT
Italy_304,Italy_140,0.03472222222222222,0.3333333333333333,1,within,0|NA|NA|NA|NA|nan|NA,IT,IT
Italy_304,Italy_136,0.05555555555555555,0.3333333333333333,2,within,0|NA|NA|NA|NA|nan|NA,IT,IT
Italy_304,Italy_291,0.16666666666666666,0.3333333333333333,3,within,0|NA|NA|NA|NA|nan|NA,IT,IT
Italy_303,Italy_51,0.0,0.3333333333333333,1,within,0|NA|NA|NA|NA|nan|NA,IT,IT
Italy_303,Italy_176,0.020833333333333332,0.3333333333333333,2,within,0|NA|NA|NA|NA|nan|NA,IT,IT
Italy_303,Italy_159,0.048611111111111105,0.3333333333333333,3,within,0|NA|NA|NA|NA|nan|NA,IT,IT
Italy_310,Italy_291,0.048611111111111105,0.3333333333333333,1,within,0|NA|NA|NA|NA|nan|NA,IT,IT
Italy_310,Italy_154,0.05555555555555555,0.3333333333333333,2,within,0|NA|NA|NA|NA|nan|NA,IT,IT
Italy_310,Italy_101,0.10416666666666667,0.3333333333333333,3,within,0|NA|NA|NA|NA|nan|NA,IT,IT
Italy_313,United Kingdom_38,0.0,0.3333333333333333,1,within,0|NA|NA|NA|NA|nan|NA,,
Italy_313,United Kingdom_58,0.0,0.3333333333333333,2,within,0|NA|NA|NA|NA|nan|NA,,
Italy_313,Sweden_8,0.0,0.3333333333333333,3,within,0|NA|NA|NA|NA|nan|NA,,
Italy_311,United Kingdom_38,0.0,0.3333333333333333,1,within,0|NA|NA|NA|NA|nan|NA,,
Italy_311,United Kingdom_58,0.0,0.3333333333333333,2,within,0|NA|NA|NA|NA|nan|NA,,
Italy_311,Sweden_8,0.0,0.3333333333333333,3,within,0|NA|NA|NA|NA|nan|NA,,
Ireland_5,United Kingdom_36,0.0,0.3333333333333333,1,within,0|NA|NA|NA|NA|nan|NA,UNCLEAR,UNCLEAR
Ireland_5,United Kingdom_63,0.0,0.3333333333333333,2,within,0|NA|NA|NA|NA|nan|NA,UNCLEAR,UNCLEAR
Ireland_5,Spain_572,0.0,0.3333333333333333,3,within,0|NA|NA|NA|NA|nan|NA,UNCLEAR,UNCLEAR
Ireland_1,Ireland_34,0.19444444444444445,1.0,1,within,0|NA|NA|NA|NA|nan|NA,IE,IE
Ireland_3,United Kingdom_38,0.0,0.3333333333333333,1,within,0|NA|NA|NA|NA|nan|NA,,
Ireland_3,United Kingdom_58,0.0,0.3333333333333333,2,within,0|NA|NA|NA|NA|nan|NA,,
Ireland_3,Sweden_8,0.0,0.3333333333333333,3,within,0|NA|NA|NA|NA|nan|NA,,
Ireland_11,United Kingdom_10,0.0,0.3333333333333333,1,within,0|NA|NA|NA|NA|nan|NA,UNCLEAR,UNCLEAR
Ireland_11,United Kingdom_7,0.0,0.3333333333333333,2,within,0|NA|NA|NA|NA|nan|NA,UNCLEAR,UNCLEAR
Ireland_11,Spain_447,0.0,0.3333333333333333,3,within,0|NA|NA|NA|NA|nan|NA,UNCLEAR,UNCLEAR
Ireland_10,Ireland_17,0.048611111111111105,0.3333333333333333,1,within,0|NA|NA|NA|NA|nan|NA,IE,IE
Ireland_10,Ireland_24,0.08333333333333333,0.3333333333333333,2,within,0|NA|NA|NA|NA|nan|NA,IE,IE
Ireland_10,Ireland_29,0.1875,0.3333333333333333,3,within,0|NA|NA|NA|NA|nan|NA,IE,IE
Ireland_12,United Kingdom_10,0.0,0.3333333333333333,1,within,0|NA|NA|NA|NA|nan|NA,UNCLEAR,UNCLEAR
Ireland_12,United Kingdom_7,0.0,0.3333333333333333,2,within,0|NA|NA|NA|NA|nan|NA,UNCLEAR,UNCLEAR
Ireland_12,Spain_447,0.0,0.3333333333333333,3,within,0|NA|NA|NA|NA|nan|NA,UNCLEAR,UNCLEAR
Ireland_18,United Kingdom_36,0.0,0.3333333333333333,1,within,0|NA|NA|NA|NA|nan|NA,UNCLEAR,UNCLEAR
Ireland_18,United Kingdom_63,0.0,0.3333333333333333,2,within,0|NA|NA|NA|NA|nan|NA,UNCLEAR,UNCLEAR
Ireland_18,Spain_572,0.0,0.3333333333333333,3,within,0|NA|NA|NA|NA|nan|NA,UNCLEAR,UNCLEAR
Ireland_15,United Kingdom_10,0.0,0.3333333333333333,1,within,0|NA|NA|NA|NA|nan|NA,UNCLEAR,UNCLEAR
Ireland_15,United Kingdom_7,0.0,0.3333333333333333,2,within,0|NA|NA|NA|NA|nan|NA,UNCLEAR,UNCLEAR
Ireland_15,Spain_447,0.0,0.3333333333333333,3,within,0|NA|NA|NA|NA|nan|NA,UNCLEAR,UNCLEAR
Ireland_17,Ireland_10,0.048611111111111105,0.3333333333333333,1,within,0|NA|NA|NA|NA|nan|NA,IE,IE
Ireland_17,Ireland_24,0.09027777777777779,0.3333333333333333,2,within,0|NA|NA|NA|NA|nan|NA,IE,IE
Ireland_17,Ireland_29,0.19444444444444445,0.3333333333333333,3,within,0|NA|NA|NA|NA|nan|NA,IE,IE
Ireland_8,United Kingdom_38,0.0,0.3333333333333333,1,within,0|NA|NA|NA|NA|nan|NA,,
Ireland_8,United Kingdom_58,0.0,0.3333333333333333,2,within,0|NA|NA|NA|NA|nan|NA,,
Ireland_8,Sweden_8,0.0,0.3333333333333333,3,within,0|NA|NA|NA|NA|nan|NA,,
Ireland_9,United Kingdom_38,0.0,0.3333333333333333,1,within,0|NA|NA|NA|NA|nan|NA,,
Ireland_9,United Kingdom_58,0.0,0.3333333333333333,2,within,0|NA|NA|NA|NA|nan|NA,,
Ireland_9,Sweden_8,0.0,0.3333333333333333,3,within,0|NA|NA|NA|NA|nan|NA,,
Ireland_20,Ireland_41,0.0,0.3333333333333333,1,within,0|NA|NA|NA|NA|nan|NA,UNCLEAR,UNCLEAR
Ireland_20,Ireland_22,0.0,0.3333333333333333,2,within,0|NA|NA|NA|NA|nan|NA,UNCLEAR,UNCLEAR
Ireland_20,Ireland_28,0.0,0.3333333333333333,3,within,0|NA|NA|NA|NA|nan|NA,UNCLEAR,UNCLEAR
Ireland_22,Ireland_41,0.0,0.3333333333333333,1,within,0|NA|NA|NA|NA|nan|NA,UNCLEAR,UNCLEAR
Ireland_22,Ireland_20,0.0,0.3333333333333333,2,within,0|NA|NA|NA|NA|nan|NA,UNCLEAR,UNCLEAR
Ireland_22,Ireland_28,0.0,0.3333333333333333,3,within,0|NA|NA|NA|NA|nan|NA,UNCLEAR,UNCLEAR
Ireland_24,Ireland_10,0.08333333333333333,0.3333333333333333,1,within,0|NA|NA|NA|NA|nan|NA,IE,IE
Ireland_24,Ireland_17,0.09027777777777779,0.3333333333333333,2,within,0|NA|NA|NA|NA|nan|NA,IE,IE
Ireland_24,Ireland_29,0.22916666666666666,0.3333333333333333,3,within,0|NA|NA|NA|NA|nan|NA,IE,IE
Ireland_23,United Kingdom_10,0.0,0.3333333333333333,1,within,0|NA|NA|NA|NA|nan|NA,UNCLEAR,UNCLEAR
Ireland_23,United Kingdom_7,0.0,0.3333333333333333,2,within,0|NA|NA|NA|NA|nan|NA,UNCLEAR,UNCLEAR
Ireland_23,Spain_447,0.0,0.3333333333333333,3,within,0|NA|NA|NA|NA|nan|NA,UNCLEAR,UNCLEAR
Ireland_26,United Kingdom_36,0.0,0.3333333333333333,1,within,0|NA|NA|NA|NA|nan|NA,UNCLEAR,UNCLEAR
Ireland_26,United Kingdom_63,0.0,0.3333333333333333,2,within,0|NA|NA|NA|NA|nan|NA,UNCLEAR,UNCLEAR
Ireland_26,Spain_572,0.0,0.3333333333333333,3,within,0|NA|NA|NA|NA|nan|NA,UNCLEAR,UNCLEAR
Ireland_28,Ireland_41,0.0,0.3333333333333333,1,within,0|NA|NA|NA|NA|nan|NA,UNCLEAR,UNCLEAR
Ireland_28,Ireland_20,0.0,0.3333333333333333,2,within,0|NA|NA|NA|NA|nan|NA,UNCLEAR,UNCLEAR
Ireland_28,Ireland_22,0.0,0.3333333333333333,3,within,0|NA|NA|NA|NA|nan|NA,UNCLEAR,UNCLEAR
Ireland_29,Ireland_34,0.16666666666666666,0.3333333333333333,1,within,0|NA|NA|NA|NA|nan|NA,IE,IE
Ireland_29,Ireland_10,0.1875,0.3333333333333333,2,within,0|NA|NA|NA|NA|nan|NA,IE,IE
Ireland_29,Ireland_17,0.19444444444444445,0.3333333333333333,3,within,0|NA|NA|NA|NA|nan|NA,IE,IE
Ireland_33,United Kingdom_36,0.0,0.3333333333333333,1,within,0|NA|NA|NA|NA|nan|NA,UNCLEAR,UNCLEAR
Ireland_33,United Kingdom_63,0.0,0.3333333333333333,2,within,0|NA|NA|NA|NA|nan|NA,UNCLEAR,UNCLEAR
Ireland_33,Spain_572,0.0,0.3333333333333333,3,within,0|NA|NA|NA|NA|nan|NA,UNCLEAR,UNCLEAR
Ireland_36,United Kingdom_36,0.0,0.3333333333333333,1,within,0|NA|NA|NA|NA|nan|NA,UNCLEAR,UNCLEAR
Ireland_36,United Kingdom_63,0.0,0.3333333333333333,2,within,0|NA|NA|NA|NA|nan|NA,UNCLEAR,UNCLEAR
Ireland_36,Spain_572,0.0,0.3333333333333333,3,within,0|NA|NA|NA|NA|nan|NA,UNCLEAR,UNCLEAR
Ireland_34,Ireland_29,0.16666666666666666,0.3333333333333333,1,within,0|NA|NA|NA|NA|nan|NA,IE,IE
Ireland_34,Ireland_10,0.1875,0.3333333333333333,2,within,0|NA|NA|NA|NA|nan|NA,IE,IE
Ireland_34,Ireland_17,0.19444444444444445,0.3333333333333333,3,within,0|NA|NA|NA|NA|nan|NA,IE,IE
Ireland_41,Ireland_28,0.0,0.3333333333333333,1,within,0|NA|NA|NA|NA|nan|NA,UNCLEAR,UNCLEAR
Ireland_41,Ireland_20,0.0,0.3333333333333333,2,within,0|NA|NA|NA|NA|nan|NA,UNCLEAR,UNCLEAR
Ireland_41,Ireland_22,0.0,0.3333333333333333,3,within,0|NA|NA|NA|NA|nan|NA,UNCLEAR,UNCLEAR
Ireland_39,Spain_365,0.0,0.3333333333333333,1,within,0|NA|NA|NA|NA|nan|NA,UNCLEAR,UNCLEAR
Ireland_39,Sweden_46,0.0,0.3333333333333333,2,within,0|NA|NA|NA|NA|nan|NA,UNCLEAR,UNCLEAR
Ireland_39,Spain_623,0.0,0.3333333333333333,3,within,0|NA|NA|NA|NA|nan|NA,UNCLEAR,UNCLEAR
Ireland_43,United Kingdom_36,0.0,0.3333333333333333,1,within,0|NA|NA|NA|NA|nan|NA,UNCLEAR,UNCLEAR
Ireland_43,United Kingdom_63,0.0,0.3333333333333333,2,within,0|NA|NA|NA|NA|nan|NA,UNCLEAR,UNCLEAR
Ireland_43,Spain_572,0.0,0.3333333333333333,3,within,0|NA|NA|NA|NA|nan|NA,UNCLEAR,UNCLEAR
Ireland_40,Ireland_28,0.0,0.3333333333333333,1,within,0|NA|NA|NA|NA|nan|NA,UNCLEAR,UNCLEAR
Ireland_40,Ireland_20,0.0,0.3333333333333333,2,within,0|NA|NA|NA|NA|nan|NA,UNCLEAR,UNCLEAR
Ireland_40,Ireland_22,0.0,0.3333333333333333,3,within,0|NA|NA|NA|NA|nan|NA,UNCLEAR,UNCLEAR
Ireland_30,United Kingdom_38,0.0,0.3333333333333333,1,within,0|NA|NA|NA|NA|nan|NA,,
Ireland_30,United Kingdom_58,0.0,0.3333333333333333,2,within,0|NA|NA|NA|NA|nan|NA,,
Ireland_30,Sweden_8,0.0,0.3333333333333333,3,within,0|NA|NA|NA|NA|nan|NA,,
Ireland_45,United Kingdom_38,0.0,0.3333333333333333,1,within,0|NA|NA|NA|NA|nan|NA,,
Ireland_45,United Kingdom_58,0.0,0.3333333333333333,2,within,0|NA|NA|NA|NA|nan|NA,,
Ireland_45,Sweden_8,0.0,0.3333333333333333,3,within,0|NA|NA|NA|NA|nan|NA,,
Iceland_11,Iceland_100,0.03472222222222222,0.3333333333333333,1,within,0|NA|NA|NA|NA|nan|NA,IS,IS
Iceland_11,Iceland_94,0.16666666666666666,0.3333333333333333,2,within,0|NA|NA|NA|NA|nan|NA,IS,IS
Iceland_11,Iceland_55,0.19444444444444445,0.3333333333333333,3,within,0|NA|NA|NA|NA|nan|NA,IS,IS
Iceland_17,United Kingdom_38,0.0,0.3333333333333333,1,within,0|NA|NA|NA|NA|nan|NA,,
Iceland_17,United Kingdom_58,0.0,0.3333333333333333,2,within,0|NA|NA|NA|NA|nan|NA,,
Iceland_17,Sweden_8,0.0,0.3333333333333333,3,within,0|NA|NA|NA|NA|nan|NA,,
Iceland_18,United Kingdom_38,0.0,0.3333333333333333,1,within,0|NA|NA|NA|NA|nan|NA,,
Iceland_18,United Kingdom_58,0.0,0.3333333333333333,2,within,0|NA|NA|NA|NA|nan|NA,,
Iceland_18,Sweden_8,0.0,0.3333333333333333,3,within,0|NA|NA|NA|NA|nan|NA,,
Iceland_22,United Kingdom_38,0.0,0.3333333333333333,1,within,0|NA|NA|NA|NA|nan|NA,,
Iceland_22,United Kingdom_58,0.0,0.3333333333333333,2,within,0|NA|NA|NA|NA|nan|NA,,
Iceland_22,Sweden_8,0.0,0.3333333333333333,3,within,0|NA|NA|NA|NA|nan|NA,,
Iceland_27,United Kingdom_38,0.0,0.3333333333333333,1,within,0|NA|NA|NA|NA|nan|NA,,
Iceland_27,United Kingdom_58,0.0,0.3333333333333333,2,within,0|NA|NA|NA|NA|nan|NA,,
Iceland_27,Sweden_8,0.0,0.3333333333333333,3,within,0|NA|NA|NA|NA|nan|NA,,
Iceland_28,Iceland_38,0.03472222222222222,0.3333333333333333,1,within,0|NA|NA|NA|NA|nan|NA,IS,IS
Iceland_28,Iceland_72,0.1111111111111111,0.3333333333333333,2,within,0|NA|NA|NA|NA|nan|NA,IS,IS
Iceland_28,Iceland_79,0.16666666666666666,0.3333333333333333,3,within,0|NA|NA|NA|NA|nan|NA,IS,IS
Iceland_33,Iceland_88,0.16666666666666666,0.3333333333333333,1,within,0|NA|NA|NA|NA|nan|NA,IS,IS
Iceland_33,Iceland_84,0.1875,0.3333333333333333,2,within,0|NA|NA|NA|NA|nan|NA,IS,IS
Iceland_33,Iceland_94,0.20138888888888887,0.3333333333333333,3,within,0|NA|NA|NA|NA|nan|NA,IS,IS
Iceland_38,Iceland_28,0.03472222222222222,0.3333333333333333,1,within,0|NA|NA|NA|NA|nan|NA,IS,IS
Iceland_38,Iceland_72,0.07638888888888888,0.3333333333333333,2,within,0|NA|NA|NA|NA|nan|NA,IS,IS
Iceland_38,Iceland_94,0.16666666666666666,0.3333333333333333,3,within,0|NA|NA|NA|NA|nan|NA,IS,IS
Iceland_47,Iceland_94,0.041666666666666664,0.3333333333333333,1,within,0|NA|NA|NA|NA|nan|NA,IS,IS
Iceland_47,Iceland_55,0.06944444444444443,0.3333333333333333,2,within,0|NA|NA|NA|NA|nan|NA,IS,IS
Iceland_47,Iceland_88,0.07638888888888888,0.3333333333333333,3,within,0|NA|NA|NA|NA|nan|NA,IS,IS
Iceland_57,Iceland_61,0.048611111111111105,0.5,1,within,0|NA|NA|NA|NA|nan|NA,IS,IS
Iceland_57,Iceland_59,0.25,0.5,2,within,0|NA|NA|NA|NA|nan|NA,IS,IS
Iceland_59,Iceland_61,0.24305555555555555,0.5,1,within,0|NA|NA|NA|NA|nan|NA,IS,IS
Iceland_59,Iceland_57,0.25,0.5,2,within,0|NA|NA|NA|NA|nan|NA,IS,IS
Iceland_55,Iceland_94,0.027777777777777776,0.3333333333333333,1,within,0|NA|NA|NA|NA|nan|NA,IS,IS
Iceland_55,Iceland_88,0.0625,0.3333333333333333,2,within,0|NA|NA|NA|NA|nan|NA,IS,IS
Iceland_55,Iceland_47,0.06944444444444443,0.3333333333333333,3,within,0|NA|NA|NA|NA|nan|NA,IS,IS
Iceland_61,Iceland_57,0.048611111111111105,0.5,1,within,0|NA|NA|NA|NA|nan|NA,IS,IS
Iceland_61,Iceland_59,0.24305555555555555,0.5,2,within,0|NA|NA|NA|NA|nan|NA,IS,IS
Iceland_70,Iceland_28,0.16666666666666666,0.3333333333333333,1,within,0|NA|NA|NA|NA|nan|NA,IS,IS
Iceland_70,Iceland_88,0.16666666666666666,0.3333333333333333,2,within,0|NA|NA|NA|NA|nan|NA,IS,IS
Iceland_70,Iceland_87,0.16666666666666666,0.3333333333333333,3,within,0|NA|NA|NA|NA|nan|NA,IS,IS
Iceland_77,Iceland_38,0.21527777777777776,0.3333333333333333,1,within,0|NA|NA|NA|NA|nan|NA,IS,IS
Iceland_77,Iceland_72,0.2222222222222222,0.3333333333333333,2,within,0|NA|NA|NA|NA|nan|NA,IS,IS
Iceland_77,Iceland_28,0.25,0.3333333333333333,3,within,0|NA|NA|NA|NA|nan|NA,IS,IS
Iceland_72,Iceland_38,0.07638888888888888,0.3333333333333333,1,within,0|NA|NA|NA|NA|nan|NA,IS,IS
Iceland_72,Iceland_28,0.1111111111111111,0.3333333333333333,2,within,0|NA|NA|NA|NA|nan|NA,IS,IS
Iceland_72,Iceland_47,0.20138888888888887,0.3333333333333333,3,within,0|NA|NA|NA|NA|nan|NA,IS,IS
Iceland_79,Iceland_28,0.16666666666666666,0.3333333333333333,1,within,0|NA|NA|NA|NA|nan|NA,IS,IS
Iceland_79,Iceland_88,0.16666666666666666,0.3333333333333333,2,within,0|NA|NA|NA|NA|nan|NA,IS,IS
Iceland_79,Iceland_87,0.16666666666666666,0.3333333333333333,3,within,0|NA|NA|NA|NA|nan|NA,IS,IS
Iceland_85,Ireland_28,0.0,0.3333333333333333,1,within,0|NA|NA|NA|NA|nan|NA,UNCLEAR,UNCLEAR
Iceland_85,Ireland_20,0.0,0.3333333333333333,2,within,0|NA|NA|NA|NA|nan|NA,UNCLEAR,UNCLEAR
Iceland_85,Ireland_22,0.0,0.3333333333333333,3,within,0|NA|NA|NA|NA|nan|NA,UNCLEAR,UNCLEAR
Iceland_84,Iceland_94,0.18055555555555555,0.3333333333333333,1,within,0|NA|NA|NA|NA|nan|NA,IS,IS
Iceland_84,Iceland_33,0.1875,0.3333333333333333,2,within,0|NA|NA|NA|NA|nan|NA,IS,IS
Iceland_84,Iceland_88,0.1875,0.3333333333333333,3,within,0|NA|NA|NA|NA|nan|NA,IS,IS
Iceland_87,Iceland_28,0.16666666666666666,0.3333333333333333,1,within,0|NA|NA|NA|NA|nan|NA,IS,IS
Iceland_87,Iceland_88,0.16666666666666666,0.3333333333333333,2,within,0|NA|NA|NA|NA|nan|NA,IS,IS
Iceland_87,Iceland_79,0.16666666666666666,0.3333333333333333,3,within,0|NA|NA|NA|NA|nan|NA,IS,IS
Iceland_88,Iceland_94,0.03472222222222222,0.3333333333333333,1,within,0|NA|NA|NA|NA|nan|NA,IS,IS
Iceland_88,Iceland_55,0.0625,0.3333333333333333,2,within,0|NA|NA|NA|NA|nan|NA,IS,IS
Iceland_88,Iceland_47,0.07638888888888888,0.3333333333333333,3,within,0|NA|NA|NA|NA|nan|NA,IS,IS
Iceland_94,Iceland_55,0.027777777777777776,0.3333333333333333,1,within,0|NA|NA|NA|NA|nan|NA,IS,IS
Iceland_94,Iceland_88,0.03472222222222222,0.3333333333333333,2,within,0|NA|NA|NA|NA|nan|NA,IS,IS
Iceland_94,Iceland_47,0.041666666666666664,0.3333333333333333,3,within,0|NA|NA|NA|NA|nan|NA,IS,IS
Iceland_100,Iceland_11,0.03472222222222222,0.3333333333333333,1,within,0|NA|NA|NA|NA|nan|NA,IS,IS
Iceland_100,Iceland_88,0.16666666666666666,0.3333333333333333,2,within,0|NA|NA|NA|NA|nan|NA,IS,IS
Iceland_100,Iceland_94,0.20138888888888887,0.3333333333333333,3,within,0|NA|NA|NA|NA|nan|NA,IS,IS
Hungary_1,Hungary_29,0.0625,0.3333333333333333,1,within,0|NA|NA|NA|NA|nan|NA,HU,HU
Hungary_1,Hungary_14,0.19444444444444445,0.3333333333333333,2,within,0|NA|NA|NA|NA|nan|NA,HU,HU
Hungary_1,Hungary_17,0.23611111111111108,0.3333333333333333,3,within,0|NA|NA|NA|NA|nan|NA,HU,HU
Hungary_3,United Kingdom_36,0.0,0.3333333333333333,1,within,0|NA|NA|NA|NA|nan|NA,UNCLEAR,UNCLEAR
Hungary_3,United Kingdom_63,0.0,0.3333333333333333,2,within,0|NA|NA|NA|NA|nan|NA,UNCLEAR,UNCLEAR
Hungary_3,Spain_572,0.0,0.3333333333333333,3,within,0|NA|NA|NA|NA|nan|NA,UNCLEAR,UNCLEAR
Hungary_2,Spain_365,0.0,0.3333333333333333,1,within,0|NA|NA|NA|NA|nan|NA,UNCLEAR,UNCLEAR
Hungary_2,Sweden_46,0.0,0.3333333333333333,2,within,0|NA|NA|NA|NA|nan|NA,UNCLEAR,UNCLEAR
Hungary_2,Spain_623,0.0,0.3333333333333333,3,within,0|NA|NA|NA|NA|nan|NA,UNCLEAR,UNCLEAR
Iceland_99,United Kingdom_38,0.0,0.3333333333333333,1,within,0|NA|NA|NA|NA|nan|NA,,
Iceland_99,United Kingdom_58,0.0,0.3333333333333333,2,within,0|NA|NA|NA|NA|nan|NA,,
Iceland_99,Sweden_8,0.0,0.3333333333333333,3,within,0|NA|NA|NA|NA|nan|NA,,
Hungary_14,Hungary_1,0.19444444444444445,0.3333333333333333,1,within,0|NA|NA|NA|NA|nan|NA,HU,HU
Hungary_14,Hungary_17,0.20833333333333334,0.3333333333333333,2,within,0|NA|NA|NA|NA|nan|NA,HU,HU
Hungary_14,Hungary_29,0.2569444444444444,0.3333333333333333,3,within,0|NA|NA|NA|NA|nan|NA,HU,HU
Hungary_15,Hungary_17,0.1875,1.0,1,within,0|NA|NA|NA|NA|nan|NA,HU,HU
Hungary_17,Hungary_15,0.1875,0.3333333333333333,1,within,0|NA|NA|NA|NA|nan|NA,HU,HU
Hungary_17,Hungary_14,0.20833333333333334,0.3333333333333333,2,within,0|NA|NA|NA|NA|nan|NA,HU,HU
Hungary_17,Hungary_29,0.21527777777777776,0.3333333333333333,3,within,0|NA|NA|NA|NA|nan|NA,HU,HU
Hungary_29,Hungary_1,0.0625,0.3333333333333333,1,within,0|NA|NA|NA|NA|nan|NA,HU,HU
Hungary_29,Hungary_17,0.21527777777777776,0.3333333333333333,2,within,0|NA|NA|NA|NA|nan|NA,HU,HU
Hungary_29,Hungary_60,0.21527777777777776,0.3333333333333333,3,within,0|NA|NA|NA|NA|nan|NA,HU,HU
Hungary_33,Hungary_53,0.18055555555555555,0.3333333333333333,1,within,0|NA|NA|NA|NA|nan|NA,HU,HU
Hungary_33,Hungary_60,0.18055555555555555,0.3333333333333333,2,within,0|NA|NA|NA|NA|nan|NA,HU,HU
Hungary_33,Hungary_46,0.27777777777777773,0.3333333333333333,3,within,0|NA|NA|NA|NA|nan|NA,HU,HU
Hungary_37,United Kingdom_10,0.0,0.3333333333333333,1,within,0|NA|NA|NA|NA|nan|NA,UNCLEAR,UNCLEAR
Hungary_37,United Kingdom_7,0.0,0.3333333333333333,2,within,0|NA|NA|NA|NA|nan|NA,UNCLEAR,UNCLEAR
Hungary_37,Spain_447,0.0,0.3333333333333333,3,within,0|NA|NA|NA|NA|nan|NA,UNCLEAR,UNCLEAR
Hungary_38,United Kingdom_38,0.0,0.3333333333333333,1,within,0|NA|NA|NA|NA|nan|NA,,
Hungary_38,United Kingdom_58,0.0,0.3333333333333333,2,within,0|NA|NA|NA|NA|nan|NA,,
Hungary_38,Sweden_8,0.0,0.3333333333333333,3,within,0|NA|NA|NA|NA|nan|NA,,
Hungary_46,Hungary_60,0.125,0.3333333333333333,1,within,0|NA|NA|NA|NA|nan|NA,HU,HU
Hungary_46,Hungary_29,0.24305555555555555,0.3333333333333333,2,within,0|NA|NA|NA|NA|nan|NA,HU,HU
Hungary_46,Hungary_33,0.27777777777777773,0.3333333333333333,3,within,0|NA|NA|NA|NA|nan|NA,HU,HU
Hungary_50,United Kingdom_36,0.0,0.3333333333333333,1,within,0|NA|NA|NA|NA|nan|NA,UNCLEAR,UNCLEAR
Hungary_50,United Kingdom_63,0.0,0.3333333333333333,2,within,0|NA|NA|NA|NA|nan|NA,UNCLEAR,UNCLEAR
Hungary_50,Spain_572,0.0,0.3333333333333333,3,within,0|NA|NA|NA|NA|nan|NA,UNCLEAR,UNCLEAR
Hungary_53,Hungary_60,0.16666666666666666,0.3333333333333333,1,within,0|NA|NA|NA|NA|nan|NA,HU,HU
Hungary_53,Hungary_33,0.18055555555555555,0.3333333333333333,2,within,0|NA|NA|NA|NA|nan|NA,HU,HU
Hungary_53,Hungary_46,0.2916666666666667,0.3333333333333333,3,within,0|NA|NA|NA|NA|nan|NA,HU,HU
Hungary_52,Hungary_29,0.23611111111111108,0.3333333333333333,1,within,0|NA|NA|NA|NA|nan|NA,HU,HU
Hungary_52,Hungary_17,0.2847222222222222,0.3333333333333333,2,within,0|NA|NA|NA|NA|nan|NA,HU,HU
Hungary_52,Hungary_1,0.2986111111111111,0.3333333333333333,3,within,0|NA|NA|NA|NA|nan|NA,HU,HU
Hungary_51,United Kingdom_38,0.0,0.3333333333333333,1,within,0|NA|NA|NA|NA|nan|NA,,
Hungary_51,United Kingdom_58,0.0,0.3333333333333333,2,within,0|NA|NA|NA|NA|nan|NA,,
Hungary_51,Sweden_8,0.0,0.3333333333333333,3,within,0|NA|NA|NA|NA|nan|NA,,
Hungary_58,Spain_365,0.0,0.3333333333333333,1,within,0|NA|NA|NA|NA|nan|NA,UNCLEAR,UNCLEAR
Hungary_58,Sweden_46,0.0,0.3333333333333333,2,within,0|NA|NA|NA|NA|nan|NA,UNCLEAR,UNCLEAR
Hungary_58,Spain_623,0.0,0.3333333333333333,3,within,0|NA|NA|NA|NA|nan|NA,UNCLEAR,UNCLEAR
Greece_1,United Kingdom_33,0.0,0.3333333333333333,1,within,0|NA|NA|NA|NA|nan|NA,UNCLEAR,UNCLEAR
Greece_1,Greece_11,0.013888888888888888,0.3333333333333333,2,within,0|NA|NA|NA|NA|nan|NA,UNCLEAR,UNCLEAR
Greece_1,Greece_121,0.027777777777777776,0.3333333333333333,3,within,0|NA|NA|NA|NA|nan|NA,UNCLEAR,UNCLEAR
Hungary_60,Hungary_46,0.125,0.3333333333333333,1,within,0|NA|NA|NA|NA|nan|NA,HU,HU
Hungary_60,Hungary_53,0.16666666666666666,0.3333333333333333,2,within,0|NA|NA|NA|NA|nan|NA,HU,HU
Hungary_60,Hungary_33,0.18055555555555555,0.3333333333333333,3,within,0|NA|NA|NA|NA|nan|NA,HU,HU
Greece_2,United Kingdom_10,0.0,0.3333333333333333,1,within,0|NA|NA|NA|NA|nan|NA,UNCLEAR,UNCLEAR
Greece_2,United Kingdom_7,0.0,0.3333333333333333,2,within,0|NA|NA|NA|NA|nan|NA,UNCLEAR,UNCLEAR
Greece_2,Spain_447,0.0,0.3333333333333333,3,within,0|NA|NA|NA|NA|nan|NA,UNCLEAR,UNCLEAR
Greece_5,United Kingdom_38,0.0,0.3333333333333333,1,within,0|NA|NA|NA|NA|nan|NA,,
Greece_5,United Kingdom_58,0.0,0.3333333333333333,2,within,0|NA|NA|NA|NA|nan|NA,,
Greece_5,Sweden_8,0.0,0.3333333333333333,3,within,0|NA|NA|NA|NA|nan|NA,,
Greece_11,United Kingdom_33,0.013888888888888888,0.3333333333333333,1,within,0|NA|NA|NA|NA|nan|NA,UNCLEAR,UNCLEAR
Greece_11,Greece_1,0.013888888888888888,0.3333333333333333,2,within,0|NA|NA|NA|NA|nan|NA,UNCLEAR,UNCLEAR
Greece_11,Greece_121,0.041666666666666664,0.3333333333333333,3,within,0|NA|NA|NA|NA|nan|NA,UNCLEAR,UNCLEAR
Greece_9,Greece_38,0.2222222222222222,1.0,1,within,0|NA|NA|NA|NA|nan|NA,GR,GR
Greece_7,Greece_86,0.18055555555555555,0.3333333333333333,1,within,0|NA|NA|NA|NA|nan|NA,GR,GR
Greece_7,Greece_30,0.1875,0.3333333333333333,2,within,0|NA|NA|NA|NA|nan|NA,GR,GR
Greece_7,Greece_34,0.1875,0.3333333333333333,3,within,0|NA|NA|NA|NA|nan|NA,GR,GR
Greece_15,United Kingdom_10,0.0,0.3333333333333333,1,within,0|NA|NA|NA|NA|nan|NA,UNCLEAR,UNCLEAR
Greece_15,United Kingdom_7,0.0,0.3333333333333333,2,within,0|NA|NA|NA|NA|nan|NA,UNCLEAR,UNCLEAR
Greece_15,Spain_447,0.0,0.3333333333333333,3,within,0|NA|NA|NA|NA|nan|NA,UNCLEAR,UNCLEAR
Greece_14,Greece_86,0.20833333333333334,0.3333333333333333,1,within,0|NA|NA|NA|NA|nan|NA,GR,GR
Greece_14,Greece_90,0.2222222222222222,0.3333333333333333,2,within,0|NA|NA|NA|NA|nan|NA,GR,GR
Greece_14,Greece_43,0.22916666666666666,0.3333333333333333,3,within,0|NA|NA|NA|NA|nan|NA,GR,GR
Greece_24,United Kingdom_36,0.0,0.3333333333333333,1,within,0|NA|NA|NA|NA|nan|NA,UNCLEAR,UNCLEAR
Greece_24,United Kingdom_63,0.0,0.3333333333333333,2,within,0|NA|NA|NA|NA|nan|NA,UNCLEAR,UNCLEAR
Greece_24,Spain_572,0.0,0.3333333333333333,3,within,0|NA|NA|NA|NA|nan|NA,UNCLEAR,UNCLEAR
Greece_21,United Kingdom_10,0.0,0.3333333333333333,1,within,0|NA|NA|NA|NA|nan|NA,UNCLEAR,UNCLEAR
Greece_21,United Kingdom_7,0.0,0.3333333333333333,2,within,0|NA|NA|NA|NA|nan|NA,UNCLEAR,UNCLEAR
Greece_21,Spain_447,0.0,0.3333333333333333,3,within,0|NA|NA|NA|NA|nan|NA,UNCLEAR,UNCLEAR
Greece_30,Greece_34,0.0,0.3333333333333333,1,within,0|NA|NA|NA|NA|nan|NA,GR,GR
Greece_30,Greece_95,0.18055555555555555,0.3333333333333333,2,within,0|NA|NA|NA|NA|nan|NA,GR,GR
Greece_30,Greece_7,0.1875,0.3333333333333333,3,within,0|NA|NA|NA|NA|nan|NA,GR,GR
Greece_34,Greece_30,0.0,0.3333333333333333,1,within,0|NA|NA|NA|NA|nan|NA,GR,GR
Greece_34,Greece_95,0.18055555555555555,0.3333333333333333,2,within,0|NA|NA|NA|NA|nan|NA,GR,GR
Greece_34,Greece_7,0.1875,0.3333333333333333,3,within,0|NA|NA|NA|NA|nan|NA,GR,GR
Greece_38,Greece_9,0.2222222222222222,0.3333333333333333,1,within,0|NA|NA|NA|NA|nan|NA,GR,GR
Greece_38,Greece_30,0.2222222222222222,0.3333333333333333,2,within,0|NA|NA|NA|NA|nan|NA,GR,GR
Greece_38,Greece_34,0.2222222222222222,0.3333333333333333,3,within,0|NA|NA|NA|NA|nan|NA,GR,GR
Greece_31,United Kingdom_38,0.0,0.3333333333333333,1,within,0|NA|NA|NA|NA|nan|NA,,
Greece_31,United Kingdom_58,0.0,0.3333333333333333,2,within,0|NA|NA|NA|NA|nan|NA,,
Greece_31,Sweden_8,0.0,0.3333333333333333,3,within,0|NA|NA|NA|NA|nan|NA,,
Greece_44,United Kingdom_36,0.0,0.3333333333333333,1,within,0|NA|NA|NA|NA|nan|NA,UNCLEAR,UNCLEAR
Greece_44,United Kingdom_63,0.0,0.3333333333333333,2,within,0|NA|NA|NA|NA|nan|NA,UNCLEAR,UNCLEAR
Greece_44,Spain_572,0.0,0.3333333333333333,3,within,0|NA|NA|NA|NA|nan|NA,UNCLEAR,UNCLEAR
Greece_43,Greece_49,0.013888888888888888,0.3333333333333333,1,within,0|NA|NA|NA|NA|nan|NA,GR,GR
Greece_43,Greece_90,0.03472222222222222,0.3333333333333333,2,within,0|NA|NA|NA|NA|nan|NA,GR,GR
Greece_43,Greece_14,0.22916666666666666,0.3333333333333333,3,within,0|NA|NA|NA|NA|nan|NA,GR,GR
Greece_49,Greece_43,0.013888888888888888,0.3333333333333333,1,within,0|NA|NA|NA|NA|nan|NA,GR,GR
Greece_49,Greece_90,0.048611111111111105,0.3333333333333333,2,within,0|NA|NA|NA|NA|nan|NA,GR,GR
Greece_49,Greece_14,0.24305555555555555,0.3333333333333333,3,within,0|NA|NA|NA|NA|nan|NA,GR,GR
Greece_45,Greece_95,0.19444444444444445,0.5,1,within,0|NA|NA|NA|NA|nan|NA,GR,GR
Greece_45,Greece_123,0.2569444444444444,0.5,2,within,0|NA|NA|NA|NA|nan|NA,GR,GR
Greece_50,United Kingdom_10,0.0,0.3333333333333333,1,within,0|NA|NA|NA|NA|nan|NA,UNCLEAR,UNCLEAR
Greece_50,United Kingdom_7,0.0,0.3333333333333333,2,within,0|NA|NA|NA|NA|nan|NA,UNCLEAR,UNCLEAR
Greece_50,Spain_447,0.0,0.3333333333333333,3,within,0|NA|NA|NA|NA|nan|NA,UNCLEAR,UNCLEAR
Greece_52,United Kingdom_10,0.0,0.3333333333333333,1,within,0|NA|NA|NA|NA|nan|NA,UNCLEAR,UNCLEAR
Greece_52,United Kingdom_7,0.0,0.3333333333333333,2,within,0|NA|NA|NA|NA|nan|NA,UNCLEAR,UNCLEAR
Greece_52,Spain_447,0.0,0.3333333333333333,3,within,0|NA|NA|NA|NA|nan|NA,UNCLEAR,UNCLEAR
Greece_55,United Kingdom_36,0.0,0.3333333333333333,1,within,0|NA|NA|NA|NA|nan|NA,UNCLEAR,UNCLEAR
Greece_55,United Kingdom_63,0.0,0.3333333333333333,2,within,0|NA|NA|NA|NA|nan|NA,UNCLEAR,UNCLEAR
Greece_55,Spain_572,0.0,0.3333333333333333,3,within,0|NA|NA|NA|NA|nan|NA,UNCLEAR,UNCLEAR
Greece_57,Greece_104,0.1875,0.3333333333333333,1,within,0|NA|NA|NA|NA|nan|NA,UNCLEAR,UNCLEAR
Greece_57,United Kingdom_33,0.22916666666666666,0.3333333333333333,2,within,0|NA|NA|NA|NA|nan|NA,UNCLEAR,UNCLEAR
Greece_57,Greece_1,0.22916666666666666,0.3333333333333333,3,within,0|NA|NA|NA|NA|nan|NA,UNCLEAR,UNCLEAR
Greece_58,United Kingdom_36,0.0,0.3333333333333333,1,within,0|NA|NA|NA|NA|nan|NA,UNCLEAR,UNCLEAR
Greece_58,United Kingdom_63,0.0,0.3333333333333333,2,within,0|NA|NA|NA|NA|nan|NA,UNCLEAR,UNCLEAR
Greece_58,Spain_572,0.0,0.3333333333333333,3,within,0|NA|NA|NA|NA|nan|NA,UNCLEAR,UNCLEAR
Greece_61,United Kingdom_36,0.0,0.3333333333333333,1,within,0|NA|NA|NA|NA|nan|NA,UNCLEAR,UNCLEAR
Greece_61,United Kingdom_63,0.0,0.3333333333333333,2,within,0|NA|NA|NA|NA|nan|NA,UNCLEAR,UNCLEAR
Greece_61,Spain_572,0.0,0.3333333333333333,3,within,0|NA|NA|NA|NA|nan|NA,UNCLEAR,UNCLEAR
Greece_66,United Kingdom_38,0.0,0.3333333333333333,1,within,0|NA|NA|NA|NA|nan|NA,,
Greece_66,United Kingdom_58,0.0,0.3333333333333333,2,within,0|NA|NA|NA|NA|nan|NA,,
Greece_66,Sweden_8,0.0,0.3333333333333333,3,within,0|NA|NA|NA|NA|nan|NA,,
Greece_67,United Kingdom_36,0.0,0.3333333333333333,1,within,0|NA|NA|NA|NA|nan|NA,UNCLEAR,UNCLEAR
Greece_67,United Kingdom_63,0.0,0.3333333333333333,2,within,0|NA|NA|NA|NA|nan|NA,UNCLEAR,UNCLEAR
Greece_67,Spain_572,0.0,0.3333333333333333,3,within,0|NA|NA|NA|NA|nan|NA,UNCLEAR,UNCLEAR
Greece_70,United Kingdom_36,0.0,0.3333333333333333,1,within,0|NA|NA|NA|NA|nan|NA,UNCLEAR,UNCLEAR
Greece_70,United Kingdom_63,0.0,0.3333333333333333,2,within,0|NA|NA|NA|NA|nan|NA,UNCLEAR,UNCLEAR
Greece_70,Spain_572,0.0,0.3333333333333333,3,within,0|NA|NA|NA|NA|nan|NA,UNCLEAR,UNCLEAR
Greece_62,United Kingdom_38,0.0,0.3333333333333333,1,within,0|NA|NA|NA|NA|nan|NA,,
Greece_62,United Kingdom_58,0.0,0.3333333333333333,2,within,0|NA|NA|NA|NA|nan|NA,,
Greece_62,Sweden_8,0.0,0.3333333333333333,3,within,0|NA|NA|NA|NA|nan|NA,,
Greece_74,United Kingdom_36,0.0,0.3333333333333333,1,within,0|NA|NA|NA|NA|nan|NA,UNCLEAR,UNCLEAR
Greece_74,United Kingdom_63,0.0,0.3333333333333333,2,within,0|NA|NA|NA|NA|nan|NA,UNCLEAR,UNCLEAR
Greece_74,Spain_572,0.0,0.3333333333333333,3,within,0|NA|NA|NA|NA|nan|NA,UNCLEAR,UNCLEAR
Greece_75,United Kingdom_36,0.0,0.3333333333333333,1,within,0|NA|NA|NA|NA|nan|NA,UNCLEAR,UNCLEAR
Greece_75,United Kingdom_63,0.0,0.3333333333333333,2,within,0|NA|NA|NA|NA|nan|NA,UNCLEAR,UNCLEAR
Greece_75,Spain_572,0.0,0.3333333333333333,3,within,0|NA|NA|NA|NA|nan|NA,UNCLEAR,UNCLEAR
Greece_65,United Kingdom_38,0.0,0.3333333333333333,1,within,0|NA|NA|NA|NA|nan|NA,,
Greece_65,United Kingdom_58,0.0,0.3333333333333333,2,within,0|NA|NA|NA|NA|nan|NA,,
Greece_65,Sweden_8,0.0,0.3333333333333333,3,within,0|NA|NA|NA|NA|nan|NA,,
Greece_68,United Kingdom_38,0.0,0.3333333333333333,1,within,0|NA|NA|NA|NA|nan|NA,,
Greece_68,United Kingdom_58,0.0,0.3333333333333333,2,within,0|NA|NA|NA|NA|nan|NA,,
Greece_68,Sweden_8,0.0,0.3333333333333333,3,within,0|NA|NA|NA|NA|nan|NA,,
Greece_79,United Kingdom_36,0.0,0.3333333333333333,1,within,0|NA|NA|NA|NA|nan|NA,UNCLEAR,UNCLEAR
Greece_79,United Kingdom_63,0.0,0.3333333333333333,2,within,0|NA|NA|NA|NA|nan|NA,UNCLEAR,UNCLEAR
Greece_79,Spain_572,0.0,0.3333333333333333,3,within,0|NA|NA|NA|NA|nan|NA,UNCLEAR,UNCLEAR
Greece_76,United Kingdom_10,0.0,0.3333333333333333,1,within,0|NA|NA|NA|NA|nan|NA,UNCLEAR,UNCLEAR
Greece_76,United Kingdom_7,0.0,0.3333333333333333,2,within,0|NA|NA|NA|NA|nan|NA,UNCLEAR,UNCLEAR
Greece_76,Spain_447,0.0,0.3333333333333333,3,within,0|NA|NA|NA|NA|nan|NA,UNCLEAR,UNCLEAR
Greece_81,Greece_84,0.16666666666666666,1.0,1,within,0|NA|NA|NA|NA|nan|NA,GR,GR
Greece_83,United Kingdom_10,0.0,0.3333333333333333,1,within,0|NA|NA|NA|NA|nan|NA,UNCLEAR,UNCLEAR
Greece_83,United Kingdom_7,0.0,0.3333333333333333,2,within,0|NA|NA|NA|NA|nan|NA,UNCLEAR,UNCLEAR
Greece_83,Spain_447,0.0,0.3333333333333333,3,within,0|NA|NA|NA|NA|nan|NA,UNCLEAR,UNCLEAR
Greece_84,Greece_81,0.16666666666666666,1.0,1,within,0|NA|NA|NA|NA|nan|NA,GR,GR
Greece_86,Greece_7,0.18055555555555555,0.3333333333333333,1,within,0|NA|NA|NA|NA|nan|NA,GR,GR
Greece_86,Greece_30,0.20138888888888887,0.3333333333333333,2,within,0|NA|NA|NA|NA|nan|NA,GR,GR
Greece_86,Greece_34,0.20138888888888887,0.3333333333333333,3,within,0|NA|NA|NA|NA|nan|NA,GR,GR
Greece_87,United Kingdom_10,0.0,0.3333333333333333,1,within,0|NA|NA|NA|NA|nan|NA,UNCLEAR,UNCLEAR
Greece_87,United Kingdom_7,0.0,0.3333333333333333,2,within,0|NA|NA|NA|NA|nan|NA,UNCLEAR,UNCLEAR
Greece_87,Spain_447,0.0,0.3333333333333333,3,within,0|NA|NA|NA|NA|nan|NA,UNCLEAR,UNCLEAR
Greece_90,Greece_43,0.03472222222222222,0.3333333333333333,1,within,0|NA|NA|NA|NA|nan|NA,GR,GR
Greece_90,Greece_49,0.048611111111111105,0.3333333333333333,2,within,0|NA|NA|NA|NA|nan|NA,GR,GR
Greece_90,Greece_14,0.2222222222222222,0.3333333333333333,3,within,0|NA|NA|NA|NA|nan|NA,GR,GR
Greece_93,United Kingdom_10,0.0,0.3333333333333333,1,within,0|NA|NA|NA|NA|nan|NA,UNCLEAR,UNCLEAR
Greece_93,United Kingdom_7,0.0,0.3333333333333333,2,within,0|NA|NA|NA|NA|nan|NA,UNCLEAR,UNCLEAR
Greece_93,Spain_447,0.0,0.3333333333333333,3,within,0|NA|NA|NA|NA|nan|NA,UNCLEAR,UNCLEAR
Greece_95,Greece_123,0.11805555555555554,0.3333333333333333,1,within,0|NA|NA|NA|NA|nan|NA,GR,GR
Greece_95,Greece_99,0.15972222222222224,0.3333333333333333,2,within,0|NA|NA|NA|NA|nan|NA,GR,GR
Greece_95,Greece_30,0.18055555555555555,0.3333333333333333,3,within,0|NA|NA|NA|NA|nan|NA,GR,GR
Greece_98,Spain_365,0.0,0.3333333333333333,1,within,0|NA|NA|NA|NA|nan|NA,UNCLEAR,UNCLEAR
Greece_98,Sweden_46,0.0,0.3333333333333333,2,within,0|NA|NA|NA|NA|nan|NA,UNCLEAR,UNCLEAR
Greece_98,Spain_623,0.0,0.3333333333333333,3,within,0|NA|NA|NA|NA|nan|NA,UNCLEAR,UNCLEAR
Greece_99,Greece_123,0.125,0.3333333333333333,1,within,0|NA|NA|NA|NA|nan|NA,GR,GR
Greece_99,Greece_95,0.15972222222222224,0.3333333333333333,2,within,0|NA|NA|NA|NA|nan|NA,GR,GR
Greece_99,Greece_117,0.2638888888888889,0.3333333333333333,3,within,0|NA|NA|NA|NA|nan|NA,GR,GR
Greece_101,Ireland_28,0.0,0.3333333333333333,1,within,0|NA|NA|NA|NA|nan|NA,UNCLEAR,UNCLEAR
Greece_101,Ireland_20,0.0,0.3333333333333333,2,within,0|NA|NA|NA|NA|nan|NA,UNCLEAR,UNCLEAR
Greece_101,Ireland_22,0.0,0.3333333333333333,3,within,0|NA|NA|NA|NA|nan|NA,UNCLEAR,UNCLEAR
Greece_105,United Kingdom_10,0.03472222222222222,0.3333333333333333,1,within,0|NA|NA|NA|NA|nan|NA,UNCLEAR,UNCLEAR
Greece_105,United Kingdom_7,0.03472222222222222,0.3333333333333333,2,within,0|NA|NA|NA|NA|nan|NA,UNCLEAR,UNCLEAR
Greece_105,Spain_447,0.03472222222222222,0.3333333333333333,3,within,0|NA|NA|NA|NA|nan|NA,UNCLEAR,UNCLEAR
Greece_107,Spain_365,0.0,0.3333333333333333,1,within,0|NA|NA|NA|NA|nan|NA,UNCLEAR,UNCLEAR
Greece_107,Sweden_46,0.0,0.3333333333333333,2,within,0|NA|NA|NA|NA|nan|NA,UNCLEAR,UNCLEAR
Greece_107,Spain_623,0.0,0.3333333333333333,3,within,0|NA|NA|NA|NA|nan|NA,UNCLEAR,UNCLEAR
Greece_104,United Kingdom_33,0.041666666666666664,0.3333333333333333,1,within,0|NA|NA|NA|NA|nan|NA,UNCLEAR,UNCLEAR
Greece_104,Greece_1,0.041666666666666664,0.3333333333333333,2,within,0|NA|NA|NA|NA|nan|NA,UNCLEAR,UNCLEAR
Greece_104,Greece_11,0.05555555555555555,0.3333333333333333,3,within,0|NA|NA|NA|NA|nan|NA,UNCLEAR,UNCLEAR
Greece_110,United Kingdom_10,0.0,0.3333333333333333,1,within,0|NA|NA|NA|NA|nan|NA,UNCLEAR,UNCLEAR
Greece_110,United Kingdom_7,0.0,0.3333333333333333,2,within,0|NA|NA|NA|NA|nan|NA,UNCLEAR,UNCLEAR
Greece_110,Spain_447,0.0,0.3333333333333333,3,within,0|NA|NA|NA|NA|nan|NA,UNCLEAR,UNCLEAR
Greece_112,United Kingdom_38,0.0,0.3333333333333333,1,within,0|NA|NA|NA|NA|nan|NA,,
Greece_112,United Kingdom_58,0.0,0.3333333333333333,2,within,0|NA|NA|NA|NA|nan|NA,,
Greece_112,Sweden_8,0.0,0.3333333333333333,3,within,0|NA|NA|NA|NA|nan|NA,,
Greece_120,United Kingdom_10,0.0,0.3333333333333333,1,within,0|NA|NA|NA|NA|nan|NA,UNCLEAR,UNCLEAR
Greece_120,United Kingdom_7,0.0,0.3333333333333333,2,within,0|NA|NA|NA|NA|nan|NA,UNCLEAR,UNCLEAR
Greece_120,Spain_447,0.0,0.3333333333333333,3,within,0|NA|NA|NA|NA|nan|NA,UNCLEAR,UNCLEAR
Greece_117,Greece_118,0.18055555555555555,0.3333333333333333,1,within,0|NA|NA|NA|NA|nan|NA,GR,GR
Greece_117,Greece_123,0.19444444444444445,0.3333333333333333,2,within,0|NA|NA|NA|NA|nan|NA,GR,GR
Greece_117,Greece_86,0.20833333333333334,0.3333333333333333,3,within,0|NA|NA|NA|NA|nan|NA,GR,GR
Greece_118,Greece_117,0.18055555555555555,1.0,1,within,0|NA|NA|NA|NA|nan|NA,GR,GR
Greece_121,United Kingdom_33,0.027777777777777776,0.3333333333333333,1,within,0|NA|NA|NA|NA|nan|NA,UNCLEAR,UNCLEAR
Greece_121,Greece_1,0.027777777777777776,0.3333333333333333,2,within,0|NA|NA|NA|NA|nan|NA,UNCLEAR,UNCLEAR
Greece_121,Greece_11,0.041666666666666664,0.3333333333333333,3,within,0|NA|NA|NA|NA|nan|NA,UNCLEAR,UNCLEAR
Greece_123,Greece_95,0.11805555555555554,0.3333333333333333,1,within,0|NA|NA|NA|NA|nan|NA,GR,GR
Greece_123,Greece_99,0.125,0.3333333333333333,2,within,0|NA|NA|NA|NA|nan|NA,GR,GR
Greece_123,Greece_117,0.19444444444444445,0.3333333333333333,3,within,0|NA|NA|NA|NA|nan|NA,GR,GR
Germany_5,United Kingdom_10,0.0,0.3333333333333333,1,within,0|NA|NA|NA|NA|nan|NA,UNCLEAR,UNCLEAR
Germany_5,United Kingdom_7,0.0,0.3333333333333333,2,within,0|NA|NA|NA|NA|nan|NA,UNCLEAR,UNCLEAR
Germany_5,Spain_447,0.0,0.3333333333333333,3,within,0|NA|NA|NA|NA|nan|NA,UNCLEAR,UNCLEAR
Germany_6,United Kingdom_10,0.0,0.3333333333333333,1,within,0|NA|NA|NA|NA|nan|NA,UNCLEAR,UNCLEAR
Germany_6,United Kingdom_7,0.0,0.3333333333333333,2,within,0|NA|NA|NA|NA|nan|NA,UNCLEAR,UNCLEAR
Germany_6,Spain_447,0.0,0.3333333333333333,3,within,0|NA|NA|NA|NA|nan|NA,UNCLEAR,UNCLEAR
Germany_3,Germany_36,0.16666666666666666,0.3333333333333333,1,within,0|NA|NA|NA|NA|nan|NA,DE,DE
Germany_3,Germany_21,0.1875,0.3333333333333333,2,within,0|NA|NA|NA|NA|nan|NA,DE,DE
Germany_3,Germany_22,0.1875,0.3333333333333333,3,within,0|NA|NA|NA|NA|nan|NA,DE,DE
Germany_10,Germany_13,0.24305555555555555,1.0,1,within,0|NA|NA|NA|NA|nan|NA,DE,DE
Germany_7,Germany_44,0.28472222222222227,1.0,1,within,0|NA|NA|NA|NA|nan|NA,DE,DE
Germany_13,Germany_10,0.24305555555555555,1.0,1,within,0|NA|NA|NA|NA|nan|NA,DE,DE
Germany_17,United Kingdom_10,0.0,0.3333333333333333,1,within,0|NA|NA|NA|NA|nan|NA,UNCLEAR,UNCLEAR
Germany_17,United Kingdom_7,0.0,0.3333333333333333,2,within,0|NA|NA|NA|NA|nan|NA,UNCLEAR,UNCLEAR
Germany_17,Spain_447,0.0,0.3333333333333333,3,within,0|NA|NA|NA|NA|nan|NA,UNCLEAR,UNCLEAR
Germany_21,Germany_22,0.16666666666666666,0.3333333333333333,1,within,0|NA|NA|NA|NA|nan|NA,DE,DE
Germany_21,Germany_19,0.18055555555555555,0.3333333333333333,2,within,0|NA|NA|NA|NA|nan|NA,DE,DE
Germany_21,Germany_3,0.1875,0.3333333333333333,3,within,0|NA|NA|NA|NA|nan|NA,DE,DE
Germany_19,Germany_21,0.18055555555555555,0.3333333333333333,1,within,0|NA|NA|NA|NA|nan|NA,DE,DE
Germany_19,Germany_22,0.18055555555555555,0.3333333333333333,2,within,0|NA|NA|NA|NA|nan|NA,DE,DE
Germany_19,Germany_3,0.20138888888888887,0.3333333333333333,3,within,0|NA|NA|NA|NA|nan|NA,DE,DE
Germany_22,Germany_21,0.16666666666666666,0.3333333333333333,1,within,0|NA|NA|NA|NA|nan|NA,DE,DE
Germany_22,Germany_19,0.18055555555555555,0.3333333333333333,2,within,0|NA|NA|NA|NA|nan|NA,DE,DE
Germany_22,Germany_3,0.1875,0.3333333333333333,3,within,0|NA|NA|NA|NA|nan|NA,DE,DE
Germany_24,Germany_31,0.041666666666666664,1.0,1,within,0|NA|NA|NA|NA|nan|NA,DE,DE
Germany_31,Germany_24,0.041666666666666664,1.0,1,within,0|NA|NA|NA|NA|nan|NA,DE,DE
Germany_36,Germany_3,0.16666666666666666,0.3333333333333333,1,within,0|NA|NA|NA|NA|nan|NA,DE,DE
Germany_36,Germany_21,0.1875,0.3333333333333333,2,within,0|NA|NA|NA|NA|nan|NA,DE,DE
Germany_36,Germany_22,0.1875,0.3333333333333333,3,within,0|NA|NA|NA|NA|nan|NA,DE,DE
Germany_44,Germany_36,0.1875,0.5,1,within,0|NA|NA|NA|NA|nan|NA,DE,DE
Germany_44,Germany_7,0.28472222222222227,0.5,2,within,0|NA|NA|NA|NA|nan|NA,DE,DE
France_4,United Kingdom_10,0.0,0.3333333333333333,1,within,0|NA|NA|NA|NA|nan|NA,UNCLEAR,UNCLEAR
France_4,United Kingdom_7,0.0,0.3333333333333333,2,within,0|NA|NA|NA|NA|nan|NA,UNCLEAR,UNCLEAR
France_4,Spain_447,0.0,0.3333333333333333,3,within,0|NA|NA|NA|NA|nan|NA,UNCLEAR,UNCLEAR
France_8,France_49,0.20138888888888887,1.0,1,within,0|NA|NA|NA|NA|nan|NA,FR,FR
France_17,United Kingdom_38,0.0,0.3333333333333333,1,within,0|NA|NA|NA|NA|nan|NA,,
France_17,United Kingdom_58,0.0,0.3333333333333333,2,within,0|NA|NA|NA|NA|nan|NA,,
France_17,Sweden_8,0.0,0.3333333333333333,3,within,0|NA|NA|NA|NA|nan|NA,,
France_16,United Kingdom_38,0.0,0.3333333333333333,1,within,0|NA|NA|NA|NA|nan|NA,,
France_16,United Kingdom_58,0.0,0.3333333333333333,2,within,0|NA|NA|NA|NA|nan|NA,,
France_16,Sweden_8,0.0,0.3333333333333333,3,within,0|NA|NA|NA|NA|nan|NA,,
France_15,United Kingdom_38,0.0,0.3333333333333333,1,within,0|NA|NA|NA|NA|nan|NA,,
France_15,United Kingdom_58,0.0,0.3333333333333333,2,within,0|NA|NA|NA|NA|nan|NA,,
France_15,Sweden_8,0.0,0.3333333333333333,3,within,0|NA|NA|NA|NA|nan|NA,,
France_23,Ireland_28,0.0,0.3333333333333333,1,within,0|NA|NA|NA|NA|nan|NA,UNCLEAR,UNCLEAR
France_23,Ireland_20,0.0,0.3333333333333333,2,within,0|NA|NA|NA|NA|nan|NA,UNCLEAR,UNCLEAR
France_23,Ireland_22,0.0,0.3333333333333333,3,within,0|NA|NA|NA|NA|nan|NA,UNCLEAR,UNCLEAR
France_26,France_31,0.2222222222222222,1.0,1,within,0|NA|NA|NA|NA|nan|NA,FR,FR
France_27,France_49,0.18055555555555555,1.0,1,within,0|NA|NA|NA|NA|nan|NA,FR,FR
France_28,United Kingdom_10,0.0,0.3333333333333333,1,within,0|NA|NA|NA|NA|nan|NA,UNCLEAR,UNCLEAR
France_28,United Kingdom_7,0.0,0.3333333333333333,2,within,0|NA|NA|NA|NA|nan|NA,UNCLEAR,UNCLEAR
France_28,Spain_447,0.0,0.3333333333333333,3,within,0|NA|NA|NA|NA|nan|NA,UNCLEAR,UNCLEAR
France_31,France_26,0.2222222222222222,1.0,1,within,0|NA|NA|NA|NA|nan|NA,FR,FR
France_41,Spain_365,0.0,0.3333333333333333,1,within,0|NA|NA|NA|NA|nan|NA,UNCLEAR,UNCLEAR
France_41,Sweden_46,0.0,0.3333333333333333,2,within,0|NA|NA|NA|NA|nan|NA,UNCLEAR,UNCLEAR
France_41,Spain_623,0.0,0.3333333333333333,3,within,0|NA|NA|NA|NA|nan|NA,UNCLEAR,UNCLEAR
France_46,United Kingdom_10,0.0,0.3333333333333333,1,within,0|NA|NA|NA|NA|nan|NA,UNCLEAR,UNCLEAR
France_46,United Kingdom_7,0.0,0.3333333333333333,2,within,0|NA|NA|NA|NA|nan|NA,UNCLEAR,UNCLEAR
France_46,Spain_447,0.0,0.3333333333333333,3,within,0|NA|NA|NA|NA|nan|NA,UNCLEAR,UNCLEAR
France_47,United Kingdom_10,0.0,0.3333333333333333,1,within,0|NA|NA|NA|NA|nan|NA,UNCLEAR,UNCLEAR
France_47,United Kingdom_7,0.0,0.3333333333333333,2,within,0|NA|NA|NA|NA|nan|NA,UNCLEAR,UNCLEAR
France_47,Spain_447,0.0,0.3333333333333333,3,within,0|NA|NA|NA|NA|nan|NA,UNCLEAR,UNCLEAR
France_49,France_27,0.18055555555555555,0.5,1,within,0|NA|NA|NA|NA|nan|NA,FR,FR
France_49,France_8,0.20138888888888887,0.5,2,within,0|NA|NA|NA|NA|nan|NA,FR,FR
France_64,United Kingdom_36,0.0,0.3333333333333333,1,within,0|NA|NA|NA|NA|nan|NA,UNCLEAR,UNCLEAR
France_64,United Kingdom_63,0.0,0.3333333333333333,2,within,0|NA|NA|NA|NA|nan|NA,UNCLEAR,UNCLEAR
France_64,Spain_572,0.0,0.3333333333333333,3,within,0|NA|NA|NA|NA|nan|NA,UNCLEAR,UNCLEAR
France_67,United Kingdom_36,0.0,0.3333333333333333,1,within,0|NA|NA|NA|NA|nan|NA,UNCLEAR,UNCLEAR
France_67,United Kingdom_63,0.0,0.3333333333333333,2,within,0|NA|NA|NA|NA|nan|NA,UNCLEAR,UNCLEAR
France_67,Spain_572,0.0,0.3333333333333333,3,within,0|NA|NA|NA|NA|nan|NA,UNCLEAR,UNCLEAR
France_65,United Kingdom_10,0.0,0.3333333333333333,1,within,0|NA|NA|NA|NA|nan|NA,UNCLEAR,UNCLEAR
France_65,United Kingdom_7,0.0,0.3333333333333333,2,within,0|NA|NA|NA|NA|nan|NA,UNCLEAR,UNCLEAR
France_65,Spain_447,0.0,0.3333333333333333,3,within,0|NA|NA|NA|NA|nan|NA,UNCLEAR,UNCLEAR
France_70,United Kingdom_36,0.0,0.3333333333333333,1,within,0|NA|NA|NA|NA|nan|NA,UNCLEAR,UNCLEAR
France_70,United Kingdom_63,0.0,0.3333333333333333,2,within,0|NA|NA|NA|NA|nan|NA,UNCLEAR,UNCLEAR
France_70,Spain_572,0.0,0.3333333333333333,3,within,0|NA|NA|NA|NA|nan|NA,UNCLEAR,UNCLEAR
Finland_3,United Kingdom_36,0.0,0.3333333333333333,1,within,0|NA|NA|NA|NA|nan|NA,UNCLEAR,UNCLEAR
Finland_3,United Kingdom_63,0.0,0.3333333333333333,2,within,0|NA|NA|NA|NA|nan|NA,UNCLEAR,UNCLEAR
Finland_3,Spain_572,0.0,0.3333333333333333,3,within,0|NA|NA|NA|NA|nan|NA,UNCLEAR,UNCLEAR
Finland_5,Spain_365,0.0,0.3333333333333333,1,within,0|NA|NA|NA|NA|nan|NA,UNCLEAR,UNCLEAR
Finland_5,Sweden_46,0.0,0.3333333333333333,2,within,0|NA|NA|NA|NA|nan|NA,UNCLEAR,UNCLEAR
Finland_5,Spain_623,0.0,0.3333333333333333,3,within,0|NA|NA|NA|NA|nan|NA,UNCLEAR,UNCLEAR
Finland_8,Finland_12,0.21527777777777776,1.0,1,within,0|NA|NA|NA|NA|nan|NA,FI,FI
Finland_12,Finland_8,0.21527777777777776,1.0,1,within,0|NA|NA|NA|NA|nan|NA,FI,FI
Finland_1,United Kingdom_38,0.0,0.3333333333333333,1,within,0|NA|NA|NA|NA|nan|NA,,
Finland_1,United Kingdom_58,0.0,0.3333333333333333,2,within,0|NA|NA|NA|NA|nan|NA,,
Finland_1,Sweden_8,0.0,0.3333333333333333,3,within,0|NA|NA|NA|NA|nan|NA,,
Finland_17,Finland_20,0.18055555555555555,0.3333333333333333,1,within,0|NA|NA|NA|NA|nan|NA,FI,FI
Finland_17,Finland_37,0.19444444444444445,0.3333333333333333,2,within,0|NA|NA|NA|NA|nan|NA,FI,FI
Finland_17,Finland_21,0.20138888888888887,0.3333333333333333,3,within,0|NA|NA|NA|NA|nan|NA,FI,FI
Finland_20,Finland_17,0.18055555555555555,0.3333333333333333,1,within,0|NA|NA|NA|NA|nan|NA,FI,FI
Finland_20,Finland_37,0.18055555555555555,0.3333333333333333,2,within,0|NA|NA|NA|NA|nan|NA,FI,FI
Finland_20,Finland_21,0.1875,0.3333333333333333,3,within,0|NA|NA|NA|NA|nan|NA,FI,FI
Finland_21,Finland_20,0.1875,0.3333333333333333,1,within,0|NA|NA|NA|NA|nan|NA,FI,FI
Finland_21,Finland_17,0.20138888888888887,0.3333333333333333,2,within,0|NA|NA|NA|NA|nan|NA,FI,FI
Finland_21,Finland_37,0.20138888888888887,0.3333333333333333,3,within,0|NA|NA|NA|NA|nan|NA,FI,FI
Finland_22,Finland_17,0.20138888888888887,0.3333333333333333,1,within,0|NA|NA|NA|NA|nan|NA,FI,FI
Finland_22,Finland_20,0.21527777777777776,0.3333333333333333,2,within,0|NA|NA|NA|NA|nan|NA,FI,FI
Finland_22,Finland_37,0.22916666666666666,0.3333333333333333,3,within,0|NA|NA|NA|NA|nan|NA,FI,FI
Finland_26,Ireland_28,0.0,0.3333333333333333,1,within,0|NA|NA|NA|NA|nan|NA,UNCLEAR,UNCLEAR
Finland_26,Ireland_20,0.0,0.3333333333333333,2,within,0|NA|NA|NA|NA|nan|NA,UNCLEAR,UNCLEAR
Finland_26,Ireland_22,0.0,0.3333333333333333,3,within,0|NA|NA|NA|NA|nan|NA,UNCLEAR,UNCLEAR
Finland_28,United Kingdom_36,0.0,0.3333333333333333,1,within,0|NA|NA|NA|NA|nan|NA,UNCLEAR,UNCLEAR
Finland_28,United Kingdom_63,0.0,0.3333333333333333,2,within,0|NA|NA|NA|NA|nan|NA,UNCLEAR,UNCLEAR
Finland_28,Spain_572,0.0,0.3333333333333333,3,within,0|NA|NA|NA|NA|nan|NA,UNCLEAR,UNCLEAR
Finland_31,United Kingdom_10,0.0,0.3333333333333333,1,within,0|NA|NA|NA|NA|nan|NA,UNCLEAR,UNCLEAR
Finland_31,United Kingdom_7,0.0,0.3333333333333333,2,within,0|NA|NA|NA|NA|nan|NA,UNCLEAR,UNCLEAR
Finland_31,Spain_447,0.0,0.3333333333333333,3,within,0|NA|NA|NA|NA|nan|NA,UNCLEAR,UNCLEAR
Finland_37,Finland_20,0.18055555555555555,0.3333333333333333,1,within,0|NA|NA|NA|NA|nan|NA,FI,FI
Finland_37,Finland_17,0.19444444444444445,0.3333333333333333,2,within,0|NA|NA|NA|NA|nan|NA,FI,FI
Finland_37,Finland_21,0.20138888888888887,0.3333333333333333,3,within,0|NA|NA|NA|NA|nan|NA,FI,FI
Spain_30,Spain_389,0.20833333333333334,1.0,1,within,1|0|0|0|NA|nan|NA,ES,ES
Spain_389,Spain_30,0.20833333333333334,1.0,1,within,1|0|0|0|NA|nan|NA,ES,ES
Romania_29,Romania_72,0.1111111111111111,1.0,1,within,1|0|0|0|NA|nan|NA,RO,RO
Romania_72,Romania_29,0.1111111111111111,1.0,1,within,1|0|0|0|NA|nan|NA,RO,RO
Italy_215,Italy_216,0.14285714285714285,1.0,1,within,1|0|0|1|NA|2024-2025|NA,IT,IT
Italy_216,Italy_215,0.14285714285714285,1.0,1,within,1|0|0|1|NA|2024-2025|NA,IT,IT
Spain_27,Spain_139,0.2222222222222222,0.3333333333333333,1,within,1|0|0|1|NA|nan|NA,ES,ES
Spain_27,Spain_54,0.27777777777777773,0.3333333333333333,2,within,1|0|0|1|NA|nan|NA,ES,ES
Spain_27,Spain_59,0.27777777777777773,0.3333333333333333,3,within,1|0|0|1|NA|nan|NA,ES,ES
Spain_47,Spain_314,0.16666666666666666,0.3333333333333333,1,within,1|0|0|1|NA|nan|NA,ES,ES
Spain_47,Spain_359,0.16666666666666666,0.3333333333333333,2,within,1|0|0|1|NA|nan|NA,ES,ES
Spain_47,Spain_429,0.16666666666666666,0.3333333333333333,3,within,1|0|0|1|NA|nan|NA,ES,ES
Spain_54,Spain_59,0.16666666666666666,0.3333333333333333,1,within,1|0|0|1|NA|nan|NA,ES,ES
Spain_54,Spain_417,0.16666666666666666,0.3333333333333333,2,within,1|0|0|1|NA|nan|NA,ES,ES
Spain_54,Spain_139,0.27777777777777773,0.3333333333333333,3,within,1|0|0|1|NA|nan|NA,ES,ES
Spain_59,Spain_174,0.1111111111111111,0.3333333333333333,1,within,1|0|0|1|NA|nan|NA,ES,ES
Spain_59,Spain_54,0.16666666666666666,0.3333333333333333,2,within,1|0|0|1|NA|nan|NA,ES,ES
Spain_59,Spain_359,0.16666666666666666,0.3333333333333333,3,within,1|0|0|1|NA|nan|NA,ES,ES
Spain_139,Spain_174,0.16666666666666666,0.3333333333333333,1,within,1|0|0|1|NA|nan|NA,ES,ES
Spain_139,Spain_27,0.2222222222222222,0.3333333333333333,2,within,1|0|0|1|NA|nan|NA,ES,ES
Spain_139,Spain_54,0.27777777777777773,0.3333333333333333,3,within,1|0|0|1|NA|nan|NA,ES,ES
Spain_174,Spain_59,0.1111111111111111,0.3333333333333333,1,within,1|0|0|1|NA|nan|NA,ES,ES
Spain_174,Spain_139,0.16666666666666666,0.3333333333333333,2,within,1|0|0|1|NA|nan|NA,ES,ES
Spain_174,Spain_54,0.27777777777777773,0.3333333333333333,3,within,1|0|0|1|NA|nan|NA,ES,ES
Spain_273,Spain_47,0.2222222222222222,0.3333333333333333,1,within,1|0|0|1|NA|nan|NA,ES,ES
Spain_273,Spain_314,0.2222222222222222,0.3333333333333333,2,within,1|0|0|1|NA|nan|NA,ES,ES
Spain_273,Spain_359,0.2222222222222222,0.3333333333333333,3,within,1|0|0|1|NA|nan|NA,ES,ES
Spain_314,Spain_359,0.0,0.3333333333333333,1,within,1|0|0|1|NA|nan|NA,ES,ES
Spain_314,Spain_47,0.16666666666666666,0.3333333333333333,2,within,1|0|0|1|NA|nan|NA,ES,ES
Spain_314,Spain_429,0.16666666666666666,0.3333333333333333,3,within,1|0|0|1|NA|nan|NA,ES,ES
Spain_359,Spain_314,0.0,0.3333333333333333,1,within,1|0|0|1|NA|nan|NA,ES,ES
Spain_359,Spain_47,0.16666666666666666,0.3333333333333333,2,within,1|0|0|1|NA|nan|NA,ES,ES
Spain_359,Spain_429,0.16666666666666666,0.3333333333333333,3,within,1|0|0|1|NA|nan|NA,ES,ES
Spain_417,Spain_54,0.16666666666666666,0.3333333333333333,1,within,1|0|0|1|NA|nan|NA,ES,ES
Spain_417,Spain_59,0.16666666666666666,0.3333333333333333,2,within,1|0|0|1|NA|nan|NA,ES,ES
Spain_417,Spain_27,0.27777777777777773,0.3333333333333333,3,within,1|0|0|1|NA|nan|NA,ES,ES
Spain_429,Spain_47,0.16666666666666666,0.3333333333333333,1,within,1|0|0|1|NA|nan|NA,ES,ES
Spain_429,Spain_314,0.16666666666666666,0.3333333333333333,2,within,1|0|0|1|NA|nan|NA,ES,ES
Spain_429,Spain_359,0.16666666666666666,0.3333333333333333,3,within,1|0|0|1|NA|nan|NA,ES,ES
Spain_444,Spain_27,0.27777777777777773,0.5,1,within,1|0|0|1|NA|nan|NA,ES,ES
Spain_444,Spain_139,0.27777777777777773,0.5,2,within,1|0|0|1|NA|nan|NA,ES,ES
Norway_25,Norway_24,0.1807580174927114,1.0,1,within,1|1|0|0|0|2020-2021|O,NO,NO
Norway_24,Norway_25,0.1807580174927114,1.0,1,within,1|1|0|0|0|2020-2021|O,NO,NO
Italy_75,Italy_87,0.06547619047619048,1.0,1,within,1|1|0|0|0|2022-2023|NA,IT,IT
Italy_87,Italy_75,0.06547619047619048,1.0,1,within,1|1|0|0|0|2022-2023|NA,IT,IT
Italy_266,Italy_299,0.09077380952380953,1.0,1,within,1|1|0|0|0|2024-2025|NA,IT,IT
Italy_299,Italy_266,0.09077380952380953,1.0,1,within,1|1|0|0|0|2024-2025|NA,IT,IT
Spain_237,Spain_262,0.16666666666666666,0.5,1,within,1|1|0|0|0|nan|NA,ES,ES
Spain_237,Spain_504,0.16666666666666666,0.5,2,within,1|1|0|0|0|nan|NA,ES,ES
Spain_262,Spain_237,0.16666666666666666,0.3333333333333333,1,within,1|1|0|0|0|nan|NA,ES,ES
Spain_262,Spain_504,0.16666666666666666,0.3333333333333333,2,within,1|1|0|0|0|nan|NA,ES,ES
Spain_262,Spain_625,0.16666666666666666,0.3333333333333333,3,within,1|1|0|0|0|nan|NA,ES,ES
Spain_504,Spain_237,0.16666666666666666,0.5,1,within,1|1|0|0|0|nan|NA,ES,ES
Spain_504,Spain_262,0.16666666666666666,0.5,2,within,1|1|0|0|0|nan|NA,ES,ES
Spain_625,Spain_262,0.16666666666666666,1.0,1,within,1|1|0|0|0|nan|NA,ES,ES
Poland_28,Poland_38,0.25,1.0,1,within,1|1|0|0|0|nan|NA,PL,PL
Poland_38,Poland_51,0.20833333333333334,0.5,1,within,1|1|0|0|0|nan|NA,PL,PL
Poland_38,Poland_28,0.25,0.5,2,within,1|1|0|0|0|nan|NA,PL,PL
Poland_51,Poland_38,0.20833333333333334,1.0,1,within,1|1|0|0|0|nan|NA,PL,PL
Spain_22,Spain_26,0.0,0.5,1,within,1|NA|NA|NA|NA|nan|NA,ES,ES
Spain_22,Spain_41,0.13888888888888887,0.5,2,within,1|NA|NA|NA|NA|nan|NA,ES,ES
Spain_26,Spain_22,0.0,0.5,1,within,1|NA|NA|NA|NA|nan|NA,ES,ES
Spain_26,Spain_41,0.13888888888888887,0.5,2,within,1|NA|NA|NA|NA|nan|NA,ES,ES
Spain_41,Spain_22,0.13888888888888887,0.3333333333333333,1,within,1|NA|NA|NA|NA|nan|NA,ES,ES
Spain_41,Spain_26,0.13888888888888887,0.3333333333333333,2,within,1|NA|NA|NA|NA|nan|NA,ES,ES
Spain_41,Spain_75,0.16666666666666666,0.3333333333333333,3,within,1|NA|NA|NA|NA|nan|NA,ES,ES
Spain_75,Spain_41,0.16666666666666666,0.5,1,within,1|NA|NA|NA|NA|nan|NA,ES,ES
Spain_75,Spain_287,0.25,0.5,2,within,1|NA|NA|NA|NA|nan|NA,ES,ES
Spain_287,Spain_41,0.25,0.5,1,within,1|NA|NA|NA|NA|nan|NA,ES,ES
Spain_287,Spain_75,0.25,0.5,2,within,1|NA|NA|NA|NA|nan|NA,ES,ES
