feature,source,block,feature_type,observed_share,mean,variance,status_discussed,status_not_mentioned,status_not_discussed
ingest_line_count,ingest_line_count,Other,numeric,1.0,65.64893617021276,154.34483929379806,,,
ingest_question_count,ingest_question_count,Other,numeric,1.0,65.47606382978724,153.6749589746492,,,
ingest_warning_count,ingest_warning_count,Other,numeric,1.0,0.2074468085106383,0.16441263014938884,,,
country_mapped_from_uk,country_mapped_from_uk,Other,numeric,0.9654255319148937,0.02203856749311295,0.02155286903596445,0.9654255319148937,0.034574468085106384,
country_whitelist_ok,country_whitelist_ok,Other,numeric,0.9654255319148937,0.9559228650137741,0.042134341157631934,0.9654255319148937,0.034574468085106384,
decision_year,decision_year,Temporal,numeric,0.14627659574468085,2021.9636363636364,2.544132231404959,,,
fine_numeric_valid,fine_numeric_valid,Other,numeric,0.8351063829787234,1.0,0.0,0.8351063829787234,0.1622340425531915,0.0026595744680851063
fine_outlier_flag,fine_outlier_flag,Other,numeric,0.8351063829787234,0.0,0.0,0.8351063829787234,0.1622340425531915,0.0026595744680851063
fine_error,fine_error,Other,numeric,0.0,0.0,0.0,0.8351063829787234,0.1622340425531915,0.0026595744680851063
turnover_eur,turnover_eur,Other,numeric,0.09308510638297872,2328509959.7714286,8.165565380039993e+19,0.09308510638297872,0.8829787234042553,0.023936170212765957
turnover_numeric_valid,turnover_numeric_valid,Other,numeric,0.09308510638297872,1.0,0.0,0.09308510638297872,0.8829787234042553,0.023936170212765957
turnover_positive,turnover_positive,Other,numeric,0.09308510638297872,0.8857142857142857,0.10122448979591837,0.09308510638297872,0.8829787234042553,0.023936170212765957
turnover_log1p,turnover_log1p,Other,numeric,0.09308510638297872,16.601337657142857,42.746487459693036,0.09308510638297872,0.8829787234042553,0.023936170212765957
turnover_outlier_flag,turnover_outlier_flag,Other,numeric,0.09308510638297872,0.0,0.0,0.09308510638297872,0.8829787234042553,0.023936170212765957
turnover_error,turnover_error,Other,numeric,0.0,0.0,0.0,0.09308510638297872,0.8829787234042553,0.023936170212765957
fine_to_turnover_ratio,fine_to_turnover_ratio,Other,numeric,0.08244680851063829,0.016533754193548387,0.002604505376083694,0.8351063829787234,0.1622340425531915,0.0026595744680851063
n_principles_discussed,n_principles_discussed,Procedural,numeric,1.0,1.5345744680851063,1.4828471593481214,,,
n_principles_violated,n_principles_violated,Procedural,numeric,1.0,1.0186170212765957,0.9491214916251699,,,
n_corrective_measures,n_corrective_measures,Procedural,numeric,1.0,1.5053191489361701,1.4840142598460841,,,
severity_measures_present,severity_measures_present,Corrective Powers,numeric,1.0,0.7845744680851063,0.16901737211407875,,,
remedy_only_case,remedy_only_case,Mitigations,numeric,1.0,0.2553191489361702,0.19013128112267996,,,
breach_case,breach_case,Breach Case,numeric,1.0,0.08776595744680851,0.08006309416025352,,,
q36_tokens,q36_tokens,Other,numeric,1.0,21.8031914893617,165.68998981439566,,,
q52_tokens,q52_tokens,Other,numeric,1.0,22.63563829787234,198.3433043798099,,,
q67_tokens,q67_tokens,Other,numeric,1.0,9.438829787234043,237.12391777953826,,,
q68_tokens,q68_tokens,Other,numeric,1.0,23.632978723404257,411.5035932548665,,,
schema_echo_flag,schema_echo_flag,Other,numeric,1.0,0.3776595744680851,0.23503282028067,,,
q10_org_class_SME,q10_org_class_SME,Other,numeric,0.8670212765957447,0.2791411042944785,0.20122134818773757,,,
q10_org_class_LARGE_ENTERPRISE,q10_org_class_LARGE_ENTERPRISE,Other,numeric,0.8670212765957447,0.26993865030674846,0.19707177537731943,,,
q10_org_class_MULTINATIONAL,q10_org_class_MULTINATIONAL,Other,numeric,0.8670212765957447,0.1165644171779141,0.1029771538258873,,,
q10_org_class_NON_PROFIT,q10_org_class_NON_PROFIT,Other,numeric,0.8670212765957447,0.05214723926380368,0.04942790470096728,,,
q10_org_class_PUBLIC_SECTOR_BODY,q10_org_class_PUBLIC_SECTOR_BODY,Other,numeric,0.8670212765957447,0.15644171779141106,0.13196770672588357,,,
q10_org_class_NOT_APPLICABLE,q10_org_class_NOT_APPLICABLE,Other,numeric,0.8670212765957447,0.0,0.0,,,
q10_org_class_NOT_MENTIONED,q10_org_class_NOT_MENTIONED,Other,numeric,0.8670212765957447,0.4539877300613497,0.2478828710150928,,,
q10_org_class_UNCLEAR,q10_org_class_UNCLEAR,Other,numeric,0.8670212765957447,0.012269938650306749,0.012119387255824456,,,
q15_case_initiation_COMPLAINT,q15_case_initiation_COMPLAINT,Other,numeric,0.9547872340425532,0.7855153203342619,0.16848100185442386,,,
q15_case_initiation_BREACH_NOTIFICATION,q15_case_initiation_BREACH_NOTIFICATION,Other,numeric,0.9547872340425532,0.10863509749303621,0.09683351308571474,,,
q15_case_initiation_EX_OFFICIO_DPA_INITIATIVE,q15_case_initiation_EX_OFFICIO_DPA_INITIATIVE,Other,numeric,0.9547872340425532,0.0584958217270195,0.055074060567500235,,,
q15_case_initiation_REFERRAL_FROM_OTHER_AUTHORITY,q15_case_initiation_REFERRAL_FROM_OTHER_AUTHORITY,Other,numeric,0.9547872340425532,0.011142061281337047,0.011017915751739974,,,
q15_case_initiation_MEDIA_PUBLIC_ATTENTION,q15_case_initiation_MEDIA_PUBLIC_ATTENTION,Other,numeric,0.9547872340425532,0.002785515320334262,0.0027777562247344447,,,
q15_case_initiation_JOINT_INVESTIGATION,q15_case_initiation_JOINT_INVESTIGATION,Other,numeric,0.9547872340425532,0.0,0.0,,,
q15_case_initiation_FOLLOW_UP_PRIOR_CASE,q15_case_initiation_FOLLOW_UP_PRIOR_CASE,Other,numeric,0.9547872340425532,0.0,0.0,,,
q15_case_initiation_OTHER,q15_case_initiation_OTHER,Other,numeric,0.9547872340425532,0.0,0.0,,,
q15_case_initiation_NOT_MENTIONED,q15_case_initiation_NOT_MENTIONED,Other,numeric,0.9547872340425532,0.033426183844011144,0.032308874077637495,,,
q15_case_initiation_UNCLEAR,q15_case_initiation_UNCLEAR,Other,numeric,0.9547872340425532,0.0,0.0,,,
q21_breach_types_TECHNICAL_FAILURE,q21_breach_types_TECHNICAL_FAILURE,Breach Facts,numeric,0.17553191489361702,0.21212121212121213,0.16712580348943987,,,
q21_breach_types_ORGANIZATIONAL_FAILURE,q21_breach_types_ORGANIZATIONAL_FAILURE,Breach Facts,numeric,0.17553191489361702,0.3939393939393939,0.23875114784205695,,,
q21_breach_types_CYBER_ATTACK,q21_breach_types_CYBER_ATTACK,Breach Facts,numeric,0.17553191489361702,0.22727272727272727,0.1756198347107438,,,
q21_breach_types_HUMAN_ERROR,q21_breach_types_HUMAN_ERROR,Breach Facts,numeric,0.17553191489361702,0.5454545454545454,0.24793388429752072,,,
q21_breach_types_SYSTEM_MALFUNCTION,q21_breach_types_SYSTEM_MALFUNCTION,Breach Facts,numeric,0.17553191489361702,0.0,0.0,,,
q21_breach_types_NOT_APPLICABLE,q21_breach_types_NOT_APPLICABLE,Breach Facts,numeric,0.17553191489361702,0.0,0.0,,,
q21_breach_types_NOT_MENTIONED,q21_breach_types_NOT_MENTIONED,Breach Facts,numeric,0.17553191489361702,0.0,0.0,,,
q21_breach_types_UNCLEAR,q21_breach_types_UNCLEAR,Breach Facts,numeric,0.17553191489361702,0.0,0.0,,,
q25_sensitive_data_ARTICLE_9_SPECIAL_CATEGORY,q25_sensitive_data_ARTICLE_9_SPECIAL_CATEGORY,Sensitive Data,numeric,0.23670212765957446,0.42696629213483145,0.2446660775154652,,,
q25_sensitive_data_ARTICLE_10_CRIMINAL,q25_sensitive_data_ARTICLE_10_CRIMINAL,Sensitive Data,numeric,0.23670212765957446,0.0449438202247191,0.04292387324832723,,,
q25_sensitive_data_NEITHER,q25_sensitive_data_NEITHER,Sensitive Data,numeric,0.23670212765957446,0.5617977528089888,0.2461810377477591,,,
q25_sensitive_data_NOT_APPLICABLE,q25_sensitive_data_NOT_APPLICABLE,Sensitive Data,numeric,0.23670212765957446,0.0,0.0,,,
q25_sensitive_data_NOT_MENTIONED,q25_sensitive_data_NOT_MENTIONED,Sensitive Data,numeric,0.23670212765957446,0.011235955056179775,0.01110970837015528,,,
q25_sensitive_data_UNCLEAR,q25_sensitive_data_UNCLEAR,Sensitive Data,numeric,0.23670212765957446,0.0,0.0,,,
q28_mitigations_IMMEDIATE_CONTAINMENT,q28_mitigations_IMMEDIATE_CONTAINMENT,Other,numeric,0.1276595744680851,0.6041666666666666,0.23914930555555555,,,
q28_mitigations_SYSTEM_FIXES,q28_mitigations_SYSTEM_FIXES,Other,numeric,0.1276595744680851,0.3541666666666667,0.22873263888888887,,,
q28_mitigations_SECURITY_IMPROVEMENTS,q28_mitigations_SECURITY_IMPROVEMENTS,Other,numeric,0.1276595744680851,0.5,0.25,,,
q28_mitigations_STAFF_TRAINING,q28_mitigations_STAFF_TRAINING,Other,numeric,0.1276595744680851,0.375,0.234375,,,
q28_mitigations_EXTERNAL_AUDIT,q28_mitigations_EXTERNAL_AUDIT,Other,numeric,0.1276595744680851,0.125,0.109375,,,
q28_mitigations_LEGAL_ADVICE,q28_mitigations_LEGAL_ADVICE,Other,numeric,0.1276595744680851,0.0,0.0,,,
q28_mitigations_COOPERATION_WITH_DPA,q28_mitigations_COOPERATION_WITH_DPA,Other,numeric,0.1276595744680851,0.4791666666666667,0.24956597222222224,,,
q28_mitigations_NONE_MENTIONED,q28_mitigations_NONE_MENTIONED,Other,numeric,0.1276595744680851,0.0,0.0,,,
q28_mitigations_NOT_APPLICABLE,q28_mitigations_NOT_APPLICABLE,Other,numeric,0.1276595744680851,0.0,0.0,,,
q28_mitigations_UNCLEAR,q28_mitigations_UNCLEAR,Other,numeric,0.1276595744680851,0.0,0.0,,,
q30_discussed_LAWFULNESS_FAIRNESS_TRANSPARENCY,q30_discussed_LAWFULNESS_FAIRNESS_TRANSPARENCY,Other,numeric,0.8031914893617021,0.48013245033112584,0.2496052804701548,,,
q30_discussed_PURPOSE_LIMITATION,q30_discussed_PURPOSE_LIMITATION,Other,numeric,0.8031914893617021,0.17218543046357615,0.14253760799964912,,,
q30_discussed_DATA_MINIMISATION,q30_discussed_DATA_MINIMISATION,Other,numeric,0.8031914893617021,0.2152317880794702,0.16890706547958423,,,
q30_discussed_ACCURACY,q30_discussed_ACCURACY,Other,numeric,0.8031914893617021,0.033112582781456956,0.03201613964299811,,,
q30_discussed_STORAGE_LIMITATION,q30_discussed_STORAGE_LIMITATION,Other,numeric,0.8031914893617021,0.04304635761589404,0.0411933687118986,,,
q30_discussed_SECURITY,q30_discussed_SECURITY,Other,numeric,0.8031914893617021,0.5397350993377483,0.24842112188061932,,,
q30_discussed_ACCOUNTABILITY,q30_discussed_ACCOUNTABILITY,Other,numeric,0.8031914893617021,0.23841059602649006,0.18157098372878383,,,
q30_discussed_NONE_DISCUSSED,q30_discussed_NONE_DISCUSSED,Other,numeric,0.8031914893617021,0.0,0.0,,,
q31_violated_LAWFULNESS_FAIRNESS_TRANSPARENCY,q31_violated_LAWFULNESS_FAIRNESS_TRANSPARENCY,Other,numeric,0.7287234042553191,0.4489051094890511,0.24738931216367416,,,
q31_violated_PURPOSE_LIMITATION,q31_violated_PURPOSE_LIMITATION,Other,numeric,0.7287234042553191,0.06934306569343066,0.06453460493366722,,,
q31_violated_DATA_MINIMISATION,q31_violated_DATA_MINIMISATION,Other,numeric,0.7287234042553191,0.17153284671532848,0.1421093292130641,,,
q31_violated_ACCURACY,q31_violated_ACCURACY,Other,numeric,0.7287234042553191,0.021897810218978103,0.021418296126591716,,,
q31_violated_STORAGE_LIMITATION,q31_violated_STORAGE_LIMITATION,Other,numeric,0.7287234042553191,0.032846715328467155,0.0317678086205978,,,
q31_violated_SECURITY,q31_violated_SECURITY,Other,numeric,0.7287234042553191,0.4708029197080292,0.24914753050242416,,,
q31_violated_ACCOUNTABILITY,q31_violated_ACCOUNTABILITY,Other,numeric,0.7287234042553191,0.18248175182481752,0.1491821620757632,,,
q31_violated_NONE_VIOLATED,q31_violated_NONE_VIOLATED,Other,numeric,0.7287234042553191,0.0,0.0,,,
q31_violated_NOT_DETERMINED,q31_violated_NOT_DETERMINED,Other,numeric,0.7287234042553191,0.0,0.0,,,
q32_bases_CONSENT,q32_bases_CONSENT,Other,numeric,0.8031914893617021,0.4602649006622517,0.24842112188061935,,,
q32_bases_CONTRACT,q32_bases_CONTRACT,Other,numeric,0.8031914893617021,0.19536423841059603,0.15719705276084378,,,
q32_bases_LEGAL_OBLIGATION,q32_bases_LEGAL_OBLIGATION,Other,numeric,0.8031914893617021,0.1390728476821192,0.11973159071970527,,,
q32_bases_VITAL_INTERESTS,q32_bases_VITAL_INTERESTS,Other,numeric,0.8031914893617021,0.033112582781456956,0.03201613964299811,,,
q32_bases_PUBLIC_TASK,q32_bases_PUBLIC_TASK,Other,numeric,0.8031914893617021,0.10596026490066225,0.09473268716284375,,,
q32_bases_LEGITIMATE_INTERESTS,q32_bases_LEGITIMATE_INTERESTS,Other,numeric,0.8031914893617021,0.2913907284768212,0.20648217183456868,,,
q32_bases_NONE_DISCUSSED,q32_bases_NONE_DISCUSSED,Other,numeric,0.8031914893617021,0.33112582781456956,0.2214815139686856,,,
q41_aggrav_NATURE_GRAVITY_DURATION,q41_aggrav_NATURE_GRAVITY_DURATION,Other,numeric,0.9574468085106383,0.5611111111111111,0.2462654320987654,,,
q41_aggrav_INTENT_NEGLIGENCE,q41_aggrav_INTENT_NEGLIGENCE,Other,numeric,0.9574468085106383,0.33611111111111114,0.2231404320987654,,,
q41_aggrav_MITIGATION_ACTIONS,q41_aggrav_MITIGATION_ACTIONS,Other,numeric,0.9574468085106383,0.019444444444444445,0.01906635802469136,,,
q41_aggrav_TECHNICAL_ORGANIZATIONAL_MEASURES,q41_aggrav_TECHNICAL_ORGANIZATIONAL_MEASURES,Other,numeric,0.9574468085106383,0.022222222222222223,0.02172839506172839,,,
q41_aggrav_PREVIOUS_INFRINGEMENTS,q41_aggrav_PREVIOUS_INFRINGEMENTS,Other,numeric,0.9574468085106383,0.05277777777777778,0.0499922839506173,,,
q41_aggrav_COOPERATION_WITH_AUTHORITY,q41_aggrav_COOPERATION_WITH_AUTHORITY,Other,numeric,0.9574468085106383,0.030555555555555555,0.029621913580246916,,,
q41_aggrav_DATA_CATEGORIES_AFFECTED,q41_aggrav_DATA_CATEGORIES_AFFECTED,Other,numeric,0.9574468085106383,0.18888888888888888,0.15320987654320992,,,
q41_aggrav_MANNER_BECAME_KNOWN,q41_aggrav_MANNER_BECAME_KNOWN,Other,numeric,0.9574468085106383,0.022222222222222223,0.021728395061728398,,,
q41_aggrav_COMPLIANCE_PRIOR_ORDERS,q41_aggrav_COMPLIANCE_PRIOR_ORDERS,Other,numeric,0.9574468085106383,0.0,0.0,,,
q41_aggrav_CODES_CERTIFICATION,q41_aggrav_CODES_CERTIFICATION,Other,numeric,0.9574468085106383,0.0,0.0,,,
q41_aggrav_OTHER_CIRCUMSTANCES,q41_aggrav_OTHER_CIRCUMSTANCES,Other,numeric,0.9574468085106383,0.016666666666666666,0.01638888888888889,,,
q41_aggrav_NONE,q41_aggrav_NONE,Other,numeric,0.9574468085106383,0.34444444444444444,0.22580246913580249,,,
q42_mitig_NATURE_GRAVITY_DURATION,q42_mitig_NATURE_GRAVITY_DURATION,Other,numeric,0.9574468085106383,0.027777777777777776,0.027006172839506164,,,
q42_mitig_INTENT_NEGLIGENCE,q42_mitig_INTENT_NEGLIGENCE,Other,numeric,0.9574468085106383,0.008333333333333333,0.00826388888888889,,,
q42_mitig_MITIGATION_ACTIONS,q42_mitig_MITIGATION_ACTIONS,Other,numeric,0.9574468085106383,0.26666666666666666,0.19555555555555562,,,
q42_mitig_TECHNICAL_ORGANIZATIONAL_MEASURES,q42_mitig_TECHNICAL_ORGANIZATIONAL_MEASURES,Other,numeric,0.9574468085106383,0.002777777777777778,0.0027700617283950625,,,
q42_mitig_PREVIOUS_INFRINGEMENTS,q42_mitig_PREVIOUS_INFRINGEMENTS,Other,numeric,0.9574468085106383,0.016666666666666666,0.01638888888888889,,,
q42_mitig_COOPERATION_WITH_AUTHORITY,q42_mitig_COOPERATION_WITH_AUTHORITY,Other,numeric,0.9574468085106383,0.26666666666666666,0.19555555555555557,,,
q42_mitig_DATA_CATEGORIES_AFFECTED,q42_mitig_DATA_CATEGORIES_AFFECTED,Other,numeric,0.9574468085106383,0.0,0.0,,,
q42_mitig_MANNER_BECAME_KNOWN,q42_mitig_MANNER_BECAME_KNOWN,Other,numeric,0.9574468085106383,0.0,0.0,,,
q42_mitig_COMPLIANCE_PRIOR_ORDERS,q42_mitig_COMPLIANCE_PRIOR_ORDERS,Other,numeric,0.9574468085106383,0.0,0.0,,,
q42_mitig_CODES_CERTIFICATION,q42_mitig_CODES_CERTIFICATION,Other,numeric,0.9574468085106383,0.0,0.0,,,
q42_mitig_OTHER_CIRCUMSTANCES,q42_mitig_OTHER_CIRCUMSTANCES,Other,numeric,0.9574468085106383,0.011111111111111112,0.010987654320987658,,,
q42_mitig_NONE,q42_mitig_NONE,Other,numeric,0.9574468085106383,0.6277777777777778,0.2336728395061728,,,
q46_vuln_CHILDREN,q46_vuln_CHILDREN,Vulnerable Groups,numeric,0.24202127659574468,0.32967032967032966,0.22098780340538582,,,
q46_vuln_ELDERLY,q46_vuln_ELDERLY,Vulnerable Groups,numeric,0.24202127659574468,0.02197802197802198,0.021494988527955557,,,
q46_vuln_PATIENTS,q46_vuln_PATIENTS,Vulnerable Groups,numeric,0.24202127659574468,0.21978021978021978,0.17147687477357804,,,
q46_vuln_EMPLOYEES,q46_vuln_EMPLOYEES,Vulnerable Groups,numeric,0.24202127659574468,0.3956043956043956,0.23910155778287648,,,
q46_vuln_FINANCIALLY_VULNERABLE,q46_vuln_FINANCIALLY_VULNERABLE,Vulnerable Groups,numeric,0.24202127659574468,0.0989010989010989,0.08911967153725395,,,
q46_vuln_NONE_MENTIONED,q46_vuln_NONE_MENTIONED,Vulnerable Groups,numeric,0.24202127659574468,0.0,0.0,,,
q46_vuln_NOT_DISCUSSED,q46_vuln_NOT_DISCUSSED,Vulnerable Groups,numeric,0.24202127659574468,0.0,0.0,,,
q47_remedial_IMMEDIATE_CESSATION,q47_remedial_IMMEDIATE_CESSATION,Mitigations,numeric,0.44148936170212766,0.6506024096385542,0.22731891421106115,,,
q47_remedial_SYSTEM_UPGRADES,q47_remedial_SYSTEM_UPGRADES,Mitigations,numeric,0.44148936170212766,0.3373493975903614,0.22354478153578172,,,
q47_remedial_POLICY_CHANGES,q47_remedial_POLICY_CHANGES,Mitigations,numeric,0.44148936170212766,0.3855421686746988,0.23689940484830885,,,
q47_remedial_STAFF_TRAINING,q47_remedial_STAFF_TRAINING,Mitigations,numeric,0.44148936170212766,0.29518072289156627,0.2080490637247786,,,
q47_remedial_EXTERNAL_AUDIT,q47_remedial_EXTERNAL_AUDIT,Mitigations,numeric,0.44148936170212766,0.07228915662650602,0.0670634344607345,,,
q47_remedial_DPO_APPOINTMENT,q47_remedial_DPO_APPOINTMENT,Mitigations,numeric,0.44148936170212766,0.030120481927710843,0.029213238496153288,,,
q47_remedial_COMPENSATION_TO_SUBJECTS,q47_remedial_COMPENSATION_TO_SUBJECTS,Mitigations,numeric,0.44148936170212766,0.006024096385542169,0.005987806648279867,,,
q47_remedial_NONE_MENTIONED,q47_remedial_NONE_MENTIONED,Mitigations,numeric,0.44148936170212766,0.0,0.0,,,
q50_other_measures_PROCESSING_BAN,q50_other_measures_PROCESSING_BAN,Other,numeric,0.9574468085106383,0.002777777777777778,0.002770061728395063,,,
q50_other_measures_DATA_DELETION_ORDER,q50_other_measures_DATA_DELETION_ORDER,Other,numeric,0.9574468085106383,0.025,0.024374999999999997,,,
q50_other_measures_COMPLIANCE_ORDER,q50_other_measures_COMPLIANCE_ORDER,Other,numeric,0.9574468085106383,0.3388888888888889,0.22404320987654325,,,
q50_other_measures_CERTIFICATION_WITHDRAWAL,q50_other_measures_CERTIFICATION_WITHDRAWAL,Other,numeric,0.9574468085106383,0.0,0.0,,,
q50_other_measures_PERIODIC_REPORTING,q50_other_measures_PERIODIC_REPORTING,Other,numeric,0.9574468085106383,0.0,0.0,,,
q50_other_measures_AUDIT_REQUIREMENT,q50_other_measures_AUDIT_REQUIREMENT,Other,numeric,0.9574468085106383,0.005555555555555556,0.005524691358024691,,,
q50_other_measures_NONE,q50_other_measures_NONE,Other,numeric,0.9574468085106383,0.625,0.234375,,,
q54_scopes_COMPLETE_PROCESSING_BAN,q54_scopes_COMPLETE_PROCESSING_BAN,Other,numeric,0.0398936170212766,0.2,0.16000000000000006,,,
q54_scopes_SPECIFIC_PURPOSE_LIMITATION,q54_scopes_SPECIFIC_PURPOSE_LIMITATION,Other,numeric,0.0398936170212766,0.6,0.24000000000000002,,,
q54_scopes_DATA_CATEGORY_LIMITATION,q54_scopes_DATA_CATEGORY_LIMITATION,Other,numeric,0.0398936170212766,0.2,0.16000000000000003,,,
q54_scopes_GEOGRAPHICAL_LIMITATION,q54_scopes_GEOGRAPHICAL_LIMITATION,Other,numeric,0.0398936170212766,0.06666666666666667,0.06222222222222222,,,
q54_scopes_TEMPORAL_LIMITATION,q54_scopes_TEMPORAL_LIMITATION,Other,numeric,0.0398936170212766,0.13333333333333333,0.11555555555555556,,,
q54_scopes_NOT_APPLICABLE,q54_scopes_NOT_APPLICABLE,Other,numeric,0.0398936170212766,0.0,0.0,,,
q56_rights_discussed_ACCESS,q56_rights_discussed_ACCESS,Other,numeric,0.8776595744680851,0.12121212121212122,0.10651974288337922,,,
q56_rights_discussed_RECTIFICATION,q56_rights_discussed_RECTIFICATION,Other,numeric,0.8776595744680851,0.015151515151515152,0.014921946740128558,,,
q56_rights_discussed_ERASURE,q56_rights_discussed_ERASURE,Other,numeric,0.8776595744680851,0.10303030303030303,0.09241505968778696,,,
q56_rights_discussed_RESTRICTION_OF_PROCESSING,q56_rights_discussed_RESTRICTION_OF_PROCESSING,Other,numeric,0.8776595744680851,0.00909090909090909,0.009008264462809917,,,
q56_rights_discussed_DATA_PORTABILITY,q56_rights_discussed_DATA_PORTABILITY,Other,numeric,0.8776595744680851,0.006060606060606061,0.006023875114784207,,,
q56_rights_discussed_OBJECTION,q56_rights_discussed_OBJECTION,Other,numeric,0.8776595744680851,0.02727272727272727,0.026528925619834713,,,
q56_rights_discussed_AUTOMATED_DECISION_MAKING,q56_rights_discussed_AUTOMATED_DECISION_MAKING,Other,numeric,0.8776595744680851,0.0030303030303030303,0.003021120293847566,,,
q56_rights_discussed_INFORMATION_OBLIGATIONS,q56_rights_discussed_INFORMATION_OBLIGATIONS,Other,numeric,0.8776595744680851,0.48484848484848486,0.24977043158861337,,,
q56_rights_discussed_NONE_DISCUSSED,q56_rights_discussed_NONE_DISCUSSED,Other,numeric,0.8776595744680851,0.3393939393939394,0.22420569329660242,,,
q57_rights_violated_ACCESS,q57_rights_violated_ACCESS,Other,numeric,0.47074468085106386,0.14124293785310735,0.12129337035973059,,,
q57_rights_violated_RECTIFICATION,q57_rights_violated_RECTIFICATION,Other,numeric,0.47074468085106386,0.005649717514124294,0.0056177982061348915,,,
q57_rights_violated_ERASURE,q57_rights_violated_ERASURE,Other,numeric,0.47074468085106386,0.12994350282485875,0.11305818889846464,,,
q57_rights_violated_RESTRICTION_OF_PROCESSING,q57_rights_violated_RESTRICTION_OF_PROCESSING,Other,numeric,0.47074468085106386,0.0,0.0,,,
q57_rights_violated_DATA_PORTABILITY,q57_rights_violated_DATA_PORTABILITY,Other,numeric,0.47074468085106386,0.0,0.0,,,
q57_rights_violated_OBJECTION,q57_rights_violated_OBJECTION,Other,numeric,0.47074468085106386,0.03389830508474576,0.032749209997127264,,,
q57_rights_violated_AUTOMATED_DECISION_MAKING,q57_rights_violated_AUTOMATED_DECISION_MAKING,Other,numeric,0.47074468085106386,0.0,0.0,,,
q57_rights_violated_INFORMATION_OBLIGATIONS,q57_rights_violated_INFORMATION_OBLIGATIONS,Other,numeric,0.47074468085106386,0.6666666666666666,0.22222222222222224,,,
q57_rights_violated_NONE_VIOLATED,q57_rights_violated_NONE_VIOLATED,Other,numeric,0.47074468085106386,0.0,0.0,,,
q57_rights_violated_NOT_DETERMINED,q57_rights_violated_NOT_DETERMINED,Other,numeric,0.47074468085106386,0.0,0.0,,,
q58_access_issues_EXCESSIVE_DELAY,q58_access_issues_EXCESSIVE_DELAY,Other,numeric,0.10106382978723404,0.6578947368421053,0.22506925207756237,,,
q58_access_issues_EXCESSIVE_FEES,q58_access_issues_EXCESSIVE_FEES,Other,numeric,0.10106382978723404,0.0,0.0,,,
q58_access_issues_INADEQUATE_RESPONSE,q58_access_issues_INADEQUATE_RESPONSE,Other,numeric,0.10106382978723404,0.7631578947368421,0.18074792243767313,,,
q58_access_issues_IDENTITY_VERIFICATION_ISSUES,q58_access_issues_IDENTITY_VERIFICATION_ISSUES,Other,numeric,0.10106382978723404,0.02631578947368421,0.025623268698060947,,,
q58_access_issues_SCOPE_LIMITATIONS,q58_access_issues_SCOPE_LIMITATIONS,Other,numeric,0.10106382978723404,0.05263157894736842,0.04986149584487534,,,
q58_access_issues_NO_ISSUES_FOUND,q58_access_issues_NO_ISSUES_FOUND,Other,numeric,0.10106382978723404,0.05263157894736842,0.04986149584487534,,,
q58_access_issues_NOT_APPLICABLE,q58_access_issues_NOT_APPLICABLE,Other,numeric,0.10106382978723404,0.0,0.0,,,
q59_adm_issues_LACK_OF_HUMAN_INTERVENTION,q59_adm_issues_LACK_OF_HUMAN_INTERVENTION,Other,numeric,0.005319148936170213,0.0,0.0,,,
q59_adm_issues_INADEQUATE_SAFEGUARDS,q59_adm_issues_INADEQUATE_SAFEGUARDS,Other,numeric,0.005319148936170213,0.0,0.0,,,
q59_adm_issues_PROFILING_WITHOUT_CONSENT,q59_adm_issues_PROFILING_WITHOUT_CONSENT,Other,numeric,0.005319148936170213,0.5,0.25,,,
q59_adm_issues_NO_EXPLANATION_PROVIDED,q59_adm_issues_NO_EXPLANATION_PROVIDED,Other,numeric,0.005319148936170213,1.0,0.0,,,
q59_adm_issues_NO_ISSUES_FOUND,q59_adm_issues_NO_ISSUES_FOUND,Other,numeric,0.005319148936170213,0.0,0.0,,,
q59_adm_issues_NOT_APPLICABLE,q59_adm_issues_NOT_APPLICABLE,Other,numeric,0.005319148936170213,0.0,0.0,,,
q61_dpo_issues_NO_DPO_APPOINTED,q61_dpo_issues_NO_DPO_APPOINTED,Other,numeric,0.05319148936170213,0.35,0.22749999999999998,,,
q61_dpo_issues_INADEQUATE_QUALIFICATIONS,q61_dpo_issues_INADEQUATE_QUALIFICATIONS,Other,numeric,0.05319148936170213,0.0,0.0,,,
q61_dpo_issues_INSUFFICIENT_INDEPENDENCE,q61_dpo_issues_INSUFFICIENT_INDEPENDENCE,Other,numeric,0.05319148936170213,0.0,0.0,,,
q61_dpo_issues_LACK_OF_RESOURCES,q61_dpo_issues_LACK_OF_RESOURCES,Other,numeric,0.05319148936170213,0.05,0.0475,,,
q61_dpo_issues_INADEQUATE_INVOLVEMENT,q61_dpo_issues_INADEQUATE_INVOLVEMENT,Other,numeric,0.05319148936170213,0.15,0.1275,,,
q61_dpo_issues_CONFLICT_OF_INTEREST,q61_dpo_issues_CONFLICT_OF_INTEREST,Other,numeric,0.05319148936170213,0.0,0.0,,,
q61_dpo_issues_NO_ISSUES_FOUND,q61_dpo_issues_NO_ISSUES_FOUND,Other,numeric,0.05319148936170213,0.55,0.24749999999999997,,,
q61_dpo_issues_NOT_APPLICABLE,q61_dpo_issues_NOT_APPLICABLE,Other,numeric,0.05319148936170213,0.0,0.0,,,
q64_transfer_violations_NO_ADEQUATE_SAFEGUARDS,q64_transfer_violations_NO_ADEQUATE_SAFEGUARDS,Other,numeric,0.010638297872340425,1.0,0.0,,,
q64_transfer_violations_INVALID_TRANSFER_MECHANISM,q64_transfer_violations_INVALID_TRANSFER_MECHANISM,Other,numeric,0.010638297872340425,0.0,0.0,,,
q64_transfer_violations_SCHREMS_II_ISSUES,q64_transfer_violations_SCHREMS_II_ISSUES,Other,numeric,0.010638297872340425,0.25,0.1875,,,
q64_transfer_violations_NO_IMPACT_ASSESSMENT,q64_transfer_violations_NO_IMPACT_ASSESSMENT,Other,numeric,0.010638297872340425,0.0,0.0,,,
q64_transfer_violations_INADEQUATE_CONTRACTUAL_CLAUSES,q64_transfer_violations_INADEQUATE_CONTRACTUAL_CLAUSES,Other,numeric,0.010638297872340425,0.0,0.0,,,
q64_transfer_violations_NOT_APPLICABLE,q64_transfer_violations_NOT_APPLICABLE,Other,numeric,0.010638297872340425,0.0,0.0,,,
ingest_parser_version_1_1_0,ingest_parser_version,Other,categorical,1.0,1.0,0.0,,,
ingest_missing_questions_MISSING,ingest_missing_questions,Other,categorical,1.0,0.7925531914893617,0.16441263014938884,,,
ingest_missing_questions_Q1_Q2_Q3_Q4_Q5_Q6_Q7_Q8_Q9_Q10_Q11_Q12_Q13_Q14_Q15_Q16_Q17_Q18_Q19_Q20_Q21_Q22_Q23_Q24_Q25_Q26_Q27_Q28_Q29_Q30_Q31_Q32_Q33_Q34_Q35_Q36_Q37_Q38_Q39_Q40_Q41_Q42_Q43_Q44_Q45_Q46_Q47_Q48_Q49_Q50_Q51_Q52_Q53_Q54_Q55_Q56_Q57_Q58_Q59_Q60_Q61_Q62_Q63_Q64_Q65_Q66_Q67_Q68,ingest_missing_questions,Other,categorical,1.0,0.034574468085106384,0.03337907424173835,,,
ingest_missing_questions_Q68,ingest_missing_questions,Other,categorical,1.0,0.17287234042553193,0.1429874943413309,,,
ingest_warnings_MISSING,ingest_warnings,Other,categorical,1.0,0.7925531914893617,0.16441263014938884,,,
ingest_warnings_incomplete_record_missing_Q1_Q2_Q3_Q4_Q5_Q6_Q7_Q8_Q9_Q10,ingest_warnings,Other,categorical,1.0,0.034574468085106384,0.03337907424173835,,,
ingest_warnings_incomplete_record_missing_Q68,ingest_warnings,Other,categorical,1.0,0.17287234042553193,0.1429874943413309,,,
country_code_ES,country_code,Jurisdiction,categorical,1.0,0.6037234042553191,0.23924145540968764,0.9654255319148937,0.034574468085106384,
country_code_GB,country_code,Jurisdiction,categorical,1.0,0.0425531914893617,0.040742417383431435,0.9654255319148937,0.034574468085106384,
country_code_MISSING,country_code,Jurisdiction,categorical,1.0,0.034574468085106384,0.03337907424173835,0.9654255319148937,0.034574468085106384,
country_code_PL,country_code,Jurisdiction,categorical,1.0,0.018617021276595744,0.018270427795382526,0.9654255319148937,0.034574468085106384,
country_code_PT,country_code,Jurisdiction,categorical,1.0,0.005319148936170213,0.005290855590765051,0.9654255319148937,0.034574468085106384,
country_code_RO,country_code,Jurisdiction,categorical,1.0,0.15425531914893617,0.13046061566319603,0.9654255319148937,0.034574468085106384,
country_code_SE,country_code,Jurisdiction,categorical,1.0,0.061170212765957445,0.057428417836124936,0.9654255319148937,0.034574468085106384,
country_code_SI,country_code,Jurisdiction,categorical,1.0,0.05851063829787234,0.0550871435038479,0.9654255319148937,0.034574468085106384,
country_code_SK,country_code,Jurisdiction,categorical,1.0,0.0026595744680851063,0.002652501131733817,0.9654255319148937,0.034574468085106384,
country_code_UNCLEAR,country_code,Jurisdiction,categorical,1.0,0.018617021276595744,0.01827042779538253,0.9654255319148937,0.034574468085106384,
country_group_EU,country_group,Other,categorical,1.0,0.9042553191489362,0.08657763693979177,0.9654255319148937,0.034574468085106384,
country_group_MISSING,country_group,Other,categorical,1.0,0.034574468085106384,0.03337907424173835,0.9654255319148937,0.034574468085106384,
country_group_NON_EEA,country_group,Other,categorical,1.0,0.061170212765957445,0.05742841783612493,0.9654255319148937,0.034574468085106384,
dpa_name_raw_A_N_S_P_D_C_P,dpa_name_raw,Jurisdiction,categorical,1.0,0.005319148936170213,0.00529085559076505,,,
dpa_name_raw_A_N_S_P_D_C_P_1,dpa_name_raw,Jurisdiction,categorical,1.0,0.026595744680851064,0.025888411045722048,,,
dpa_name_raw_ANSPDCP,dpa_name_raw,Jurisdiction,categorical,1.0,0.0026595744680851063,0.002652501131733817,,,
dpa_name_raw_Agencia_Espa_ola_de_Protecci_n_de_Datos,dpa_name_raw,Jurisdiction,categorical,1.0,0.018617021276595744,0.018270427795382526,,,
dpa_name_raw_Autoritatea_Na_ional_de_Supraveghere_a_Prelucr_rii_Datelor_cu_Caracter_Personal,dpa_name_raw,Jurisdiction,categorical,1.0,0.0026595744680851063,0.002652501131733817,,,
dpa_name_raw_Autoritatea_Na_ional_de_Supraveghere_a_Prelucr_rii_Datelor_cu_Caracter_Personal_ANSPDCP,dpa_name_raw,Jurisdiction,categorical,1.0,0.0026595744680851063,0.002652501131733817,,,
dpa_name_raw_Catalan_Data_Protection_Authority,dpa_name_raw,Jurisdiction,categorical,1.0,0.010638297872340425,0.010525124490719783,,,
dpa_name_raw_Comiss_o_Nacional_de_Prote_o_de_Dados,dpa_name_raw,Jurisdiction,categorical,1.0,0.005319148936170213,0.005290855590765051,,,
dpa_name_raw_Council_for_Transparency_and_Protection_of_Data_of_Andalusia,dpa_name_raw,Jurisdiction,categorical,1.0,0.0026595744680851063,0.002652501131733817,,,
dpa_name_raw_Datainspektionen,dpa_name_raw,Jurisdiction,categorical,1.0,0.010638297872340425,0.010525124490719783,,,
dpa_name_raw_Informacijski_poobla_enec,dpa_name_raw,Jurisdiction,categorical,1.0,0.0026595744680851063,0.002652501131733817,,,
dpa_name_raw_Information_Commissioner,dpa_name_raw,Jurisdiction,categorical,1.0,0.0425531914893617,0.040742417383431435,,,
dpa_name_raw_Information_Commissioner_IP,dpa_name_raw,Jurisdiction,categorical,1.0,0.0026595744680851063,0.002652501131733817,,,
dpa_name_raw_Information_Commissioner_Slovenia,dpa_name_raw,Jurisdiction,categorical,1.0,0.005319148936170213,0.0052908555907650485,,,
dpa_name_raw_Information_Commissioner_of_the_Republic_of_Slovenia,dpa_name_raw,Jurisdiction,categorical,1.0,0.005319148936170213,0.005290855590765049,,,
dpa_name_raw_Information_Commissioner_s_Office,dpa_name_raw,Jurisdiction,categorical,1.0,0.0398936170212766,0.03830211634223631,,,
dpa_name_raw_Integritetsskyddsmyndigheten,dpa_name_raw,Jurisdiction,categorical,1.0,0.010638297872340425,0.010525124490719785,,,
dpa_name_raw_Integritetsskyddsmyndigheten_IMY,dpa_name_raw,Jurisdiction,categorical,1.0,0.013297872340425532,0.013121038931643274,,,
dpa_name_raw_Integrity_Protection_Authority,dpa_name_raw,Jurisdiction,categorical,1.0,0.007978723404255319,0.007915063377093709,,,
dpa_name_raw_MISSING,dpa_name_raw,Jurisdiction,categorical,1.0,0.034574468085106384,0.03337907424173835,,,
dpa_name_raw_NOT_DISCUSSED,dpa_name_raw,Jurisdiction,categorical,1.0,0.0026595744680851063,0.002652501131733817,,,
dpa_name_raw_National_Supervisory_Authority,dpa_name_raw,Jurisdiction,categorical,1.0,0.034574468085106384,0.033379074241738346,,,
dpa_name_raw_National_Supervisory_Authority_for_Personal_Data_Processing,dpa_name_raw,Jurisdiction,categorical,1.0,0.013297872340425532,0.013121038931643274,,,
dpa_name_raw_National_Supervisory_Authority_for_the_Processing_of_Personal_Data,dpa_name_raw,Jurisdiction,categorical,1.0,0.015957446808510637,0.015702806699864187,,,
dpa_name_raw_Office_for_the_Protection_of_Personal_Data_of_the_Slovak_Republic,dpa_name_raw,Jurisdiction,categorical,1.0,0.0026595744680851063,0.002652501131733817,,,
dpa_name_raw_President_of_the_Office_for_Personal_Data_Protection,dpa_name_raw,Jurisdiction,categorical,1.0,0.013297872340425532,0.013121038931643278,,,
dpa_name_raw_President_of_the_Personal_Data_Protection_Office,dpa_name_raw,Jurisdiction,categorical,1.0,0.005319148936170213,0.005290855590765051,,,
dpa_name_raw_Romanian_Supervisory_Authority,dpa_name_raw,Jurisdiction,categorical,1.0,0.0026595744680851063,0.002652501131733817,,,
dpa_name_raw_STRING,dpa_name_raw,Jurisdiction,categorical,1.0,0.0425531914893617,0.040742417383431435,,,
dpa_name_raw_Spanish_Agency_for_Data_Protection,dpa_name_raw,Jurisdiction,categorical,1.0,0.28191489361702127,0.20243888637392488,,,
dpa_name_raw_Spanish_Data_Protection_Agency,dpa_name_raw,Jurisdiction,categorical,1.0,0.2872340425531915,0.20473064735174284,,,
dpa_name_raw_Spanish_Data_Protection_Agency_AEPD,dpa_name_raw,Jurisdiction,categorical,1.0,0.0026595744680851063,0.002652501131733817,,,
dpa_name_raw_Swedish_Authority_for_Privacy_Protection,dpa_name_raw,Jurisdiction,categorical,1.0,0.005319148936170213,0.0052908555907650485,,,
dpa_name_raw_Swedish_Authority_for_Privacy_Protection_IMY,dpa_name_raw,Jurisdiction,categorical,1.0,0.010638297872340425,0.010525124490719783,,,
dpa_name_raw_Swedish_Data_Protection_Authority,dpa_name_raw,Jurisdiction,categorical,1.0,0.0026595744680851063,0.002652501131733817,,,
dpa_name_raw_The_Information_Commissioner,dpa_name_raw,Jurisdiction,categorical,1.0,0.0026595744680851063,0.002652501131733817,,,
dpa_name_raw_The_National_Supervisory_Authority,dpa_name_raw,Jurisdiction,categorical,1.0,0.005319148936170213,0.005290855590765049,,,
dpa_name_raw_The_National_Supervisory_Authority_for_Personal_Data_Processing,dpa_name_raw,Jurisdiction,categorical,1.0,0.005319148936170213,0.00529085559076505,,,
dpa_name_raw_The_National_Supervisory_Authority_for_the_Processing_of_Personal_Data,dpa_name_raw,Jurisdiction,categorical,1.0,0.007978723404255319,0.00791506337709371,,,
dpa_name_raw_UNCLEAR,dpa_name_raw,Jurisdiction,categorical,1.0,0.0026595744680851063,0.002652501131733817,,,
dpa_name_canonical_A_N_S_P_D_C_P,dpa_name_canonical,Jurisdiction,categorical,1.0,0.005319148936170213,0.00529085559076505,,,
dpa_name_canonical_A_N_S_P_D_C_P_1,dpa_name_canonical,Jurisdiction,categorical,1.0,0.026595744680851064,0.025888411045722048,,,
dpa_name_canonical_ANSPDCP,dpa_name_canonical,Jurisdiction,categorical,1.0,0.0026595744680851063,0.002652501131733817,,,
dpa_name_canonical_Agencia_Espa_ola_de_Protecci_n_de_Datos,dpa_name_canonical,Jurisdiction,categorical,1.0,0.018617021276595744,0.018270427795382526,,,
dpa_name_canonical_Autoritatea_Na_ional_de_Supraveghere_a_Prelucr_rii_Datelor_cu_Caracter_Personal,dpa_name_canonical,Jurisdiction,categorical,1.0,0.0026595744680851063,0.002652501131733817,,,
dpa_name_canonical_Autoritatea_Na_ional_de_Supraveghere_a_Prelucr_rii_Datelor_cu_Caracter_Personal_ANSPDCP,dpa_name_canonical,Jurisdiction,categorical,1.0,0.0026595744680851063,0.002652501131733817,,,
dpa_name_canonical_Catalan_Data_Protection_Authority,dpa_name_canonical,Jurisdiction,categorical,1.0,0.010638297872340425,0.010525124490719783,,,
dpa_name_canonical_Comiss_o_Nacional_de_Prote_o_de_Dados,dpa_name_canonical,Jurisdiction,categorical,1.0,0.005319148936170213,0.005290855590765051,,,
dpa_name_canonical_Council_for_Transparency_and_Protection_of_Data_of_Andalusia,dpa_name_canonical,Jurisdiction,categorical,1.0,0.0026595744680851063,0.002652501131733817,,,
dpa_name_canonical_Datainspektionen,dpa_name_canonical,Jurisdiction,categorical,1.0,0.010638297872340425,0.010525124490719783,,,
dpa_name_canonical_Informacijski_poobla_enec,dpa_name_canonical,Jurisdiction,categorical,1.0,0.0026595744680851063,0.002652501131733817,,,
dpa_name_canonical_Information_Commissioner,dpa_name_canonical,Jurisdiction,categorical,1.0,0.0425531914893617,0.040742417383431435,,,
dpa_name_canonical_Information_Commissioner_IP,dpa_name_canonical,Jurisdiction,categorical,1.0,0.0026595744680851063,0.002652501131733817,,,
dpa_name_canonical_Information_Commissioner_Slovenia,dpa_name_canonical,Jurisdiction,categorical,1.0,0.005319148936170213,0.0052908555907650485,,,
dpa_name_canonical_Information_Commissioner_of_the_Republic_of_Slovenia,dpa_name_canonical,Jurisdiction,categorical,1.0,0.005319148936170213,0.005290855590765049,,,
dpa_name_canonical_Information_Commissioner_s_Office,dpa_name_canonical,Jurisdiction,categorical,1.0,0.0398936170212766,0.03830211634223631,,,
dpa_name_canonical_Integritetsskyddsmyndigheten,dpa_name_canonical,Jurisdiction,categorical,1.0,0.010638297872340425,0.010525124490719785,,,
dpa_name_canonical_Integritetsskyddsmyndigheten_IMY,dpa_name_canonical,Jurisdiction,categorical,1.0,0.013297872340425532,0.013121038931643274,,,
dpa_name_canonical_Integrity_Protection_Authority,dpa_name_canonical,Jurisdiction,categorical,1.0,0.007978723404255319,0.007915063377093709,,,
dpa_name_canonical_MISSING,dpa_name_canonical,Jurisdiction,categorical,1.0,0.034574468085106384,0.03337907424173835,,,
dpa_name_canonical_NOT_DISCUSSED,dpa_name_canonical,Jurisdiction,categorical,1.0,0.0026595744680851063,0.002652501131733817,,,
dpa_name_canonical_National_Supervisory_Authority,dpa_name_canonical,Jurisdiction,categorical,1.0,0.034574468085106384,0.033379074241738346,,,
dpa_name_canonical_National_Supervisory_Authority_for_Personal_Data_Processing,dpa_name_canonical,Jurisdiction,categorical,1.0,0.013297872340425532,0.013121038931643274,,,
dpa_name_canonical_National_Supervisory_Authority_for_the_Processing_of_Personal_Data,dpa_name_canonical,Jurisdiction,categorical,1.0,0.015957446808510637,0.015702806699864187,,,
dpa_name_canonical_Office_for_the_Protection_of_Personal_Data_of_the_Slovak_Republic,dpa_name_canonical,Jurisdiction,categorical,1.0,0.0026595744680851063,0.002652501131733817,,,
dpa_name_canonical_President_of_the_Office_for_Personal_Data_Protection,dpa_name_canonical,Jurisdiction,categorical,1.0,0.013297872340425532,0.013121038931643278,,,
dpa_name_canonical_President_of_the_Personal_Data_Protection_Office,dpa_name_canonical,Jurisdiction,categorical,1.0,0.005319148936170213,0.005290855590765051,,,
dpa_name_canonical_Romanian_Supervisory_Authority,dpa_name_canonical,Jurisdiction,categorical,1.0,0.0026595744680851063,0.002652501131733817,,,
dpa_name_canonical_STRING,dpa_name_canonical,Jurisdiction,categorical,1.0,0.0425531914893617,0.040742417383431435,,,
dpa_name_canonical_Spanish_Agency_for_Data_Protection,dpa_name_canonical,Jurisdiction,categorical,1.0,0.28191489361702127,0.20243888637392488,,,
dpa_name_canonical_Spanish_Data_Protection_Agency,dpa_name_canonical,Jurisdiction,categorical,1.0,0.2872340425531915,0.20473064735174284,,,
dpa_name_canonical_Spanish_Data_Protection_Agency_AEPD,dpa_name_canonical,Jurisdiction,categorical,1.0,0.0026595744680851063,0.002652501131733817,,,
dpa_name_canonical_Swedish_Authority_for_Privacy_Protection,dpa_name_canonical,Jurisdiction,categorical,1.0,0.005319148936170213,0.0052908555907650485,,,
dpa_name_canonical_Swedish_Authority_for_Privacy_Protection_IMY,dpa_name_canonical,Jurisdiction,categorical,1.0,0.010638297872340425,0.010525124490719783,,,
dpa_name_canonical_Swedish_Data_Protection_Authority,dpa_name_canonical,Jurisdiction,categorical,1.0,0.0026595744680851063,0.002652501131733817,,,
dpa_name_canonical_The_Information_Commissioner,dpa_name_canonical,Jurisdiction,categorical,1.0,0.0026595744680851063,0.002652501131733817,,,
dpa_name_canonical_The_National_Supervisory_Authority,dpa_name_canonical,Jurisdiction,categorical,1.0,0.005319148936170213,0.005290855590765049,,,
dpa_name_canonical_The_National_Supervisory_Authority_for_Personal_Data_Processing,dpa_name_canonical,Jurisdiction,categorical,1.0,0.005319148936170213,0.00529085559076505,,,
dpa_name_canonical_The_National_Supervisory_Authority_for_the_Processing_of_Personal_Data,dpa_name_canonical,Jurisdiction,categorical,1.0,0.007978723404255319,0.00791506337709371,,,
dpa_name_canonical_UNCLEAR,dpa_name_canonical,Jurisdiction,categorical,1.0,0.0026595744680851063,0.002652501131733817,,,
decision_date_raw_2019_10_29,decision_date_raw,Other,categorical,1.0,0.0026595744680851063,0.002652501131733817,,,
decision_date_raw_2020_02_14,decision_date_raw,Other,categorical,1.0,0.0026595744680851063,0.002652501131733817,,,
decision_date_raw_2020_04_14,decision_date_raw,Other,categorical,1.0,0.0026595744680851063,0.002652501131733817,,,
decision_date_raw_2020_06_10,decision_date_raw,Other,categorical,1.0,0.0026595744680851063,0.002652501131733817,,,
decision_date_raw_2020_06_30,decision_date_raw,Other,categorical,1.0,0.0026595744680851063,0.002652501131733817,,,
decision_date_raw_2020_07_16,decision_date_raw,Other,categorical,1.0,0.0026595744680851063,0.002652501131733817,,,
decision_date_raw_2020_11_13,decision_date_raw,Other,categorical,1.0,0.007978723404255319,0.007915063377093709,,,
decision_date_raw_2020_11_23,decision_date_raw,Other,categorical,1.0,0.0026595744680851063,0.002652501131733817,,,
decision_date_raw_2020_12_02,decision_date_raw,Other,categorical,1.0,0.0026595744680851063,0.002652501131733817,,,
decision_date_raw_2020_12_03,decision_date_raw,Other,categorical,1.0,0.0026595744680851063,0.002652501131733817,,,
decision_date_raw_2021_01_22,decision_date_raw,Other,categorical,1.0,0.0026595744680851063,0.002652501131733817,,,
decision_date_raw_2021_03_25,decision_date_raw,Other,categorical,1.0,0.0026595744680851063,0.002652501131733817,,,
decision_date_raw_2021_03_31,decision_date_raw,Other,categorical,1.0,0.0026595744680851063,0.002652501131733817,,,
decision_date_raw_2021_04_06,decision_date_raw,Other,categorical,1.0,0.0026595744680851063,0.002652501131733817,,,
decision_date_raw_2021_04_27,decision_date_raw,Other,categorical,1.0,0.0026595744680851063,0.002652501131733817,,,
decision_date_raw_2021_05_17,decision_date_raw,Other,categorical,1.0,0.0026595744680851063,0.002652501131733817,,,
decision_date_raw_2021_05_21,decision_date_raw,Other,categorical,1.0,0.0026595744680851063,0.002652501131733817,,,
decision_date_raw_2021_06_09,decision_date_raw,Other,categorical,1.0,0.0026595744680851063,0.002652501131733817,,,
decision_date_raw_2021_07_05,decision_date_raw,Other,categorical,1.0,0.0026595744680851063,0.002652501131733817,,,
decision_date_raw_2021_10_04,decision_date_raw,Other,categorical,1.0,0.0026595744680851063,0.002652501131733817,,,
decision_date_raw_2021_11_15,decision_date_raw,Other,categorical,1.0,0.0026595744680851063,0.002652501131733817,,,
decision_date_raw_2021_12_01,decision_date_raw,Other,categorical,1.0,0.0026595744680851063,0.002652501131733817,,,
decision_date_raw_2021_12_13,decision_date_raw,Other,categorical,1.0,0.0026595744680851063,0.002652501131733817,,,
decision_date_raw_2022_01_26,decision_date_raw,Other,categorical,1.0,0.0026595744680851063,0.002652501131733817,,,
decision_date_raw_2022_02_14,decision_date_raw,Other,categorical,1.0,0.0026595744680851063,0.002652501131733817,,,
decision_date_raw_2022_02_28,decision_date_raw,Other,categorical,1.0,0.0026595744680851063,0.002652501131733817,,,
decision_date_raw_2022_03_28,decision_date_raw,Other,categorical,1.0,0.0026595744680851063,0.002652501131733817,,,
decision_date_raw_2022_03_29,decision_date_raw,Other,categorical,1.0,0.0026595744680851063,0.002652501131733817,,,
decision_date_raw_2022_05_22,decision_date_raw,Other,categorical,1.0,0.0026595744680851063,0.002652501131733817,,,
decision_date_raw_2022_07_06,decision_date_raw,Other,categorical,1.0,0.0026595744680851063,0.002652501131733817,,,
decision_date_raw_2022_10_03,decision_date_raw,Other,categorical,1.0,0.0026595744680851063,0.002652501131733817,,,
decision_date_raw_2022_10_04,decision_date_raw,Other,categorical,1.0,0.0026595744680851063,0.002652501131733817,,,
decision_date_raw_2022_10_10,decision_date_raw,Other,categorical,1.0,0.0026595744680851063,0.002652501131733817,,,
decision_date_raw_2023_01_19,decision_date_raw,Other,categorical,1.0,0.0026595744680851063,0.002652501131733817,,,
decision_date_raw_2023_03_31,decision_date_raw,Other,categorical,1.0,0.0026595744680851063,0.002652501131733817,,,
decision_date_raw_2023_04_30,decision_date_raw,Other,categorical,1.0,0.0026595744680851063,0.002652501131733817,,,
decision_date_raw_2023_06_12,decision_date_raw,Other,categorical,1.0,0.0026595744680851063,0.002652501131733817,,,
decision_date_raw_2023_06_30,decision_date_raw,Other,categorical,1.0,0.005319148936170213,0.005290855590765049,,,
decision_date_raw_2023_08_28,decision_date_raw,Other,categorical,1.0,0.0026595744680851063,0.002652501131733817,,,
decision_date_raw_2024_01_16,decision_date_raw,Other,categorical,1.0,0.013297872340425532,0.013121038931643278,,,
decision_date_raw_2024_01_31,decision_date_raw,Other,categorical,1.0,0.0026595744680851063,0.002652501131733817,,,
decision_date_raw_2024_03_25,decision_date_raw,Other,categorical,1.0,0.0026595744680851063,0.002652501131733817,,,
decision_date_raw_2024_07_09,decision_date_raw,Other,categorical,1.0,0.0026595744680851063,0.002652501131733817,,,
decision_date_raw_2024_12_05,decision_date_raw,Other,categorical,1.0,0.0026595744680851063,0.002652501131733817,,,
decision_date_raw_2024_12_19,decision_date_raw,Other,categorical,1.0,0.0026595744680851063,0.002652501131733817,,,
decision_date_raw_2025_04_30,decision_date_raw,Other,categorical,1.0,0.0026595744680851063,0.002652501131733817,,,
decision_date_raw_2025_06_05,decision_date_raw,Other,categorical,1.0,0.0026595744680851063,0.002652501131733817,,,
decision_date_raw_2025_06_24,decision_date_raw,Other,categorical,1.0,0.0026595744680851063,0.002652501131733817,,,
decision_date_raw_MISSING,decision_date_raw,Other,categorical,1.0,0.8537234042553191,0.12487975328202805,,,
decision_date_2019_10_29_00_00_00_00_00,decision_date,Other,categorical,1.0,0.0026595744680851063,0.002652501131733817,,,
decision_date_2020_02_14_00_00_00_00_00,decision_date,Other,categorical,1.0,0.0026595744680851063,0.002652501131733817,,,
decision_date_2020_04_14_00_00_00_00_00,decision_date,Other,categorical,1.0,0.0026595744680851063,0.002652501131733817,,,
decision_date_2020_06_10_00_00_00_00_00,decision_date,Other,categorical,1.0,0.0026595744680851063,0.002652501131733817,,,
decision_date_2020_06_30_00_00_00_00_00,decision_date,Other,categorical,1.0,0.0026595744680851063,0.002652501131733817,,,
decision_date_2020_07_16_00_00_00_00_00,decision_date,Other,categorical,1.0,0.0026595744680851063,0.002652501131733817,,,
decision_date_2020_11_13_00_00_00_00_00,decision_date,Other,categorical,1.0,0.007978723404255319,0.007915063377093709,,,
decision_date_2020_11_23_00_00_00_00_00,decision_date,Other,categorical,1.0,0.0026595744680851063,0.002652501131733817,,,
decision_date_2020_12_02_00_00_00_00_00,decision_date,Other,categorical,1.0,0.0026595744680851063,0.002652501131733817,,,
decision_date_2020_12_03_00_00_00_00_00,decision_date,Other,categorical,1.0,0.0026595744680851063,0.002652501131733817,,,
decision_date_2021_01_22_00_00_00_00_00,decision_date,Other,categorical,1.0,0.0026595744680851063,0.002652501131733817,,,
decision_date_2021_03_25_00_00_00_00_00,decision_date,Other,categorical,1.0,0.0026595744680851063,0.002652501131733817,,,
decision_date_2021_03_31_00_00_00_00_00,decision_date,Other,categorical,1.0,0.0026595744680851063,0.002652501131733817,,,
decision_date_2021_04_06_00_00_00_00_00,decision_date,Other,categorical,1.0,0.0026595744680851063,0.002652501131733817,,,
decision_date_2021_04_27_00_00_00_00_00,decision_date,Other,categorical,1.0,0.0026595744680851063,0.002652501131733817,,,
decision_date_2021_05_17_00_00_00_00_00,decision_date,Other,categorical,1.0,0.0026595744680851063,0.002652501131733817,,,
decision_date_2021_05_21_00_00_00_00_00,decision_date,Other,categorical,1.0,0.0026595744680851063,0.002652501131733817,,,
decision_date_2021_06_09_00_00_00_00_00,decision_date,Other,categorical,1.0,0.0026595744680851063,0.002652501131733817,,,
decision_date_2021_07_05_00_00_00_00_00,decision_date,Other,categorical,1.0,0.0026595744680851063,0.002652501131733817,,,
decision_date_2021_10_04_00_00_00_00_00,decision_date,Other,categorical,1.0,0.0026595744680851063,0.002652501131733817,,,
decision_date_2021_11_15_00_00_00_00_00,decision_date,Other,categorical,1.0,0.0026595744680851063,0.002652501131733817,,,
decision_date_2021_12_01_00_00_00_00_00,decision_date,Other,categorical,1.0,0.0026595744680851063,0.002652501131733817,,,
decision_date_2021_12_13_00_00_00_00_00,decision_date,Other,categorical,1.0,0.0026595744680851063,0.002652501131733817,,,
decision_date_2022_01_26_00_00_00_00_00,decision_date,Other,categorical,1.0,0.0026595744680851063,0.002652501131733817,,,
decision_date_2022_02_14_00_00_00_00_00,decision_date,Other,categorical,1.0,0.0026595744680851063,0.002652501131733817,,,
decision_date_2022_02_28_00_00_00_00_00,decision_date,Other,categorical,1.0,0.0026595744680851063,0.002652501131733817,,,
decision_date_2022_03_28_00_00_00_00_00,decision_date,Other,categorical,1.0,0.0026595744680851063,0.002652501131733817,,,
decision_date_2022_03_29_00_00_00_00_00,decision_date,Other,categorical,1.0,0.0026595744680851063,0.002652501131733817,,,
decision_date_2022_05_22_00_00_00_00_00,decision_date,Other,categorical,1.0,0.0026595744680851063,0.002652501131733817,,,
decision_date_2022_07_06_00_00_00_00_00,decision_date,Other,categorical,1.0,0.0026595744680851063,0.002652501131733817,,,
decision_date_2022_10_03_00_00_00_00_00,decision_date,Other,categorical,1.0,0.0026595744680851063,0.002652501131733817,,,
decision_date_2022_10_04_00_00_00_00_00,decision_date,Other,categorical,1.0,0.0026595744680851063,0.002652501131733817,,,
decision_date_2022_10_10_00_00_00_00_00,decision_date,Other,categorical,1.0,0.0026595744680851063,0.002652501131733817,,,
decision_date_2023_01_19_00_00_00_00_00,decision_date,Other,categorical,1.0,0.0026595744680851063,0.002652501131733817,,,
decision_date_2023_03_31_00_00_00_00_00,decision_date,Other,categorical,1.0,0.0026595744680851063,0.002652501131733817,,,
decision_date_2023_04_30_00_00_00_00_00,decision_date,Other,categorical,1.0,0.0026595744680851063,0.002652501131733817,,,
decision_date_2023_06_12_00_00_00_00_00,decision_date,Other,categorical,1.0,0.0026595744680851063,0.002652501131733817,,,
decision_date_2023_06_30_00_00_00_00_00,decision_date,Other,categorical,1.0,0.005319148936170213,0.005290855590765049,,,
decision_date_2023_08_28_00_00_00_00_00,decision_date,Other,categorical,1.0,0.0026595744680851063,0.002652501131733817,,,
decision_date_2024_01_16_00_00_00_00_00,decision_date,Other,categorical,1.0,0.013297872340425532,0.013121038931643278,,,
decision_date_2024_01_31_00_00_00_00_00,decision_date,Other,categorical,1.0,0.0026595744680851063,0.002652501131733817,,,
decision_date_2024_03_25_00_00_00_00_00,decision_date,Other,categorical,1.0,0.0026595744680851063,0.002652501131733817,,,
decision_date_2024_07_09_00_00_00_00_00,decision_date,Other,categorical,1.0,0.0026595744680851063,0.002652501131733817,,,
decision_date_2024_12_05_00_00_00_00_00,decision_date,Other,categorical,1.0,0.0026595744680851063,0.002652501131733817,,,
decision_date_2024_12_19_00_00_00_00_00,decision_date,Other,categorical,1.0,0.0026595744680851063,0.002652501131733817,,,
decision_date_2025_04_30_00_00_00_00_00,decision_date,Other,categorical,1.0,0.0026595744680851063,0.002652501131733817,,,
decision_date_2025_06_05_00_00_00_00_00,decision_date,Other,categorical,1.0,0.0026595744680851063,0.002652501131733817,,,
decision_date_2025_06_24_00_00_00_00_00,decision_date,Other,categorical,1.0,0.0026595744680851063,0.002652501131733817,,,
decision_date_MISSING,decision_date,Other,categorical,1.0,0.8537234042553191,0.12487975328202805,,,
decision_date_error_MISSING,decision_date_error,Other,categorical,1.0,1.0,0.0,,,
decision_quarter_MISSING,decision_quarter,Temporal,categorical,1.0,0.8537234042553191,0.12487975328202805,,,
decision_quarter_Q1,decision_quarter,Temporal,categorical,1.0,0.047872340425531915,0.04558057944771389,,,
decision_quarter_Q2,decision_quarter,Temporal,categorical,1.0,0.0425531914893617,0.040742417383431435,,,
decision_quarter_Q3,decision_quarter,Temporal,categorical,1.0,0.013297872340425532,0.013121038931643274,,,
decision_quarter_Q4,decision_quarter,Temporal,categorical,1.0,0.0425531914893617,0.04074241738343143,,,
fine_raw_0,fine_raw,Other,categorical,1.0,0.2553191489361702,0.19013128112267996,0.8351063829787234,0.1622340425531915,0.0026595744680851063
fine_raw_1000,fine_raw,Other,categorical,1.0,0.010638297872340425,0.010525124490719785,0.8351063829787234,0.1622340425531915,0.0026595744680851063
fine_raw_10000,fine_raw,Other,categorical,1.0,0.007978723404255319,0.007915063377093709,0.8351063829787234,0.1622340425531915,0.0026595744680851063
fine_raw_100000,fine_raw,Other,categorical,1.0,0.005319148936170213,0.0052908555907650485,0.8351063829787234,0.1622340425531915,0.0026595744680851063
fine_raw_1200,fine_raw,Other,categorical,1.0,0.013297872340425532,0.01312103893164328,0.8351063829787234,0.1622340425531915,0.0026595744680851063
fine_raw_12000,fine_raw,Other,categorical,1.0,0.007978723404255319,0.007915063377093707,0.8351063829787234,0.1622340425531915,0.0026595744680851063
fine_raw_120000,fine_raw,Other,categorical,1.0,0.007978723404255319,0.007915063377093709,0.8351063829787234,0.1622340425531915,0.0026595744680851063
fine_raw_1200000,fine_raw,Other,categorical,1.0,0.005319148936170213,0.0052908555907650485,0.8351063829787234,0.1622340425531915,0.0026595744680851063
fine_raw_1250000,fine_raw,Other,categorical,1.0,0.0026595744680851063,0.002652501131733817,0.8351063829787234,0.1622340425531915,0.0026595744680851063
fine_raw_1350000,fine_raw,Other,categorical,1.0,0.0026595744680851063,0.002652501131733817,0.8351063829787234,0.1622340425531915,0.0026595744680851063
fine_raw_150,fine_raw,Other,categorical,1.0,0.0026595744680851063,0.002652501131733817,0.8351063829787234,0.1622340425531915,0.0026595744680851063
fine_raw_1500,fine_raw,Other,categorical,1.0,0.010638297872340425,0.010525124490719785,0.8351063829787234,0.1622340425531915,0.0026595744680851063
fine_raw_15000,fine_raw,Other,categorical,1.0,0.005319148936170213,0.00529085559076505,0.8351063829787234,0.1622340425531915,0.0026595744680851063
fine_raw_150000,fine_raw,Other,categorical,1.0,0.005319148936170213,0.00529085559076505,0.8351063829787234,0.1622340425531915,0.0026595744680851063
fine_raw_1600,fine_raw,Other,categorical,1.0,0.007978723404255319,0.007915063377093709,0.8351063829787234,0.1622340425531915,0.0026595744680851063
fine_raw_16000,fine_raw,Other,categorical,1.0,0.0026595744680851063,0.002652501131733817,0.8351063829787234,0.1622340425531915,0.0026595744680851063
fine_raw_1600000,fine_raw,Other,categorical,1.0,0.0026595744680851063,0.002652501131733817,0.8351063829787234,0.1622340425531915,0.0026595744680851063
fine_raw_17000,fine_raw,Other,categorical,1.0,0.0026595744680851063,0.002652501131733817,0.8351063829787234,0.1622340425531915,0.0026595744680851063
fine_raw_1800,fine_raw,Other,categorical,1.0,0.005319148936170213,0.005290855590765051,0.8351063829787234,0.1622340425531915,0.0026595744680851063
fine_raw_18000,fine_raw,Other,categorical,1.0,0.005319148936170213,0.005290855590765049,0.8351063829787234,0.1622340425531915,0.0026595744680851063
fine_raw_18192,fine_raw,Other,categorical,1.0,0.0026595744680851063,0.002652501131733817,0.8351063829787234,0.1622340425531915,0.0026595744680851063
fine_raw_2000,fine_raw,Other,categorical,1.0,0.02925531914893617,0.028399445450430057,0.8351063829787234,0.1622340425531915,0.0026595744680851063
fine_raw_20000,fine_raw,Other,categorical,1.0,0.005319148936170213,0.00529085559076505,0.8351063829787234,0.1622340425531915,0.0026595744680851063
fine_raw_200000,fine_raw,Other,categorical,1.0,0.005319148936170213,0.0052908555907650485,0.8351063829787234,0.1622340425531915,0.0026595744680851063
fine_raw_2000000,fine_raw,Other,categorical,1.0,0.0026595744680851063,0.002652501131733817,0.8351063829787234,0.1622340425531915,0.0026595744680851063
fine_raw_2100000,fine_raw,Other,categorical,1.0,0.0026595744680851063,0.002652501131733817,0.8351063829787234,0.1622340425531915,0.0026595744680851063
fine_raw_2310000,fine_raw,Other,categorical,1.0,0.0026595744680851063,0.002652501131733817,0.8351063829787234,0.1622340425531915,0.0026595744680851063
fine_raw_2400,fine_raw,Other,categorical,1.0,0.0026595744680851063,0.002652501131733817,0.8351063829787234,0.1622340425531915,0.0026595744680851063
fine_raw_24000,fine_raw,Other,categorical,1.0,0.013297872340425532,0.013121038931643274,0.8351063829787234,0.1622340425531915,0.0026595744680851063
fine_raw_2500,fine_raw,Other,categorical,1.0,0.0026595744680851063,0.002652501131733817,0.8351063829787234,0.1622340425531915,0.0026595744680851063
fine_raw_25000,fine_raw,Other,categorical,1.0,0.005319148936170213,0.0052908555907650485,0.8351063829787234,0.1622340425531915,0.0026595744680851063
fine_raw_250000,fine_raw,Other,categorical,1.0,0.0026595744680851063,0.002652501131733817,0.8351063829787234,0.1622340425531915,0.0026595744680851063
fine_raw_300,fine_raw,Other,categorical,1.0,0.0026595744680851063,0.002652501131733817,0.8351063829787234,0.1622340425531915,0.0026595744680851063
fine_raw_3000,fine_raw,Other,categorical,1.0,0.04521276595744681,0.04316857175192394,0.8351063829787234,0.1622340425531915,0.0026595744680851063
fine_raw_30000,fine_raw,Other,categorical,1.0,0.013297872340425532,0.013121038931643278,0.8351063829787234,0.1622340425531915,0.0026595744680851063
fine_raw_300000,fine_raw,Other,categorical,1.0,0.007978723404255319,0.007915063377093707,0.8351063829787234,0.1622340425531915,0.0026595744680851063
fine_raw_350000,fine_raw,Other,categorical,1.0,0.0026595744680851063,0.002652501131733817,0.8351063829787234,0.1622340425531915,0.0026595744680851063
fine_raw_3500000,fine_raw,Other,categorical,1.0,0.005319148936170213,0.00529085559076505,0.8351063829787234,0.1622340425531915,0.0026595744680851063
fine_raw_35000000,fine_raw,Other,categorical,1.0,0.0026595744680851063,0.002652501131733817,0.8351063829787234,0.1622340425531915,0.0026595744680851063
fine_raw_4000,fine_raw,Other,categorical,1.0,0.007978723404255319,0.007915063377093709,0.8351063829787234,0.1622340425531915,0.0026595744680851063
fine_raw_40000,fine_raw,Other,categorical,1.0,0.005319148936170213,0.005290855590765049,0.8351063829787234,0.1622340425531915,0.0026595744680851063
fine_raw_4000000,fine_raw,Other,categorical,1.0,0.0026595744680851063,0.002652501131733817,0.8351063829787234,0.1622340425531915,0.0026595744680851063
fine_raw_42000,fine_raw,Other,categorical,1.0,0.005319148936170213,0.005290855590765049,0.8351063829787234,0.1622340425531915,0.0026595744680851063
fine_raw_45000,fine_raw,Other,categorical,1.0,0.005319148936170213,0.00529085559076505,0.8351063829787234,0.1622340425531915,0.0026595744680851063
fine_raw_460000,fine_raw,Other,categorical,1.0,0.0026595744680851063,0.002652501131733817,0.8351063829787234,0.1622340425531915,0.0026595744680851063
fine_raw_48000,fine_raw,Other,categorical,1.0,0.005319148936170213,0.005290855590765049,0.8351063829787234,0.1622340425531915,0.0026595744680851063
fine_raw_500,fine_raw,Other,categorical,1.0,0.0026595744680851063,0.002652501131733817,0.8351063829787234,0.1622340425531915,0.0026595744680851063
fine_raw_5000,fine_raw,Other,categorical,1.0,0.02925531914893617,0.028399445450430057,0.8351063829787234,0.1622340425531915,0.0026595744680851063
fine_raw_50000,fine_raw,Other,categorical,1.0,0.007978723404255319,0.007915063377093709,0.8351063829787234,0.1622340425531915,0.0026595744680851063
fine_raw_500000,fine_raw,Other,categorical,1.0,0.005319148936170213,0.0052908555907650485,0.8351063829787234,0.1622340425531915,0.0026595744680851063
fine_raw_55000,fine_raw,Other,categorical,1.0,0.0026595744680851063,0.002652501131733817,0.8351063829787234,0.1622340425531915,0.0026595744680851063
fine_raw_600,fine_raw,Other,categorical,1.0,0.005319148936170213,0.005290855590765049,0.8351063829787234,0.1622340425531915,0.0026595744680851063
fine_raw_6000,fine_raw,Other,categorical,1.0,0.015957446808510637,0.01570280669986419,0.8351063829787234,0.1622340425531915,0.0026595744680851063
fine_raw_60000,fine_raw,Other,categorical,1.0,0.010638297872340425,0.010525124490719785,0.8351063829787234,0.1622340425531915,0.0026595744680851063
fine_raw_600000,fine_raw,Other,categorical,1.0,0.0026595744680851063,0.002652501131733817,0.8351063829787234,0.1622340425531915,0.0026595744680851063
fine_raw_70000,fine_raw,Other,categorical,1.0,0.013297872340425532,0.013121038931643274,0.8351063829787234,0.1622340425531915,0.0026595744680851063
fine_raw_72000,fine_raw,Other,categorical,1.0,0.0026595744680851063,0.002652501131733817,0.8351063829787234,0.1622340425531915,0.0026595744680851063
fine_raw_75000,fine_raw,Other,categorical,1.0,0.005319148936170213,0.005290855590765049,0.8351063829787234,0.1622340425531915,0.0026595744680851063
fine_raw_7500000,fine_raw,Other,categorical,1.0,0.0026595744680851063,0.002652501131733817,0.8351063829787234,0.1622340425531915,0.0026595744680851063
fine_raw_8000,fine_raw,Other,categorical,1.0,0.007978723404255319,0.007915063377093709,0.8351063829787234,0.1622340425531915,0.0026595744680851063
fine_raw_80000,fine_raw,Other,categorical,1.0,0.0026595744680851063,0.002652501131733817,0.8351063829787234,0.1622340425531915,0.0026595744680851063
fine_raw_8150000,fine_raw,Other,categorical,1.0,0.0026595744680851063,0.002652501131733817,0.8351063829787234,0.1622340425531915,0.0026595744680851063
fine_raw_900,fine_raw,Other,categorical,1.0,0.0026595744680851063,0.002652501131733817,0.8351063829787234,0.1622340425531915,0.0026595744680851063
fine_raw_9000,fine_raw,Other,categorical,1.0,0.0026595744680851063,0.002652501131733817,0.8351063829787234,0.1622340425531915,0.0026595744680851063
fine_raw_90000,fine_raw,Other,categorical,1.0,0.0026595744680851063,0.002652501131733817,0.8351063829787234,0.1622340425531915,0.0026595744680851063
fine_raw_98000,fine_raw,Other,categorical,1.0,0.0026595744680851063,0.002652501131733817,0.8351063829787234,0.1622340425531915,0.0026595744680851063
fine_raw_MISSING,fine_raw,Other,categorical,1.0,0.16489361702127658,0.13770371208691717,0.8351063829787234,0.1622340425531915,0.0026595744680851063
fine_raw_TYPE_NUMBER_0,fine_raw,Other,categorical,1.0,0.0398936170212766,0.0383021163422363,0.8351063829787234,0.1622340425531915,0.0026595744680851063
fine_raw_TYPE_NUMBER_10000,fine_raw,Other,categorical,1.0,0.0026595744680851063,0.002652501131733817,0.8351063829787234,0.1622340425531915,0.0026595744680851063
fine_raw_TYPE_NUMBER_12000,fine_raw,Other,categorical,1.0,0.0026595744680851063,0.002652501131733817,0.8351063829787234,0.1622340425531915,0.0026595744680851063
fine_raw_TYPE_NUMBER_1500,fine_raw,Other,categorical,1.0,0.007978723404255319,0.007915063377093709,0.8351063829787234,0.1622340425531915,0.0026595744680851063
fine_raw_TYPE_NUMBER_20000,fine_raw,Other,categorical,1.0,0.007978723404255319,0.007915063377093709,0.8351063829787234,0.1622340425531915,0.0026595744680851063
fine_raw_TYPE_NUMBER_24000,fine_raw,Other,categorical,1.0,0.0026595744680851063,0.002652501131733817,0.8351063829787234,0.1622340425531915,0.0026595744680851063
fine_raw_TYPE_NUMBER_240000,fine_raw,Other,categorical,1.0,0.0026595744680851063,0.002652501131733817,0.8351063829787234,0.1622340425531915,0.0026595744680851063
fine_raw_TYPE_NUMBER_300,fine_raw,Other,categorical,1.0,0.0026595744680851063,0.002652501131733817,0.8351063829787234,0.1622340425531915,0.0026595744680851063
fine_raw_TYPE_NUMBER_3000,fine_raw,Other,categorical,1.0,0.015957446808510637,0.015702806699864187,0.8351063829787234,0.1622340425531915,0.0026595744680851063
fine_raw_TYPE_NUMBER_300000,fine_raw,Other,categorical,1.0,0.0026595744680851063,0.002652501131733817,0.8351063829787234,0.1622340425531915,0.0026595744680851063
fine_raw_TYPE_NUMBER_360000,fine_raw,Other,categorical,1.0,0.0026595744680851063,0.002652501131733817,0.8351063829787234,0.1622340425531915,0.0026595744680851063
fine_raw_TYPE_NUMBER_4000,fine_raw,Other,categorical,1.0,0.007978723404255319,0.007915063377093709,0.8351063829787234,0.1622340425531915,0.0026595744680851063
fine_raw_TYPE_NUMBER_480,fine_raw,Other,categorical,1.0,0.0026595744680851063,0.002652501131733817,0.8351063829787234,0.1622340425531915,0.0026595744680851063
fine_raw_TYPE_NUMBER_500,fine_raw,Other,categorical,1.0,0.0026595744680851063,0.002652501131733817,0.8351063829787234,0.1622340425531915,0.0026595744680851063
fine_raw_TYPE_NUMBER_5000,fine_raw,Other,categorical,1.0,0.005319148936170213,0.00529085559076505,0.8351063829787234,0.1622340425531915,0.0026595744680851063
fine_raw_TYPE_NUMBER_50000,fine_raw,Other,categorical,1.0,0.005319148936170213,0.00529085559076505,0.8351063829787234,0.1622340425531915,0.0026595744680851063
fine_raw_TYPE_NUMBER_56000,fine_raw,Other,categorical,1.0,0.0026595744680851063,0.002652501131733817,0.8351063829787234,0.1622340425531915,0.0026595744680851063
fine_raw_TYPE_NUMBER_6000,fine_raw,Other,categorical,1.0,0.005319148936170213,0.00529085559076505,0.8351063829787234,0.1622340425531915,0.0026595744680851063
fine_raw_TYPE_NUMBER_6255,fine_raw,Other,categorical,1.0,0.0026595744680851063,0.002652501131733817,0.8351063829787234,0.1622340425531915,0.0026595744680851063
fine_raw_TYPE_NUMBER_70000,fine_raw,Other,categorical,1.0,0.0026595744680851063,0.002652501131733817,0.8351063829787234,0.1622340425531915,0.0026595744680851063
fine_raw_TYPE_NUMBER_75000,fine_raw,Other,categorical,1.0,0.0026595744680851063,0.002652501131733817,0.8351063829787234,0.1622340425531915,0.0026595744680851063
fine_raw_TYPE_NUMBER_8000,fine_raw,Other,categorical,1.0,0.0026595744680851063,0.002652501131733817,0.8351063829787234,0.1622340425531915,0.0026595744680851063
fine_raw_TYPE_NUMBER_900,fine_raw,Other,categorical,1.0,0.0026595744680851063,0.002652501131733817,0.8351063829787234,0.1622340425531915,0.0026595744680851063
fine_raw_TYPE_NUMBER_96000,fine_raw,Other,categorical,1.0,0.0026595744680851063,0.002652501131733817,0.8351063829787234,0.1622340425531915,0.0026595744680851063
fine_raw_TYPE_NUMBER_75000_1,fine_raw,Other,categorical,1.0,0.0026595744680851063,0.002652501131733817,0.8351063829787234,0.1622340425531915,0.0026595744680851063
fine_raw_TYPE_NUMBER_0_1,fine_raw,Other,categorical,1.0,0.0026595744680851063,0.002652501131733817,0.8351063829787234,0.1622340425531915,0.0026595744680851063
turnover_raw_0,turnover_raw,Other,categorical,1.0,0.010638297872340425,0.010525124490719785,0.09308510638297872,0.8829787234042553,0.023936170212765957
turnover_raw_10093659000,turnover_raw,Other,categorical,1.0,0.0026595744680851063,0.002652501131733817,0.09308510638297872,0.8829787234042553,0.023936170212765957
turnover_raw_102912000,turnover_raw,Other,categorical,1.0,0.0026595744680851063,0.002652501131733817,0.09308510638297872,0.8829787234042553,0.023936170212765957
turnover_raw_107746223,turnover_raw,Other,categorical,1.0,0.0026595744680851063,0.002652501131733817,0.09308510638297872,0.8829787234042553,0.023936170212765957
turnover_raw_1091000000,turnover_raw,Other,categorical,1.0,0.0026595744680851063,0.002652501131733817,0.09308510638297872,0.8829787234042553,0.023936170212765957
turnover_raw_1310563000,turnover_raw,Other,categorical,1.0,0.0026595744680851063,0.002652501131733817,0.09308510638297872,0.8829787234042553,0.023936170212765957
turnover_raw_1428000000,turnover_raw,Other,categorical,1.0,0.0026595744680851063,0.002652501131733817,0.09308510638297872,0.8829787234042553,0.023936170212765957
turnover_raw_1451967,turnover_raw,Other,categorical,1.0,0.0026595744680851063,0.002652501131733817,0.09308510638297872,0.8829787234042553,0.023936170212765957
turnover_raw_1600000000,turnover_raw,Other,categorical,1.0,0.0026595744680851063,0.002652501131733817,0.09308510638297872,0.8829787234042553,0.023936170212765957
turnover_raw_168251493,turnover_raw,Other,categorical,1.0,0.0026595744680851063,0.002652501131733817,0.09308510638297872,0.8829787234042553,0.023936170212765957
turnover_raw_2177703000,turnover_raw,Other,categorical,1.0,0.0026595744680851063,0.002652501131733817,0.09308510638297872,0.8829787234042553,0.023936170212765957
turnover_raw_2367061000,turnover_raw,Other,categorical,1.0,0.0026595744680851063,0.002652501131733817,0.09308510638297872,0.8829787234042553,0.023936170212765957
turnover_raw_237000000,turnover_raw,Other,categorical,1.0,0.0026595744680851063,0.002652501131733817,0.09308510638297872,0.8829787234042553,0.023936170212765957
turnover_raw_247757,turnover_raw,Other,categorical,1.0,0.0026595744680851063,0.002652501131733817,0.09308510638297872,0.8829787234042553,0.023936170212765957
turnover_raw_2928817000,turnover_raw,Other,categorical,1.0,0.0026595744680851063,0.002652501131733817,0.09308510638297872,0.8829787234042553,0.023936170212765957
turnover_raw_3000001,turnover_raw,Other,categorical,1.0,0.0026595744680851063,0.002652501131733817,0.09308510638297872,0.8829787234042553,0.023936170212765957
turnover_raw_34816282,turnover_raw,Other,categorical,1.0,0.0026595744680851063,0.002652501131733817,0.09308510638297872,0.8829787234042553,0.023936170212765957
turnover_raw_400000000,turnover_raw,Other,categorical,1.0,0.0026595744680851063,0.002652501131733817,0.09308510638297872,0.8829787234042553,0.023936170212765957
turnover_raw_461000000,turnover_raw,Other,categorical,1.0,0.0026595744680851063,0.002652501131733817,0.09308510638297872,0.8829787234042553,0.023936170212765957
turnover_raw_49848815,turnover_raw,Other,categorical,1.0,0.0026595744680851063,0.002652501131733817,0.09308510638297872,0.8829787234042553,0.023936170212765957
turnover_raw_4992744,turnover_raw,Other,categorical,1.0,0.0026595744680851063,0.002652501131733817,0.09308510638297872,0.8829787234042553,0.023936170212765957
turnover_raw_51631296,turnover_raw,Other,categorical,1.0,0.0026595744680851063,0.002652501131733817,0.09308510638297872,0.8829787234042553,0.023936170212765957
turnover_raw_5201368,turnover_raw,Other,categorical,1.0,0.0026595744680851063,0.002652501131733817,0.09308510638297872,0.8829787234042553,0.023936170212765957
turnover_raw_54000000000,turnover_raw,Other,categorical,1.0,0.0026595744680851063,0.002652501131733817,0.09308510638297872,0.8829787234042553,0.023936170212765957
turnover_raw_64855216,turnover_raw,Other,categorical,1.0,0.0026595744680851063,0.002652501131733817,0.09308510638297872,0.8829787234042553,0.023936170212765957
turnover_raw_698710610,turnover_raw,Other,categorical,1.0,0.0026595744680851063,0.002652501131733817,0.09308510638297872,0.8829787234042553,0.023936170212765957
turnover_raw_902440,turnover_raw,Other,categorical,1.0,0.0026595744680851063,0.002652501131733817,0.09308510638297872,0.8829787234042553,0.023936170212765957
turnover_raw_MISSING,turnover_raw,Other,categorical,1.0,0.9069148936170213,0.08442026935264828,0.09308510638297872,0.8829787234042553,0.023936170212765957
turnover_raw_TYPE_NUMBER_11181007,turnover_raw,Other,categorical,1.0,0.0026595744680851063,0.002652501131733817,0.09308510638297872,0.8829787234042553,0.023936170212765957
turnover_raw_TYPE_NUMBER_1450000000,turnover_raw,Other,categorical,1.0,0.0026595744680851063,0.002652501131733817,0.09308510638297872,0.8829787234042553,0.023936170212765957
turnover_raw_TYPE_NUMBER_16154950,turnover_raw,Other,categorical,1.0,0.0026595744680851063,0.002652501131733817,0.09308510638297872,0.8829787234042553,0.023936170212765957
turnover_raw_TYPE_NUMBER_564590423,turnover_raw,Other,categorical,1.0,0.0026595744680851063,0.002652501131733817,0.09308510638297872,0.8829787234042553,0.023936170212765957
turnover_raw_TYPE_NUMBER_66551000,turnover_raw,Other,categorical,1.0,0.0026595744680851063,0.002652501131733817,0.09308510638297872,0.8829787234042553,0.023936170212765957
isic_code_1102,isic_code,Economic Sector,categorical,1.0,0.0026595744680851063,0.002652501131733817,,,
isic_code_35,isic_code,Economic Sector,categorical,1.0,0.005319148936170213,0.00529085559076505,,,
isic_code_3510,isic_code,Economic Sector,categorical,1.0,0.0026595744680851063,0.002652501131733817,,,
isic_code_4322,isic_code,Economic Sector,categorical,1.0,0.0026595744680851063,0.002652501131733817,,,
isic_code_46,isic_code,Economic Sector,categorical,1.0,0.0026595744680851063,0.002652501131733817,,,
isic_code_47,isic_code,Economic Sector,categorical,1.0,0.010638297872340425,0.010525124490719785,,,
isic_code_4772,isic_code,Economic Sector,categorical,1.0,0.0026595744680851063,0.002652501131733817,,,
isic_code_51,isic_code,Economic Sector,categorical,1.0,0.0026595744680851063,0.002652501131733817,,,
isic_code_5224,isic_code,Economic Sector,categorical,1.0,0.0026595744680851063,0.002652501131733817,,,
isic_code_5510,isic_code,Economic Sector,categorical,1.0,0.005319148936170213,0.00529085559076505,,,
isic_code_56,isic_code,Economic Sector,categorical,1.0,0.005319148936170213,0.005290855590765049,,,
isic_code_5610,isic_code,Economic Sector,categorical,1.0,0.0026595744680851063,0.002652501131733817,,,
isic_code_5621,isic_code,Economic Sector,categorical,1.0,0.0026595744680851063,0.002652501131733817,,,
isic_code_58,isic_code,Economic Sector,categorical,1.0,0.0026595744680851063,0.002652501131733817,,,
isic_code_5813,isic_code,Economic Sector,categorical,1.0,0.005319148936170213,0.005290855590765049,,,
isic_code_61,isic_code,Economic Sector,categorical,1.0,0.02925531914893617,0.02839944545043006,,,
isic_code_6110,isic_code,Economic Sector,categorical,1.0,0.007978723404255319,0.007915063377093709,,,
isic_code_6201,isic_code,Economic Sector,categorical,1.0,0.005319148936170213,0.00529085559076505,,,
isic_code_6209,isic_code,Economic Sector,categorical,1.0,0.0026595744680851063,0.002652501131733817,,,
isic_code_63,isic_code,Economic Sector,categorical,1.0,0.007978723404255319,0.007915063377093707,,,
isic_code_64,isic_code,Economic Sector,categorical,1.0,0.005319148936170213,0.005290855590765049,,,
isic_code_6419,isic_code,Economic Sector,categorical,1.0,0.0026595744680851063,0.002652501131733817,,,
isic_code_6420,isic_code,Economic Sector,categorical,1.0,0.0026595744680851063,0.002652501131733817,,,
isic_code_65,isic_code,Economic Sector,categorical,1.0,0.005319148936170213,0.00529085559076505,,,
isic_code_6512,isic_code,Economic Sector,categorical,1.0,0.0026595744680851063,0.002652501131733817,,,
isic_code_6810,isic_code,Economic Sector,categorical,1.0,0.0026595744680851063,0.002652501131733817,,,
isic_code_69,isic_code,Economic Sector,categorical,1.0,0.005319148936170213,0.0052908555907650485,,,
isic_code_6910,isic_code,Economic Sector,categorical,1.0,0.013297872340425532,0.01312103893164328,,,
isic_code_7310,isic_code,Economic Sector,categorical,1.0,0.0026595744680851063,0.002652501131733817,,,
isic_code_78,isic_code,Economic Sector,categorical,1.0,0.0026595744680851063,0.002652501131733817,,,
isic_code_7911,isic_code,Economic Sector,categorical,1.0,0.005319148936170213,0.00529085559076505,,,
isic_code_8299,isic_code,Economic Sector,categorical,1.0,0.0026595744680851063,0.002652501131733817,,,
isic_code_84,isic_code,Economic Sector,categorical,1.0,0.005319148936170213,0.0052908555907650485,,,
isic_code_8411,isic_code,Economic Sector,categorical,1.0,0.03723404255319149,0.03584766862833861,,,
isic_code_8510,isic_code,Economic Sector,categorical,1.0,0.0026595744680851063,0.002652501131733817,,,
isic_code_86,isic_code,Economic Sector,categorical,1.0,0.007978723404255319,0.007915063377093707,,,
isic_code_8610,isic_code,Economic Sector,categorical,1.0,0.0026595744680851063,0.002652501131733817,,,
isic_code_8620,isic_code,Economic Sector,categorical,1.0,0.0026595744680851063,0.002652501131733817,,,
isic_code_8690,isic_code,Economic Sector,categorical,1.0,0.005319148936170213,0.005290855590765049,,,
isic_code_93,isic_code,Economic Sector,categorical,1.0,0.0026595744680851063,0.002652501131733817,,,
isic_code_9311,isic_code,Economic Sector,categorical,1.0,0.0026595744680851063,0.002652501131733817,,,
isic_code_9321,isic_code,Economic Sector,categorical,1.0,0.005319148936170213,0.0052908555907650485,,,
isic_code_94,isic_code,Economic Sector,categorical,1.0,0.0026595744680851063,0.002652501131733817,,,
isic_code_C10,isic_code,Economic Sector,categorical,1.0,0.0026595744680851063,0.002652501131733817,,,
isic_code_D,isic_code,Economic Sector,categorical,1.0,0.0026595744680851063,0.002652501131733817,,,
isic_code_D3510,isic_code,Economic Sector,categorical,1.0,0.007978723404255319,0.007915063377093709,,,
isic_code_Financial_service_activities_except_insurance_and_pension_funding,isic_code,Economic Sector,categorical,1.0,0.0026595744680851063,0.002652501131733817,,,
isic_code_G47_6,isic_code,Economic Sector,categorical,1.0,0.0026595744680851063,0.002652501131733817,,,
isic_code_G47_91,isic_code,Economic Sector,categorical,1.0,0.007978723404255319,0.007915063377093709,,,
isic_code_G4711,isic_code,Economic Sector,categorical,1.0,0.0026595744680851063,0.002652501131733817,,,
isic_code_H49,isic_code,Economic Sector,categorical,1.0,0.0026595744680851063,0.002652501131733817,,,
isic_code_H49_Land_transport_and_transport_via_pipelines,isic_code,Economic Sector,categorical,1.0,0.0026595744680851063,0.002652501131733817,,,
isic_code_H49_H52,isic_code,Economic Sector,categorical,1.0,0.0026595744680851063,0.002652501131733817,,,
isic_code_H4920,isic_code,Economic Sector,categorical,1.0,0.0026595744680851063,0.002652501131733817,,,
isic_code_H51,isic_code,Economic Sector,categorical,1.0,0.0026595744680851063,0.002652501131733817,,,
isic_code_H51_Air_transport,isic_code,Economic Sector,categorical,1.0,0.005319148936170213,0.00529085559076505,,,
isic_code_H5229,isic_code,Economic Sector,categorical,1.0,0.0026595744680851063,0.002652501131733817,,,
isic_code_J,isic_code,Economic Sector,categorical,1.0,0.0026595744680851063,0.002652501131733817,,,
isic_code_J_Information_and_communication,isic_code,Economic Sector,categorical,1.0,0.005319148936170213,0.005290855590765049,,,
isic_code_J61,isic_code,Economic Sector,categorical,1.0,0.0026595744680851063,0.002652501131733817,,,
isic_code_J6201_Computer_programming_activities,isic_code,Economic Sector,categorical,1.0,0.0026595744680851063,0.002652501131733817,,,
isic_code_J63_Information_service_activities,isic_code,Economic Sector,categorical,1.0,0.0026595744680851063,0.002652501131733817,,,
isic_code_J63_11,isic_code,Economic Sector,categorical,1.0,0.005319148936170213,0.005290855590765051,,,
isic_code_K,isic_code,Economic Sector,categorical,1.0,0.0026595744680851063,0.002652501131733817,,,
isic_code_K64,isic_code,Economic Sector,categorical,1.0,0.0026595744680851063,0.002652501131733817,,,
isic_code_K64_1,isic_code,Economic Sector,categorical,1.0,0.0026595744680851063,0.002652501131733817,,,
isic_code_K64_19,isic_code,Economic Sector,categorical,1.0,0.02925531914893617,0.028399445450430057,,,
isic_code_K64_99,isic_code,Economic Sector,categorical,1.0,0.0026595744680851063,0.002652501131733817,,,
isic_code_K6419,isic_code,Economic Sector,categorical,1.0,0.023936170212765957,0.023363229968311458,,,
isic_code_K6499,isic_code,Economic Sector,categorical,1.0,0.0026595744680851063,0.002652501131733817,,,
isic_code_MISSING,isic_code,Economic Sector,categorical,1.0,0.034574468085106384,0.03337907424173835,,,
isic_code_NOT_DISCUSSED,isic_code,Economic Sector,categorical,1.0,0.02127659574468085,0.02082390221819828,,,
isic_code_NOT_MENTIONED,isic_code,Economic Sector,categorical,1.0,0.18085106382978725,0.14814395654142146,,,
isic_code_O,isic_code,Economic Sector,categorical,1.0,0.005319148936170213,0.0052908555907650485,,,
isic_code_O84,isic_code,Economic Sector,categorical,1.0,0.005319148936170213,0.005290855590765051,,,
isic_code_P85,isic_code,Economic Sector,categorical,1.0,0.0026595744680851063,0.002652501131733817,,,
isic_code_P8520,isic_code,Economic Sector,categorical,1.0,0.0026595744680851063,0.002652501131733817,,,
isic_code_P8530,isic_code,Economic Sector,categorical,1.0,0.0026595744680851063,0.002652501131733817,,,
isic_code_Q,isic_code,Economic Sector,categorical,1.0,0.0026595744680851063,0.002652501131733817,,,
isic_code_Q_Human_health_and_social_work_activities,isic_code,Economic Sector,categorical,1.0,0.005319148936170213,0.00529085559076505,,,
isic_code_Q86,isic_code,Economic Sector,categorical,1.0,0.018617021276595744,0.01827042779538253,,,
isic_code_R900,isic_code,Economic Sector,categorical,1.0,0.0026595744680851063,0.002652501131733817,,,
isic_code_R94_Activities_of_membership_organisations,isic_code,Economic Sector,categorical,1.0,0.0026595744680851063,0.002652501131733817,,,
isic_code_REAL_ESTATE_ACTIVITIES,isic_code,Economic Sector,categorical,1.0,0.0026595744680851063,0.002652501131733817,,,
isic_code_S94,isic_code,Economic Sector,categorical,1.0,0.010638297872340425,0.010525124490719785,,,
isic_code_S9499,isic_code,Economic Sector,categorical,1.0,0.0026595744680851063,0.002652501131733817,,,
isic_code_STRING,isic_code,Economic Sector,categorical,1.0,0.2925531914893617,0.2069658216387506,,,
isic_code_STRING_K,isic_code,Economic Sector,categorical,1.0,0.0026595744680851063,0.002652501131733817,,,
isic_code_STRING_581_Publishing_of_books_periodicals_and_other_publishing_activities,isic_code,Economic Sector,categorical,1.0,0.0026595744680851063,0.002652501131733817,,,
isic_code_Telecommunications,isic_code,Economic Sector,categorical,1.0,0.0026595744680851063,0.002652501131733817,,,
isic_code_UNCLEAR,isic_code,Economic Sector,categorical,1.0,0.013297872340425532,0.013121038931643278,,,
isic_code_UNKNOWN,isic_code,Economic Sector,categorical,1.0,0.0026595744680851063,0.002652501131733817,,,
isic_desc_Activities_of_amusement_parks_and_theme_parks,isic_desc,Economic Sector,categorical,1.0,0.005319148936170213,0.0052908555907650485,,,
isic_desc_Activities_of_holding_companies,isic_desc,Economic Sector,categorical,1.0,0.0026595744680851063,0.002652501131733817,,,
isic_desc_Activities_of_membership_organizations,isic_desc,Economic Sector,categorical,1.0,0.0026595744680851063,0.002652501131733817,,,
isic_desc_Advertising,isic_desc,Economic Sector,categorical,1.0,0.0026595744680851063,0.002652501131733817,,,
isic_desc_Air_transport,isic_desc,Economic Sector,categorical,1.0,0.0026595744680851063,0.002652501131733817,,,
isic_desc_Cargo_handling,isic_desc,Economic Sector,categorical,1.0,0.0026595744680851063,0.002652501131733817,,,
isic_desc_Computer_programming_activities,isic_desc,Economic Sector,categorical,1.0,0.005319148936170213,0.00529085559076505,,,
isic_desc_Electric_power_generation_transmission_and_distribution,isic_desc,Economic Sector,categorical,1.0,0.0026595744680851063,0.002652501131733817,,,
isic_desc_Electricity_gas_steam_and_air_conditioning_supply,isic_desc,Economic Sector,categorical,1.0,0.007978723404255319,0.007915063377093709,,,
isic_desc_Employment_activities,isic_desc,Economic Sector,categorical,1.0,0.0026595744680851063,0.002652501131733817,,,
isic_desc_Event_catering,isic_desc,Economic Sector,categorical,1.0,0.0026595744680851063,0.002652501131733817,,,
isic_desc_Financial_and_insurance_activities,isic_desc,Economic Sector,categorical,1.0,0.0026595744680851063,0.002652501131733817,,,
isic_desc_Financial_service_activities_except_insurance_and_pension_funding,isic_desc,Economic Sector,categorical,1.0,0.005319148936170213,0.005290855590765049,,,
isic_desc_Food_and_beverage_service_activities,isic_desc,Economic Sector,categorical,1.0,0.005319148936170213,0.005290855590765049,,,
isic_desc_General_public_administration_activities,isic_desc,Economic Sector,categorical,1.0,0.03723404255319149,0.03584766862833861,,,
isic_desc_Hospital_activities,isic_desc,Economic Sector,categorical,1.0,0.0026595744680851063,0.002652501131733817,,,
isic_desc_Human_health_activities,isic_desc,Economic Sector,categorical,1.0,0.007978723404255319,0.007915063377093707,,,
isic_desc_Human_health_and_social_work_activities,isic_desc,Economic Sector,categorical,1.0,0.0026595744680851063,0.002652501131733817,,,
isic_desc_Information_and_communication,isic_desc,Economic Sector,categorical,1.0,0.0026595744680851063,0.002652501131733817,,,
isic_desc_Information_service_activities,isic_desc,Economic Sector,categorical,1.0,0.007978723404255319,0.007915063377093707,,,
isic_desc_Insurance_reinsurance_and_pension_funding_except_compulsory_social_security,isic_desc,Economic Sector,categorical,1.0,0.005319148936170213,0.00529085559076505,,,
isic_desc_Legal_activities,isic_desc,Economic Sector,categorical,1.0,0.013297872340425532,0.01312103893164328,,,
isic_desc_Legal_and_accounting_activities,isic_desc,Economic Sector,categorical,1.0,0.005319148936170213,0.0052908555907650485,,,
isic_desc_MISSING,isic_desc,Economic Sector,categorical,1.0,0.7420212765957447,0.19142570167496606,,,
isic_desc_Manufacture_of_wines,isic_desc,Economic Sector,categorical,1.0,0.0026595744680851063,0.002652501131733817,,,
isic_desc_Medical_and_dental_practice_activities,isic_desc,Economic Sector,categorical,1.0,0.0026595744680851063,0.002652501131733817,,,
isic_desc_Non_life_insurance,isic_desc,Economic Sector,categorical,1.0,0.0026595744680851063,0.002652501131733817,,,
isic_desc_Operation_of_sports_facilities,isic_desc,Economic Sector,categorical,1.0,0.0026595744680851063,0.002652501131733817,,,
isic_desc_Other_business_support_service_activities_n_e_c,isic_desc,Economic Sector,categorical,1.0,0.0026595744680851063,0.002652501131733817,,,
isic_desc_Other_human_health_activities,isic_desc,Economic Sector,categorical,1.0,0.005319148936170213,0.005290855590765049,,,
isic_desc_Other_information_technology_and_computer_service_activities,isic_desc,Economic Sector,categorical,1.0,0.0026595744680851063,0.002652501131733817,,,
isic_desc_Other_monetary_intermediation,isic_desc,Economic Sector,categorical,1.0,0.0026595744680851063,0.002652501131733817,,,
isic_desc_Plumbing_heat_and_air_conditioning_installation,isic_desc,Economic Sector,categorical,1.0,0.0026595744680851063,0.002652501131733817,,,
isic_desc_Pre_primary_and_primary_education,isic_desc,Economic Sector,categorical,1.0,0.0026595744680851063,0.002652501131733817,,,
isic_desc_Public_administration_and_defence_compulsory_social_security,isic_desc,Economic Sector,categorical,1.0,0.010638297872340425,0.010525124490719785,,,
isic_desc_Publishing_activities,isic_desc,Economic Sector,categorical,1.0,0.0026595744680851063,0.002652501131733817,,,
isic_desc_Publishing_of_newspapers_journals_and_periodicals,isic_desc,Economic Sector,categorical,1.0,0.005319148936170213,0.005290855590765049,,,
isic_desc_Real_estate_activities_with_own_or_leased_property,isic_desc,Economic Sector,categorical,1.0,0.0026595744680851063,0.002652501131733817,,,
isic_desc_Restaurants_and_mobile_food_service_activities,isic_desc,Economic Sector,categorical,1.0,0.0026595744680851063,0.002652501131733817,,,
isic_desc_Retail_sale_of_pharmaceutical_and_medical_goods_cosmetic_and_toilet_articles_in_specialized_stores,isic_desc,Economic Sector,categorical,1.0,0.0026595744680851063,0.002652501131733817,,,
isic_desc_Retail_trade_except_of_motor_vehicles_and_motorcycles,isic_desc,Economic Sector,categorical,1.0,0.010638297872340425,0.010525124490719785,,,
isic_desc_Short_term_accommodation_activities,isic_desc,Economic Sector,categorical,1.0,0.005319148936170213,0.00529085559076505,,,
isic_desc_Sports_activities_and_amusement_and_recreation_activities,isic_desc,Economic Sector,categorical,1.0,0.0026595744680851063,0.002652501131733817,,,
isic_desc_Telecommunications,isic_desc,Economic Sector,categorical,1.0,0.02925531914893617,0.02839944545043006,,,
isic_desc_Travel_agency_activities,isic_desc,Economic Sector,categorical,1.0,0.005319148936170213,0.00529085559076505,,,
isic_desc_Wholesale_trade_except_of_motor_vehicles_and_motorcycles,isic_desc,Economic Sector,categorical,1.0,0.0026595744680851063,0.002652501131733817,,,
isic_desc_Wired_telecommunications_activities,isic_desc,Economic Sector,categorical,1.0,0.007978723404255319,0.007915063377093709,,,
isic_section_C,isic_section,Economic Sector,categorical,1.0,0.0026595744680851063,0.002652501131733817,,,
isic_section_D,isic_section,Economic Sector,categorical,1.0,0.010638297872340425,0.010525124490719785,,,
isic_section_F,isic_section,Economic Sector,categorical,1.0,0.0026595744680851063,0.002652501131733817,,,
isic_section_G,isic_section,Economic Sector,categorical,1.0,0.015957446808510637,0.015702806699864187,,,
isic_section_H,isic_section,Economic Sector,categorical,1.0,0.005319148936170213,0.00529085559076505,,,
isic_section_I,isic_section,Economic Sector,categorical,1.0,0.015957446808510637,0.01570280669986419,,,
isic_section_J,isic_section,Economic Sector,categorical,1.0,0.06382978723404255,0.05975554549569941,,,
isic_section_K,isic_section,Economic Sector,categorical,1.0,0.02127659574468085,0.02082390221819828,,,
isic_section_L,isic_section,Economic Sector,categorical,1.0,0.0026595744680851063,0.002652501131733817,,,
isic_section_M,isic_section,Economic Sector,categorical,1.0,0.02127659574468085,0.02082390221819828,,,
isic_section_MISSING,isic_section,Economic Sector,categorical,1.0,0.7420212765957447,0.19142570167496606,,,
isic_section_N,isic_section,Economic Sector,categorical,1.0,0.010638297872340425,0.010525124490719785,,,
isic_section_O,isic_section,Economic Sector,categorical,1.0,0.047872340425531915,0.045580579447713904,,,
isic_section_P,isic_section,Economic Sector,categorical,1.0,0.0026595744680851063,0.002652501131733817,,,
isic_section_Q,isic_section,Economic Sector,categorical,1.0,0.02127659574468085,0.02082390221819828,,,
isic_section_R,isic_section,Economic Sector,categorical,1.0,0.010638297872340425,0.010525124490719785,,,
isic_section_S,isic_section,Economic Sector,categorical,1.0,0.0026595744680851063,0.002652501131733817,,,
q36_text_AEPD_found_Meta_could_not_rely_on_Article_6_1_b_contract_or_any_other_legal_basis_for_processing_user_data_related_to_election_information_features_violating_Article_5_1_a_legality_principle_The_processing_was_deemed_excessive_and_disproportionate,q36_text,Other,categorical,1.0,0.0026595744680851063,0.002652501131733817,,,
q36_text_AMEX_sent_4_098_841_direct_marketing_emails_without_valid_consent_violating_PECR_Regulation_22_by_misclassifying_them_as_servicing_emails_and_failing_to_honor_opt_outs,q36_text,Other,categorical,1.0,0.0026595744680851063,0.002652501131733817,,,
q36_text_ANPC_processed_personal_data_via_body_cameras_without_any_legal_basis_under_Article_6_violating_Article_5_1_a_lawfulness_principle_No_domestic_law_authorized_such_processing_for_public_interest_tasks,q36_text,Other,categorical,1.0,0.0026595744680851063,0.002652501131733817,,,
q36_text_ATG_violated_Article_6_and_7_3_by_making_withdrawal_more_difficult_than_giving_consent_and_using_misleading_cookie_banner_design_that_prevented_informed_and_freely_given_consent,q36_text,Other,categorical,1.0,0.0026595744680851063,0.002652501131733817,,,
q36_text_BBVA_used_complainant_s_personal_address_data_for_processing_a_claim_made_on_behalf_of_a_third_party_violating_purpose_limitation_and_security_principles,q36_text,Other,categorical,1.0,0.0026595744680851063,0.002652501131733817,,,
q36_text_BBVA_violated_Article_5_1_f_GDPR_by_failing_to_ensure_adequate_security_measures_resulting_in_unauthorized_disclosure_of_a_third_party_s_contract_to_a_complainant_via_a_human_error_in_document_attachment_through_their_app_s_chat_function,q36_text,Other,categorical,1.0,0.0026595744680851063,0.002652501131733817,,,
q36_text_Birthlink_failed_to_implement_appropriate_organizational_measures_ensuring_security_of_personal_data_violating_integrity_confidentiality_and_accountability_principles_The_unauthorized_destruction_of_manual_records_containing_sensitive_adoption_data_constituted_a_serious_breach,q36_text,Other,categorical,1.0,0.0026595744680851063,0.002652501131733817,,,
q36_text_CDON_AB_violated_Article_44_GDPR_by_transferring_personal_data_to_the_US_via_Google_Analytics_without_adequate_safeguards_as_the_data_constituted_personal_data_and_US_surveillance_laws_posed_risks,q36_text,Other,categorical,1.0,0.0026595744680851063,0.002652501131733817,,,
q36_text_CDON_AB_violated_data_minimization_by_requesting_excessive_identity_verification_information_for_erasure_requests_and_failed_to_demonstrate_compliance_with_processing_principles_also_violating_accountability,q36_text,Other,categorical,1.0,0.0026595744680851063,0.002652501131733817,,,
q36_text_Claim_involved_alleged_violations_of_Articles_6_lawfulness_and_17_right_to_erasure_regarding_unauthorized_profile_creation_with_incorrect_personal_data_The_case_was_resolved_amicably_through_deletion_of_the_webpage_before_formal_determination,q36_text,Other,categorical,1.0,0.0026595744680851063,0.002652501131733817,,,
q36_text_Controller_failed_to_provide_documented_instructions_to_its_processor_regarding_data_processing_violating_Article_28_3_accountability_principle,q36_text,Other,categorical,1.0,0.0026595744680851063,0.002652501131733817,,,
q36_text_Controller_processed_employee_images_excessively_via_video_cameras_in_locker_rooms_and_dining_area_for_theft_prevention_consent_invalid_due_to_employer_employee_relationship_and_no_other_legal_basis_established,q36_text,Other,categorical,1.0,0.0026595744680851063,0.002652501131733817,,,
q36_text_Dagens_Industri_violated_Article_44_GDPR_by_transferring_personal_data_to_the_US_via_Google_Analytics_without_adequate_safeguards_under_Chapter_V_despite_implementing_measures_like_IP_anonymization_and_cookie_hashing,q36_text,Other,categorical,1.0,0.0026595744680851063,0.002652501131733817,,,
q36_text_Defendant_A_A_A_repeatedly_published_complainant_s_resume_on_Facebook_without_consent_violating_Article_6_1_LOPD_equivalent_to_GDPR_Article_6_The_DPA_found_no_legal_basis_justified_this_processing,q36_text,Other,categorical,1.0,0.0026595744680851063,0.002652501131733817,,,
q36_text_Defendant_charged_a_fee_for_rectifying_a_data_subject_s_name_error_violating_Article_12_5_GDPR_which_requires_free_exercise_of_data_subject_rights_unless_requests_are_manifestly_unfounded_or_excessive_which_was_not_proven,q36_text,Other,categorical,1.0,0.0026595744680851063,0.002652501131733817,,,
q36_text_Defendant_collected_consent_generically_for_all_processing_purposes_including_commercial_communications_unrelated_to_contract_performance_violating_Article_7_GDPR_Processing_for_contract_execution_was_lawful_under_Article_6_1_b,q36_text,Other,categorical,1.0,0.0026595744680851063,0.002652501131733817,,,
q36_text_Defendant_conditioned_consent_for_data_processing_on_exemption_from_banking_fees_violating_Article_7_4_GDPR_by_making_contract_execution_subject_to_consent_not_necessary_for_its_performance,q36_text,Other,categorical,1.0,0.0026595744680851063,0.002652501131733817,,,
q36_text_Defendant_consulted_claimant_s_credit_data_without_valid_contractual_relationship_violating_Article_6_1_GDPR_lawfulness_principle,q36_text,Other,categorical,1.0,0.0026595744680851063,0.002652501131733817,,,
q36_text_Defendant_disclosed_claimant_s_personal_data_to_a_third_party_without_consent_or_proper_legal_basis_DPA_found_violation_of_Article_6_1_as_legitimate_interests_did_not_prevail_over_data_subject_s_rights,q36_text,Other,categorical,1.0,0.0026595744680851063,0.002652501131733817,,,
q36_text_Defendant_disclosed_complainant_s_data_to_third_party_without_legal_basis_under_Article_6_1_and_provided_insufficiently_specific_information_about_recipients_under_Article_13_1_e,q36_text,Other,categorical,1.0,0.0026595744680851063,0.002652501131733817,,,
q36_text_Defendant_failed_to_adequately_respond_to_data_subject_s_access_and_erasure_requests_violating_Articles_15_and_17_GDPR_The_legitimacy_of_initial_data_processing_was_not_contested_but_the_handling_of_rights_requests_was_deficient,q36_text,Other,categorical,1.0,0.0026595744680851063,0.002652501131733817,,,
q36_text_Defendant_failed_to_conduct_a_DPIA_for_high_risk_biometric_data_processing_and_relied_on_invalid_opt_out_consent_violating_Article_35_1_and_consent_requirements,q36_text,Other,categorical,1.0,0.0026595744680851063,0.002652501131733817,,,
q36_text_Defendant_failed_to_cooperate_with_DPA_by_not_providing_requested_information_violating_Article_31_and_Article_58_1_e_GDPR,q36_text,Other,categorical,1.0,0.0026595744680851063,0.002652501131733817,,,
q36_text_Defendant_failed_to_delete_complainant_s_data_after_erasure_request_and_continued_processing_for_advertising_violating_storage_limitation_security_and_accountability_principles_under_Article_5,q36_text,Other,categorical,1.0,0.0026595744680851063,0.002652501131733817,,,
q36_text_Defendant_failed_to_facilitate_data_subject_s_right_to_erasure_by_not_processing_requests_made_via_non_standard_channels_violating_accountability_and_security_principles_under_Article_5_2_and_Article_12_GDPR,q36_text,Other,categorical,1.0,0.0026595744680851063,0.002652501131733817,,,
q36_text_Defendant_failed_to_implement_appropriate_technical_and_organizational_security_measures_including_mandatory_multi_factor_authentication_and_effective_monitoring_leading_to_a_credential_stuffing_attack_that_compromised_sensitive_genetic_and_health_data,q36_text,Other,categorical,1.0,0.0026595744680851063,0.002652501131733817,,,
q36_text_Defendant_failed_to_provide_adequate_information_to_data_subjects_at_the_time_of_data_collection_violating_Article_13_GDPR_specifically_regarding_transparency_and_lawful_processing_principles,q36_text,Other,categorical,1.0,0.0026595744680851063,0.002652501131733817,,,
q36_text_Defendant_failed_to_provide_adequate_information_under_Article_13_and_obtained_invalid_generic_consent_for_multiple_purposes_under_Article_7_violating_transparency_and_purpose_limitation_principles,q36_text,Other,categorical,1.0,0.0026595744680851063,0.002652501131733817,,,
q36_text_Defendant_failed_to_provide_adequate_privacy_policy_information_on_multiple_website_forms_collecting_personal_data_violating_Article_13_transparency_requirements,q36_text,Other,categorical,1.0,0.0026595744680851063,0.002652501131733817,,,
q36_text_Defendant_failed_to_respond_to_data_subject_s_access_request_regarding_medical_history_violating_Article_15_GDPR_and_security_accountability_principles_by_ignoring_both_the_request_and_subsequent_Agency_requirements,q36_text,Other,categorical,1.0,0.0026595744680851063,0.002652501131733817,,,
q36_text_Defendant_failed_to_verify_identity_of_SIM_requester_leading_to_unauthorized_processing_without_legal_basis_under_Article_6_GDPR,q36_text,Other,categorical,1.0,0.0026595744680851063,0.002652501131733817,,,
q36_text_Defendant_installed_video_surveillance_cameras_capturing_disproportionate_images_of_public_space_without_adequate_information_posters_violating_data_minimization_principle_under_Article_5_1_c_GDPR,q36_text,Other,categorical,1.0,0.0026595744680851063,0.002652501131733817,,,
q36_text_Defendant_installed_video_surveillance_cameras_capturing_excessive_images_of_public_roads_and_private_areas_without_justification_violating_data_minimization_principle_and_failed_to_provide_required_information_to_data_subjects,q36_text,Other,categorical,1.0,0.0026595744680851063,0.002652501131733817,,,
q36_text_Defendant_installed_video_surveillance_cameras_capturing_images_beyond_private_property_violating_data_minimization_principle_under_Article_5_1_c_GDPR_by_processing_excessive_personal_data_not_strictly_necessary_for_security_purposes,q36_text,Other,categorical,1.0,0.0026595744680851063,0.002652501131733817,,,
q36_text_Defendant_installed_video_surveillance_cameras_capturing_images_of_common_areas_and_neighbors_private_spaces_without_authorization_violating_data_minimization_principle_by_collecting_excessive_personal_data_beyond_what_was_necessary_for_security_purposes,q36_text,Other,categorical,1.0,0.0026595744680851063,0.002652501131733817,,,
q36_text_Defendant_installed_video_surveillance_cameras_in_common_areas_without_legal_basis_under_Article_6_1_and_failed_to_provide_required_information_under_Article_13_violating_principles_of_lawfulness_and_transparency,q36_text,Other,categorical,1.0,0.0026595744680851063,0.002652501131733817,,,
q36_text_Defendant_installed_video_surveillance_cameras_that_excessively_recorded_public_space_without_proper_signage_violating_data_minimization_and_transparency_principles,q36_text,Other,categorical,1.0,0.0026595744680851063,0.002652501131733817,,,
q36_text_Defendant_lacked_consent_mechanism_for_data_processing_and_failed_to_provide_adequate_privacy_policy_information_as_required_by_Articles_6_and_13_GDPR,q36_text,Other,categorical,1.0,0.0026595744680851063,0.002652501131733817,,,
q36_text_Defendant_processed_GPS_data_without_legal_basis_failed_to_inform_data_subject_used_excessive_storage_and_lacked_less_intrusive_alternatives_for_timekeeping_purposes,q36_text,Other,categorical,1.0,0.0026595744680851063,0.002652501131733817,,,
q36_text_Defendant_processed_biometric_fingerprint_data_without_legal_basis_under_Article_9_GDPR_violating_principles_of_lawfulness_fairness_transparency_security_and_accountability_by_failing_to_conduct_DPIA_or_maintain_RAT,q36_text,Other,categorical,1.0,0.0026595744680851063,0.002652501131733817,,,
q36_text_Defendant_processed_claimant_s_bank_account_data_without_any_lawful_basis_under_Article_6_GDPR_failed_to_ensure_data_accuracy_and_violated_right_to_erasure_by_not_fully_deleting_unlawfully_processed_data,q36_text,Other,categorical,1.0,0.0026595744680851063,0.002652501131733817,,,
q36_text_Defendant_processed_claimant_s_personal_data_without_any_legal_basis_under_Article_6_GDPR_specifically_using_phone_number_for_internal_testing_campaigns_without_consent_or_other_legitimate_grounds,q36_text,Other,categorical,1.0,0.0026595744680851063,0.002652501131733817,,,
q36_text_Defendant_processed_claimant_s_personal_data_without_any_legal_basis_under_Article_6_1_GDPR_as_the_claimant_was_not_a_customer_and_no_justification_was_provided_for_charging_invoices_to_their_bank_account,q36_text,Other,categorical,1.0,0.0026595744680851063,0.002652501131733817,,,
q36_text_Defendant_processed_claimant_s_personal_data_without_any_legal_basis_sending_electronic_invoice_notifications_after_data_deletion_request_and_previous_sanctions_for_same_conduct_violating_Article_6_1_GDPR,q36_text,Other,categorical,1.0,0.0026595744680851063,0.002652501131733817,,,
q36_text_Defendant_processed_claimant_s_personal_data_without_legal_basis_after_identity_theft_led_to_fraudulent_loan_application_failed_to_verify_contractor_identity_or_prove_legitimacy_of_processing,q36_text,Other,categorical,1.0,0.0026595744680851063,0.002652501131733817,,,
q36_text_Defendant_processed_claimant_s_personal_data_without_legal_basis_due_to_identity_theft_in_service_contracting_violating_Article_6_1_GDPR,q36_text,Other,categorical,1.0,0.0026595744680851063,0.002652501131733817,,,
q36_text_Defendant_processed_claimant_s_personal_data_without_legal_basis_under_Article_6_1_GDPR_as_claimant_did_not_consent_to_or_have_a_contract_for_one_policy_where_they_were_listed_as_policyholder,q36_text,Other,categorical,1.0,0.0026595744680851063,0.002652501131733817,,,
q36_text_Defendant_processed_claimant_s_personal_data_without_valid_consent_for_mobile_line_and_bank_details_failing_to_prove_legitimacy_for_change_of_ownership_and_direct_debit_authorization,q36_text,Other,categorical,1.0,0.0026595744680851063,0.002652501131733817,,,
q36_text_Defendant_processed_complainant_s_bank_data_without_legal_basis_charging_fees_without_consent_after_employment_ended_violating_Article_6_1_GDPR,q36_text,Other,categorical,1.0,0.0026595744680851063,0.002652501131733817,,,
q36_text_Defendant_processed_complainant_s_data_without_legal_basis_failed_to_prove_consent_or_contract_for_January_2022_processing_after_complainant_had_withdrawn_from_services,q36_text,Other,categorical,1.0,0.0026595744680851063,0.002652501131733817,,,
q36_text_Defendant_processed_complainant_s_personal_data_by_forging_signatures_on_consent_documents_for_commercial_purposes_and_profiling_violating_Article_6_1_GDPR_lawfulness_principle,q36_text,Other,categorical,1.0,0.0026595744680851063,0.002652501131733817,,,
q36_text_Defendant_processed_complainant_s_personal_data_for_advertising_without_legal_basis_violating_Article_6_1_GDPR_by_lacking_consent_or_other_lawful_grounds,q36_text,Other,categorical,1.0,0.0026595744680851063,0.002652501131733817,,,
q36_text_Defendant_processed_complainant_s_personal_data_without_legal_basis_by_transferring_it_to_Iberdrola_Clientes_due_to_a_salesperson_error_violating_Article_6_GDPR_lawfulness_principle,q36_text,Other,categorical,1.0,0.0026595744680851063,0.002652501131733817,,,
q36_text_Defendant_processed_complainant_s_phone_number_in_WhatsApp_group_without_consent_or_any_other_lawful_basis_under_Article_6_GDPR_violating_lawfulness_principle,q36_text,Other,categorical,1.0,0.0026595744680851063,0.002652501131733817,,,
q36_text_Defendant_processed_criminal_record_data_without_legal_authorization_under_Article_10_GDPR_relying_on_invalid_consent_and_legitimate_interests_DPA_found_no_legal_basis_justified_the_processing_of_such_sensitive_data,q36_text,Other,categorical,1.0,0.0026595744680851063,0.002652501131733817,,,
q36_text_Defendant_processed_health_data_without_valid_legal_basis_under_Article_9_GDPR_relying_incorrectly_on_Regulation_2021_953_and_vital_interests_Also_violated_Article_13_by_failing_to_provide_required_information_to_data_subjects_during_data_collection,q36_text,Other,categorical,1.0,0.0026595744680851063,0.002652501131733817,,,
q36_text_Defendant_processed_personal_data_names_and_photographs_without_legal_basis_under_Article_6_GDPR_No_valid_consent_or_legitimate_interests_justification_was_established_for_publishing_identifiable_data_of_three_individuals_in_a_brochure,q36_text,Other,categorical,1.0,0.0026595744680851063,0.002652501131733817,,,
q36_text_Defendant_processed_personal_data_without_a_valid_legal_basis_under_Article_6_1_GDPR_specifically_failing_to_satisfy_the_legitimate_interest_test_as_data_subjects_rights_prevailed_over_the_defendant_s_interests,q36_text,Other,categorical,1.0,0.0026595744680851063,0.002652501131733817,,,
q36_text_Defendant_processed_personal_data_without_any_legal_basis_under_Article_6_1_GDPR_failing_to_verify_identity_during_fraudulent_mobile_line_contracts,q36_text,Other,categorical,1.0,0.0026595744680851063,0.002652501131733817,,,
q36_text_Defendant_processed_personal_data_without_consent_and_failed_to_provide_adequate_privacy_policy_information_violating_Articles_6_and_13_GDPR,q36_text,Other,categorical,1.0,0.0026595744680851063,0.002652501131733817,,,
q36_text_Defendant_processed_personal_data_without_lawful_basis_under_Article_6_GDPR_by_issuing_SIM_card_duplicate_without_consent_or_contract_Failed_to_implement_data_protection_by_design_measures_under_Article_25_GDPR_to_prevent_unauthorized_SIM_duplication,q36_text,Other,categorical,1.0,0.0026595744680851063,0.002652501131733817,,,
q36_text_Defendant_processed_personal_data_without_legal_basis_after_data_subject_withdrew_consent_and_requested_deletion_violating_Article_6_1_GDPR,q36_text,Other,categorical,1.0,0.0026595744680851063,0.002652501131733817,,,
q36_text_Defendant_processed_personal_data_without_legal_basis_by_providing_duplicate_eSIM_to_impersonator_without_verifying_identity_violating_Article_6_1_GDPR,q36_text,Other,categorical,1.0,0.0026595744680851063,0.002652501131733817,,,
q36_text_Defendant_processed_personal_data_without_legal_basis_by_sending_marketing_emails_to_a_complainant_registered_on_the_Robinson_list_and_failed_to_respond_to_deletion_requests_violating_Articles_6_and_17_GDPR_The_defendant_also_failed_to_have_proper_contracts_with_insurance_agents_as_required_by_Article_28_GDPR,q36_text,Other,categorical,1.0,0.0026595744680851063,0.002652501131733817,,,
q36_text_Defendant_processed_personal_data_without_legal_basis_under_Article_6_GDPR_by_failing_to_verify_identity_during_portability_request_violating_lawfulness_principle,q36_text,Other,categorical,1.0,0.0026595744680851063,0.002652501131733817,,,
q36_text_Defendant_processed_personal_data_without_legal_basis_modifying_policyholder_and_account_details_without_consent_or_contract_necessity_violating_Article_6_1_GDPR,q36_text,Other,categorical,1.0,0.0026595744680851063,0.002652501131733817,,,
q36_text_Defendant_processed_personal_data_without_valid_consent_specifically_by_executing_a_phone_line_portability_without_the_data_subject_s_unambiguous_consent_due_to_procedural_failure_and_incorrect_verification,q36_text,Other,categorical,1.0,0.0026595744680851063,0.002652501131733817,,,
q36_text_Defendant_published_employee_photos_on_website_claiming_consent_but_failed_to_provide_adequate_information_or_obtain_unambiguous_consent_as_required_by_GDPR_Article_6,q36_text,Other,categorical,1.0,0.0026595744680851063,0.002652501131733817,,,
q36_text_Defendant_published_personal_data_on_social_media_without_any_lawful_basis_under_Article_6_GDPR_violating_the_principle_of_lawfulness,q36_text,Other,categorical,1.0,0.0026595744680851063,0.002652501131733817,,,
q36_text_Defendant_published_victim_s_voice_recording_without_distortion_violating_data_minimization_principle_by_processing_excessive_personal_data,q36_text,Other,categorical,1.0,0.0026595744680851063,0.002652501131733817,,,
q36_text_Defendant_recorded_and_disseminated_images_of_a_minor_being_attacked_without_any_legal_basis_under_Article_6_GDPR_violating_the_principle_of_lawfulness,q36_text,Other,categorical,1.0,0.0026595744680851063,0.002652501131733817,,,
q36_text_Defendant_relied_on_invalid_consent_for_data_verification_with_TGSS_consent_was_not_freely_given_specific_or_informed_violating_Article_6_1_GDPR,q36_text,Other,categorical,1.0,0.0026595744680851063,0.002652501131733817,,,
q36_text_Defendant_relied_on_invalid_consent_via_entrance_poster_consent_was_not_informed_specific_free_or_unequivocal_as_required_by_GDPR_violating_Articles_6_1_and_7,q36_text,Other,categorical,1.0,0.0026595744680851063,0.002652501131733817,,,
q36_text_Defendant_required_consent_for_TGSS_data_verification_via_non_negotiable_clause_in_account_opening_process_violating_GDPR_consent_requirements_legal_obligation_basis_was_insufficient_as_AML_regulations_did_not_mandate_TGSS_verification_specifically,q36_text,Other,categorical,1.0,0.0026595744680851063,0.002652501131733817,,,
q36_text_Defendant_required_consent_for_advertising_and_image_processing_as_condition_for_event_attendance_violating_Article_7_4_GDPR_by_bundling_consent_with_contract_performance,q36_text,Other,categorical,1.0,0.0026595744680851063,0.002652501131733817,,,
q36_text_Defendant_required_users_to_upload_scanned_copies_of_ID_documents_for_identity_verification_violating_data_minimization_principle_as_less_intrusive_alternatives_exist,q36_text,Other,categorical,1.0,0.0026595744680851063,0.002652501131733817,,,
q36_text_Defendant_sent_employee_ID_copies_without_legal_basis_violating_lawfulness_and_transparency_failed_to_ensure_security_leading_to_unauthorized_data_disclosure_via_employee_actions,q36_text,Other,categorical,1.0,0.0026595744680851063,0.002652501131733817,,,
q36_text_Defendant_sent_unsolicited_marketing_texts_without_valid_consent_bundling_consent_with_service_requirements_and_failing_to_provide_specific_informed_choices,q36_text,Other,categorical,1.0,0.0026595744680851063,0.002652501131733817,,,
q36_text_Defendant_transferred_personal_data_to_a_third_party_without_any_legal_basis_violating_Article_6_1_GDPR,q36_text,Other,categorical,1.0,0.0026595744680851063,0.002652501131733817,,,
q36_text_Defendant_unlawfully_processed_personal_data_by_including_claimant_s_data_in_credit_information_system_without_legal_basis_as_the_debt_was_not_true_overdue_or_enforceable_violating_Article_6_1_GDPR,q36_text,Other,categorical,1.0,0.0026595744680851063,0.002652501131733817,,,
q36_text_Defendant_unlawfully_published_claimant_s_home_address_on_Twitter_without_legal_basis_violating_confidentiality_and_lawfulness_principles,q36_text,Other,categorical,1.0,0.0026595744680851063,0.002652501131733817,,,
q36_text_Defendant_used_claimant_s_images_without_ownership_to_create_fake_profiles_on_Tinder_and_WhatsApp_for_deceptive_purposes_violating_Article_5_1_a_GDPR_lawfulness_principle,q36_text,Other,categorical,1.0,0.0026595744680851063,0.002652501131733817,,,
q36_text_Defendant_used_claimant_s_wedding_photo_for_advertising_without_consent_violating_Article_6_GDPR_by_lacking_lawful_basis_for_processing,q36_text,Other,categorical,1.0,0.0026595744680851063,0.002652501131733817,,,
q36_text_Defendant_violated_Article_12_by_requiring_excessive_identity_verification_copy_of_ID_and_signature_via_post_for_deletion_requests_failing_to_facilitate_data_subject_rights_and_ensure_appropriate_security,q36_text,Other,categorical,1.0,0.0026595744680851063,0.002652501131733817,,,
q36_text_Defendant_violated_Article_13_GDPR_by_lacking_a_privacy_policy_on_its_website_failing_to_provide_required_information_to_data_subjects_Also_violated_LSSI_Article_22_2_by_not_having_a_cookies_policy_or_obtaining_consent_for_cookies,q36_text,Other,categorical,1.0,0.0026595744680851063,0.002652501131733817,,,
q36_text_Defendant_violated_Article_14_GDPR_by_failing_to_provide_complete_information_to_data_subjects_when_obtaining_data_from_third_parties_though_processing_was_deemed_lawful_under_legitimate_interests,q36_text,Other,categorical,1.0,0.0026595744680851063,0.002652501131733817,,,
q36_text_Defendant_violated_Article_28_2_GDPR_by_failing_to_inform_the_data_controller_of_subcontractor_changes_despite_prior_general_authorization_specifically_for_contracts_signed_post_GDPR_implementation,q36_text,Other,categorical,1.0,0.0026595744680851063,0.002652501131733817,,,
q36_text_Defendant_violated_Article_32_GDPR_by_sending_an_email_without_blind_copy_to_multiple_recipients_exposing_personal_data_Also_violated_Article_5_1_f_GDPR_principle_of_integrity_and_confidentiality,q36_text,Other,categorical,1.0,0.0026595744680851063,0.002652501131733817,,,
q36_text_Defendant_violated_Article_5_1_f_security_principle_by_failing_to_ensure_proper_technical_measures_for_data_deletion_Consent_withdrawal_was_not_fully_honored_due_to_technical_issues_with_third_party_platforms,q36_text,Other,categorical,1.0,0.0026595744680851063,0.002652501131733817,,,
q36_text_Defendant_violated_Article_5_1_f_GDPR_by_failing_to_ensure_adequate_security_resulting_in_a_third_party_receiving_the_claimant_s_invoice_containing_personal_data,q36_text,Other,categorical,1.0,0.0026595744680851063,0.002652501131733817,,,
q36_text_Defendant_violated_Article_5_1_c_GDPR_by_processing_excessive_personal_data_beyond_what_was_necessary_for_the_purpose_specifically_sending_an_email_attachment_containing_unnecessary_data_like_phone_numbers_emails_and_addresses_to_all_participants_in_a_solar_energy_project,q36_text,Other,categorical,1.0,0.0026595744680851063,0.002652501131733817,,,
q36_text_Defendant_violated_Article_5_1_c_GDPR_by_publishing_voices_of_minors_in_a_news_video_without_distortion_failing_data_minimization_principle_The_balancing_test_favored_data_subject_interests_over_legitimate_interests_due_to_minors_vulnerability_and_availability_of_less_intrusive_alternatives,q36_text,Other,categorical,1.0,0.0026595744680851063,0.002652501131733817,,,
q36_text_Defendant_violated_Article_5_1_d_GDPR_by_sending_a_contract_containing_inaccurate_personal_data_claimant_s_new_address_to_the_claimant_s_old_address_due_to_a_failure_to_update_customer_records,q36_text,Other,categorical,1.0,0.0026595744680851063,0.002652501131733817,,,
q36_text_Defendant_violated_Article_5_1_f_GDPR_by_failing_to_ensure_confidentiality_of_personal_data_in_a_mediation_report_and_Article_32_GDPR_by_lacking_appropriate_security_measures_to_prevent_unauthorized_disclosure,q36_text,Other,categorical,1.0,0.0026595744680851063,0.002652501131733817,,,
q36_text_Defendant_violated_Article_5_1_f_GDPR_by_publicly_exposing_personal_data_on_a_notice_board_failing_to_ensure_confidentiality_and_security_of_data,q36_text,Other,categorical,1.0,0.0026595744680851063,0.002652501131733817,,,
q36_text_Defendant_violated_Article_5_1_f_GDPR_by_sending_electoral_roll_containing_personal_data_via_email_to_multiple_recipients_without_adequate_security_measures_compromising_data_confidentiality_and_integrity,q36_text,Other,categorical,1.0,0.0026595744680851063,0.002652501131733817,,,
q36_text_Defendant_violated_Article_5_1_f_GDPR_security_principle_by_improper_configuration_allowing_unauthorized_access_to_health_data_and_failing_to_conduct_required_risk_analysis_and_impact_assessment,q36_text,Other,categorical,1.0,0.0026595744680851063,0.002652501131733817,,,
q36_text_Defendant_violated_Article_5_1_f_integrity_and_confidentiality_principle_by_transferring_claimant_s_data_to_a_neighbor_without_consent_and_violated_Article_32_by_failing_to_implement_adequate_security_measures,q36_text,Other,categorical,1.0,0.0026595744680851063,0.002652501131733817,,,
q36_text_Defendant_violated_GDPR_by_failing_to_ensure_processors_provided_sufficient_guarantees_implement_proper_technical_organizational_measures_and_conduct_adequate_oversight_of_marketing_data_processing_activities,q36_text,Other,categorical,1.0,0.0026595744680851063,0.002652501131733817,,,
q36_text_Defendant_violated_accuracy_principle_by_maintaining_incorrect_address_data_and_failed_to_comply_with_data_erasure_request_under_Article_17,q36_text,Other,categorical,1.0,0.0026595744680851063,0.002652501131733817,,,
q36_text_Defendant_violated_confidentiality_principle_by_publishing_student_parent_lists_on_school_facade_visible_from_outside_and_on_unrestricted_website_failing_to_implement_adequate_security_measures_to_prevent_indiscriminate_access_by_non_interested_third_parties,q36_text,Other,categorical,1.0,0.0026595744680851063,0.002652501131733817,,,
q36_text_Defendant_violated_data_minimization_and_storage_limitation_by_excessively_collecting_and_storing_personal_data_including_scanned_documents_beyond_necessity_failed_to_properly_manage_erasure_requests_and_provide_adequate_responses,q36_text,Other,categorical,1.0,0.0026595744680851063,0.002652501131733817,,,
q36_text_Defendant_violated_data_minimization_principle_by_collecting_excessive_ID_copies_and_failed_to_provide_adequate_information_under_Article_13_GDPR,q36_text,Other,categorical,1.0,0.0026595744680851063,0.002652501131733817,,,
q36_text_Defendant_violated_data_minimization_principle_by_collecting_unnecessary_personal_data_and_violated_Article_9_1_GDPR_by_processing_special_category_data_without_legal_basis,q36_text,Other,categorical,1.0,0.0026595744680851063,0.002652501131733817,,,
q36_text_Defendant_violated_data_minimization_principle_by_disclosing_excessive_health_and_email_data_to_a_public_entity_for_defense_purposes_exceeding_what_was_necessary,q36_text,Other,categorical,1.0,0.0026595744680851063,0.002652501131733817,,,
q36_text_Defendant_violated_data_minimization_principle_by_publishing_victim_s_identifiable_voice_recording_without_necessity_for_journalistic_purpose_exceeding_limits_of_freedom_of_information,q36_text,Other,categorical,1.0,0.0026595744680851063,0.002652501131733817,,,
q36_text_Defendant_violated_data_minimization_principle_by_requiring_excessive_ID_images_for_check_in_Also_failed_to_provide_complete_privacy_information_as_required_by_Article_13,q36_text,Other,categorical,1.0,0.0026595744680851063,0.002652501131733817,,,
q36_text_Defendant_violated_data_minimization_principle_by_requiring_travelers_to_provide_full_photograph_copy_of_ID_documents_which_contained_excessive_personal_data_beyond_what_was_legally_required_for_traveler_registration_under_RD_933_2021,q36_text,Other,categorical,1.0,0.0026595744680851063,0.002652501131733817,,,
q36_text_Defendant_violated_storage_limitation_principle_by_retaining_complainant_s_data_for_nearly_16_years_after_mortgage_contract_cancellation_processing_data_without_valid_legal_basis,q36_text,Other,categorical,1.0,0.0026595744680851063,0.002652501131733817,,,
q36_text_Defendant_s_video_surveillance_cameras_captured_excessive_public_space_and_private_space_of_third_parties_violating_data_minimization_principle_Article_5_1_c_GDPR,q36_text,Other,categorical,1.0,0.0026595744680851063,0.002652501131733817,,,
q36_text_Defendant_s_video_surveillance_cameras_were_oriented_towards_public_space_without_justification_violating_data_minimization_principle_under_Article_5_1_c_GDPR,q36_text,Other,categorical,1.0,0.0026595744680851063,0.002652501131733817,,,
q36_text_Defendant_s_video_surveillance_system_captured_excessive_public_space_violating_data_minimization_principle_under_Article_5_1_c_GDPR,q36_text,Other,categorical,1.0,0.0026595744680851063,0.002652501131733817,,,
q36_text_Defendant_s_video_surveillance_system_captured_images_of_public_space_violating_data_minimization_principle_under_Article_5_1_c_GDPR_by_processing_unnecessary_third_party_data,q36_text,Other,categorical,1.0,0.0026595744680851063,0.002652501131733817,,,
q36_text_Defendant_s_website_privacy_policy_lacked_required_information_under_Article_13_GDPR_including_details_on_data_subject_rights_and_complaint_procedures,q36_text,Other,categorical,1.0,0.0026595744680851063,0.002652501131733817,,,
q36_text_Easylife_unlawfully_processed_special_category_health_data_by_inferring_health_conditions_from_purchase_history_without_a_valid_legal_basis_relying_incorrectly_on_legitimate_interests_instead_of_obtaining_explicit_consent_and_failed_to_inform_data_subjects_transparently_about_this_profiling,q36_text,Other,categorical,1.0,0.0026595744680851063,0.002652501131733817,,,
q36_text_Excessive_GPS_monitoring_of_employee_without_proper_information_legal_basis_or_less_intrusive_alternatives_data_stored_beyond_legal_period_and_used_for_unauthorized_purposes,q36_text,Other,categorical,1.0,0.0026595744680851063,0.002652501131733817,,,
q36_text_Google_LLC_failed_to_respond_timely_to_a_data_subject_s_erasure_request_regarding_URL_deindexation_violating_Article_5_security_principle_by_not_ensuring_proper_handling_of_rights_requests,q36_text,Other,categorical,1.0,0.0026595744680851063,0.002652501131733817,,,
q36_text_Google_s_search_engine_processing_of_personal_data_was_found_to_violate_storage_limitation_principles_by_continuing_to_link_claimant_s_name_to_outdated_URLs_after_Constitutional_Court_anonymization_outweighing_Google_s_legitimate_interests_claim,q36_text,Other,categorical,1.0,0.0026595744680851063,0.002652501131733817,,,
q36_text_INDECEMI_violated_Article_5_1_f_GDPR_by_failing_to_ensure_adequate_security_resulting_in_unauthorized_disclosure_of_personal_data_via_email_to_wrong_recipient,q36_text,Other,categorical,1.0,0.0026595744680851063,0.002652501131733817,,,
q36_text_Insufficient_information_provided_to_data_subjects_invalidating_consent_biometric_data_processing_lacked_transparency_and_free_informed_consent_violating_Article_5_principles,q36_text,Other,categorical,1.0,0.0026595744680851063,0.002652501131733817,,,
q36_text_Klarna_failed_to_provide_transparent_information_on_processing_purposes_legal_bases_data_sharing_storage_periods_data_subject_rights_and_automated_decision_making_violating_Articles_5_1_a_5_2_12_13_and_14_GDPR,q36_text,Other,categorical,1.0,0.0026595744680851063,0.002652501131733817,,,
q36_text_MISSING,q36_text,Other,categorical,1.0,0.034574468085106384,0.03337907424173835,,,
q36_text_Mermaids_failed_to_implement_appropriate_security_measures_for_an_internal_email_group_resulting_in_unauthorized_access_to_personal_data_including_special_category_data_and_data_concerning_children,q36_text,Other,categorical,1.0,0.0026595744680851063,0.002652501131733817,,,
q36_text_NOT_DISCUSSED,q36_text,Other,categorical,1.0,0.005319148936170213,0.00529085559076505,,,
q36_text_NOT_MENTIONED,q36_text,Other,categorical,1.0,0.0026595744680851063,0.002652501131733817,,,
q36_text_No_infringement_determination_made_due_to_inability_to_identify_defendant_case_filed_without_substantive_findings_on_processing_principles_or_legal_basis,q36_text,Other,categorical,1.0,0.0026595744680851063,0.002652501131733817,,,
q36_text_No_violations_found_images_were_removed_promptly_and_no_infringing_party_could_be_identified,q36_text,Other,categorical,1.0,0.0026595744680851063,0.002652501131733817,,,
q36_text_Privacy_policy_provided_only_in_English_violated_transparency_requirements_under_Article_13_GDPR_Cookie_policy_lacked_proper_consent_mechanism_and_information,q36_text,Other,categorical,1.0,0.0026595744680851063,0.002652501131733817,,,
q36_text_School_processed_student_personal_data_via_surveys_without_legal_basis_under_Article_6_1_c_violating_Article_5_1_a_lawfulness_principle,q36_text,Other,categorical,1.0,0.0026595744680851063,0.002652501131733817,,,
q36_text_TYPE_CAIXABANK_violated_transparency_by_providing_non_uniform_vague_information_on_data_categories_purposes_and_legal_bases_consents_were_invalid_due_to_lack_of_specificity_freedom_and_informed_nature_legitimate_interests_lacked_proper_balancing_and_justification,q36_text,Other,categorical,1.0,0.0026595744680851063,0.002652501131733817,,,
q36_text_TYPE_Illegal_processing_of_patient_data_in_a_video_without_legal_basis_violating_principles_of_lawfulness_purpose_limitation_data_minimisation_security_and_accountability,q36_text,Other,categorical,1.0,0.0026595744680851063,0.002652501131733817,,,
q36_text_TYPE_KRY_violated_Article_5_1_f_and_2_and_Article_32_1_and_2_by_failing_to_conduct_adequate_needs_and_risk_analyses_and_not_restricting_user_access_permissions_to_only_what_is_necessary_for_healthcare_tasks_lacking_appropriate_security_measures_and_accountability,q36_text,Other,categorical,1.0,0.0026595744680851063,0.002652501131733817,,,
q36_text_TYPE_STRING,q36_text,Other,categorical,1.0,0.18085106382978725,0.14814395654142143,,,
q36_text_TYPE_STRING_Saga_sent_28_5_million_unsolicited_marketing_messages_without_valid_consent_violating_Article_5_1_a_lawfulness_principle,q36_text,Other,categorical,1.0,0.0026595744680851063,0.002652501131733817,,,
q36_text_TYPE_STRING_The_defendant_stated_incorrect_legal_basis_consent_on_its_website_while_actually_relying_on_contract_or_legitimate_interests_violating_Article_13_1_c_transparency_obligation,q36_text,Other,categorical,1.0,0.0026595744680851063,0.002652501131733817,,,
q36_text_TYPE_The_DPA_found_the_defendant_violated_Article_6_GDPR_by_processing_employee_images_without_a_legal_basis_The_installation_of_a_video_surveillance_camera_in_a_staff_rest_area_was_deemed_disproportionate_and_violated_the_prohibition_in_Article_89_2_LOPDGDD,q36_text,Other,categorical,1.0,0.0026595744680851063,0.002652501131733817,,,
q36_text_TYPE_The_controller_violated_Article_32_by_failing_to_implement_adequate_technical_and_organizational_measures_leading_to_unauthorized_disclosure_and_access_to_personal_data_including_special_category_health_data,q36_text,Other,categorical,1.0,0.0026595744680851063,0.002652501131733817,,,
q36_text_TYPE_The_defendant_failed_to_properly_define_its_role_as_a_joint_controller_with_service_users_violating_accountability_principles_under_Article_5_2_GDPR_by_not_establishing_a_transparent_agreement_as_required_by_Article_26,q36_text,Other,categorical,1.0,0.0026595744680851063,0.002652501131733817,,,
q36_text_TYPE_The_defendant_failed_to_properly_respond_to_a_data_subject_s_access_request_regarding_recordings_from_a_job_selection_process_violating_Article_15_GDPR_by_not_providing_the_data_or_a_valid_refusal,q36_text,Other,categorical,1.0,0.0026595744680851063,0.002652501131733817,,,
q36_text_TYPE_The_defendant_processed_inaccurate_personal_data_by_associating_a_personal_shipment_with_a_company_account_issuing_an_invoice_to_the_company_containing_the_claimant_s_personal_data_violating_Article_5_1_d_accuracy_principle,q36_text,Other,categorical,1.0,0.0026595744680851063,0.002652501131733817,,,
q36_text_TYPE_The_defendant_violated_Article_12_and_15_by_failing_to_provide_complete_access_to_personal_data_and_necessary_information_and_not_facilitating_the_exercise_of_data_subject_rights,q36_text,Other,categorical,1.0,0.0026595744680851063,0.002652501131733817,,,
q36_text_TYPE_The_defendant_violated_Article_25_1_and_Article_32_1_b_d_and_2_by_failing_to_implement_adequate_technical_and_organizational_measures_for_data_security_leading_to_unauthorized_disclosure_of_personal_data,q36_text,Other,categorical,1.0,0.0026595744680851063,0.002652501131733817,,,
q36_text_TYPE_The_defendant_violated_Articles_5_1_f_and_32_1_by_sending_sensitive_health_data_unencrypted_via_email_and_storing_it_in_Outlook_failing_to_implement_appropriate_technical_and_organizational_security_measures,q36_text,Other,categorical,1.0,0.0026595744680851063,0.002652501131733817,,,
q36_text_TYPE_Unauthorized_disclosure_of_personal_data_by_publishing_termination_decisions_online_without_legal_basis_Violation_of_lawfulness_fairness_transparency_security_and_accountability_principles,q36_text,Other,categorical,1.0,0.0026595744680851063,0.002652501131733817,,,
q36_text_TYPE_Violation_of_Article_12_3_for_failing_to_respond_timely_to_data_subject_s_erasure_request_under_Article_17_No_other_Article_5_or_6_principles_discussed,q36_text,Other,categorical,1.0,0.0026595744680851063,0.002652501131733817,,,
q36_text_TYPE_Violation_of_Article_13_1_a_GDPR_for_not_displaying_operator_identity_information_on_website_Violation_of_national_law_for_installing_cookies_without_consent,q36_text,Other,categorical,1.0,0.0026595744680851063,0.002652501131733817,,,
q36_text_TYPE_Violation_of_Article_32_due_to_inadequate_technical_and_organizational_measures_for_security_leading_to_unauthorized_access_and_data_deletion_from_a_cyber_attack,q36_text,Other,categorical,1.0,0.0026595744680851063,0.002652501131733817,,,
q36_text_TYPE_Violation_of_Article_32_4_due_to_inadequate_security_measures_leading_to_unauthorized_data_disclosure_violation_of_Article_34_for_failing_to_notify_data_subjects_of_the_breach,q36_text,Other,categorical,1.0,0.0026595744680851063,0.002652501131733817,,,
q36_text_TYPE_Violation_of_Article_83_5_e_for_failure_to_communicate_requested_information_to_the_DPA_no_specific_Article_5_or_6_principles_discussed,q36_text,Other,categorical,1.0,0.0026595744680851063,0.002652501131733817,,,
q36_text_TYPE_Violation_of_lawful_processing_and_security_principles_no_valid_consent_obtained_for_filming_and_posting_patient_data_online,q36_text,Other,categorical,1.0,0.0026595744680851063,0.002652501131733817,,,
q36_text_The_Cabinet_Office_violated_Article_5_1_f_by_failing_to_ensure_appropriate_security_of_personal_data_and_Article_32_1_by_lacking_appropriate_technical_and_organizational_measures_for_the_2020_New_Year_Honours_List_processing,q36_text,Other,categorical,1.0,0.0026595744680851063,0.002652501131733817,,,
q36_text_The_City_Council_failed_to_implement_adequate_security_measures_to_prevent_unauthorized_access_to_municipal_registry_data_by_a_council_member_violating_Article_5_1_f_GDPR_The_case_was_archived_due_to_statute_of_limitations,q36_text,Other,categorical,1.0,0.0026595744680851063,0.002652501131733817,,,
q36_text_The_City_Council_processed_personal_data_without_a_legal_basis_under_Article_6_GDPR_by_communicating_a_third_party_s_debt_to_the_claimant_and_requesting_his_data_from_INSS_failing_to_verify_the_marital_property_regime_beforehand,q36_text,Other,categorical,1.0,0.0026595744680851063,0.002652501131733817,,,
q36_text_The_Council_failed_to_respond_to_251_out_of_511_subject_access_requests_within_statutory_deadlines_violating_Articles_12_3_15_1_and_15_3_of_the_UK_GDPR,q36_text,Other,categorical,1.0,0.0026595744680851063,0.002652501131733817,,,
q36_text_The_DPA_assessed_international_tax_treaties_for_GDPR_compliance_finding_they_lack_necessary_safeguards_for_data_transfers_to_third_countries_like_the_US_particularly_under_Article_46_requirements,q36_text,Other,categorical,1.0,0.0026595744680851063,0.002652501131733817,,,
q36_text_The_DPA_expressed_concerns_about_whether_the_planned_data_processing_involves_personal_data_rather_than_anonymized_data_emphasizing_the_need_for_a_proper_legal_basis_if_personal_data_is_processed_and_highlighted_risks_related_to_electronic_communications_and_location_data_anonymization,q36_text,Other,categorical,1.0,0.0026595744680851063,0.002652501131733817,,,
q36_text_The_DPA_found_no_GDPR_violation_as_the_processing_fell_under_the_household_exemption_Article_2_2_c_being_exclusively_personal_domestic_activity_by_a_natural_person,q36_text,Other,categorical,1.0,0.0026595744680851063,0.002652501131733817,,,
q36_text_The_DPA_found_no_GDPR_violation_concluding_that_taking_a_photograph_of_an_ID_with_an_official_police_mobile_phone_during_COVID_19_perimeter_control_complied_with_Article_32_security_measures_and_was_justified_under_public_security_laws,q36_text,Other,categorical,1.0,0.0026595744680851063,0.002652501131733817,,,
q36_text_The_DPA_found_no_GDPR_violations_as_the_claimant_s_access_request_was_deemed_excessive_and_abusive_under_Article_12_5_with_the_defendant_properly_requesting_specification_of_the_request,q36_text,Other,categorical,1.0,0.0026595744680851063,0.002652501131733817,,,
q36_text_The_DPA_found_no_GDPR_violations_as_the_controller_had_adequate_security_measures_promptly_notified_the_breach_and_took_appropriate_mitigating_actions_The_breach_resulted_from_human_error_by_a_processor_s_employee,q36_text,Other,categorical,1.0,0.0026595744680851063,0.002652501131733817,,,
q36_text_The_DPA_found_no_evidence_of_coercion_or_unlawful_processing_data_collection_was_voluntary_informed_and_based_on_consent_and_legal_obligations_for_public_health_purposes,q36_text,Other,categorical,1.0,0.0026595744680851063,0.002652501131733817,,,
q36_text_The_DPA_found_no_evidence_of_infringement_RAE_ceased_Google_Analytics_use_promptly_after_Schrems_II_and_claimed_public_interest_legal_basis_under_Article_6_1_e,q36_text,Other,categorical,1.0,0.0026595744680851063,0.002652501131733817,,,
q36_text_The_DPA_found_no_processing_of_personal_data_occurred_as_temperature_measurements_were_not_linked_to_identified_or_identifiable_persons_thus_no_GDPR_principles_were_violated,q36_text,Other,categorical,1.0,0.0026595744680851063,0.002652501131733817,,,
q36_text_The_DPA_found_no_violation_of_Article_13_as_the_defendant_provided_adequate_information_to_employees_about_the_fingerprint_system_implementation_including_purpose_legal_basis_and_data_protection_details_before_data_collection,q36_text,Other,categorical,1.0,0.0026595744680851063,0.002652501131733817,,,
q36_text_The_DPA_found_no_violation_of_Article_5_principles_Regarding_Article_6_the_defendant_relied_on_legitimate_interests_and_the_balancing_test_concluded_that_legitimate_interests_prevailed_over_the_data_subject_s_rights_due_to_the_public_interest_in_accessing_professional_information,q36_text,Other,categorical,1.0,0.0026595744680851063,0.002652501131733817,,,
q36_text_The_DPA_found_no_violation_of_Article_5_1_c_data_minimization_as_the_cameras_were_limited_to_private_property_with_proper_signage_and_no_evidence_of_public_space_capture,q36_text,Other,categorical,1.0,0.0026595744680851063,0.002652501131733817,,,
q36_text_The_DPA_found_no_violation_of_Article_6_as_Niantic_obtained_consent_through_pop_up_windows_and_provided_accessible_privacy_policies_and_terms_of_service,q36_text,Other,categorical,1.0,0.0026595744680851063,0.002652501131733817,,,
q36_text_The_DPA_found_no_violations_of_Article_5_principles_The_defendant_relied_on_public_task_as_legal_basis_for_traffic_surveillance_drone_operations,q36_text,Other,categorical,1.0,0.0026595744680851063,0.002652501131733817,,,
q36_text_The_DPA_found_that_Nordea_complied_with_the_complainant_s_access_request_by_providing_a_transcript_and_edited_audio_file_satisfying_Article_15_requirements_without_violating_data_subject_rights,q36_text,Other,categorical,1.0,0.0026595744680851063,0.002652501131733817,,,
q36_text_The_DPA_found_that_the_defendant_had_valid_consent_through_a_signed_image_rights_assignment_contract_thus_no_violation_of_Article_6_occurred,q36_text,Other,categorical,1.0,0.0026595744680851063,0.002652501131733817,,,
q36_text_The_DPA_found_that_the_defendant_was_legitimized_to_process_the_claimant_s_personal_data_based_on_contract_execution_vehicle_purchase_not_consent_and_therefore_no_violation_of_Article_6_occurred,q36_text,Other,categorical,1.0,0.0026595744680851063,0.002652501131733817,,,
q36_text_The_DPA_found_that_the_video_surveillance_camera_installation_complied_with_data_minimization_principles_capturing_only_necessary_public_space_for_security_purposes_and_no_violation_of_Article_5_was_established,q36_text,Other,categorical,1.0,0.0026595744680851063,0.002652501131733817,,,
q36_text_The_DPA_found_the_defendant_violated_Article_35_by_failing_to_conduct_a_data_protection_impact_assessment_for_biometric_data_processing_The_legal_basis_of_consent_was_invalid_due_to_power_imbalance_in_employment_context,q36_text,Other,categorical,1.0,0.0026595744680851063,0.002652501131733817,,,
q36_text_The_DPA_found_violations_of_Article_5_1_a_due_to_unfairness_in_monitoring_employees_changing_in_alarm_stands_without_masking_and_Article_5_1_c_due_to_excessive_24_7_real_time_surveillance_beyond_necessary_purposes_Legal_basis_under_Article_6_1_e_was_upheld_for_public_task_necessity,q36_text,Other,categorical,1.0,0.0026595744680851063,0.002652501131733817,,,
q36_text_The_DPA_found_violations_of_data_minimisation_under_Article_5_1_c_due_to_unnecessary_publication_of_sensitive_personal_data_beyond_names_of_public_figures_and_security_under_Article_32_due_to_inadequate_redaction_allowing_easy_access_to_hidden_data_Freedom_of_expression_prevailed_for_publishing_names_of_high_ranking_bank_officials_in_a_public_interest_story_on_bank_recapitalization_but_not_for_other_data,q36_text,Other,categorical,1.0,0.0026595744680851063,0.002652501131733817,,,
q36_text_The_DPA_opined_that_legal_obligation_under_Article_6_1_c_is_the_appropriate_basis_for_processing_student_data_in_distance_education_not_consent_and_emphasized_adherence_to_data_minimization_and_security_principles,q36_text,Other,categorical,1.0,0.0026595744680851063,0.002652501131733817,,,
q36_text_The_decision_addresses_a_violation_of_Article_21_of_the_LSSI_for_sending_commercial_communications_without_consent_not_GDPR_Articles_5_or_6,q36_text,Other,categorical,1.0,0.0026595744680851063,0.002652501131733817,,,
q36_text_The_decision_addresses_a_violation_of_the_right_to_object_under_Article_21_GDPR_in_the_context_of_unsolicited_commercial_calls_No_detailed_analysis_of_Article_5_or_6_principles_is_provided_beyond_linking_to_legitimate_interests_for_marketing,q36_text,Other,categorical,1.0,0.0026595744680851063,0.002652501131733817,,,
q36_text_The_decision_addresses_violation_of_Article_5_1_b_GDPR_due_to_retention_of_personal_data_for_over_16_years_after_the_data_subject_ceased_being_a_client_without_any_ongoing_products_or_services_Bankia_blocked_the_data_but_failed_to_delete_it_as_required_under_storage_limitation_and_purpose_limitation_principles,q36_text,Other,categorical,1.0,0.0026595744680851063,0.002652501131733817,,,
q36_text_The_decision_clarifies_that_data_on_self_employed_persons_in_culture_related_to_their_registered_activity_are_not_protected_as_personal_data_under_GDPR_as_they_are_considered_business_entity_data_under_Slovenian_law,q36_text,Other,categorical,1.0,0.0026595744680851063,0.002652501131733817,,,
q36_text_The_decision_did_not_find_violations_of_GDPR_Articles_5_or_6_as_the_website_in_question_no_longer_existed_and_redirected_to_a_different_entity_s_site_making_the_original_complaint_moot,q36_text,Other,categorical,1.0,0.0026595744680851063,0.002652501131733817,,,
q36_text_The_decision_discusses_potential_violation_of_Article_5_1_c_data_minimisation_due_to_alleged_video_surveillance_cameras_oriented_towards_complainant_s_home_but_the_procedure_was_archived_as_the_responsible_party_could_not_be_identified,q36_text,Other,categorical,1.0,0.0026595744680851063,0.002652501131733817,,,
q36_text_The_decision_discusses_processing_under_Article_6_1_c_for_legal_obligations_under_anti_money_laundering_laws_noting_the_bank_must_have_appropriate_procedures_but_IP_is_not_competent_to_assess_adequacy,q36_text,Other,categorical,1.0,0.0026595744680851063,0.002652501131733817,,,
q36_text_The_decision_does_not_discuss_GDPR_Article_5_or_6_principles_it_focuses_on_LSSI_cookie_consent_violations,q36_text,Other,categorical,1.0,0.0026595744680851063,0.002652501131733817,,,
q36_text_The_decision_does_not_discuss_GDPR_Article_5_or_6_principles_it_focuses_solely_on_LSSI_violations_regarding_cookie_consent_mechanisms,q36_text,Other,categorical,1.0,0.0026595744680851063,0.002652501131733817,,,
q36_text_The_decision_does_not_discuss_GDPR_Article_5_or_6_violations_focusing_instead_on_Spanish_LSSI_cookie_law_violations_regarding_inadequate_cookie_banner_information_and_lack_of_rejection_mechanism,q36_text,Other,categorical,1.0,0.0026595744680851063,0.002652501131733817,,,
q36_text_The_decision_finds_a_violation_of_Article_37_GDPR_due_to_failure_to_appoint_a_DPO_as_required_for_public_authorities_No_other_Article_5_or_6_principles_are_discussed,q36_text,Other,categorical,1.0,0.0026595744680851063,0.002652501131733817,,,
q36_text_The_decision_finds_a_violation_of_Article_6_1_a_GDPR_due_to_processing_personal_data_without_consent_or_any_lawful_basis_No_other_Article_5_or_6_principles_are_explicitly_discussed_beyond_lawfulness,q36_text,Other,categorical,1.0,0.0026595744680851063,0.002652501131733817,,,
q36_text_The_decision_focuses_on_LSSI_violations_regarding_commercial_communications_not_GDPR_Article_5_6_principles,q36_text,Other,categorical,1.0,0.0026595744680851063,0.002652501131733817,,,
q36_text_The_decision_focuses_on_jurisdictional_issues_regarding_cross_border_processing_and_the_identification_of_the_lead_supervisory_authority_not_substantive_Article_5_6_violations,q36_text,Other,categorical,1.0,0.0026595744680851063,0.002652501131733817,,,
q36_text_The_decision_focuses_on_violation_of_Article_37_GDPR_regarding_DPO_appointment_not_on_Articles_5_or_6_principles_or_legal_bases,q36_text,Other,categorical,1.0,0.0026595744680851063,0.002652501131733817,,,
q36_text_The_decision_focuses_solely_on_violations_of_cooperation_obligations_with_the_DPA_under_Articles_31_and_58_1_e_of_the_GDPR_not_on_substantive_processing_principles_or_legal_bases,q36_text,Other,categorical,1.0,0.0026595744680851063,0.002652501131733817,,,
q36_text_The_decision_found_a_violation_of_Article_12_3_regarding_timely_response_to_access_requests_but_did_not_discuss_Article_5_principles_or_Article_6_legal_bases,q36_text,Other,categorical,1.0,0.0026595744680851063,0.002652501131733817,,,
q36_text_The_decision_found_a_violation_of_Article_5_1_f_security_principle_due_to_inadequate_technical_and_organizational_measures_No_Article_6_legal_bases_were_discussed,q36_text,Other,categorical,1.0,0.0026595744680851063,0.002652501131733817,,,
q36_text_The_decision_found_no_GDPR_violations_it_focused_on_LSSI_compliance_regarding_cookies_concluding_the_website_s_cookie_policy_was_not_contradictory_to_Article_22_2_LSSI_after_verification,q36_text,Other,categorical,1.0,0.0026595744680851063,0.002652501131733817,,,
q36_text_The_decision_found_no_violation_of_Article_5_or_6_principles_as_the_defendant_ultimately_complied_with_the_erasure_request_during_proceedings,q36_text,Other,categorical,1.0,0.0026595744680851063,0.002652501131733817,,,
q36_text_The_decision_found_violations_of_Article_32_1_b_32_2_and_32_4_GDPR_due_to_inadequate_technical_and_organizational_measures_ensuring_employees_process_data_only_on_instructions_leading_to_unauthorized_access_and_disclosure_of_five_passengers_data_No_Article_5_or_6_principles_beyond_security_were_discussed,q36_text,Other,categorical,1.0,0.0026595744680851063,0.002652501131733817,,,
q36_text_The_decision_identifies_violations_of_Article_5_1_f_on_integrity_and_confidentiality_and_Article_5_2_on_accountability_due_to_failure_to_implement_appropriate_technical_and_organizational_measures_Processing_was_based_on_contract_performance_and_legal_obligations_under_telecommunications_law_with_no_issues_in_legal_basis_but_deficiencies_in_security_implementation_leading_to_a_data_breach,q36_text,Other,categorical,1.0,0.0026595744680851063,0.002652501131733817,,,
q36_text_The_decision_provides_a_non_binding_opinion_clarifying_the_right_to_access_personal_data_under_Article_15_GDPR_and_applicable_Slovenian_laws_particularly_for_police_data_processing_under_national_security_exemptions,q36_text,Other,categorical,1.0,0.0026595744680851063,0.002652501131733817,,,
q36_text_The_decision_provides_a_non_binding_opinion_on_drone_use_jurisdiction_clarifying_the_Information_Commissioner_s_role_in_monitoring_data_protection_compliance_and_impact_assessments_with_no_findings_of_violations,q36_text,Other,categorical,1.0,0.0026595744680851063,0.002652501131733817,,,
q36_text_The_defendant_disclosed_personal_and_health_data_of_a_former_employee_to_a_third_party_without_a_legal_basis_violating_principles_of_lawfulness_purpose_limitation_security_and_accountability,q36_text,Other,categorical,1.0,0.0026595744680851063,0.002652501131733817,,,
q36_text_The_defendant_disclosed_personal_data_including_ethnic_origin_without_legal_basis_and_failed_to_implement_adequate_security_measures_for_video_surveillance_data,q36_text,Other,categorical,1.0,0.0026595744680851063,0.002652501131733817,,,
q36_text_The_defendant_failed_to_adapt_its_privacy_policy_to_GDPR_requirements_and_lacked_a_Data_Protection_Officer_until_after_the_procedure_began_violating_transparency_and_accountability_principles,q36_text,Other,categorical,1.0,0.0026595744680851063,0.002652501131733817,,,
q36_text_The_defendant_failed_to_adequately_inform_workers_about_the_processing_of_biometric_data_for_time_control_violating_Article_13_GDPR_by_not_providing_complete_clear_and_concise_information_at_the_time_of_data_collection,q36_text,Other,categorical,1.0,0.0026595744680851063,0.002652501131733817,,,
q36_text_The_defendant_failed_to_comply_with_a_prior_resolution_ordering_compliance_with_a_data_subject_s_access_right_constituting_a_violation_of_Article_58_2_GDPR,q36_text,Other,categorical,1.0,0.0026595744680851063,0.002652501131733817,,,
q36_text_The_defendant_failed_to_conduct_required_needs_and_risk_analyses_before_granting_access_permissions_and_did_not_restrict_user_access_to_only_what_was_necessary_for_their_duties_violating_security_and_accountability_principles_under_Article_5_1_f_and_5_2,q36_text,Other,categorical,1.0,0.0026595744680851063,0.002652501131733817,,,
q36_text_The_defendant_failed_to_cooperate_with_the_DPA_by_not_providing_requested_information_necessary_for_the_investigation_violating_accountability_under_Article_5,q36_text,Other,categorical,1.0,0.0026595744680851063,0.002652501131733817,,,
q36_text_The_defendant_failed_to_implement_adequate_security_measures_using_HTTP_instead_of_HTTPS_and_did_not_provide_proper_privacy_information_compliant_with_GDPR_Article_13_referencing_outdated_legislation,q36_text,Other,categorical,1.0,0.0026595744680851063,0.002652501131733817,,,
q36_text_The_defendant_failed_to_implement_appropriate_technical_and_organizational_measures_to_ensure_security_of_sensitive_personal_data_sent_via_email_violating_Article_32_1_GDPR,q36_text,Other,categorical,1.0,0.0026595744680851063,0.002652501131733817,,,
q36_text_The_defendant_failed_to_provide_a_complete_and_adequate_response_to_the_data_subject_s_access_request_violating_the_accountability_principle_under_Article_5_2_GDPR_by_not_fully_complying_with_Article_15_access_rights,q36_text,Other,categorical,1.0,0.0026595744680851063,0.002652501131733817,,,
q36_text_The_defendant_failed_to_provide_complete_information_required_by_Article_13_GDPR_at_the_time_of_data_collection_and_did_not_implement_appropriate_technical_and_organizational_measures_to_ensure_confidentiality_violating_Articles_13_and_25_1_GDPR,q36_text,Other,categorical,1.0,0.0026595744680851063,0.002652501131733817,,,
q36_text_The_defendant_failed_to_provide_necessary_information_to_the_claimant_when_scanning_their_ID_for_money_laundering_compliance_violating_Article_13_GDPR_by_not_informing_about_the_legal_basis_and_purpose_immediately,q36_text,Other,categorical,1.0,0.0026595744680851063,0.002652501131733817,,,
q36_text_The_defendant_failed_to_provide_requested_information_to_the_DPA_during_an_investigation_into_unsolicited_SMS_complaints_violating_Article_58_1_obligations,q36_text,Other,categorical,1.0,0.0026595744680851063,0.002652501131733817,,,
q36_text_The_defendant_failed_to_respond_to_a_data_subject_s_access_request_within_the_legal_timeframe_but_eventually_provided_the_required_information_during_the_procedure_restoring_the_data_subject_s_rights,q36_text,Other,categorical,1.0,0.0026595744680851063,0.002652501131733817,,,
q36_text_The_defendant_failed_to_respond_to_a_data_subject_s_erasure_request_within_the_required_timeframe_and_did_not_provide_proof_of_addressing_the_request_properly,q36_text,Other,categorical,1.0,0.0026595744680851063,0.002652501131733817,,,
q36_text_The_defendant_failed_to_respond_to_information_requests_from_the_DPA_violating_Article_58_1_GDPR_investigative_powers,q36_text,Other,categorical,1.0,0.0026595744680851063,0.002652501131733817,,,
q36_text_The_defendant_failed_to_respond_to_information_requests_from_the_Spanish_DPA_violating_Article_58_1_GDPR_investigative_powers_not_Articles_5_or_6,q36_text,Other,categorical,1.0,0.0026595744680851063,0.002652501131733817,,,
q36_text_The_defendant_failed_to_respond_to_repeated_access_requests_and_did_not_cooperate_with_the_DPA_s_investigation_violating_accountability_principles_under_Article_5,q36_text,Other,categorical,1.0,0.0026595744680851063,0.002652501131733817,,,
q36_text_The_defendant_implemented_a_biometric_fingerprint_system_for_stadium_access_without_necessity_proportionality_or_valid_legal_basis_violating_data_minimization_and_processing_principles_Failures_included_lack_of_prior_DPIA_invalid_consent_and_inadequate_information_to_data_subjects,q36_text,Other,categorical,1.0,0.0026595744680851063,0.002652501131733817,,,
q36_text_The_defendant_installed_a_video_surveillance_camera_capturing_images_of_third_parties_in_a_transit_area_without_justification_violating_the_data_minimization_principle_under_Article_5_1_c_GDPR_by_processing_data_beyond_what_is_necessary,q36_text,Other,categorical,1.0,0.0026595744680851063,0.002652501131733817,,,
q36_text_The_defendant_installed_audio_recording_microphones_in_workplace_areas_including_an_office_and_dining_area_without_legitimate_basis_under_Article_6_GDPR_violating_lawfulness_principle_as_recording_conversations_was_disproportionate_and_intrusive_for_security_and_labor_control_purposes,q36_text,Other,categorical,1.0,0.0026595744680851063,0.002652501131733817,,,
q36_text_The_defendant_made_an_unsolicited_commercial_call_to_a_data_subject_registered_on_the_Robinson_list_without_proper_legal_basis_violating_the_right_to_object_under_Article_21_GDPR_and_national_telecommunications_law,q36_text,Other,categorical,1.0,0.0026595744680851063,0.002652501131733817,,,
q36_text_The_defendant_processed_a_minor_s_image_without_parental_consent_violating_Article_6_1_a_GDPR_No_lawful_basis_for_processing_was_established,q36_text,Other,categorical,1.0,0.0026595744680851063,0.002652501131733817,,,
q36_text_The_defendant_processed_biometric_data_without_a_valid_legal_basis_under_Article_9_GDPR_and_violated_the_principle_of_lawfulness_under_Article_5_1_a_by_using_fingerprint_recognition_for_time_control_without_proper_authorization,q36_text,Other,categorical,1.0,0.0026595744680851063,0.002652501131733817,,,
q36_text_The_defendant_processed_biometric_data_without_a_valid_legal_basis_under_Article_9_violating_lawfulness_principles_They_also_failed_to_provide_adequate_information_to_data_subjects_and_lacked_proper_contracts_with_processors,q36_text,Other,categorical,1.0,0.0026595744680851063,0.002652501131733817,,,
q36_text_The_defendant_processed_employee_data_via_audio_video_surveillance_without_proving_compliance_with_any_legal_basis_under_Article_6_1_and_violated_the_principle_of_lawfulness_fairness_and_transparency_under_Article_5_1_a,q36_text,Other,categorical,1.0,0.0026595744680851063,0.002652501131733817,,,
q36_text_The_defendant_processed_personal_data_without_a_valid_legal_basis_under_Article_6_relying_incorrectly_on_contract_execution_The_security_protocol_under_Article_32_was_inadequate_as_it_failed_to_verify_proper_representation,q36_text,Other,categorical,1.0,0.0026595744680851063,0.002652501131733817,,,
q36_text_The_defendant_processed_personal_data_without_consent_violating_Article_6_1_a_GDPR_and_failed_to_provide_clear_cookie_information_and_rejection_mechanisms,q36_text,Other,categorical,1.0,0.0026595744680851063,0.002652501131733817,,,
q36_text_The_defendant_processed_personal_data_without_proper_identity_verification_and_adequate_security_measures_violating_Article_32_2_GDPR_by_failing_to_implement_appropriate_technical_and_organizational_measures,q36_text,Other,categorical,1.0,0.0026595744680851063,0.002652501131733817,,,
q36_text_The_defendant_processed_voice_data_without_a_lawful_basis_under_Article_6_GDPR_as_recording_conversations_for_labor_control_was_found_disproportionate_and_not_justified_by_legitimate_interests_violating_the_lawfulness_principle,q36_text,Other,categorical,1.0,0.0026595744680851063,0.002652501131733817,,,
q36_text_The_defendant_published_lists_of_debtor_and_non_debtor_owners_on_community_bulletin_boards_including_personal_data_violating_Article_5_1_f_GDPR_due_to_inadequate_security_measures_exposing_data_to_unauthorized_viewing,q36_text,Other,categorical,1.0,0.0026595744680851063,0.002652501131733817,,,
q36_text_The_defendant_published_personal_data_online_without_a_lawful_basis_violating_principles_of_lawfulness_fairness_transparency_and_security,q36_text,Other,categorical,1.0,0.0026595744680851063,0.002652501131733817,,,
q36_text_The_defendant_repeatedly_disclosed_lists_of_debtors_by_apartment_number_via_email_and_on_a_bulletin_board_violating_confidentiality_under_Article_5_1_f_GDPR_as_this_was_not_done_under_the_specific_circumstances_permitted_by_the_Horizontal_Property_Law,q36_text,Other,categorical,1.0,0.0026595744680851063,0.002652501131733817,,,
q36_text_The_defendant_responded_to_the_data_subject_s_access_and_deletion_requests_providing_information_and_reasonably_denying_deletion_based_on_an_outstanding_enforceable_debt_thus_no_violations_of_Articles_5_or_6_were_found,q36_text,Other,categorical,1.0,0.0026595744680851063,0.002652501131733817,,,
q36_text_The_defendant_violated_Article_15_GDPR_by_failing_to_respond_to_a_data_subject_access_request_within_the_required_timeframe_taking_nearly_four_months_instead_of_one_month_to_provide_the_requested_information,q36_text,Other,categorical,1.0,0.0026595744680851063,0.002652501131733817,,,
q36_text_The_defendant_violated_Article_32_GDPR_by_failing_to_implement_adequate_security_measures_leading_to_unauthorized_access_and_transmission_of_health_data_via_email_scanning_and_sharing,q36_text,Other,categorical,1.0,0.0026595744680851063,0.002652501131733817,,,
q36_text_The_defendant_violated_Article_32_by_failing_to_implement_adequate_technical_and_organizational_measures_to_ensure_security_leading_to_unauthorized_disclosure_of_personal_data_via_WhatsApp,q36_text,Other,categorical,1.0,0.0026595744680851063,0.002652501131733817,,,
q36_text_The_defendant_violated_Article_32_by_failing_to_implement_adequate_technical_and_organizational_security_measures_leading_to_unauthorized_disclosure_of_personal_data_via_email,q36_text,Other,categorical,1.0,0.0026595744680851063,0.002652501131733817,,,
q36_text_The_defendant_violated_Article_32_security_obligations_by_failing_to_ensure_employees_only_process_personal_data_at_the_operator_s_request_leading_to_unauthorized_access_and_disclosure,q36_text,Other,categorical,1.0,0.0026595744680851063,0.002652501131733817,,,
q36_text_The_defendant_violated_Article_32_1_GDPR_by_failing_to_implement_appropriate_security_measures_for_its_merge_customer_process_allowing_unauthorized_access_to_purchase_and_return_history_through_publicly_available_information,q36_text,Other,categorical,1.0,0.0026595744680851063,0.002652501131733817,,,
q36_text_The_defendant_violated_Article_32_1_GDPR_by_failing_to_implement_adequate_security_measures_leading_to_an_incident_where_data_of_one_daughter_was_provided_when_information_about_another_daughter_was_requested_without_proper_identity_verification,q36_text,Other,categorical,1.0,0.0026595744680851063,0.002652501131733817,,,
q36_text_The_defendant_violated_Article_32_1_GDPR_by_failing_to_implement_adequate_security_measures_resulting_in_the_abandonment_of_confidential_medical_data_of_workers_in_a_public_area_compromising_data_integrity_and_confidentiality,q36_text,Other,categorical,1.0,0.0026595744680851063,0.002652501131733817,,,
q36_text_The_defendant_violated_Article_32_1_GDPR_by_failing_to_implement_adequate_technical_and_organizational_security_measures_leading_to_unauthorized_access_to_personal_data_The_breach_involved_external_cyberattack_and_inadequate_protection_of_customer_bank_card_information,q36_text,Other,categorical,1.0,0.0026595744680851063,0.002652501131733817,,,
q36_text_The_defendant_violated_Article_5_security_and_accountability_principles_by_failing_to_properly_respond_to_data_subject_access_requests_within_the_required_timeframe_and_not_cooperating_fully_with_the_DPA_investigation,q36_text,Other,categorical,1.0,0.0026595744680851063,0.002652501131733817,,,
q36_text_The_defendant_violated_Article_5_1_f_GDPR_by_failing_to_ensure_appropriate_security_of_personal_data_including_lack_of_multi_factor_authentication_inadequate_patch_management_and_failure_to_encrypt_data_which_rendered_systems_vulnerable_to_a_ransomware_attack,q36_text,Other,categorical,1.0,0.0026595744680851063,0.002652501131733817,,,
q36_text_The_defendant_violated_Article_5_1_f_GDPR_by_failing_to_implement_adequate_security_measures_leading_to_unauthorized_access_and_data_breach_affecting_40_individuals,q36_text,Other,categorical,1.0,0.0026595744680851063,0.002652501131733817,,,
q36_text_The_defendant_violated_Article_5_1_f_and_Article_32_1_by_failing_to_ensure_adequate_security_of_personal_data_including_protection_against_unauthorized_access_across_multiple_subsystems_of_the_School_Platform,q36_text,Other,categorical,1.0,0.0026595744680851063,0.002652501131733817,,,
q36_text_The_defendant_violated_Article_5_1_f_security_principle_by_disclosing_land_register_numbers_No_lawful_basis_under_Article_6_was_established_for_this_processing,q36_text,Other,categorical,1.0,0.0026595744680851063,0.002652501131733817,,,
q36_text_The_defendant_violated_Article_5_1_f_GDPR_by_failing_to_implement_appropriate_technical_and_organizational_measures_to_ensure_security_and_confidentiality_leading_to_a_cyberattack_breach_exposing_health_data_of_2_622_patients,q36_text,Other,categorical,1.0,0.0026595744680851063,0.002652501131733817,,,
q36_text_The_defendant_violated_Article_5_1_a_GDPR_by_using_dark_patterns_overloading_and_hiding_in_cookie_consent_interfaces_making_consent_not_freely_given_specific_or_informed_They_also_violated_Article_13_GDPR_by_failing_to_provide_clear_information_on_purposes_legal_bases_legitimate_interests_of_third_parties_and_international_data_transfers_in_their_privacy_policy,q36_text,Other,categorical,1.0,0.0026595744680851063,0.002652501131733817,,,
q36_text_The_defendant_violated_Article_5_1_c_GDPR_by_collecting_excessive_personal_data_photocopy_of_ID_beyond_what_was_necessary_for_age_verification_They_also_violated_Article_13_GDPR_by_providing_outdated_privacy_information_and_insufficient_details_about_data_processing,q36_text,Other,categorical,1.0,0.0026595744680851063,0.002652501131733817,,,
q36_text_The_defendant_violated_Article_5_1_c_GDPR_by_publishing_an_individual_s_image_and_voice_without_anonymization_which_was_deemed_unnecessary_for_the_journalistic_purpose_The_DPA_found_the_processing_excessive_and_not_justified_by_legitimate_interests_balancing,q36_text,Other,categorical,1.0,0.0026595744680851063,0.002652501131733817,,,
q36_text_The_defendant_violated_Article_5_1_f_GDPR_by_failing_to_ensure_confidentiality_resulting_in_unauthorized_disclosure_of_complainant_s_personal_data_name_address_phone_number_on_a_package_label_delivered_to_a_third_party,q36_text,Other,categorical,1.0,0.0026595744680851063,0.002652501131733817,,,
q36_text_The_defendant_violated_Article_5_1_f_GDPR_by_sending_emails_without_using_blind_copy_disseminating_recipients_email_addresses_and_sometimes_names_surnames_failing_to_ensure_confidentiality,q36_text,Other,categorical,1.0,0.0026595744680851063,0.002652501131733817,,,
q36_text_The_defendant_violated_Article_5_1_f_integrity_and_confidentiality_by_publicly_displaying_the_claimant_s_personal_data_name_surname_and_debt_amount_on_a_community_notice_board_without_adequate_security_measures,q36_text,Other,categorical,1.0,0.0026595744680851063,0.002652501131733817,,,
q36_text_The_defendant_violated_Article_5_1_f_GDPR_by_disclosing_a_claimant_s_loan_amortization_table_to_a_third_party_breaching_confidentiality_No_Article_6_legal_basis_was_discussed_as_the_processing_was_unauthorized,q36_text,Other,categorical,1.0,0.0026595744680851063,0.002652501131733817,,,
q36_text_The_defendant_violated_Article_5_1_f_GDPR_by_failing_to_ensure_adequate_security_leading_to_a_confidentiality_breach_and_violated_Article_32_GDPR_by_not_implementing_appropriate_technical_and_organizational_security_measures_to_prevent_the_cyberattack,q36_text,Other,categorical,1.0,0.0026595744680851063,0.002652501131733817,,,
q36_text_The_defendant_violated_Article_5_1_f_GDPR_by_failing_to_ensure_adequate_security_of_personal_data_leading_to_unauthorized_exposure_of_identification_data_through_a_programming_error_in_the_vaccination_appointment_system,q36_text,Other,categorical,1.0,0.0026595744680851063,0.002652501131733817,,,
q36_text_The_defendant_violated_Article_5_1_f_GDPR_by_improperly_disseminating_personal_data_through_WhatsApp_breaching_confidentiality_They_also_violated_Article_32_GDPR_by_lacking_adequate_security_measures_to_prevent_unauthorized_disclosure,q36_text,Other,categorical,1.0,0.0026595744680851063,0.002652501131733817,,,
q36_text_The_defendant_violated_Article_5_1_f_GDPR_by_publicly_displaying_meeting_minutes_containing_personal_data_names_surnames_addresses_debts_in_a_building_display_case_for_an_excessive_duration_failing_to_ensure_adequate_security_and_confidentiality,q36_text,Other,categorical,1.0,0.0026595744680851063,0.002652501131733817,,,
q36_text_The_defendant_violated_Article_5_1_f_GDPR_by_sending_individualized_heating_consumption_data_to_all_community_members_via_email_resulting_in_loss_of_confidentiality_The_claimed_legitimate_interest_basis_was_insufficient_as_data_subject_interests_prevailed,q36_text,Other,categorical,1.0,0.0026595744680851063,0.002652501131733817,,,
q36_text_The_defendant_violated_Article_5_1_f_by_failing_to_ensure_confidentiality_of_health_data_body_temperature_as_the_measurement_result_was_visible_to_unauthorized_third_parties_in_the_clinic_s_waiting_reception_area_The_processing_was_based_on_legal_obligation_for_health_safety_during_COVID_19,q36_text,Other,categorical,1.0,0.0026595744680851063,0.002652501131733817,,,
q36_text_The_defendant_violated_Articles_12_and_13_by_failing_to_provide_complete_and_accurate_information_about_data_processing_and_imposing_excessive_conditions_for_exercising_data_subject_rights,q36_text,Other,categorical,1.0,0.0026595744680851063,0.002652501131733817,,,
q36_text_The_defendant_violated_GDPR_Article_28_by_subcontracting_without_proper_contracts_and_authorizations_failing_to_ensure_sufficient_guarantees_for_data_processing_security_and_accountability,q36_text,Other,categorical,1.0,0.0026595744680851063,0.002652501131733817,,,
q36_text_The_defendant_violated_accountability_principles_by_failing_to_respond_to_the_DPA_s_information_requests_and_not_complying_with_a_remedial_order,q36_text,Other,categorical,1.0,0.0026595744680851063,0.002652501131733817,,,
q36_text_The_defendant_violated_the_security_principle_under_Article_5_1_f_by_failing_to_prevent_unauthorized_access_to_personal_data_through_a_technical_failure_in_their_customer_portal,q36_text,Other,categorical,1.0,0.0026595744680851063,0.002652501131733817,,,
q36_text_The_defendant_was_accused_of_processing_personal_data_image_and_voice_without_consent_but_the_appeal_was_upheld_due_to_lack_of_evidence_proving_authorship_of_the_alleged_violation,q36_text,Other,categorical,1.0,0.0026595744680851063,0.002652501131733817,,,
q36_text_The_defendant_s_camera_system_disproportionately_captured_images_of_public_space_violating_the_data_minimization_principle_under_Article_5_1_c_GDPR_by_collecting_excessive_personal_data_without_justification,q36_text,Other,categorical,1.0,0.0026595744680851063,0.002652501131733817,,,
q36_text_The_defendant_s_privacy_policies_were_found_compliant_with_Article_13_GDPR_but_cookie_consent_mechanisms_were_inadequate_lacking_clear_information_and_granular_control_options,q36_text,Other,categorical,1.0,0.0026595744680851063,0.002652501131733817,,,
q36_text_The_defendant_s_video_surveillance_was_found_to_violate_purpose_limitation_and_data_minimization_principles_as_cameras_recorded_beyond_necessary_areas_like_the_entire_bar_and_terrace_not_just_specific_high_value_property_areas_and_lacked_a_valid_legal_basis_under_legitimate_interests_for_such_broad_recording,q36_text,Other,categorical,1.0,0.0026595744680851063,0.002652501131733817,,,
q36_text_The_entity_violated_Article_5_1_c_GDPR_by_scanning_clients_full_DNI_documents_during_check_in_as_this_exceeds_the_data_minimization_principle_Only_specific_data_fields_from_the_ID_are_required_for_legal_registration_obligations_under_Organic_Law_4_2015,q36_text,Other,categorical,1.0,0.0026595744680851063,0.002652501131733817,,,
q36_text_The_operator_failed_to_implement_adequate_technical_and_organizational_measures_to_ensure_data_security_violating_Article_32_1_b_and_d_and_2_GDPR,q36_text,Other,categorical,1.0,0.0026595744680851063,0.002652501131733817,,,
q36_text_The_operator_failed_to_implement_appropriate_technical_and_organizational_security_measures_leading_to_unauthorized_disclosure_of_personal_data_following_a_cyber_attack,q36_text,Other,categorical,1.0,0.0026595744680851063,0.002652501131733817,,,
q36_text_The_opinion_clarifies_that_employers_may_process_employee_sick_leave_data_under_Article_6_1_c_based_on_Employment_Relationships_Act_obligations_but_diagnosis_data_requires_specific_legal_basis_and_doctors_are_not_obliged_to_provide_information_to_employers_or_detectives,q36_text,Other,categorical,1.0,0.0026595744680851063,0.002652501131733817,,,
q36_text_The_opinion_discusses_mandatory_employee_participation_in_video_recording_for_marketing_purposes_concluding_consent_is_required_but_unlikely_valid_due_to_power_imbalance_and_mandatory_nature_Legal_bases_under_employment_law_are_limited_to_rights_obligations_arising_from_employment_relationship,q36_text,Other,categorical,1.0,0.0026595744680851063,0.002652501131733817,,,
q36_text_The_opinion_discusses_potential_issues_with_legal_basis_for_processing_health_data_emphasizing_that_consent_in_employment_relationships_is_problematic_due_to_power_imbalance_and_that_purpose_limitation_and_data_minimization_principles_must_be_observed,q36_text,Other,categorical,1.0,0.0026595744680851063,0.002652501131733817,,,
q36_text_The_opinion_discusses_whether_handwritten_signatures_constitute_personal_data_and_examines_potential_legal_bases_for_disclosure_but_does_not_determine_violations_as_it_is_a_non_binding_opinion_outside_an_inspection_procedure,q36_text,Other,categorical,1.0,0.0026595744680851063,0.002652501131733817,,,
q36_text_The_privacy_policy_complies_with_Article_13_GDPR_requirements_for_information_provision_The_cookie_policy_violates_LSSI_Article_22_2_due_to_lack_of_easy_rejection_mechanism_for_all_cookies,q36_text,Other,categorical,1.0,0.0026595744680851063,0.002652501131733817,,,
q36_text_The_school_failed_to_ensure_appropriate_security_of_personal_data_including_special_category_data_due_to_inadequate_policies_and_procedures_leading_to_unauthorized_disclosure_in_a_classroom_environment,q36_text,Other,categorical,1.0,0.0026595744680851063,0.002652501131733817,,,
q36_text_Ticketmaster_failed_to_ensure_appropriate_security_of_personal_data_by_not_implementing_adequate_technical_and_organizational_measures_to_protect_against_unauthorized_processing_specifically_by_including_a_third_party_chat_bot_on_payment_pages_without_sufficient_security_controls,q36_text,Other,categorical,1.0,0.0026595744680851063,0.002652501131733817,,,
q36_text_Trygg_Hansa_violated_Article_5_1f_and_32_1_by_failing_to_implement_appropriate_security_measures_allowing_unauthorized_access_to_sensitive_customer_data_over_an_extended_period,q36_text,Other,categorical,1.0,0.0026595744680851063,0.002652501131733817,,,
q36_text_UNCLEAR,q36_text,Other,categorical,1.0,0.0026595744680851063,0.002652501131733817,,,
q36_text_Violation_of_Article_12_3_for_failing_to_inform_complainant_of_deletion_outcome_without_undue_delay_no_violation_of_Article_17_deletion_obligation_found,q36_text,Other,categorical,1.0,0.0026595744680851063,0.002652501131733817,,,
q36_text_Violation_of_Article_32_security_obligations_due_to_inadequate_technical_and_organizational_measures_including_failure_to_ensure_authorized_personnel_only_process_data_upon_request,q36_text,Other,categorical,1.0,0.0026595744680851063,0.002652501131733817,,,
q36_text_Violation_of_Article_32_security_obligations_due_to_inadequate_technical_and_organizational_measures_leading_to_unauthorized_disclosure_access_of_personal_data,q36_text,Other,categorical,1.0,0.0026595744680851063,0.002652501131733817,,,
q36_text_Violation_of_Article_32_security_obligations_due_to_inadequate_technical_and_organizational_measures_specifically_failure_to_test_configuration_changes_and_ensure_confidentiality_integrity_and_resilience_of_processing_systems,q36_text,Other,categorical,1.0,0.0026595744680851063,0.002652501131733817,,,
q36_text_Violation_of_Article_32_1_b_and_2_GDPR_due_to_inadequate_security_measures_leading_to_unauthorized_disclosure_of_personal_data_including_children_s_data_in_a_contest_platform,q36_text,Other,categorical,1.0,0.0026595744680851063,0.002652501131733817,,,
q36_text_Violation_of_Article_5_f_security_principle_and_Article_32_due_to_insufficient_technical_and_organizational_measures_leading_to_unauthorized_disclosure_of_personal_data_via_email_and_social_media,q36_text,Other,categorical,1.0,0.0026595744680851063,0.002652501131733817,,,
q36_text_Violation_of_Article_5_1_f_security_principle_due_to_inadequate_technical_and_organizational_measures_leading_to_unauthorized_access_and_loss_of_data_integrity_and_confidentiality,q36_text,Other,categorical,1.0,0.0026595744680851063,0.002652501131733817,,,
q36_text_Violation_of_confidentiality_and_accountability_principles_due_to_inadequate_security_measures_specifically_failure_to_implement_regular_testing_and_validation_in_IT_systems_leading_to_unauthorized_access,q36_text,Other,categorical,1.0,0.0026595744680851063,0.002652501131733817,,,
q36_text_Violations_found_in_data_subject_rights_handling_under_Articles_12_15_and_17_but_no_Article_5_or_6_principles_were_discussed_or_violated,q36_text,Other,categorical,1.0,0.0026595744680851063,0.002652501131733817,,,
q36_text_Violations_of_Article_32_security_requirements_found_due_to_lack_of_MFA_and_inadequate_organizational_measures_for_cloud_server_protection_leading_to_data_breach_exposing_sensitive_criminal_and_special_category_data,q36_text,Other,categorical,1.0,0.0026595744680851063,0.002652501131733817,,,
q36_text_Violations_of_Article_5_1_d_and_f_and_2_for_inaccurate_data_processing_and_inadequate_security_and_Article_17_for_failure_to_comply_with_erasure_requests,q36_text,Other,categorical,1.0,0.0026595744680851063,0.002652501131733817,,,
q36_text_Violations_of_lawfulness_fairness_transparency_purpose_limitation_and_security_principles_due_to_lack_of_valid_consent_for_marketing_SMS_and_failure_to_honor_deletion_objection_requests,q36_text,Other,categorical,1.0,0.0026595744680851063,0.002652501131733817,,,
q36_text_Vodafone_violated_Article_5_1_f_GDPR_by_failing_to_ensure_adequate_security_of_personal_data_resulting_in_a_confidentiality_breach_where_a_customer_s_invoice_was_sent_to_a_neighbor_s_address_with_mixed_personal_details,q36_text,Other,categorical,1.0,0.0026595744680851063,0.002652501131733817,,,
q36_text_Website_lacked_proper_privacy_policy_referencing_outdated_law_and_collected_personal_data_without_proper_legal_basis_or_information_to_users_Personal_image_was_published_without_consent_or_other_legitimization,q36_text,Other,categorical,1.0,0.0026595744680851063,0.002652501131733817,,,
q36_lang_ENGLISH_LIKELY,q36_lang,Other,categorical,1.0,0.9654255319148937,0.03337907424173835,,,
q36_lang_UNKNOWN,q36_lang,Other,categorical,1.0,0.034574468085106384,0.03337907424173835,,,
q52_text_A_fine_of_2000_EUR_was_imposed_for_the_very_serious_infringement_of_Article_5_1_c_GDPR_under_Article_83_5_The_amount_reflects_the_balance_of_circumstances_related_to_the_nature_of_the_violation_involving_excessive_processing_of_personal_data_No_aggravating_or_mitigating_factors_beyond_the_infraction_itself_were_detailed,q52_text,Other,categorical,1.0,0.0026595744680851063,0.002652501131733817,,,
q52_text_A_fine_of_2000_EUR_was_imposed_for_violations_of_Articles_12_and_13_specifically_for_inadequate_information_provision_and_excessive_conditions_for_rights_exercise_with_corrective_measures_ordered_to_ensure_future_compliance,q52_text,Other,categorical,1.0,0.0026595744680851063,0.002652501131733817,,,
q52_text_A_fine_of_600_was_initially_proposed_for_violating_Article_5_1_f_GDPR_The_defendant_paid_480_using_a_voluntary_payment_reduction_terminating_the_procedure_The_fine_was_below_statutory_caps,q52_text,Other,categorical,1.0,0.0026595744680851063,0.002652501131733817,,,
q52_text_A_warning_was_issued_instead_of_a_fine_due_to_the_defendant_being_an_SME_lack_of_prior_infringements_and_prompt_remedial_actions_to_update_information_practices,q52_text,Other,categorical,1.0,0.0026595744680851063,0.002652501131733817,,,
q52_text_Fine_based_on_nature_of_data_criminal_convictions_duration_negligence_and_lack_of_legal_basis_Aggravated_by_data_category_and_number_affected_mitigated_by_cooperation_Amount_set_at_2M_considering_turnover_but_below_caps,q52_text,Other,categorical,1.0,0.0026595744680851063,0.002652501131733817,,,
q52_text_Fine_based_on_nature_gravity_duration_of_violations_negligence_repeat_offenses_high_turnover_large_scale_of_processing_200M_actions_and_failure_to_implement_adequate_controls_despite_prior_sanctions_Total_fine_8_15M_for_multiple_infringements_under_GDPR_LSSICE_and_LGT,q52_text,Other,categorical,1.0,0.0026595744680851063,0.002652501131733817,,,
q52_text_Fine_based_on_nature_gravity_duration_intentional_non_compliance_after_DPA_notification_previous_infringements_and_categories_of_data_Amount_reflects_public_sector_cap_under_national_law,q52_text,Other,categorical,1.0,0.0026595744680851063,0.002652501131733817,,,
q52_text_Fine_based_on_violation_of_Article_6_1_GDPR_with_aggravating_factors_including_scope_of_data_processed_link_to_business_activity_and_continued_nature_of_infringement_no_mitigating_factors_applied,q52_text,Other,categorical,1.0,0.0026595744680851063,0.002652501131733817,,,
q52_text_Fine_calculated_based_on_nature_gravity_duration_of_infringement_and_negligence_10_000_for_access_violation_5_000_for_erasure_violation_Aggravating_factors_included_high_data_processing_activity_and_lack_of_diligence_mitigating_factor_was_partial_response_to_requests,q52_text,Other,categorical,1.0,0.0026595744680851063,0.002652501131733817,,,
q52_text_Fine_calculated_based_on_nature_gravity_duration_of_infringement_intentional_conduct_large_volume_of_affected_data_subjects_and_entity_s_size_Aggravating_factors_included_design_of_financial_product_conditioning_consent_on_fee_exemption_while_cooperation_and_remedial_actions_were_mitigating,q52_text,Other,categorical,1.0,0.0026595744680851063,0.002652501131733817,,,
q52_text_Fine_calculated_based_on_nature_gravity_of_infringements_duration_negligence_previous_infringements_and_cooperation_Article_6_violation_200_000_Article_25_violation_1_000_000_Aggravating_factors_included_systematic_issues_affecting_all_customers,q52_text,Other,categorical,1.0,0.0026595744680851063,0.002652501131733817,,,
q52_text_Fine_calculated_based_on_negligent_action_duration_of_violation_and_impact_on_data_subject_rights_Two_separate_fines_imposed_for_Article_5_1_d_and_Article_17_violations_totaling_100_000,q52_text,Other,categorical,1.0,0.0026595744680851063,0.002652501131733817,,,
q52_text_Fine_calculated_based_on_seriousness_of_infringements_high_sensitivity_of_genetic_data_and_number_of_affected_subjects_Adjusted_downward_due_to_defendant_s_financial_distress_and_partial_cooperation_but_increased_for_aggravating_factors_like_delayed_breach_notification,q52_text,Other,categorical,1.0,0.0026595744680851063,0.002652501131733817,,,
q52_text_Fine_imposed_for_Article_32_security_violations_due_to_employee_misconduct_causing_unauthorized_data_access_and_disclosure_over_several_years_considering_the_nature_gravity_and_duration_of_infringements,q52_text,Other,categorical,1.0,0.0026595744680851063,0.002652501131733817,,,
q52_text_Fine_imposed_for_Article_32_violations_due_to_inadequate_security_measures_considered_aggravating_factors_of_nature_gravity_and_negligence_mitigated_by_cooperation_and_remedial_actions_amount_reflects_proportionality,q52_text,Other,categorical,1.0,0.0026595744680851063,0.002652501131733817,,,
q52_text_Fine_imposed_for_breach_of_Article_32_security_obligations_due_to_unauthorized_data_transmission_via_WhatsApp_amount_based_on_violation_severity,q52_text,Other,categorical,1.0,0.0026595744680851063,0.002652501131733817,,,
q52_text_Fine_imposed_for_failure_to_cooperate_with_DPA_investigation_amount_set_at_4_000_based_on_violation_severity_and_lack_of_response,q52_text,Other,categorical,1.0,0.0026595744680851063,0.002652501131733817,,,
q52_text_Fine_imposed_for_lack_of_cooperation_and_failure_to_provide_information_considered_serious_and_continuous_amount_set_at_EUR_5000_equivalent_based_on_estimated_company_size_and_activity_scale_using_average_exchange_rate,q52_text,Other,categorical,1.0,0.0026595744680851063,0.002652501131733817,,,
q52_text_Fine_imposed_for_lack_of_legal_basis_in_data_sharing_and_security_failures_warning_for_inadequate_technical_measures_corrective_orders_issued_for_compliance_and_training,q52_text,Other,categorical,1.0,0.0026595744680851063,0.002652501131733817,,,
q52_text_Fine_imposed_for_non_cooperation_with_DPA_investigation_no_specific_calculation_details_provided_beyond_the_fixed_amount_for_the_violation,q52_text,Other,categorical,1.0,0.0026595744680851063,0.002652501131733817,,,
q52_text_Fine_imposed_for_security_breach_due_to_inadequate_measures_amount_based_on_violation_severity_and_corrective_order_for_security_plan_implementation,q52_text,Other,categorical,1.0,0.0026595744680851063,0.002652501131733817,,,
q52_text_Fine_imposed_for_security_breach_involving_children_s_data_cooperation_and_mitigation_considered_amount_based_on_violation_gravity_and_specific_protection_needed_for_minors,q52_text,Other,categorical,1.0,0.0026595744680851063,0.002652501131733817,,,
q52_text_Fine_imposed_for_security_breaches_under_GDPR_and_national_law_totaling_1500_EUR_equivalent_due_to_inadequate_measures_leading_to_unauthorized_data_access,q52_text,Other,categorical,1.0,0.0026595744680851063,0.002652501131733817,,,
q52_text_Fine_imposed_for_security_violation_due_to_inadequate_measures_amount_based_on_breach_severity_and_negligence_with_compliance_order_to_implement_measures_within_30_days,q52_text,Other,categorical,1.0,0.0026595744680851063,0.002652501131733817,,,
q52_text_Fine_imposed_for_security_violations_under_Article_32_specifically_inadequate_measures_and_unauthorized_data_processing_via_personal_devices,q52_text,Other,categorical,1.0,0.0026595744680851063,0.002652501131733817,,,
q52_text_Fine_imposed_for_security_violations_under_Articles_5_f_and_32_considering_moral_and_economic_damages_to_data_subjects_lack_of_sufficient_measures_and_inefficiency_of_employee_training,q52_text,Other,categorical,1.0,0.0026595744680851063,0.002652501131733817,,,
q52_text_Fine_imposed_for_unlawful_processing_of_minor_s_image_without_consent_Aggravating_factors_included_nature_of_violation_and_involvement_of_child_data_No_mitigating_factors_identified,q52_text,Other,categorical,1.0,0.0026595744680851063,0.002652501131733817,,,
q52_text_Fine_imposed_for_violating_Article_5_1_a_and_Article_6_1_due_to_unlawful_processing_via_audio_video_surveillance_without_legal_basis_amount_based_on_nature_and_gravity_of_infringement,q52_text,Other,categorical,1.0,0.0026595744680851063,0.002652501131733817,,,
q52_text_Fine_imposed_for_violation_of_Article_28_3_due_to_lack_of_documented_instructions_to_processor_amount_based_on_nature_of_infringement_without_detailed_calculation_reasoning_provided,q52_text,Other,categorical,1.0,0.0026595744680851063,0.002652501131733817,,,
q52_text_Fine_imposed_for_violation_of_Article_32_2_GDPR_due_to_inadequate_security_measures_leading_to_unauthorized_processing_amount_based_on_criteria_in_Article_83_considering_the_nature_and_duration_of_the_violation,q52_text,Other,categorical,1.0,0.0026595744680851063,0.002652501131733817,,,
q52_text_Fine_imposed_for_violation_of_Article_5_1_c_GDPR_due_to_excessive_data_processing_aggravating_factor_was_processing_of_special_category_health_data_fine_set_at_50_000,q52_text,Other,categorical,1.0,0.0026595744680851063,0.002652501131733817,,,
q52_text_Fine_imposed_for_violations_of_Articles_5_6_9_17_and_32_due_to_unauthorized_data_disclosure_and_inadequate_security_measures_totaling_10_000_EUR,q52_text,Other,categorical,1.0,0.0026595744680851063,0.002652501131733817,,,
q52_text_Fine_initially_proposed_at_40_000_reduced_to_24_000_due_to_defendant_s_acknowledgment_of_responsibility_and_voluntary_payment_applying_cumulative_20_reductions,q52_text,Other,categorical,1.0,0.0026595744680851063,0.002652501131733817,,,
q52_text_Fine_initially_set_at_75_000_reduced_to_60_000_for_voluntary_payment_and_further_to_45_000_for_acknowledgment_of_responsibility_considering_aggravating_factors_duration_negligence_data_categories_and_mitigating_factors_cooperation_remedial_actions,q52_text,Other,categorical,1.0,0.0026595744680851063,0.002652501131733817,,,
q52_text_Fine_of_3_000_euros_imposed_for_LSSI_violation_related_to_cookie_consent_mechanisms_considering_intentionality_and_duration_of_the_infringement_since_September_2018,q52_text,Other,categorical,1.0,0.0026595744680851063,0.002652501131733817,,,
q52_text_Fine_of_5000_EUR_imposed_for_violations_of_data_minimization_and_accountability_principles_processing_was_excessive_and_consent_invalid_in_employer_employee_context,q52_text,Other,categorical,1.0,0.0026595744680851063,0.002652501131733817,,,
q52_text_Fine_of_1_000_imposed_for_LSSI_Article_21_violation_due_to_sending_commercial_SMS_after_data_deletion_request_Aggravated_by_lack_of_diligence,q52_text,Other,categorical,1.0,0.0026595744680851063,0.002652501131733817,,,
q52_text_Fine_of_1_000_imposed_for_violation_of_Article_5_1_f_GDPR_considering_the_nature_gravity_and_duration_of_the_breach_involving_public_display_of_personal_data_in_meeting_minutes_The_defendant_did_not_cooperate_or_respond_to_the_DPA,q52_text,Other,categorical,1.0,0.0026595744680851063,0.002652501131733817,,,
q52_text_Fine_of_1_500_imposed_for_violations_of_Articles_6_and_13_GDPR_with_1_000_for_lack_of_legal_basis_and_500_for_lack_of_information_considering_the_conduct_as_gross_negligence_and_affecting_communal_areas_disproportionately,q52_text,Other,categorical,1.0,0.0026595744680851063,0.002652501131733817,,,
q52_text_Fine_of_10_000_imposed_for_violation_of_Article_6_1_GDPR_considering_the_nature_and_gravity_of_the_infringement_intentionality_negligence_and_categories_of_data_affected_No_mitigating_factors_noted,q52_text,Other,categorical,1.0,0.0026595744680851063,0.002652501131733817,,,
q52_text_Fine_of_1000_imposed_for_violation_of_Article_5_1_c_GDPR_considering_the_defendant_s_negligent_conduct_and_previous_warning_for_similar_facts_placing_it_at_the_lower_end_of_the_scale,q52_text,Other,categorical,1.0,0.0026595744680851063,0.002652501131733817,,,
q52_text_Fine_of_12_000_imposed_for_violation_of_Article_6_1_GDPR_considering_aggravating_factors_including_nature_and_duration_of_infringement_over_a_year_negligence_and_involvement_of_special_category_data_health_related_with_no_mitigating_factors_applied,q52_text,Other,categorical,1.0,0.0026595744680851063,0.002652501131733817,,,
q52_text_Fine_of_2_000_proposed_for_violation_of_Article_5_1_c_GDPR_reduced_to_1_600_due_to_voluntary_payment_Considered_lower_scale_penalty_for_this_conduct,q52_text,Other,categorical,1.0,0.0026595744680851063,0.002652501131733817,,,
q52_text_Fine_of_20_000_imposed_for_Article_6_violation_due_to_lack_of_legitimate_basis_for_audio_recording_Aggravating_factors_included_duration_since_2018_and_number_of_affected_data_subjects_workers_and_customers_Mitigating_factors_considered_SME_status_and_low_data_processing_linkage,q52_text,Other,categorical,1.0,0.0026595744680851063,0.002652501131733817,,,
q52_text_Fine_of_200_000_imposed_for_violation_of_storage_limitation_principle_considering_16_year_duration_previous_infringements_by_defendant_and_defendant_s_large_enterprise_status_with_significant_turnover,q52_text,Other,categorical,1.0,0.0026595744680851063,0.002652501131733817,,,
q52_text_Fine_of_2000_imposed_for_GPS_monitoring_violations_including_lack_of_legal_basis_transparency_failures_and_excessive_storage_warnings_issued_for_information_obligation_breaches,q52_text,Other,categorical,1.0,0.0026595744680851063,0.002652501131733817,,,
q52_text_Fine_of_2000_imposed_for_violation_of_Article_5_1_c_GDPR_due_to_disproportionate_video_surveillance_capturing_common_areas_and_private_spaces_Considered_aggravating_that_defendant_was_aware_of_illegality_but_did_not_cooperate_No_previous_infringements_noted,q52_text,Other,categorical,1.0,0.0026595744680851063,0.002652501131733817,,,
q52_text_Fine_of_25_000_for_Article_5_violation_and_50_000_for_Article_13_violation_Aggravating_factors_included_nature_of_infringement_and_negligence_No_mitigating_factors_applied,q52_text,Other,categorical,1.0,0.0026595744680851063,0.002652501131733817,,,
q52_text_Fine_of_250_000_imposed_for_processing_biometric_data_without_legal_basis_under_Article_9_GDPR_considering_nature_gravity_duration_negligence_and_involvement_of_minors_below_statutory_caps,q52_text,Other,categorical,1.0,0.0026595744680851063,0.002652501131733817,,,
q52_text_Fine_of_3_000_for_Article_5_1_f_violation_and_2_000_for_Article_32_violation_Mitigated_due_to_limited_affected_individuals_2_and_no_serious_harm_but_aggravated_by_nature_of_security_failure,q52_text,Other,categorical,1.0,0.0026595744680851063,0.002652501131733817,,,
q52_text_Fine_of_3_000_imposed_for_LSSI_cookie_violation_based_on_intentionality_and_duration_of_infringement_GDPR_violation_resulted_only_in_a_warning,q52_text,Other,categorical,1.0,0.0026595744680851063,0.002652501131733817,,,
q52_text_Fine_of_3_000_imposed_for_violations_of_Article_5_1_c_2_000_and_Article_13_1_000_considering_the_serious_negligence_in_controlling_public_space_and_lack_of_proper_signage_with_no_mitigating_factors_noted,q52_text,Other,categorical,1.0,0.0026595744680851063,0.002652501131733817,,,
q52_text_Fine_of_3_000_imposed_under_LSSI_for_cookie_consent_violation_graduated_based_on_intentionality_and_duration_of_infringement_not_GDPR,q52_text,Other,categorical,1.0,0.0026595744680851063,0.002652501131733817,,,
q52_text_Fine_of_300_imposed_for_violation_of_Article_5_1_c_GDPR_considering_nature_and_gravity_of_infringement_involving_excessive_data_collection_through_video_surveillance_No_mitigating_factors_applied,q52_text,Other,categorical,1.0,0.0026595744680851063,0.002652501131733817,,,
q52_text_Fine_of_4_000_imposed_for_Article_13_violation_based_on_negligence_duration_and_data_categories_affected_warning_issued_for_Article_7_violation_due_to_lack_of_evidence_of_actual_harm_from_invalid_consent_practices,q52_text,Other,categorical,1.0,0.0026595744680851063,0.002652501131733817,,,
q52_text_Fine_of_4_000_imposed_for_Article_6_violation_considered_unintentional_negligence_with_basic_identifiers_affected_below_statutory_caps,q52_text,Other,categorical,1.0,0.0026595744680851063,0.002652501131733817,,,
q52_text_Fine_of_5_000_imposed_for_violation_of_Article_5_1_f_GDPR_due_to_negligent_public_exposure_of_personal_data_Aggravating_factors_included_negligence_and_basic_data_categories_affected,q52_text,Other,categorical,1.0,0.0026595744680851063,0.002652501131733817,,,
q52_text_Fine_of_5_000_imposed_for_violation_of_Article_6_1_GDPR_due_to_lack_of_valid_consent_for_employee_photo_publication_Aggravated_by_defendant_s_professional_link_to_data_processing_SME_status_considered,q52_text,Other,categorical,1.0,0.0026595744680851063,0.002652501131733817,,,
q52_text_Fine_of_500_imposed_for_violation_of_Article_6_1_GDPR_considering_the_seriousness_and_impact_on_the_data_subject_lack_of_cooperation_and_absence_of_mitigating_factors,q52_text,Other,categorical,1.0,0.0026595744680851063,0.002652501131733817,,,
q52_text_Fine_of_75_000_imposed_for_violation_of_Article_6_GDPR_due_to_lack_of_lawful_basis_for_processing_Aggravating_factors_included_the_nature_gravity_of_the_violation_and_involvement_of_basic_personal_identifiers_The_fine_is_below_statutory_caps,q52_text,Other,categorical,1.0,0.0026595744680851063,0.002652501131733817,,,
q52_text_Fine_of_8_000_imposed_for_Article_6_1_violation_publishing_personal_data_without_legal_basis_Aggravating_factors_negligent_action_and_complaint_initiated_discovery_Warning_issued_for_Article_13_violation_outdated_privacy_policy,q52_text,Other,categorical,1.0,0.0026595744680851063,0.002652501131733817,,,
q52_text_Fine_of_8_000_imposed_for_LSSI_cookie_violations_across_four_websites_Aggravated_by_intentionality_and_duration_since_first_complaint_in_April_2019_No_mitigating_factors_mentioned,q52_text,Other,categorical,1.0,0.0026595744680851063,0.002652501131733817,,,
q52_text_Fine_reduced_by_20_due_to_voluntary_payment_initial_proposed_fine_was_1500_for_violation_of_Article_5_1_c_GDPR_final_amount_1200_aggravating_factor_was_nature_gravity_duration_mitigating_factor_was_cooperation,q52_text,Other,categorical,1.0,0.0026595744680851063,0.002652501131733817,,,
q52_text_Fine_reduced_by_40_due_to_voluntary_payment_and_acknowledgment_of_liability_initial_fine_was_1000_based_on_violation_severity_and_cooperation,q52_text,Other,categorical,1.0,0.0026595744680851063,0.002652501131733817,,,
q52_text_Fine_reduced_from_250_000_to_150_000_due_to_voluntary_payment_and_acknowledgment_of_responsibility_Aggravating_factors_included_nature_gravity_duration_negligence_and_impact_on_data_subject_s_financial_rights_Mitigating_factor_was_cooperation,q52_text,Other,categorical,1.0,0.0026595744680851063,0.002652501131733817,,,
q52_text_Fine_reduced_from_2M_to_1_2M_due_to_recognition_of_responsibility_and_voluntary_payment_aggravating_factors_included_nature_duration_negligence_and_previous_infringements_mitigating_factors_included_cooperation_and_remedial_actions,q52_text,Other,categorical,1.0,0.0026595744680851063,0.002652501131733817,,,
q52_text_Fine_reduced_from_50_000_to_30_000_due_to_defendant_s_recognition_of_responsibility_and_voluntary_payment_considered_for_nature_of_violation_involving_sensitive_data_of_rape_victim_and_cooperation,q52_text,Other,categorical,1.0,0.0026595744680851063,0.002652501131733817,,,
q52_text_Fine_reduced_from_50_000_to_30_000_due_to_voluntary_payment_and_recognition_of_responsibility_Aggravating_factors_included_nature_of_infringement_negligence_and_sensitive_data_categories_Mitigating_factor_was_cooperation,q52_text,Other,categorical,1.0,0.0026595744680851063,0.002652501131733817,,,
q52_text_Fine_reduced_from_70_000_to_42_000_due_to_voluntary_payment_and_acknowledgment_of_responsibility_based_on_violation_of_data_minimization_principle_affecting_99_data_subjects_with_no_intentionality_but_negligence_found,q52_text,Other,categorical,1.0,0.0026595744680851063,0.002652501131733817,,,
q52_text_Fine_reduced_on_appeal_due_to_procedural_flaws_considered_nature_gravity_duration_unintentional_negligence_data_categories_PESEL_numbers_high_risk_cooperation_mitigation_actions_no_prior_infringements_and_financial_capacity_1_67_of_turnover,q52_text,Other,categorical,1.0,0.0026595744680851063,0.002652501131733817,,,
q52_text_Fine_reduced_to_24_000_due_to_voluntary_payment_and_cooperation_aggravating_factor_was_defendant_s_business_activity_involving_continuous_data_processing_mitigating_factors_included_cooperation_and_data_deletion_measures,q52_text,Other,categorical,1.0,0.0026595744680851063,0.002652501131733817,,,
q52_text_Fine_set_at_SEK_300_000_considering_low_seriousness_SME_status_partial_mitigation_measures_like_IP_truncation_and_proportionality_violation_duration_and_data_volume_were_aggravating_factors,q52_text,Other,categorical,1.0,0.0026595744680851063,0.002652501131733817,,,
q52_text_Fine_set_at_90_000_based_on_serious_contravention_of_PECR_negligent_failure_to_prevent_breaches_financial_gain_intent_and_ignoring_guidance_mitigated_by_AMEX_s_internal_review_and_process_changes,q52_text,Other,categorical,1.0,0.0026595744680851063,0.002652501131733817,,,
q52_text_Fine_set_at_10_000_for_GDPR_violation_due_to_lack_of_diligence_in_handling_erasure_request_and_5_000_for_LSSI_violation_for_sending_unsolicited_advertising_emails_without_consent_totaling_15_000_based_on_aggravating_factors_including_intentionality_and_negligence,q52_text,Other,categorical,1.0,0.0026595744680851063,0.002652501131733817,,,
q52_text_Fine_set_at_20_000_based_on_intentionality_negligence_and_previous_infringements_as_aggravating_factors_under_Article_83_2_GDPR_below_statutory_caps,q52_text,Other,categorical,1.0,0.0026595744680851063,0.002652501131733817,,,
q52_text_Fine_set_at_200_000_considering_nature_gravity_duration_of_violation_previous_infringements_lack_of_mitigating_factors_and_need_for_proportionality_deterrence,q52_text,Other,categorical,1.0,0.0026595744680851063,0.002652501131733817,,,
q52_text_Fine_set_at_2M_initially_reduced_to_1_6M_for_voluntary_payment_aggravating_factors_included_nature_gravity_duration_and_negligence_mitigating_factor_was_cooperation_fine_based_on_violation_of_Article_6_1_GDPR_for_invalid_consent_mechanism,q52_text,Other,categorical,1.0,0.0026595744680851063,0.002652501131733817,,,
q52_text_Fine_set_at_3_000_considering_nature_of_infringement_affecting_third_parties_rights_negligence_in_lacking_mandatory_information_posters_no_previous_infringements_and_defendant_being_an_individual_running_a_small_hotel_establishment,q52_text,Other,categorical,1.0,0.0026595744680851063,0.002652501131733817,,,
q52_text_Fine_set_at_40_000_initially_reduced_to_24_000_due_to_defendant_s_acknowledgment_of_responsibility_and_voluntary_payment_factors_included_nature_and_gravity_of_violation_affecting_data_legitimacy_principle,q52_text,Other,categorical,1.0,0.0026595744680851063,0.002652501131733817,,,
q52_text_Fine_set_at_5_000_for_GDPR_violation_based_on_intentionality_personal_data_nature_and_non_cooperation_3_000_for_LSSI_cookie_violation_due_to_intentional_non_compliance_and_duration,q52_text,Other,categorical,1.0,0.0026595744680851063,0.002652501131733817,,,
q52_text_Fine_set_at_50_000_based_on_violation_nature_duration_since_June_2019_and_defendant_s_business_link_to_data_processing_aggravating_factors_included_negligence_and_professional_duty_of_care,q52_text,Other,categorical,1.0,0.0026595744680851063,0.002652501131733817,,,
q52_text_Fine_set_at_50_000_initially_reduced_by_40_to_30_000_due_to_voluntary_payment_and_acknowledgment_of_liability_Aggravating_factors_included_nature_of_violation_involving_minors_and_previous_infringement_mitigating_factor_was_full_cooperation,q52_text,Other,categorical,1.0,0.0026595744680851063,0.002652501131733817,,,
q52_text_Fine_set_at_500_000_based_on_violation_duration_ongoing_until_inspection_special_category_health_data_involvement_and_defendant_s_role_in_healthcare_processing_represents_0_3_of_turnover_below_2_cap,q52_text,Other,categorical,1.0,0.0026595744680851063,0.002652501131733817,,,
q52_text_Fine_set_at_60_000_reduced_to_48_000_for_voluntary_payment_aggravating_factors_were_intentionality_negligence_and_hindering_DPA_supervision_no_mitigating_factors_applied,q52_text,Other,categorical,1.0,0.0026595744680851063,0.002652501131733817,,,
q52_text_Fine_set_at_70_000_considering_SME_status_and_business_activity_link_to_data_processing_aggravating_factor_applied_due_to_nature_and_duration_of_violation_without_mitigating_factors,q52_text,Other,categorical,1.0,0.0026595744680851063,0.002652501131733817,,,
q52_text_Fine_set_at_75_000_based_on_aggravating_factors_including_duration_of_violation_negligence_and_processing_of_basic_personal_identifiers_The_amount_reflects_the_serious_nature_of_processing_without_legal_basis,q52_text,Other,categorical,1.0,0.0026595744680851063,0.002652501131733817,,,
q52_text_Fines_imposed_for_multiple_GDPR_violations_3000_EUR_for_unlawful_processing_and_lack_of_transparency_2000_EUR_for_excessive_storage_total_5000_EUR_reflecting_severity_and_negligence,q52_text,Other,categorical,1.0,0.0026595744680851063,0.002652501131733817,,,
q52_text_Fines_imposed_for_specific_violations_1000_EUR_for_art_17_and_21_3_1000_EUR_for_art_5_1_a_b_warning_for_art_15_1_with_art_12_corrective_measures_for_compliance_and_procedures,q52_text,Other,categorical,1.0,0.0026595744680851063,0.002652501131733817,,,
q52_text_Fines_imposed_for_violations_of_Article_5_1_f_50_000_and_Article_32_20_000_aggravated_by_defendant_s_role_in_personal_data_processing_activities,q52_text,Other,categorical,1.0,0.0026595744680851063,0.002652501131733817,,,
q52_text_Fines_imposed_for_violations_of_Article_9_10_000_and_Article_13_7_000_GDPR_Aggravating_factor_considered_was_nature_gravity_and_duration_of_infringement_No_mitigating_factors_applied,q52_text,Other,categorical,1.0,0.0026595744680851063,0.002652501131733817,,,
q52_text_Fines_imposed_for_violations_of_Articles_5_1_a_and_f_and_6_1_a_totaling_150_EUR_based_on_the_gravity_and_unauthorized_disclosure_affecting_383_persons,q52_text,Other,categorical,1.0,0.0026595744680851063,0.002652501131733817,,,
q52_text_Fines_imposed_for_violations_of_Articles_6_5000_and_13_4000_GDPR_totaling_9000_Aggravating_factors_included_nature_of_violation_and_basic_personal_identifiers_affected,q52_text,Other,categorical,1.0,0.0026595744680851063,0.002652501131733817,,,
q52_text_Fines_imposed_for_violations_of_accuracy_security_and_erasure_obligations_aggravating_factors_included_nature_and_negligence_while_mitigation_included_cooperation_and_remedial_actions,q52_text,Other,categorical,1.0,0.0026595744680851063,0.002652501131733817,,,
q52_text_Fines_set_at_1_000_for_Article_5_1_c_violation_and_500_for_Article_13_violation_based_on_aggravating_factors_including_nature_of_offense_negligence_lack_of_cooperation_and_prior_warnings_with_total_fine_of_1_500_being_proportionate_and_dissuasive,q52_text,Other,categorical,1.0,0.0026595744680851063,0.002652501131733817,,,
q52_text_Fines_were_calculated_based_on_negligence_entity_size_and_link_to_data_processing_activities_with_aggravating_factors_outweighing_mitigating_ones,q52_text,Other,categorical,1.0,0.0026595744680851063,0.002652501131733817,,,
q52_text_Fines_were_imposed_for_violations_of_Articles_6_17_and_28_GDPR_totaling_300_000_The_violations_were_considered_negligent_and_continuous_with_aggravating_factors_including_the_nature_and_duration_of_the_infringements_and_the_defendant_s_professional_activity_involving_personal_data_processing,q52_text,Other,categorical,1.0,0.0026595744680851063,0.002652501131733817,,,
q52_text_Fines_were_set_at_50_000_for_Article_5_1_f_violation_and_20_000_for_Article_32_1_violation_considering_the_gravity_negligence_and_the_defendant_s_large_scale_No_reductions_applied_due_to_late_responsibility_recognition,q52_text,Other,categorical,1.0,0.0026595744680851063,0.002652501131733817,,,
q52_text_Infringements_deemed_minor_reprimand_issued_instead_of_fine_due_to_improvements_made_cooperation_and_no_previous_infringements,q52_text,Other,categorical,1.0,0.0026595744680851063,0.002652501131733817,,,
q52_text_Initial_fine_of_100_000_reduced_by_40_to_60_000_due_to_acknowledgment_of_liability_and_voluntary_payment_factors_included_nature_of_breach_data_categories_affected_and_cooperation,q52_text,Other,categorical,1.0,0.0026595744680851063,0.002652501131733817,,,
q52_text_Initial_fine_of_1000_reduced_by_20_for_responsibility_recognition_and_another_20_for_voluntary_payment_resulting_in_600_Cooperation_and_acknowledgment_considered_mitigating,q52_text,Other,categorical,1.0,0.0026595744680851063,0.002652501131733817,,,
q52_text_Initial_fine_of_200_000_reduced_by_40_to_120_000_due_to_voluntary_payment_and_acknowledgment_of_liability_aggravating_factors_included_severity_of_identity_forgery_and_previous_infringements_while_mitigation_included_cooperation_and_remedial_actions,q52_text,Other,categorical,1.0,0.0026595744680851063,0.002652501131733817,,,
q52_text_Initial_fine_of_3000_reduced_by_40_to_1800_due_to_voluntary_payment_and_acknowledgment_of_responsibility_under_Article_85_LPACAP,q52_text,Other,categorical,1.0,0.0026595744680851063,0.002652501131733817,,,
q52_text_Initial_fine_of_4000_proposed_for_GDPR_and_LSSI_violations_Reduced_by_20_for_voluntary_payment_and_20_for_recognition_of_responsibility_resulting_in_2400_Aggravating_factors_included_nature_of_data_and_complaint_initiation,q52_text,Other,categorical,1.0,0.0026595744680851063,0.002652501131733817,,,
q52_text_Initial_fine_of_5_000_was_reduced_by_20_for_voluntary_payment_and_another_20_for_acknowledgment_of_responsibility_resulting_in_3_000_aggravating_factors_included_negligence_duration_and_data_categories_while_mitigation_included_cooperation_and_remedial_actions,q52_text,Other,categorical,1.0,0.0026595744680851063,0.002652501131733817,,,
q52_text_Initial_fine_of_50_000_reduced_to_40_000_due_to_voluntary_payment_Aggravating_factor_negligence_in_identity_verification_Mitigating_factor_immediate_cancellation_of_services_and_debt_payment,q52_text,Other,categorical,1.0,0.0026595744680851063,0.002652501131733817,,,
q52_text_Initial_fine_proposed_at_50_000_reduced_to_30_000_due_to_acknowledgment_of_responsibility_and_voluntary_payment_Aggravating_factors_negligent_action_affecting_basic_identifiers_Mitigating_cooperation_and_remedial_measures,q52_text,Other,categorical,1.0,0.0026595744680851063,0.002652501131733817,,,
q52_text_Initial_fine_proposed_was_10_000_reduced_to_6_000_due_to_recognition_of_responsibility_and_voluntary_payment_Aggravating_factors_included_negligence_mitigating_factors_included_cooperation_and_data_deletion,q52_text,Other,categorical,1.0,0.0026595744680851063,0.002652501131733817,,,
q52_text_Initial_fine_proposed_was_10_000_reduced_to_6_000_due_to_voluntary_payment_and_acknowledgment_of_responsibility_aggravating_factor_was_serious_lack_of_diligence_mitigating_factors_included_local_scope_and_non_significant_harm,q52_text,Other,categorical,1.0,0.0026595744680851063,0.002652501131733817,,,
q52_text_Initial_fine_proposed_was_2000_for_Article_6_violation_Defendant_paid_1600_voluntarily_with_20_reduction_under_LPACAP_Article_85_terminating_procedure_without_admission_of_responsibility,q52_text,Other,categorical,1.0,0.0026595744680851063,0.002652501131733817,,,
q52_text_Initial_fine_set_at_100_000_for_Article_5_1_d_violation_reduced_to_80_000_for_voluntary_payment_and_further_to_60_000_for_acknowledgment_of_responsibility_applying_cumulative_20_reductions_per_Spanish_administrative_procedure_law,q52_text,Other,categorical,1.0,0.0026595744680851063,0.002652501131733817,,,
q52_text_Initial_fine_set_at_100_000_reduced_to_60_000_due_to_acknowledgment_of_liability_and_voluntary_payment_considered_serious_due_to_scope_and_negligence_but_mitigated_by_cooperation_and_immediate_correction,q52_text,Other,categorical,1.0,0.0026595744680851063,0.002652501131733817,,,
q52_text_Initial_fine_set_at_100_000_reduced_to_80_000_due_to_voluntary_payment_Aggravated_by_previous_infringements_mitigated_by_effective_incident_resolution,q52_text,Other,categorical,1.0,0.0026595744680851063,0.002652501131733817,,,
q52_text_Initial_fine_set_at_2_000_for_deliberate_use_of_another_s_image_for_deception_reduced_to_1_200_due_to_voluntary_payment_and_recognition_of_responsibility_applying_cumulative_20_reductions,q52_text,Other,categorical,1.0,0.0026595744680851063,0.002652501131733817,,,
q52_text_Initial_fine_set_at_200_000_for_violation_of_Article_6_1_GDPR_considering_nature_duration_previous_infringements_and_link_to_data_processing_activities_Reduced_to_120_000_due_to_voluntary_payment_and_recognition_of_responsibility,q52_text,Other,categorical,1.0,0.0026595744680851063,0.002652501131733817,,,
q52_text_Initial_fine_set_at_40_000_for_lack_of_diligence_in_verifying_identity_reduced_to_24_000_due_to_voluntary_payment_and_acknowledgment_of_responsibility_within_hearing_period,q52_text,Other,categorical,1.0,0.0026595744680851063,0.002652501131733817,,,
q52_text_Initial_fine_set_at_5_000_considering_basic_identifiers_affected_as_aggravating_factor_Reduced_to_4_000_due_to_voluntary_payment_though_defendant_did_not_acknowledge_responsibility_Cooperation_in_remedying_violation_was_noted_as_mitigating,q52_text,Other,categorical,1.0,0.0026595744680851063,0.002652501131733817,,,
q52_text_Initial_fine_set_at_75_000_for_Article_6_violation_reduced_to_60_000_for_acknowledgment_of_responsibility_and_further_to_45_000_for_voluntary_payment_aggravating_factors_included_negligence_and_basic_personal_data_affected_mitigating_factors_included_cooperation_and_remedial_measures,q52_text,Other,categorical,1.0,0.0026595744680851063,0.002652501131733817,,,
q52_text_Initial_fine_30_000_reduced_to_18_000_due_to_voluntary_payment_and_acknowledgment_of_responsibility_Aggravated_by_negligence_and_basic_data_categories_mitigated_by_cooperation,q52_text,Other,categorical,1.0,0.0026595744680851063,0.002652501131733817,,,
q52_text_Initial_fines_of_3000_for_Article_5_1_c_and_2000_for_Article_13_were_reduced_to_3000_total_due_to_recognition_of_responsibility_and_voluntary_payment_Aggravating_factors_included_sensitive_data_categories_mitigating_factors_included_cooperation_and_remedial_actions,q52_text,Other,categorical,1.0,0.0026595744680851063,0.002652501131733817,,,
q52_text_Initial_fines_set_at_50_000_for_Article_5_1_f_violation_and_30_000_for_Article_32_violation_totaling_80_000_Reduced_by_20_for_voluntary_payment_and_20_for_acknowledgment_of_responsibility_resulting_in_a_final_fine_of_48_000_Aggravating_factors_included_nature_gravity_duration_and_lack_of_adequate_measures_mitigating_factors_included_cooperation_and_remediation,q52_text,Other,categorical,1.0,0.0026595744680851063,0.002652501131733817,,,
q52_text_Initial_proposed_fine_of_2000_reduced_by_20_for_voluntary_payment_and_another_20_for_acknowledgment_of_responsibility_resulting_in_1200_final_fine_aggravating_factors_included_nature_gravity_and_negligence_mitigating_factors_included_cooperation_and_corrective_actions,q52_text,Other,categorical,1.0,0.0026595744680851063,0.002652501131733817,,,
q52_text_Initial_proposed_fine_of_2000_reduced_by_40_to_1200_due_to_voluntary_payment_and_acknowledgment_of_liability_Fine_calculated_based_on_violation_of_Article_13_GDPR,q52_text,Other,categorical,1.0,0.0026595744680851063,0.002652501131733817,,,
q52_text_Initial_proposed_fine_was_10_000_for_Article_5_1_f_violation_Reduced_by_20_to_8_000_for_voluntary_payment_and_further_20_to_6_000_for_recognition_of_responsibility_No_fine_for_Article_32_violation_only_warning,q52_text,Other,categorical,1.0,0.0026595744680851063,0.002652501131733817,,,
q52_text_MISSING,q52_text,Other,categorical,1.0,0.034574468085106384,0.03337907424173835,,,
q52_text_NOT_DISCUSSED,q52_text,Other,categorical,1.0,0.005319148936170213,0.00529085559076505,,,
q52_text_NOT_MENTIONED,q52_text,Other,categorical,1.0,0.0026595744680851063,0.002652501131733817,,,
q52_text_No_fine_imposed_as_no_GDPR_violation_was_found_case_archived_due_to_household_exemption_applicability,q52_text,Other,categorical,1.0,0.0026595744680851063,0.002652501131733817,,,
q52_text_No_fine_imposed_as_this_is_a_non_binding_opinion_not_an_enforcement_decision,q52_text,Other,categorical,1.0,0.0026595744680851063,0.002652501131733817,,,
q52_text_No_fine_imposed_due_to_Spanish_law_prohibiting_fines_for_public_entities_violations_addressed_through_warnings_and_corrective_orders_including_risk_analysis_impact_assessment_and_compliance_audit_within_six_months,q52_text,Other,categorical,1.0,0.0026595744680851063,0.002652501131733817,,,
q52_text_No_fine_imposed_due_to_defendant_being_a_minor_a_warning_was_issued_instead_considering_the_disproportionate_burden_a_fine_would_impose_along_with_an_order_to_cease_processing_without_legal_basis,q52_text,Other,categorical,1.0,0.0026595744680851063,0.002652501131733817,,,
q52_text_No_fine_imposed_due_to_defendant_being_public_sector_body_only_warnings_and_compliance_order_issued,q52_text,Other,categorical,1.0,0.0026595744680851063,0.002652501131733817,,,
q52_text_No_fine_imposed_due_to_minor_infringement_affecting_one_person_with_non_sensitive_data_no_prior_infringements_and_defendant_improved_information_and_cooperated,q52_text,Other,categorical,1.0,0.0026595744680851063,0.002652501131733817,,,
q52_text_No_fine_imposed_due_to_minor_infringement_affecting_one_person_occurred_far_back_in_time_human_error_factor_no_prior_infringements_and_remedial_actions_taken_reprimand_issued_instead,q52_text,Other,categorical,1.0,0.0026595744680851063,0.002652501131733817,,,
q52_text_No_fine_imposed_due_to_minor_nature_of_infringement_lack_of_recidivism_and_defendant_s_cooperation_warning_issued_instead_with_compliance_order_to_rectify_consent_mechanisms,q52_text,Other,categorical,1.0,0.0026595744680851063,0.002652501131733817,,,
q52_text_No_fine_imposed_due_to_minor_violation_mitigating_factors_including_cooperation_and_remedial_actions_and_violations_occurring_far_back_in_time,q52_text,Other,categorical,1.0,0.0026595744680851063,0.002652501131733817,,,
q52_text_No_fine_imposed_due_to_mitigating_factors_including_COVID_19_impact_and_remedial_steps_taken_reprimand_issued_with_compliance_order_requiring_improvement_within_six_months,q52_text,Other,categorical,1.0,0.0026595744680851063,0.002652501131733817,,,
q52_text_No_fine_imposed_due_to_mitigating_factors_serious_post_Schrems_II_analysis_extensive_measures_taken_IP_truncation_cookie_hashing_and_cooperation_Violation_deemed_serious_but_gap_in_legal_clarity_considered,q52_text,Other,categorical,1.0,0.0026595744680851063,0.002652501131733817,,,
q52_text_No_fine_imposed_due_to_public_sector_body_status_only_a_warning_issued_under_Article_77_2_LOPDGDD_considering_the_infringement_and_subsequent_corrective_measures_taken,q52_text,Other,categorical,1.0,0.0026595744680851063,0.002652501131733817,,,
q52_text_No_fine_imposed_due_to_public_sector_status_under_Article_83_7_GDPR_and_LOPDGDD_Article_77_resulting_in_a_warning_instead_Sanction_graded_as_serious_infringement_under_LOPDGDD_Article_73_v_for_failing_to_appoint_DPO_Requirement_to_appoint_DPO_within_one_month,q52_text,Other,categorical,1.0,0.0026595744680851063,0.002652501131733817,,,
q52_text_No_fine_imposed_due_to_public_sector_status_warning_issued_instead_Corrective_measures_ordered_to_implement_technical_organizational_measures_ensuring_confidentiality_including_using_internal_notice_boards_and_restricting_website_access_to_interested_parties_only,q52_text,Other,categorical,1.0,0.0026595744680851063,0.002652501131733817,,,
q52_text_No_fine_imposed_due_to_qualified_decrease_in_guilt_under_Article_45_5_LOPD_Factors_included_absence_of_recidivism_no_damage_documented_and_lack_of_connection_between_defendant_s_activity_and_data_processing_A_warning_and_compliance_order_were_issued_instead,q52_text,Other,categorical,1.0,0.0026595744680851063,0.002652501131733817,,,
q52_text_No_fine_imposed_due_to_remedial_actions_taken_MFA_implementation_contract_reviews_system_upgrades_and_consideration_of_breach_circumstances_though_security_failures_were_significant_aggravating_factors,q52_text,Other,categorical,1.0,0.0026595744680851063,0.002652501131733817,,,
q52_text_No_fine_imposed_DPA_considered_defendant_s_cooperation_mitigation_efforts_and_external_factors_beyond_defendant_s_control_META_s_non_response_as_mitigating_factors_Violation_was_ongoing_but_partially_addressed,q52_text,Other,categorical,1.0,0.0026595744680851063,0.002652501131733817,,,
q52_text_No_fine_imposed_a_reprimand_was_issued_due_to_the_public_sector_status_of_the_defendant_with_a_compliance_order_to_implement_information_legends_within_one_month,q52_text,Other,categorical,1.0,0.0026595744680851063,0.002652501131733817,,,
q52_text_No_fine_imposed_a_warning_was_issued_instead_due_to_the_minor_nature_of_the_infringement_immediate_remedial_actions_taken_full_cooperation_and_no_prior_infringements_considering_it_a_slight_violation_under_Article_83_2_GDPR,q52_text,Other,categorical,1.0,0.0026595744680851063,0.002652501131733817,,,
q52_text_No_fine_imposed_case_archived_due_to_lack_of_evidence_of_infringement_after_RAE_ceased_data_processing,q52_text,Other,categorical,1.0,0.0026595744680851063,0.002652501131733817,,,
q52_text_No_fine_imposed_case_closed_without_action_due_to_oversight_reason_and_remedial_measures_taken,q52_text,Other,categorical,1.0,0.0026595744680851063,0.002652501131733817,,,
q52_text_No_fine_imposed_case_filed_as_no_infringing_party_identified_and_content_removed,q52_text,Other,categorical,1.0,0.0026595744680851063,0.002652501131733817,,,
q52_text_No_fine_imposed_case_filed_due_to_inability_to_identify_defendant_through_tax_identification_preventing_sanctioning_actions_despite_potential_infringements,q52_text,Other,categorical,1.0,0.0026595744680851063,0.002652501131733817,,,
q52_text_No_fine_imposed_case_resolved_through_administrative_procedure_without_penalty_due_to_lack_of_response_and_cooperation_from_defendant,q52_text,Other,categorical,1.0,0.0026595744680851063,0.002652501131733817,,,
q52_text_No_fine_imposed_corrective_measures_focused_on_compliance_orders_rather_than_financial_penalties_due_to_the_nature_of_the_violation_and_procedural_context,q52_text,Other,categorical,1.0,0.0026595744680851063,0.002652501131733817,,,
q52_text_No_fine_imposed_only_a_warning_and_compliance_order_issued_for_failure_to_provide_adequate_privacy_policy_information_under_Article_13_GDPR,q52_text,Other,categorical,1.0,0.0026595744680851063,0.002652501131733817,,,
q52_text_No_fine_imposed_only_corrective_measures_ordered,q52_text,Other,categorical,1.0,0.0026595744680851063,0.002652501131733817,,,
q52_text_No_fine_imposed_only_reprimand_and_compliance_order_due_to_violation_of_consent_requirements_under_Article_7_GDPR,q52_text,Other,categorical,1.0,0.0026595744680851063,0.002652501131733817,,,
q52_text_No_fine_imposed_only_warning_and_corrective_measures_due_to_lack_of_legal_basis_for_body_camera_data_processing_with_order_to_cease_processing_and_delete_collected_data,q52_text,Other,categorical,1.0,0.0026595744680851063,0.002652501131733817,,,
q52_text_No_fine_imposed_provisional_measures_ordered_to_suspend_processing_due_to_imminent_GDPR_violations_and_risks_to_data_subjects_rights,q52_text,Other,categorical,1.0,0.0026595744680851063,0.002652501131733817,,,
q52_text_No_fine_imposed_reprimand_issued_due_to_failure_to_conduct_DPIA_and_invalid_consent_with_mitigating_factors_including_remedial_actions_taken,q52_text,Other,categorical,1.0,0.0026595744680851063,0.002652501131733817,,,
q52_text_No_fine_imposed_resolution_focuses_on_compliance_order_requiring_defendant_to_respond_to_access_request_within_10_business_days_with_potential_penalties_for_non_compliance_under_Article_72_1_m_LOPDGDD,q52_text,Other,categorical,1.0,0.0026595744680851063,0.002652501131733817,,,
q52_text_No_fine_imposed_temporary_limitation_ordered_due_to_high_risk_to_fundamental_rights_especially_for_minors_and_vulnerable_individuals_with_irreparable_damage_potential_from_biometric_data_processing_violations,q52_text,Other,categorical,1.0,0.0026595744680851063,0.002652501131733817,,,
q52_text_No_fine_imposed_violations_deemed_minor_due_to_affecting_only_two_data_subjects_occurring_in_2020_and_defendant_having_since_implemented_system_upgrades_A_reprimand_was_issued_instead,q52_text,Other,categorical,1.0,0.0026595744680851063,0.002652501131733817,,,
q52_text_No_fine_imposed_warning_issued_due_to_unintentional_nature_immediate_corrective_actions_no_harm_and_first_time_violation,q52_text,Other,categorical,1.0,0.0026595744680851063,0.002652501131733817,,,
q52_text_No_fine_was_imposed_as_no_infringement_was_found_the_camera_installation_was_deemed_compliant_with_data_protection_principles,q52_text,Other,categorical,1.0,0.0026595744680851063,0.002652501131733817,,,
q52_text_No_fine_was_imposed_as_no_infringement_was_found_the_case_was_archived_due_to_lack_of_evidence_of_violations,q52_text,Other,categorical,1.0,0.0026595744680851063,0.002652501131733817,,,
q52_text_No_fine_was_imposed_as_no_infringement_was_found_the_case_was_archived_due_to_lack_of_evidence,q52_text,Other,categorical,1.0,0.0026595744680851063,0.002652501131733817,,,
q52_text_No_fine_was_imposed_as_no_infringement_was_found_the_case_was_filed_due_to_lack_of_evidence_of_GDPR_violation,q52_text,Other,categorical,1.0,0.0026595744680851063,0.002652501131733817,,,
q52_text_No_fine_was_imposed_as_the_DPA_found_no_GDPR_violations_and_closed_the_case_determining_the_claimant_s_request_was_abusive_and_excessive,q52_text,Other,categorical,1.0,0.0026595744680851063,0.002652501131733817,,,
q52_text_No_fine_was_imposed_as_the_DPA_found_no_infringement_of_Article_13_GDPR_concluding_the_defendant_had_provided_sufficient_information_and_complied_with_transparency_obligations_regarding_the_biometric_data_processing_for_access_control,q52_text,Other,categorical,1.0,0.0026595744680851063,0.002652501131733817,,,
q52_text_No_fine_was_imposed_as_the_DPA_found_no_infringement_of_GDPR_regulations,q52_text,Other,categorical,1.0,0.0026595744680851063,0.002652501131733817,,,
q52_text_No_fine_was_imposed_as_the_DPA_found_no_violation_and_closed_the_case_without_further_action,q52_text,Other,categorical,1.0,0.0026595744680851063,0.002652501131733817,,,
q52_text_No_fine_was_imposed_as_the_DPA_found_no_violation_of_GDPR_Article_6_concluding_the_defendant_was_legitimized_to_process_data_based_on_contract_execution_for_the_vehicle_purchase,q52_text,Other,categorical,1.0,0.0026595744680851063,0.002652501131733817,,,
q52_text_No_fine_was_imposed_as_the_DPA_found_the_processing_compliant_with_data_protection_regulations_after_the_defendant_conducted_a_required_impact_assessment_and_implemented_appropriate_measures,q52_text,Other,categorical,1.0,0.0026595744680851063,0.002652501131733817,,,
q52_text_No_fine_was_imposed_as_the_appeal_overturned_the_resolution_due_to_insufficient_evidence_of_the_defendant_s_involvement_in_the_alleged_data_processing_violation,q52_text,Other,categorical,1.0,0.0026595744680851063,0.002652501131733817,,,
q52_text_No_fine_was_imposed_as_the_case_was_archived_due_to_the_statute_of_limitations_expiring_before_the_initiation_of_the_sanctioning_procedure,q52_text,Other,categorical,1.0,0.0026595744680851063,0.002652501131733817,,,
q52_text_No_fine_was_imposed_as_the_case_was_archived_with_no_violations_found,q52_text,Other,categorical,1.0,0.0026595744680851063,0.002652501131733817,,,
q52_text_No_fine_was_imposed_as_the_case_was_dismissed_due_to_the_website_no_longer_existing_and_the_complaint_being_moot_the_decision_upheld_the_prior_archiving_resolution,q52_text,Other,categorical,1.0,0.0026595744680851063,0.002652501131733817,,,
q52_text_No_fine_was_imposed_as_the_case_was_filed_due_to_proven_lawful_processing_based_on_consent,q52_text,Other,categorical,1.0,0.0026595744680851063,0.002652501131733817,,,
q52_text_No_fine_was_imposed_as_the_case_was_resolved_amicably_through_deletion_of_the_webpage_before_formal_proceedings_concluded,q52_text,Other,categorical,1.0,0.0026595744680851063,0.002652501131733817,,,
q52_text_No_fine_was_imposed_as_the_case_was_resolved_formally_Google_LLC_eventually_complied_by_responding_to_the_erasure_request_though_late_restoring_the_data_subject_s_rights_without_further_sanctions,q52_text,Other,categorical,1.0,0.0026595744680851063,0.002652501131733817,,,
q52_text_No_fine_was_imposed_as_the_case_was_resolved_through_formal_procedures_rather_than_sanctions_The_DPA_considered_the_delayed_but_eventual_compliance_and_restoration_of_data_subject_rights_as_sufficient_remedy,q52_text,Other,categorical,1.0,0.0026595744680851063,0.002652501131733817,,,
q52_text_No_fine_was_imposed_as_the_claim_was_dismissed_with_no_administrative_responsibilities_found_to_be_purged_in_this_case,q52_text,Other,categorical,1.0,0.0026595744680851063,0.002652501131733817,,,
q52_text_No_fine_was_imposed_as_the_claim_was_dismissed_the_defendant_complied_with_data_subject_rights_by_responding_to_access_and_deletion_requests_and_providing_reasoned_denial_for_deletion_based_on_valid_debt,q52_text,Other,categorical,1.0,0.0026595744680851063,0.002652501131733817,,,
q52_text_No_fine_was_imposed_as_the_controller_complied_with_breach_notification_requirements_had_adequate_security_measures_and_took_appropriate_remedial_actions_The_DPA_found_no_GDPR_violations_warranting_a_penalty,q52_text,Other,categorical,1.0,0.0026595744680851063,0.002652501131733817,,,
q52_text_No_fine_was_imposed_as_the_defendant_complied_during_proceedings_resolving_the_complaint,q52_text,Other,categorical,1.0,0.0026595744680851063,0.002652501131733817,,,
q52_text_No_fine_was_imposed_as_the_defendant_eventually_complied_with_the_access_request_though_extemporaneously_and_no_additional_actions_were_required,q52_text,Other,categorical,1.0,0.0026595744680851063,0.002652501131733817,,,
q52_text_No_fine_was_imposed_as_the_defendant_is_a_public_sector_body_instead_a_reprimand_was_issued_Aggravating_factors_included_the_nature_and_duration_of_violations_while_mitigating_factors_included_immediate_cessation_and_cooperation,q52_text,Other,categorical,1.0,0.0026595744680851063,0.002652501131733817,,,
q52_text_No_fine_was_imposed_as_the_procedure_was_archived_due_to_inability_to_identify_the_responsible_party,q52_text,Other,categorical,1.0,0.0026595744680851063,0.002652501131733817,,,
q52_text_No_fine_was_imposed_as_the_processing_was_found_lawful_under_national_law_the_opinion_provided_non_binding_clarification_without_enforcement_action,q52_text,Other,categorical,1.0,0.0026595744680851063,0.002652501131733817,,,
q52_text_No_fine_was_imposed_as_this_is_a_non_binding_advisory_opinion_regarding_lawful_processing_of_employee_sick_leave_data_under_GDPR_Article_6_1_c_and_national_employment_law,q52_text,Other,categorical,1.0,0.0026595744680851063,0.002652501131733817,,,
q52_text_No_fine_was_imposed_as_this_is_a_non_binding_advisory_opinion_not_an_enforcement_decision,q52_text,Other,categorical,1.0,0.0026595744680851063,0.002652501131733817,,,
q52_text_No_fine_was_imposed_as_this_is_a_non_binding_opinion_response_to_a_query_not_an_enforcement_decision,q52_text,Other,categorical,1.0,0.0026595744680851063,0.002652501131733817,,,
q52_text_No_fine_was_imposed_as_this_is_a_non_binding_opinion_not_an_enforcement_decision,q52_text,Other,categorical,1.0,0.007978723404255319,0.007915063377093707,,,
q52_text_No_fine_was_imposed_as_this_is_an_advisory_opinion_on_a_proposed_data_processing_activity_not_an_enforcement_decision,q52_text,Other,categorical,1.0,0.0026595744680851063,0.002652501131733817,,,
q52_text_No_fine_was_imposed_as_this_is_an_advisory_opinion_without_enforcement_actions_or_violations_found,q52_text,Other,categorical,1.0,0.0026595744680851063,0.002652501131733817,,,
q52_text_No_fine_was_imposed_as_this_was_an_advisory_opinion_on_legal_compliance_rather_than_an_enforcement_action_against_specific_violations,q52_text,Other,categorical,1.0,0.0026595744680851063,0.002652501131733817,,,
q52_text_No_fine_was_imposed_as_this_was_an_inspection_supervision_procedure_focused_on_corrective_measures_rather_than_sanctions_The_decision_emphasized_ensuring_compliance_with_GDPR_security_and_minimisation_principles_through_rectification_Separate_misdemeanor_proceedings_handle_any_sanctions,q52_text,Other,categorical,1.0,0.0026595744680851063,0.002652501131733817,,,
q52_text_No_fine_was_imposed_due_to_the_public_sector_status_of_the_defendant_corrective_measures_were_ordered_instead_considering_the_nature_of_the_violations_and_the_defendant_s_cooperation_and_mitigation_actions,q52_text,Other,categorical,1.0,0.0026595744680851063,0.002652501131733817,,,
q52_text_No_fine_was_imposed_a_reprimand_was_issued_due_to_the_nature_of_the_breach_mitigating_factors_including_cooperation_and_remedial_actions_and_the_lack_of_documented_harm_to_data_subjects,q52_text,Other,categorical,1.0,0.0026595744680851063,0.002652501131733817,,,
q52_text_No_fine_was_imposed_a_reprimand_was_issued_due_to_the_security_breach_caused_by_a_technical_failure_with_mitigating_actions_taken_by_the_defendant,q52_text,Other,categorical,1.0,0.0026595744680851063,0.002652501131733817,,,
q52_text_No_fine_was_imposed_a_reprimand_was_issued_instead_due_to_the_minor_nature_of_the_infringement_involving_delayed_response_to_an_access_request,q52_text,Other,categorical,1.0,0.0026595744680851063,0.002652501131733817,,,
q52_text_No_fine_was_imposed_a_warning_was_issued_under_Article_77_LOPDGDD_due_to_the_defendant_being_a_public_sector_body_with_mitigating_factors_including_immediate_cessation_data_deletion_and_cooperation,q52_text,Other,categorical,1.0,0.0026595744680851063,0.002652501131733817,,,
q52_text_No_fine_was_imposed_corrective_measures_were_ordered_to_adjust_camera_angles_to_limit_recording_to_necessary_areas_only_based_on_violations_of_data_minimization_and_purpose_limitation_principles_without_aggravating_financial_factors_discussed,q52_text,Other,categorical,1.0,0.0026595744680851063,0.002652501131733817,,,
q52_text_No_fine_was_imposed_corrective_measures_were_ordered_to_cease_biometric_processing_and_implement_an_alternative_system_with_compliance_required_within_two_months,q52_text,Other,categorical,1.0,0.0026595744680851063,0.002652501131733817,,,
q52_text_No_fine_was_imposed_only_a_reprimand_was_issued_as_corrective_measures_had_already_been_implemented_by_the_defendant_upon_learning_of_the_procedure,q52_text,Other,categorical,1.0,0.0026595744680851063,0.002652501131733817,,,
q52_text_No_fine_was_imposed_only_a_warning_and_compliance_order_were_issued_for_LSSI_cookie_violations_considering_the_defendant_was_a_natural_person,q52_text,Other,categorical,1.0,0.0026595744680851063,0.002652501131733817,,,
q52_text_No_fine_was_imposed_only_a_warning_and_compliance_order_were_issued_for_the_violation_of_Article_5_1_f_GDPR,q52_text,Other,categorical,1.0,0.0026595744680851063,0.002652501131733817,,,
q52_text_No_fine_was_imposed_the_procedure_was_archived_as_no_violation_of_LSSI_Article_22_2_was_found_after_verification_that_cookies_were_technical_and_necessary_and_the_website_complied_with_regulations,q52_text,Other,categorical,1.0,0.0026595744680851063,0.002652501131733817,,,
q52_text_No_fine_was_imposed_the_resolution_focused_on_compliance_orders_requiring_Google_to_delist_specific_URLs_from_search_results_where_personal_data_was_no_longer_relevant_or_publicly_available,q52_text,Other,categorical,1.0,0.0026595744680851063,0.002652501131733817,,,
q52_text_No_fine_was_imposed_the_resolution_focused_on_compliance_orders_to_address_the_erasure_request_properly_within_ten_business_days,q52_text,Other,categorical,1.0,0.0026595744680851063,0.002652501131733817,,,
q52_text_No_fine_was_imposed_the_resolution_focused_on_ordering_compliance_with_the_access_request_within_10_working_days_emphasizing_corrective_measures_rather_than_financial_penalties,q52_text,Other,categorical,1.0,0.0026595744680851063,0.002652501131733817,,,
q52_text_No_fine_was_imposed_the_resolution_focused_on_ordering_compliance_with_the_data_subject_s_access_request_within_ten_days,q52_text,Other,categorical,1.0,0.0026595744680851063,0.002652501131733817,,,
q52_text_No_monetary_fine_imposed_due_to_public_sector_status_under_LOPDGDD_Article_77_only_warning_issued_Violation_duration_from_GDPR_applicability_in_2018_Mitigating_factors_include_contracting_external_service_in_2020_but_DPO_not_appointed_or_notified,q52_text,Other,categorical,1.0,0.0026595744680851063,0.002652501131733817,,,
q52_text_Penalty_based_on_serious_contravention_of_PECR_sending_752_425_unsolicited_marketing_texts_without_valid_consent_over_6_months_targeting_vulnerable_individuals_with_no_significant_mitigation,q52_text,Other,categorical,1.0,0.0026595744680851063,0.002652501131733817,,,
q52_text_Proposed_fine_of_3000_EUR_for_LSSI_Article_22_2_violation_reduced_by_20_for_liability_acknowledgment_and_another_20_for_voluntary_payment_resulting_in_1800_EUR_paid_Factors_considered_include_intentionality_and_duration_since_October_2019_complaint_Procedure_terminated_upon_payment,q52_text,Other,categorical,1.0,0.0026595744680851063,0.002652501131733817,,,
q52_text_TYPE_A_fine_of_2000_EUR_was_imposed_for_security_violations_under_Article_32_considering_the_gravity_of_the_breach_involving_health_data_and_unauthorized_disclosures_with_corrective_measures_ordered_for_compliance,q52_text,Other,categorical,1.0,0.0026595744680851063,0.002652501131733817,,,
q52_text_TYPE_Fine_based_on_gravity_of_breach_involving_special_category_data_and_harm_caused_mitigated_by_immediate_deletion_action,q52_text,Other,categorical,1.0,0.0026595744680851063,0.002652501131733817,,,
q52_text_TYPE_Fine_for_transparency_violation_2M_EUR_considers_severity_duration_negligence_high_data_volume_and_business_link_fine_for_legality_violation_4M_EUR_factors_in_nature_scope_responsibility_benefits_and_damages_total_6M_EUR_below_caps_no_mitigations_sufficient,q52_text,Other,categorical,1.0,0.0026595744680851063,0.002652501131733817,,,
q52_text_TYPE_Fine_imposed_for_GDPR_violations_including_unauthorized_data_processing_and_lack_of_legal_basis_Corrective_measure_ordered_for_data_anonymization,q52_text,Other,categorical,1.0,0.0026595744680851063,0.002652501131733817,,,
q52_text_TYPE_Fine_imposed_for_breach_of_Article_32_security_obligations_due_to_inadequate_measures_against_cyber_attack_resulting_in_data_deletion_and_unavailability,q52_text,Other,categorical,1.0,0.0026595744680851063,0.002652501131733817,,,
q52_text_TYPE_Fine_imposed_for_failure_to_communicate_information_to_DPA_amount_based_on_violation_severity_without_detailed_calculation_factors_discussed,q52_text,Other,categorical,1.0,0.0026595744680851063,0.002652501131733817,,,
q52_text_TYPE_Fine_imposed_for_illegal_processing_of_special_category_data_aggravating_factors_included_nature_gravity_and_data_categories_corrective_measure_ordered_for_compliance,q52_text,Other,categorical,1.0,0.0026595744680851063,0.002652501131733817,,,
q52_text_TYPE_Fine_imposed_for_security_breach_and_failure_to_notify_data_subjects_aggravating_factors_included_nature_of_violation_and_data_categories_affected,q52_text,Other,categorical,1.0,0.0026595744680851063,0.002652501131733817,,,
q52_text_TYPE_Fine_of_10_000_lei_approx_2000_EUR_imposed_for_cookie_violation_under_national_law_Warning_for_GDPR_transparency_violation_No_detailed_calculation_reasoning_provided,q52_text,Other,categorical,1.0,0.0026595744680851063,0.002652501131733817,,,
q52_text_TYPE_Fine_of_1000_EUR_imposed_for_failure_to_respond_to_erasure_request_within_legal_timeframe_No_aggravating_or_mitigating_factors_discussed_Fine_amount_not_linked_to_turnover,q52_text,Other,categorical,1.0,0.0026595744680851063,0.002652501131733817,,,
q52_text_TYPE_Fines_were_imposed_for_specific_violations_of_Articles_12_and_15_totaling_11_000_EUR_with_corrective_measures_ordered_to_ensure_compliance_with_data_subject_access_rights,q52_text,Other,categorical,1.0,0.0026595744680851063,0.002652501131733817,,,
q52_text_TYPE_No_fine_was_imposed_due_to_KRY_s_cooperation_mitigation_efforts_and_the_DPA_s_assessment_that_an_order_for_compliance_was_proportionate_aggravating_factors_included_the_nature_of_violations_and_sensitive_data_while_mitigating_factors_included_KRY_s_actions_to_improve,q52_text,Other,categorical,1.0,0.0026595744680851063,0.002652501131733817,,,
q52_text_TYPE_No_fine_was_imposed_the_decision_focused_on_corrective_measures_requiring_the_defendant_to_establish_joint_controller_agreements_within_60_days_to_ensure_compliance_with_GDPR_accountability_and_transparency_obligations,q52_text,Other,categorical,1.0,0.0026595744680851063,0.002652501131733817,,,
q52_text_TYPE_No_fine_was_imposed_the_resolution_focused_on_ordering_compliance_with_the_access_request_within_ten_business_days_emphasizing_restoration_of_rights_rather_than_punitive_measures,q52_text,Other,categorical,1.0,0.0026595744680851063,0.002652501131733817,,,
q52_text_TYPE_STRING,q52_text,Other,categorical,1.0,0.18085106382978725,0.14814395654142143,,,
q52_text_TYPE_STRING_Fine_imposed_for_sending_28_5_million_unsolicited_marketing_messages_without_valid_consent_Amount_reflects_scale_and_nature_of_infringement,q52_text,Other,categorical,1.0,0.0026595744680851063,0.002652501131733817,,,
q52_text_TYPE_STRING_No_fine_imposed_due_to_minor_violation_nature_Factors_considered_immediate_remediation_limited_scope_1372_customers_unintentional_error_during_GDPR_implementation_no_serious_consequences_to_data_subjects,q52_text,Other,categorical,1.0,0.0026595744680851063,0.002652501131733817,,,
q52_text_TYPE_The_fine_of_10_000_was_imposed_for_an_accuracy_violation_under_Article_5_1_d_GDPR_considering_the_nature_of_the_infringement_and_the_defendant_s_business_involving_regular_data_processing_with_no_cooperation_or_mitigation_noted,q52_text,Other,categorical,1.0,0.0026595744680851063,0.002652501131733817,,,
q52_text_TYPE_The_fine_of_70_000_was_based_on_the_intentional_nature_and_gravity_of_the_violation_considering_the_defendant_s_status_as_a_large_company_Aggravating_factors_included_intentionality_and_the_connection_to_data_processing_activities_Mitigating_factors_included_the_limited_number_of_affected_data_subjects,q52_text,Other,categorical,1.0,0.0026595744680851063,0.002652501131733817,,,
q52_text_TYPE_The_fine_was_based_on_the_systematic_and_long_term_nature_of_the_violations_involving_sensitive_health_data_sent_unencrypted_and_stored_insecurely_Aggravating_factors_included_duration_large_volume_of_data_and_violation_of_internal_guidelines_Mitigation_considered_the_implementation_of_encryption_solutions_in_September_2019,q52_text,Other,categorical,1.0,0.0026595744680851063,0.002652501131733817,,,
q52_text_TYPE_The_fine_was_imposed_for_violations_of_Articles_25_and_32_due_to_inadequate_security_measures_leading_to_a_data_breach_affecting_564_individuals_with_the_amount_reflecting_the_gravity_of_the_infringement,q52_text,Other,categorical,1.0,0.0026595744680851063,0.002652501131733817,,,
q52_text_The_DPA_imposed_warnings_instead_of_fines_due_to_the_defendant_being_a_public_sector_body_under_Spanish_law_considering_the_violations_of_Articles_5_1_f_25_32_and_33_GDPR_with_aggravating_factors_including_negligence_and_mitigating_factors_including_post_incident_security_improvements,q52_text,Other,categorical,1.0,0.0026595744680851063,0.002652501131733817,,,
q52_text_The_DPA_issued_a_warning_instead_of_a_fine_due_to_the_unintentional_and_negligent_nature_of_the_breach_the_defendant_s_eventual_cooperation_and_mitigating_circumstances_like_illness_and_COVID_19_considering_it_sufficient_and_proportionate,q52_text,Other,categorical,1.0,0.0026595744680851063,0.002652501131733817,,,
q52_text_The_decision_did_not_impose_a_fine_it_resolved_jurisdictional_issues_by_identifying_BayLDA_as_the_lead_supervisory_authority_and_referring_the_case,q52_text,Other,categorical,1.0,0.0026595744680851063,0.002652501131733817,,,
q52_text_The_fine_for_Article_6_violation_is_set_at_3_000_EUR_considering_local_scope_number_of_affected_individuals_lack_of_preventive_measures_negligence_no_prior_sanctions_and_defendant_s_status_as_a_natural_person_Factors_under_Article_83_2_are_weighed_for_proportionality_No_fine_for_Article_13_due_to_potential_disproportionality_given_the_other_sanction,q52_text,Other,categorical,1.0,0.0026595744680851063,0.002652501131733817,,,
q52_text_The_fine_of_2_000_EUR_was_imposed_for_violating_Article_32_and_Article_5_1_f_due_to_a_data_breach_affecting_1_300_users_No_detailed_calculation_reasoning_provided_beyond_the_violation_facts,q52_text,Other,categorical,1.0,0.0026595744680851063,0.002652501131733817,,,
q52_text_The_fine_of_3_000_EUR_was_imposed_for_multiple_violations_1_000_EUR_for_Article_32_GDPR_security_1_000_EUR_for_Article_13_GDPR_privacy_information_and_1_000_EUR_for_LSSI_Article_22_2_cookies_Aggravating_factors_included_negligence_lack_of_mitigation_and_non_cooperation,q52_text,Other,categorical,1.0,0.0026595744680851063,0.002652501131733817,,,
q52_text_The_fine_of_460_000_EUR_was_set_under_Article_83_5_a_for_violations_of_basic_processing_principles_in_Article_5_considering_the_high_gravity_number_of_affected_persons_over_114_000_gross_negligence_and_long_duration_as_aggravating_factors_Mitigating_factors_included_full_cooperation_quick_remedial_actions_like_system_fixes_and_ISO_certifications_The_amount_is_proportionate_to_the_company_s_revenues_and_below_statutory_caps_to_ensure_effectiveness_without_financial_distress,q52_text,Other,categorical,1.0,0.0026595744680851063,0.002652501131733817,,,
q52_text_The_fine_of_5_000_EUR_was_imposed_for_violations_of_Article_32_GDPR_due_to_failure_to_implement_adequate_measures_against_unauthorized_employee_access_affecting_five_passengers_data_Mitigating_factors_included_the_defendant_s_notification_and_cooperation_No_aggravating_factors_were_explicitly_noted_and_the_small_scale_influenced_the_amount,q52_text,Other,categorical,1.0,0.0026595744680851063,0.002652501131733817,,,
q52_text_The_fine_of_PLN_18_192_EUR_4_000_equivalent_was_imposed_for_lack_of_cooperation_with_the_DPA_considering_the_intentional_continuous_nature_of_the_breach_lack_of_mitigation_and_estimated_company_size_it_was_set_below_statutory_caps_as_effective_proportionate_and_dissuasive,q52_text,Other,categorical,1.0,0.0026595744680851063,0.002652501131733817,,,
q52_text_The_fine_of_SEK_350_000_was_imposed_for_violations_of_Articles_5_and_32_considering_the_systematic_long_term_surveillance_of_employees_in_privacy_sensitive_situations_lack_of_masking_and_absence_of_guidelines_Aggravating_factors_included_gravity_and_duration_mitigating_factors_included_cooperation_and_cessation_of_surveillance,q52_text,Other,categorical,1.0,0.0026595744680851063,0.002652501131733817,,,
q52_text_The_fine_of_SEK_4_000_000_was_imposed_for_multiple_security_violations_involving_sensitive_data_of_over_100_000_data_subjects_primarily_children_with_aggravating_factors_including_the_nature_of_data_and_duration_and_mitigating_factors_for_remediation_actions,q52_text,Other,categorical,1.0,0.0026595744680851063,0.002652501131733817,,,
q52_text_The_fine_of_10_000_was_based_on_the_very_serious_nature_of_the_infringement_causing_loss_of_control_over_personal_data_negligence_despite_professionalism_and_sensitivity_of_image_voice_data_It_was_set_below_statutory_caps_considering_company_size_and_business_volume,q52_text,Other,categorical,1.0,0.0026595744680851063,0.002652501131733817,,,
q52_text_The_fine_of_2_000_was_imposed_for_violation_of_Article_5_1_f_GDPR_due_to_repeated_unauthorized_disclosures_of_debtor_lists_via_email_and_bulletin_board_postings_considering_the_nature_and_duration_of_the_infringement,q52_text,Other,categorical,1.0,0.0026595744680851063,0.002652501131733817,,,
q52_text_The_fine_of_2000_was_imposed_for_violating_Article_5_1_c_GDPR_considering_the_nature_of_the_offense_intentionality_due_to_a_prior_infringement_and_mitigating_factors_like_being_a_small_establishment_with_limited_data_protection_knowledge,q52_text,Other,categorical,1.0,0.0026595744680851063,0.002652501131733817,,,
q52_text_The_fine_of_3_000_was_imposed_for_a_security_breach_involving_sensitive_medical_data_of_29_workers_considering_the_entity_s_SME_status_lack_of_cooperation_and_failure_to_implement_adequate_measures_but_below_the_2_turnover_cap,q52_text,Other,categorical,1.0,0.0026595744680851063,0.002652501131733817,,,
q52_text_The_fine_of_50_000_was_imposed_for_a_security_breach_under_Article_5_1_f_GDPR_considering_the_nature_and_negligence_of_the_violation_the_link_to_Vodafone_s_data_processing_activities_and_its_status_as_a_large_enterprise_while_noting_only_two_data_subjects_were_affected_with_non_material_harm,q52_text,Other,categorical,1.0,0.0026595744680851063,0.002652501131733817,,,
q52_text_The_fine_of_6_000_was_set_considering_aggravating_factors_like_intentionality_and_lack_of_adequate_procedures_and_mitigating_factors_including_the_defendant_s_status_as_a_microenterprise_low_data_volume_and_limited_number_of_affected_data_subjects,q52_text,Other,categorical,1.0,0.0026595744680851063,0.002652501131733817,,,
q52_text_The_fine_of_70_000_was_based_on_the_nature_and_severity_of_the_confidentiality_breach_negligence_in_following_internal_protocols_and_the_defendant_s_connection_to_data_processing_activities_Aggravating_factors_included_the_breach_s_impact_and_lack_of_due_diligence,q52_text,Other,categorical,1.0,0.0026595744680851063,0.002652501131733817,,,
q52_text_The_fine_was_based_on_the_seriousness_and_duration_of_violations_the_large_scale_of_processing_and_sensitive_financial_data_involved_Mitigation_considered_improvements_during_supervision_The_amount_is_SEK_7_5_million_below_the_4_turnover_cap,q52_text,Other,categorical,1.0,0.0026595744680851063,0.002652501131733817,,,
q52_text_The_fine_was_based_on_the_systematic_and_long_term_nature_of_the_violation_involving_sensitive_health_data_sent_unencrypted_internally_mitigated_by_encryption_of_transmission_and_cessation_of_processing_upon_discovery,q52_text,Other,categorical,1.0,0.0026595744680851063,0.002652501131733817,,,
q52_text_The_fine_was_calculated_based_on_a_starting_point_of_3_25_of_turnover_considering_the_nature_gravity_and_duration_of_the_infringement_sensitive_data_involved_and_negligent_security_practices_Mitigating_factors_included_cooperation_and_remedial_actions_but_no_financial_gain_was_identified,q52_text,Other,categorical,1.0,0.0026595744680851063,0.002652501131733817,,,
q52_text_The_fine_was_calculated_based_on_multiple_GDPR_violations_including_lack_of_DPIA_unlawful_processing_of_biometric_data_and_data_minimization_failures_Reductions_were_applied_for_voluntary_payment_and_recognition_of_responsibility_resulting_in_a_total_fine_of_120_000,q52_text,Other,categorical,1.0,0.0026595744680851063,0.002652501131733817,,,
q52_text_The_fine_was_calculated_based_on_the_nature_gravity_and_duration_of_the_infringements_the_number_of_affected_data_subjects_1_35_million_negligence_in_security_measures_and_mitigating_actions_taken_The_total_fine_of_3_5_million_reflects_the_serious_breaches_of_Articles_5_1_f_and_32_GDPR,q52_text,Other,categorical,1.0,0.0026595744680851063,0.002652501131733817,,,
q52_text_The_fine_was_calculated_based_on_the_nature_gravity_and_duration_of_the_violation_affecting_489_000_data_subjects_and_1_5_million_records_Aggravating_factors_included_negligence_external_cause_and_data_categories_affected_Mitigating_factors_included_cooperation_and_remedial_actions,q52_text,Other,categorical,1.0,0.0026595744680851063,0.002652501131733817,,,
q52_text_The_fine_was_calculated_based_on_the_negligence_of_the_defendant_in_modifying_a_contract_without_proper_verification_considering_the_nature_and_gravity_of_the_infringements_under_Articles_6_and_32_GDPR_with_aggravating_factors_applied,q52_text,Other,categorical,1.0,0.0026595744680851063,0.002652501131733817,,,
q52_text_The_fine_was_calculated_based_on_the_serious_nature_of_violating_confidentiality_of_health_data_negligence_given_the_defendant_s_experience_high_number_of_affected_data_subjects_all_clinic_visitors_during_the_period_and_the_specific_aggravating_factors_under_Article_83_2_The_total_fine_combines_20_000_for_Article_5_1_f_violation_and_10_000_for_Article_32_violation,q52_text,Other,categorical,1.0,0.0026595744680851063,0.002652501131733817,,,
q52_text_The_fine_was_calculated_using_a_five_step_process_considering_the_seriousness_of_processing_special_category_data_of_145_400_individuals_negligence_previous_infringements_and_mitigating_actions_The_initial_850_000_was_increased_to_1_350_000_to_ensure_it_was_effective_proportionate_and_dissuasive_considering_the_company_s_financial_situation_and_the_need_for_deterrence,q52_text,Other,categorical,1.0,0.0026595744680851063,0.002652501131733817,,,
q52_text_The_fine_was_graduated_based_on_GDPR_Article_83_2_criteria_2_000_for_Article_5_1_f_violation_and_1_000_for_Article_32_violation_considering_the_nature_gravity_and_lack_of_security_measures_Total_fine_is_3_000,q52_text,Other,categorical,1.0,0.0026595744680851063,0.002652501131733817,,,
q52_text_The_fine_was_imposed_for_disclosing_sensitive_data_without_legal_basis_considering_the_nature_and_gravity_of_the_violation_and_the_categories_of_data_affected,q52_text,Other,categorical,1.0,0.0026595744680851063,0.002652501131733817,,,
q52_text_The_fine_was_imposed_for_non_cooperation_with_the_DPA_s_investigation_and_failure_to_comply_with_a_prior_remedial_order_reflecting_the_seriousness_of_obstructing_supervisory_authority_actions,q52_text,Other,categorical,1.0,0.0026595744680851063,0.002652501131733817,,,
q52_text_The_fine_was_imposed_for_violation_of_Article_32_due_to_inadequate_security_measures_against_cyber_attack_resulting_in_unauthorized_data_disclosure,q52_text,Other,categorical,1.0,0.0026595744680851063,0.002652501131733817,,,
q52_text_The_fine_was_initially_proposed_at_1_500_but_reduced_to_900_due_to_the_defendant_s_acknowledgment_of_responsibility_and_voluntary_payment_considering_it_a_small_family_business_with_prior_cooperation_and_no_previous_sanctions,q52_text,Other,categorical,1.0,0.0026595744680851063,0.002652501131733817,,,
q52_text_The_fine_was_initially_proposed_at_5_000_for_LSSI_violations_reduced_to_3_000_due_to_voluntary_payment_and_acknowledgment_of_responsibility_terminating_the_procedure,q52_text,Other,categorical,1.0,0.0026595744680851063,0.002652501131733817,,,
q52_text_The_fine_was_initially_set_at_1_5M_based_on_the_severity_and_duration_of_the_breach_but_reduced_to_1_25M_due_to_COVID_19_financial_impact_considerations_Factors_included_negligence_high_number_of_affected_data_subjects_and_sensitive_data_involved_mitigated_by_cooperation_and_remedial_actions,q52_text,Other,categorical,1.0,0.0026595744680851063,0.002652501131733817,,,
q52_text_The_fine_was_initially_set_at_120_000_for_two_violations_but_reduced_to_72_000_due_to_the_defendant_s_recognition_of_responsibility_and_voluntary_payment_considering_SME_status_and_cooperation,q52_text,Other,categorical,1.0,0.0026595744680851063,0.002652501131733817,,,
q52_text_The_fine_was_initially_set_at_40_000_for_non_compliance_with_a_prior_resolution_It_was_reduced_to_24_000_due_to_the_defendant_s_recognition_of_responsibility_and_voluntary_payment_applying_cumulative_20_reductions,q52_text,Other,categorical,1.0,0.0026595744680851063,0.002652501131733817,,,
q52_text_The_fine_was_initially_set_at_70_000_based_on_the_nature_and_gravity_of_the_breach_involving_health_data_then_reduced_by_40_to_42_000_due_to_the_defendant_s_acknowledgment_of_liability_and_voluntary_payment_with_cooperation_and_mitigation_actions_considered,q52_text,Other,categorical,1.0,0.0026595744680851063,0.002652501131733817,,,
q52_text_The_fine_was_reduced_by_40_due_to_voluntary_payment_and_recognition_of_responsibility_Initial_fines_were_13_000_for_data_minimization_violation_and_7_000_for_information_obligation_violation_totaling_20_000_before_reductions_The_defendant_s_SME_status_and_cooperation_were_considered,q52_text,Other,categorical,1.0,0.0026595744680851063,0.002652501131733817,,,
q52_text_The_fine_was_reduced_from_600_000_to_500_000_considering_the_Cabinet_Office_s_cooperation_mitigation_actions_and_the_short_duration_of_the_breach_but_remained_significant_due_to_the_serious_nature_of_the_security_failures_and_the_need_for_deterrence_given_the_defendant_s_resources_and_profile,q52_text,Other,categorical,1.0,0.0026595744680851063,0.002652501131733817,,,
q52_text_The_fine_was_reduced_from_2000_to_1600_due_to_voluntary_payment_aggravating_factors_included_intentionality_and_duration_while_mitigation_included_proactive_compliance_efforts,q52_text,Other,categorical,1.0,0.0026595744680851063,0.002652501131733817,,,
q52_text_The_fine_was_reduced_to_500_due_to_mitigating_factors_no_prior_infringements_full_recognition_and_remediation_of_the_violation_cooperation_with_the_authority_measures_taken_to_mitigate_harm_including_apologies_and_the_exceptional_context_of_the_COVID_19_pandemic_preventing_a_regular_meeting,q52_text,Other,categorical,1.0,0.0026595744680851063,0.002652501131733817,,,
q52_text_The_fine_was_set_at_SEK_3_5_million_based_on_the_gravity_and_duration_of_the_violations_the_large_scale_of_processing_sensitive_health_data_and_the_defendant_s_prior_infringement_history_The_amount_is_below_the_statutory_cap_but_deemed_effective_and_proportionate,q52_text,Other,categorical,1.0,0.0026595744680851063,0.002652501131733817,,,
q52_text_The_fine_was_set_at_SEK_35_million_considering_the_violation_s_severity_duration_and_sensitive_data_involved_but_reduced_due_to_proportionality_focusing_on_the_branch_s_specific_turnover_rather_than_the_full_parent_company_turnover,q52_text,Other,categorical,1.0,0.0026595744680851063,0.002652501131733817,,,
q52_text_The_fine_was_set_at_25_000_considering_the_charity_s_financial_situation_the_nature_of_the_data_breach_involving_vulnerable_individuals_the_duration_of_the_violation_and_the_prompt_remedial_actions_taken_by_Mermaids_The_Commissioner_balanced_the_need_for_a_deterrent_effect_with_the_charity_s_ability_to_continue_operations,q52_text,Other,categorical,1.0,0.0026595744680851063,0.002652501131733817,,,
q52_text_The_fine_was_set_at_20_000_reduced_to_16_000_for_voluntary_payment_Aggravating_factors_included_nature_gravity_affecting_500_employees_negligence_in_not_conducting_DPIA_and_lack_of_organizational_measures_No_mitigating_factors_were_applied,q52_text,Other,categorical,1.0,0.0026595744680851063,0.002652501131733817,,,
q52_text_The_fine_was_set_at_25_000_considering_aggravating_factors_nature_and_gravity_of_the_security_breach_negligence_involvement_of_minors_data_and_the_defendant_s_large_business_volume_No_mitigating_factors_were_applied,q52_text,Other,categorical,1.0,0.0026595744680851063,0.002652501131733817,,,
q52_text_The_fine_was_set_at_3_000_based_on_aggravating_factors_number_affected_duration_and_mitigating_factors_lack_of_intent_security_measures_A_40_reduction_was_applied_for_acknowledgment_of_responsibility_and_voluntary_payment_resulting_in_1_800_paid,q52_text,Other,categorical,1.0,0.0026595744680851063,0.002652501131733817,,,
q52_text_The_fine_was_set_at_5_000_initially_reduced_to_3_000_due_to_voluntary_payment_and_acknowledgment_of_responsibility_considering_aggravating_factors_like_lack_of_cooperation_and_mitigating_factors_like_internal_measures_taken,q52_text,Other,categorical,1.0,0.0026595744680851063,0.002652501131733817,,,
q52_text_The_infringement_was_considered_minor_due_to_negligence_affecting_only_one_person_no_sensitive_data_involved_immediate_mitigation_actions_taken_and_no_previous_infringements_A_reprimand_was_issued_instead_of_a_fine,q52_text,Other,categorical,1.0,0.0026595744680851063,0.002652501131733817,,,
q52_text_The_infringement_was_minor_and_corrected_post_complaint_a_reprimand_was_issued_instead_of_a_fine_due_to_negligence_lack_of_intent_cooperation_and_remedial_actions_taken_considering_it_a_one_off_error_without_similar_records,q52_text,Other,categorical,1.0,0.0026595744680851063,0.002652501131733817,,,
q52_text_The_initial_proposed_fine_was_1_500_reduced_to_1_200_due_to_voluntary_payment_the_reduction_was_applied_for_ceasing_the_offending_activity_and_cooperation_though_no_acknowledgment_of_liability_was_made,q52_text,Other,categorical,1.0,0.0026595744680851063,0.002652501131733817,,,
q52_text_The_initial_proposed_fine_was_10_000_reduced_to_8_000_due_to_voluntary_payment_The_DPA_considered_the_duration_of_the_violation_as_aggravating_but_noted_the_defendant_s_cooperation_and_eventual_compliance_as_mitigating_factors,q52_text,Other,categorical,1.0,0.0026595744680851063,0.002652501131733817,,,
q52_text_The_penalty_was_initially_calculated_at_36_750_based_on_seriousness_and_turnover_adjustment_but_reduced_to_18_000_due_to_financial_hardship_considerations_The_infringements_involved_high_risk_processing_of_sensitive_data_with_negligent_security_failures_and_a_29_month_breach_notification_delay,q52_text,Other,categorical,1.0,0.0026595744680851063,0.002652501131733817,,,
q52_text_The_procedure_was_initiated_for_violation_of_Article_5_1_b_GDPR_on_storage_limitation_Aggravating_factor_was_the_long_duration_of_over_16_years_No_fine_details_provided_as_procedure_terminated_voluntarily,q52_text,Other,categorical,1.0,0.0026595744680851063,0.002652501131733817,,,
q52_text_The_proposed_fine_was_10_000_EUR_for_a_minor_infringement_under_LGT_related_to_Article_21_GDPR_Reductions_of_20_for_acknowledgment_of_responsibility_and_another_20_for_voluntary_payment_resulted_in_6_000_EUR_The_amount_considered_the_economic_situation_but_no_specific_factors_beyond_procedure_termination,q52_text,Other,categorical,1.0,0.0026595744680851063,0.002652501131733817,,,
q52_text_The_total_fine_of_12_000_was_imposed_for_three_violations_2_000_for_Article_13_GDPR_breach_inadequate_privacy_policy_information_5_000_for_Article_5_1_a_GDPR_breach_dark_patterns_affecting_lawfulness_and_fairness_and_5_000_for_LSSI_Article_22_2_breach_cookie_policy_deficiencies_Aggravating_factors_included_the_nature_gravity_and_duration_of_the_violations_and_intentionality_or_negligence,q52_text,Other,categorical,1.0,0.0026595744680851063,0.002652501131733817,,,
q52_text_Total_fine_of_40_000_EUR_imposed_for_violations_of_Articles_5_6_7_and_12_17_split_equally_between_two_infringement_categories_aggravating_factors_included_nature_gravity_duration_and_negligence_no_mitigating_factors_mentioned,q52_text,Other,categorical,1.0,0.0026595744680851063,0.002652501131733817,,,
q52_text_UNCLEAR,q52_text,Other,categorical,1.0,0.0026595744680851063,0.002652501131733817,,,
q52_text_Warning_imposed_due_to_public_sector_body_status_under_LOPDGDD_Article_77_violations_of_Articles_5_1_f_25_32_and_34_GDPR_aggravating_factor_from_previous_similar_infringements,q52_text,Other,categorical,1.0,0.0026595744680851063,0.002652501131733817,,,
q52_text_Warning_issued_instead_of_fine_due_to_immediate_removal_no_prior_sanctions_no_intent_to_harm_and_full_cooperation_Violation_was_minor_and_quickly_corrected,q52_text,Other,categorical,1.0,0.0026595744680851063,0.002652501131733817,,,
q52_lang_ENGLISH_LIKELY,q52_lang,Other,categorical,1.0,0.9654255319148937,0.03337907424173835,,,
q52_lang_UNKNOWN,q52_lang,Other,categorical,1.0,0.034574468085106384,0.03337907424173835,,,
q67_text_ARTICLE_29_Guidelines_on_Data_Protection_Impact_Assessment_DPIA_wp248rev_01,q67_text,Other,categorical,1.0,0.0026595744680851063,0.002652501131733817,,,
q67_text_Answer_68_AEPD_initiated_sanctioning_procedure_based_on_Torrevieja_Municipal_Police_inspection_of_UNIQUE_HOTEL_APARTMENT_S_L_on_15_05_2023_revealing_scanned_client_DNI_documents_in_registration_book_without_numerical_annotations_or_reporting_to_security_forces_Violation_of_GDPR_Article_5_1_c_data_minimisation_confirmed_as_full_ID_scans_exceed_requirements_under_Organic_Law_4_2015_and_Order_INT_1922_2003_for_traveler_registration_Fine_of_2000_EUR_imposed_under_Article_83_5_entity_ordered_to_adapt_client_data_management_within_one_month,q67_text,Other,categorical,1.0,0.0026595744680851063,0.002652501131733817,,,
q67_text_Answer_68_AMEX_sent_4M_marketing_emails_without_consent_over_12_months_misclassifying_them_as_servicing_ICO_fined_90k_for_PECR_breach_citing_negligence_and_financial_benefit_with_mitigation_for_corrective_actions,q67_text,Other,categorical,1.0,0.0026595744680851063,0.002652501131733817,,,
q67_text_Answer_68_BBVA_bank_employee_erroneously_attached_a_third_party_s_account_contract_to_a_customer_via_app_chat_exposing_personal_data_Spanish_DPA_found_violations_of_GDPR_Articles_5_1_f_and_32_imposing_a_80_000_fine_reduced_to_48_000_due_to_voluntary_payment_and_acknowledgment_of_responsibility_Case_terminated_upon_payment,q67_text,Other,categorical,1.0,0.0026595744680851063,0.002652501131733817,,,
q67_text_Answer_68_Banco_Cetelem_processed_complainant_s_bank_account_data_without_lawful_basis_charged_debts_to_wrong_account_over_multiple_months_failed_to_fully_erase_data_after_request_and_transferred_data_to_third_party_Fined_150_000_for_Article_6_and_17_violations_with_compliance_order_to_rectify_processing_within_3_months,q67_text,Other,categorical,1.0,0.0026595744680851063,0.002652501131733817,,,
q67_text_Answer_68_Claimant_alleged_Niantic_violated_GDPR_by_sharing_location_data_with_players_using_GPS_spoofing_Spanish_DPA_investigated_and_archived_the_case_finding_Niantic_obtained_proper_consent_and_had_mechanisms_to_address_cheating_with_no_GDPR_violations_identified,q67_text,Other,categorical,1.0,0.0026595744680851063,0.002652501131733817,,,
q67_text_Answer_68_Claimant_filed_complaint_on_May_21_2020_against_Burgos_City_Council_for_lacking_DPO_AEPD_initiated_sanctioning_procedure_November_17_2020_for_Article_37_GDPR_violation_council_contracted_external_service_August_18_2020_but_failed_to_appoint_and_notify_DPO_AEPD_issued_warning_and_ordered_DPO_appointment_within_2_months_citing_public_body_rules_under_LOPDGDD_Article_77_allowing_non_monetary_sanctions,q67_text,Other,categorical,1.0,0.0026595744680851063,0.002652501131733817,,,
q67_text_Answer_68_Claimant_reported_manipulated_images_of_minor_daughter_on_pornographic_site_AEPD_investigated_but_could_not_identify_infringing_party_content_removed_promptly_case_filed_with_no_violations_found,q67_text,Other,categorical,1.0,0.0026595744680851063,0.002652501131733817,,,
q67_text_Answer_68_Clyde_Valley_Housing_Association_reprimanded_for_a_security_breach_when_a_customer_portal_exposed_residents_personal_data_due_to_a_technical_failure_data_was_accessible_for_5_days_after_initial_report_until_suspension,q67_text,Other,categorical,1.0,0.0026595744680851063,0.002652501131733817,,,
q67_text_Answer_68_Complaint_against_clinic_for_using_surgeon_s_image_without_consent_DPA_found_valid_consent_via_signed_contract_case_filed_with_no_violation_or_fine,q67_text,Other,categorical,1.0,0.0026595744680851063,0.002652501131733817,,,
q67_text_Answer_68_Curenerg_a_unlawfully_transferred_complainant_s_personal_data_to_Iberdrola_Clientes_without_legal_basis_due_to_salesperson_error_DPA_imposed_60_000_fine_after_reductions_for_acknowledgment_and_payment_citing_violation_of_Article_6_GDPR,q67_text,Other,categorical,1.0,0.0026595744680851063,0.002652501131733817,,,
q67_text_Answer_68_EasyJet_violated_Article_15_GDPR_by_failing_to_respond_to_a_data_subject_access_request_within_the_required_one_month_period_taking_nearly_four_months_The_Spanish_DPA_imposed_an_8_000_fine_after_a_voluntary_payment_reduction_citing_the_violation_duration_as_aggravating_but_cooperation_and_compliance_as_mitigating,q67_text,Other,categorical,1.0,0.0026595744680851063,0.002652501131733817,,,
q67_text_Answer_68_Enel_Energie_Muntenia_SA_fined_3000_for_Article_32_violation_inadequate_security_measures_led_to_email_disclosure_of_client_data_to_wrong_recipient_compliance_order_issued_to_implement_measures_within_30_days,q67_text,Other,categorical,1.0,0.0026595744680851063,0.002652501131733817,,,
q67_text_Answer_68_Farmacia_Ardealul_SRL_fined_2_500_for_GDPR_Article_32_security_breach_due_to_malware_on_website_compromising_customer_bank_data_corrective_order_to_implement_security_testing_plan,q67_text,Other,categorical,1.0,0.0026595744680851063,0.002652501131733817,,,
q67_text_Answer_68_ING_Bank_Bucharest_Branch_fined_3000_for_GDPR_Article_32_violation_after_unauthorized_WhatsApp_transmission_of_customer_data_file_lacking_adequate_security_measures,q67_text,Other,categorical,1.0,0.0026595744680851063,0.002652501131733817,,,
q67_text_Answer_68_Iberdrola_Clientes_SAU_violated_GDPR_Article_5_1_f_security_principle_when_a_third_party_received_claimant_s_invoice_with_personal_data_fine_reduced_to_24_000_after_acknowledgment_and_payment,q67_text,Other,categorical,1.0,0.0026595744680851063,0.002652501131733817,,,
q67_text_Answer_68_Iberia_airline_fined_20_000_for_processing_personal_data_without_legal_basis_after_data_subject_withdrew_consent_and_requested_deletion_with_aggravating_factors_of_negligence_and_previous_similar_infringement,q67_text,Other,categorical,1.0,0.0026595744680851063,0.002652501131733817,,,
q67_text_Answer_68_Klarna_Bank_AB_received_two_cross_border_access_requests_one_was_delayed_over_5_months_violating_Article_12_3_IMY_issued_a_reprimand_under_Article_58_2_b_considering_it_a_minor_infringement_with_no_fine_imposed,q67_text,Other,categorical,1.0,0.0026595744680851063,0.002652501131733817,,,
q67_text_Answer_68_Law_firm_LVCENTVM_LEGAL_S_L_obtained_personal_data_via_court_order_for_IP_infringement_claims_but_failed_to_fully_inform_data_subjects_per_Article_14_GDPR_DPA_issued_a_warning_considering_SME_status_and_remediation,q67_text,Other,categorical,1.0,0.0026595744680851063,0.002652501131733817,,,
q67_text_Answer_68_Norfolk_County_Council_failed_to_respond_to_251_of_511_subject_access_requests_within_statutory_deadlines_over_one_year_ICO_issued_reprimand_due_to_COVID_19_mitigating_factors_and_remedial_actions_requiring_compliance_improvements_within_six_months,q67_text,Other,categorical,1.0,0.0026595744680851063,0.002652501131733817,,,
q67_text_Answer_68_Orange_Espa_a_processed_claimant_s_phone_line_portability_without_verifying_identity_enabling_fraud_leading_to_unauthorized_bank_transfers_AEPD_found_Article_6_violation_imposed_30_000_fine_after_reductions_for_acknowledgment_and_payment,q67_text,Other,categorical,1.0,0.0026595744680851063,0.002652501131733817,,,
q67_text_Answer_68_Orange_Romania_SA_fined_40_000_EUR_for_GDPR_violations_failed_to_properly_handle_data_erasure_requests_Art_12_17_and_excessively_collected_stored_personal_data_including_identity_documents_beyond_necessity_Art_5_6_7_Corrective_measures_included_immediate_data_deletion_and_compliance_improvements,q67_text,Other,categorical,1.0,0.0026595744680851063,0.002652501131733817,,,
q67_text_Answer_68_Polish_DPA_UODO_investigated_telecom_firm_V_M_P_Sp_z_o_o_after_self_reported_Dec_2019_breach_where_vulnerability_in_prepaid_registration_system_allowed_unauthorized_access_to_114_963_subscribers_data_names_PESEL_IDs_phone_numbers_Violations_of_Arts_5_1_f_5_2_25_1_32_1_b_d_32_2_due_to_inadequate_security_measures_lack_of_regular_testing_evaluation_superficial_risk_analysis_and_failure_to_verify_system_validation_enabling_external_cyber_attack_Imposed_460_000_EUR_fine_for_gross_negligence_and_high_risk_to_data_subjects_mitigated_by_cooperation_notifications_and_post_breach_ISO_27001_27701_certifications_with_system_fixes,q67_text,Other,categorical,1.0,0.0026595744680851063,0.002652501131733817,,,
q67_text_Answer_68_Raiffeisen_Bank_S_A_fined_20_000_for_GDPR_Article_32_security_violations_after_employees_illegally_accessed_and_disclosed_customer_data_over_years_leading_to_financial_harm_corrective_orders_include_implementing_procedural_plans_and_employee_training,q67_text,Other,categorical,1.0,0.0026595744680851063,0.002652501131733817,,,
q67_text_Answer_68_Romanian_DPA_fined_AG_BROKER_ASIGURARE_S_R_L_5_000_EUR_for_Article_32_security_violation_after_a_cyber_attack_exposed_customer_personal_data_due_to_inadequate_network_storage_access_controls,q67_text,Other,categorical,1.0,0.0026595744680851063,0.002652501131733817,,,
q67_text_Answer_68_Romanian_DPA_fined_BCR_5000_EUR_for_Article_32_security_violations_inadequate_measures_led_to_employee_using_personal_phone_and_WhatsApp_to_collect_and_transmit_customer_ID_copies_including_minors_data,q67_text,Other,categorical,1.0,0.0026595744680851063,0.002652501131733817,,,
q67_text_Answer_68_Romanian_DPA_fined_Modaone_SRL_2000_EUR_for_violating_Articles_12_and_13_by_failing_to_provide_complete_data_processing_information_and_imposing_excessive_conditions_for_rights_exercise_with_corrective_orders_to_obtain_consent_for_marketing_and_update_website_terms,q67_text,Other,categorical,1.0,0.0026595744680851063,0.002652501131733817,,,
q67_text_Answer_68_Romanian_DPA_fined_S_C_Type_Top_Food_Industry_5000_EUR_for_excessive_video_surveillance_of_employees_in_locker_rooms_and_dining_area_under_theft_prevention_purpose_violated_data_minimization_and_accountability_principles_consent_invalid_due_to_employer_power_imbalance_no_other_legal_basis_ordered_compliance_measures_to_limit_camera_angles_and_ensure_data_minimization,q67_text,Other,categorical,1.0,0.0026595744680851063,0.002652501131733817,,,
q67_text_Answer_68_Romanian_DPA_fined_Sector_1_of_Bucharest_Municipality_10_000_lei_approx_2_000_EUR_for_failing_to_respond_to_information_requests_and_comply_with_a_remedial_order_violating_Article_58_1_a_and_e_GDPR_due_to_non_cooperation_during_an_investigation_into_a_local_energy_program_s_data_handling,q67_text,Other,categorical,1.0,0.0026595744680851063,0.002652501131733817,,,
q67_text_Answer_68_Romanian_DPA_investigated_TAROM_airline_after_breach_notification_found_Article_32_GDPR_violations_for_inadequate_measures_allowing_unauthorized_employee_access_to_five_passengers_data_causing_confidentiality_loss_and_disclosure_Imposed_5_000_EUR_fine_and_ordered_review_update_of_measures_procedures_and_employee_training,q67_text,Other,categorical,1.0,0.0026595744680851063,0.002652501131733817,,,
q67_text_Answer_68_Slovenian_Information_Commissioner_issued_non_binding_opinion_on_employer_processing_of_employee_sick_leave_data_confirming_Article_6_1_c_legal_basis_under_national_employment_law_for_limited_information_movement_regimen_absence_duration_but_not_medical_diagnosis_with_reference_to_existing_guidelines,q67_text,Other,categorical,1.0,0.0026595744680851063,0.002652501131733817,,,
q67_text_Answer_68_Slovenian_Information_Commissioner_issued_non_binding_opinion_regarding_municipality_s_refusal_to_disclose_objectors_signatures_in_land_sale_process_confirmed_signatures_are_personal_data_but_did_not_assess_legality_of_processing_due_to_lack_of_inspection_procedure,q67_text,Other,categorical,1.0,0.0026595744680851063,0.002652501131733817,,,
q67_text_Answer_68_Spanish_DPA_archived_case_against_AUTOMOVILES_FERSAN_S_A_after_finding_no_GDPR_violation_defendant_used_claimant_s_data_legitimately_under_contract_basis_for_vehicle_purchase_where_claimant_was_co_owner_not_as_unauthorized_guarantor,q67_text,Other,categorical,1.0,0.0026595744680851063,0.002652501131733817,,,
q67_text_Answer_68_Spanish_DPA_archived_case_against_Cacabelos_City_Council_for_unauthorized_access_to_municipal_registry_data_by_a_council_member_in_early_2019_finding_security_violations_under_Article_5_1_f_GDPR_but_dismissing_due_to_statute_of_limitations_expiring_before_procedure_initiation,q67_text,Other,categorical,1.0,0.0026595744680851063,0.002652501131733817,,,
q67_text_Answer_68_Spanish_DPA_dismissed_complaint_against_local_police_for_photographing_ID_during_COVID_19_perimeter_control_finding_the_action_justified_under_public_security_laws_and_compliant_with_GDPR_security_requirements_using_official_equipment_with_subsequent_deletion,q67_text,Other,categorical,1.0,0.0026595744680851063,0.002652501131733817,,,
q67_text_Answer_68_Spanish_DPA_fined_AD735_DATA_MEDIA_ADVERTISING_S_L_15_000_for_failing_to_delete_complainant_s_data_after_erasure_request_under_GDPR_Article_17_and_sending_unsolicited_advertising_emails_without_consent_under_LSSI_Article_21_citing_lack_of_diligence_and_intentionality_as_aggravating_factors,q67_text,Other,categorical,1.0,0.0026595744680851063,0.002652501131733817,,,
q67_text_Answer_68_Spanish_DPA_fined_B_B_B_9000_for_publishing_claimant_s_photos_without_consent_Article_6_violation_and_inadequate_privacy_policy_Article_13_violation_Defendant_failed_to_respond_to_claims_or_provide_required_information,q67_text,Other,categorical,1.0,0.0026595744680851063,0.002652501131733817,,,
q67_text_Answer_68_Spanish_DPA_fined_CANARYCLICK_CONSULTING_SL_8_000_for_LSSI_cookie_violations_on_four_websites_lacking_proper_consent_mechanisms_and_imposed_warning_for_GDPR_Article_7_violation_due_to_generic_consent_collection_for_commercial_purposes_unrelated_to_contract_Defendant_required_to_comply_within_one_month,q67_text,Other,categorical,1.0,0.0026595744680851063,0.002652501131733817,,,
q67_text_Answer_68_Spanish_DPA_fined_CASER_24_000_for_modifying_insurance_policy_data_without_legal_basis_after_complaint_defendant_acknowledged_responsibility_and_paid_voluntarily_terminating_the_procedure,q67_text,Other,categorical,1.0,0.0026595744680851063,0.002652501131733817,,,
q67_text_Answer_68_Spanish_DPA_fined_FOURTH_PARTY_LOGISTICS_72_000_for_GDPR_Article_28_violations_subcontracting_without_proper_contracts_and_authorizations_as_a_processor_reduced_due_to_cooperation_and_voluntary_payment,q67_text,Other,categorical,1.0,0.0026595744680851063,0.002652501131733817,,,
q67_text_Answer_68_Spanish_DPA_fined_HAZTEOIR_ORG_4_000_for_publishing_brochure_with_names_photos_of_three_individuals_without_legal_basis_under_Article_6_GDPR_Defendant_removed_data_promptly_but_denied_responsibility_fine_reduced_via_voluntary_payment_procedure_Violation_involved_lack_of_transparency_and_lawful_processing_justification,q67_text,Other,categorical,1.0,0.0026595744680851063,0.002652501131733817,,,
q67_text_Answer_68_Spanish_DPA_fined_HIGHCLIFFE_ESTATES_MARBELLA_8_000_for_publishing_personal_data_without_legal_basis_Article_6_1_GDPR_and_issued_warning_for_outdated_privacy_policy_referencing_repealed_law_Article_13_Violations_discovered_via_complaint_Defendant_failed_to_cooperate_or_respond_to_proceedings,q67_text,Other,categorical,1.0,0.0026595744680851063,0.002652501131733817,,,
q67_text_Answer_68_Spanish_DPA_fined_INDECEMI_5_000_total_for_GDPR_security_breaches_3_000_for_Article_5_1_f_violation_confidentiality_principle_and_2_000_for_Article_32_violation_inadequate_security_measures_after_emailing_claimant_s_personal_data_to_wrong_recipient_affecting_two_individuals_defendant_did_not_cooperate_during_investigation,q67_text,Other,categorical,1.0,0.0026595744680851063,0.002652501131733817,,,
q67_text_Answer_68_Spanish_DPA_fined_JOKER_PREMIUM_INVEX_6_000_for_processing_personal_data_without_legal_basis_in_advertising_campaign_defendant_acknowledged_responsibility_cooperated_deleted_data_and_paid_voluntarily,q67_text,Other,categorical,1.0,0.0026595744680851063,0.002652501131733817,,,
q67_text_Answer_68_Spanish_DPA_fined_JUST_LANDED_S_L_3_000_for_LSSI_cookie_violations_no_consent_mechanism_and_issued_warning_for_GDPR_Article_13_violation_English_only_privacy_policy_Compliance_orders_required_Spanish_translation_and_proper_cookie_consent_within_one_month,q67_text,Other,categorical,1.0,0.0026595744680851063,0.002652501131733817,,,
q67_text_Answer_68_Spanish_DPA_fined_TOUR_PEOPLE_MAX_S_L_1_200_for_making_an_unsolicited_commercial_call_to_a_Robinson_list_registrant_without_consent_violating_GDPR_Article_21_the_company_paid_voluntarily_terminating_the_procedure,q67_text,Other,categorical,1.0,0.0026595744680851063,0.002652501131733817,,,
q67_text_Answer_68_Spanish_DPA_fined_XFERA_M_VILES_3_000_for_sending_unsolicited_commercial_SMS_to_a_customer_who_had_objected_violating_LSSI_Article_21_case_terminated_after_voluntary_payment_and_acknowledgment,q67_text,Other,categorical,1.0,0.0026595744680851063,0.002652501131733817,,,
q67_text_Answer_68_Spanish_DPA_fined_a_gym_chain_3_000_for_failing_to_provide_adequate_information_to_data_subjects_under_Article_13_GDPR_after_repeated_complaints_and_delayed_compliance_the_defendant_acknowledged_responsibility_and_paid_voluntarily,q67_text,Other,categorical,1.0,0.0026595744680851063,0.002652501131733817,,,
q67_text_Answer_68_Spanish_DPA_issued_warning_and_compliance_order_to_natural_person_website_owner_for_LSSI_cookie_violations_inadequate_first_layer_banner_information_and_missing_cookie_rejection_mechanism_based_on_complaint_about_wedding_event_company_s_website_No_GDPR_fines_imposed,q67_text,Other,categorical,1.0,0.0026595744680851063,0.002652501131733817,,,
q67_text_Answer_68_Spanish_DPA_received_complaint_against_Facebook_Ireland_for_unauthorized_profile_creation_with_incorrect_data_Arts_6_17_GDPR_Case_transferred_to_Irish_DPC_as_lead_authority_Facebook_deleted_the_webpage_amicably_Claimant_did_not_respond_to_resolution_notification_Case_filed_without_fine,q67_text,Other,categorical,1.0,0.0026595744680851063,0.002652501131733817,,,
q67_text_Answer_68_Spanish_DPA_sanctioned_ATPSA_for_emailing_electoral_roll_with_personal_data_to_multiple_recipients_without_security_violating_GDPR_Article_5_1_f_no_fine_imposed_only_reprimand_and_compliance_orders_due_to_lack_of_cooperation_and_initial_procedural_closure_overturned_on_appeal,q67_text,Other,categorical,1.0,0.0026595744680851063,0.002652501131733817,,,
q67_text_Answer_68_Spanish_dental_clinic_failed_to_respond_to_patient_s_GDPR_access_request_for_medical_records_AEPD_ordered_compliance_within_10_days_citing_violation_of_Article_15_and_security_accountability_principles_with_no_fine_issued,q67_text,Other,categorical,1.0,0.0026595744680851063,0.002652501131733817,,,
q67_text_Answer_68_Spanish_law_firm_LOSADA_ADVOCATS_S_L_sent_email_without_blind_copy_exposing_recipients_email_addresses_AEPD_found_violations_of_Article_5_1_f_and_Article_32_GDPR_Defendant_paid_reduced_6_000_fine_voluntarily_accepting_responsibility_Case_terminated,q67_text,Other,categorical,1.0,0.0026595744680851063,0.002652501131733817,,,
q67_text_Answer_68_Spanish_restaurant_added_complainant_s_phone_number_to_promotional_WhatsApp_group_without_consent_DPA_found_violation_of_Article_6_1_GDPR_lawfulness_imposed_500_fine_due_to_seriousness_lack_of_cooperation_and_no_lawful_basis,q67_text,Other,categorical,1.0,0.0026595744680851063,0.002652501131733817,,,
q67_text_Answer_68_Swedish_DPA_fined_Sahlgrenska_University_Hospital_SEK_3_5M_for_failing_to_conduct_needs_and_risk_analyses_before_granting_system_access_permissions_and_not_restricting_user_access_to_necessary_data_only_violating_Articles_5_1_f_5_2_and_32_of_GDPR_with_aggravating_factors_including_prior_infringement_and_large_scale_of_sensitive_health_data_processing,q67_text,Other,categorical,1.0,0.0026595744680851063,0.002652501131733817,,,
q67_text_Answer_68_Telef_nica_Espa_a_processed_complainant_s_phone_data_without_legal_basis_for_internal_testing_campaigns_resulting_in_247_nuisance_calls_DPA_imposed_75_000_fine_reduced_to_45_000_via_voluntary_payment_and_acknowledgment_violation_of_Article_6_GDPR_due_to_lack_of_consent_or_other_lawful_basis,q67_text,Other,categorical,1.0,0.0026595744680851063,0.002652501131733817,,,
q67_text_Answer_68_Telef_nica_M_viles_Espa_a_charged_invoices_to_a_non_customer_s_bank_account_without_legal_basis_violating_Article_6_1_GDPR_The_Spanish_DPA_imposed_a_75_000_fine_due_to_negligence_duration_and_processing_of_personal_banking_data,q67_text,Other,categorical,1.0,0.0026595744680851063,0.002652501131733817,,,
q67_text_Answer_68_The_Madrid_Ministry_of_Health_failed_to_secure_its_COVID_19_vaccination_appointment_website_exposing_personal_data_due_to_a_programming_error_and_did_not_notify_the_DPA_of_the_breach_the_Spanish_DPA_issued_warnings_for_violations_of_GDPR_Articles_5_1_f_25_32_and_33_citing_inadequate_security_measures_and_breach_notification_failure,q67_text,Other,categorical,1.0,0.0026595744680851063,0.002652501131733817,,,
q67_text_Answer_68_Two_Romanian_insurance_operators_fined_1500_EUR_and_1000_EUR_for_GDPR_Article_32_security_breaches_after_configuration_changes_to_web_apps_led_to_unauthorized_data_access_affecting_2_persons_each_DPA_cited_lack_of_testing_and_inadequate_measures_ordering_compliance_improvements,q67_text,Other,categorical,1.0,0.0026595744680851063,0.002652501131733817,,,
q67_text_Answer_68_UK_ICO_fined_The_Money_Hive_Limited_50_000_for_sending_752_425_unsolicited_marketing_texts_without_valid_consent_over_6_months_bundling_consent_with_loan_applications_affecting_financially_vulnerable_individuals,q67_text,Other,categorical,1.0,0.0026595744680851063,0.002652501131733817,,,
q67_text_Answer_68_UK_charity_Mermaids_fined_25_000_for_GDPR_security_breach_internal_email_group_with_personal_data_of_550_individuals_including_children_and_special_category_health_data_was_publicly_accessible_via_search_engines_from_May_2018_to_June_2019_due_to_inadequate_security_settings_DPA_found_negligent_organizational_failures_but_noted_prompt_cooperation_and_remediation,q67_text,Other,categorical,1.0,0.0026595744680851063,0.002652501131733817,,,
q67_text_Answer_68_UK_law_firm_breached_Article_32_security_requirements_when_external_threat_actor_accessed_cloud_server_via_compromised_credentials_exposing_8_234_subjects_sensitive_criminal_special_category_data_ICO_issued_reprimand_due_to_lack_of_MFA_and_inadequate_organizational_measures_but_no_fine_imposed_considering_remedial_actions_taken,q67_text,Other,categorical,1.0,0.0026595744680851063,0.002652501131733817,,,
q67_text_Answer_68_Uppsala_Region_sent_sensitive_patient_data_unencrypted_via_email_internally_from_May_2018_to_May_2019_violating_Article_32_GDPR_security_requirements_fined_SEK_300_000_due_to_systematic_handling_high_data_sensitivity_and_internal_policy_breach_mitigated_by_encrypted_transmission_and_immediate_cessation,q67_text,Other,categorical,1.0,0.0026595744680851063,0.002652501131733817,,,
q67_text_Answer_68_Vodafone_Espa_a_sent_electronic_invoice_notifications_to_former_customer_without_legal_basis_after_multiple_data_deletion_requests_and_prior_sanctions_violating_Article_6_1_GDPR_DPA_initiated_procedure_based_on_complaint_set_200_000_fine_reduced_to_120_000_due_to_voluntary_payment_and_responsibility_recognition_terminating_the_case,q67_text,Other,categorical,1.0,0.0026595744680851063,0.002652501131733817,,,
q67_text_Answer_68_Vodafone_Romania_fined_1500_EUR_for_GDPR_Article_32_security_violations_due_to_inadequate_measures_causing_unauthorized_data_access_for_70_individuals_over_months_initiated_via_breach_notifications,q67_text,Other,categorical,1.0,0.0026595744680851063,0.002652501131733817,,,
q67_text_Answer_68_Vodafone_Spain_processed_personal_data_without_legal_basis_after_fraudulent_mobile_line_contracts_using_claimant_s_identity_DPA_found_Article_6_1_violation_due_to_lack_of_diligence_in_identity_verification_50_000_fine_reduced_to_40_000_via_voluntary_payment,q67_text,Other,categorical,1.0,0.0026595744680851063,0.002652501131733817,,,
q67_text_Article_29_Working_Group_Opinion_06_2014,q67_text,Other,categorical,1.0,0.0026595744680851063,0.002652501131733817,,,
q67_text_Article_29_Working_Party_Guidelines_on_administrative_fines,q67_text,Other,categorical,1.0,0.0026595744680851063,0.002652501131733817,,,
q67_text_Article_29_Working_Party_Opinion_06_2014_on_legitimate_interests,q67_text,Other,categorical,1.0,0.0026595744680851063,0.002652501131733817,,,
q67_text_Article_29_Working_Party_guidelines_on_application_and_determination_of_administrative_fines_2017,q67_text,Other,categorical,1.0,0.0026595744680851063,0.002652501131733817,,,
q67_text_C_487_21,q67_text,Other,categorical,1.0,0.0026595744680851063,0.002652501131733817,,,
q67_text_CJEU_Case_C_101_01_Lindqvist,q67_text,Other,categorical,1.0,0.0026595744680851063,0.002652501131733817,,,
q67_text_CJEU_Judgment_of_May_13_2014,q67_text,Other,categorical,1.0,0.0026595744680851063,0.002652501131733817,,,
q67_text_CJEU_judgment_of_13_May_2014_Google_Spain,q67_text,Other,categorical,1.0,0.0026595744680851063,0.002652501131733817,,,
q67_text_CNS_opinion_63_2018,q67_text,Other,categorical,1.0,0.0026595744680851063,0.002652501131733817,,,
q67_text_EDPB_Guidelines_01_2022_on_data_subject_rights_Right_of_access,q67_text,Other,categorical,1.0,0.0026595744680851063,0.002652501131733817,,,
q67_text_EDPB_Guidelines_04_2022_on_calculation_of_fines,q67_text,Other,categorical,1.0,0.0026595744680851063,0.002652501131733817,,,
q67_text_EDPB_Guidelines_05_2020_on_consent,q67_text,Other,categorical,1.0,0.0026595744680851063,0.002652501131733817,,,
q67_text_EDPB_Guidelines_05_2020_on_consent_EDPB_Guidelines_03_2022_on_misleading_design_patterns_Cookie_Banner_Taskforce_report,q67_text,Other,categorical,1.0,0.0026595744680851063,0.002652501131733817,,,
q67_text_EDPB_Guidelines_05_2022_on_facial_recognition_EDPB_Guidelines_3_2019_on_video_devices,q67_text,Other,categorical,1.0,0.0026595744680851063,0.002652501131733817,,,
q67_text_EDPB_Guidelines_07_2020_on_controller_and_processor_concepts_EDPB_Guidelines_05_2022_on_facial_recognition_in_law_enforcement,q67_text,Other,categorical,1.0,0.0026595744680851063,0.002652501131733817,,,
q67_text_EDPB_Guidelines_07_2020_on_the_concepts_of_controller_and_processor_in_the_GDPR,q67_text,Other,categorical,1.0,0.0026595744680851063,0.002652501131733817,,,
q67_text_EDPB_Guidelines_4_2019_on_Article_25,q67_text,Other,categorical,1.0,0.0026595744680851063,0.002652501131733817,,,
q67_text_EDPB_Guidelines_4_2019_on_Article_25_Data_Protection_by_Design_and_by_Default_EDPB_Guidelines_04_2022_on_calculation_of_administrative_fines,q67_text,Other,categorical,1.0,0.0026595744680851063,0.002652501131733817,,,
q67_text_EDPB_Guidelines_No_4_2019_on_Article_25_Data_protection_by_design_and_by_default,q67_text,Other,categorical,1.0,0.0026595744680851063,0.002652501131733817,,,
q67_text_EDPB_Guidelines_on_Data_Protection_Impact_Assessment_Article_29_Working_Party_Opinion_3_2012_on_biometric_technologies,q67_text,Other,categorical,1.0,0.0026595744680851063,0.002652501131733817,,,
q67_text_EDPB_Guidelines_on_administrative_fines_calculation_04_2022_v2_1_2017_guidelines,q67_text,Other,categorical,1.0,0.0026595744680851063,0.002652501131733817,,,
q67_text_EDPB_Guidelines_on_dark_patterns_in_social_media_interfaces,q67_text,Other,categorical,1.0,0.0026595744680851063,0.002652501131733817,,,
q67_text_EDPB_Opinion_04_2024_Guidelines_for_identifying_a_controller_or_processor_s_lead_supervisory_authority,q67_text,Other,categorical,1.0,0.0026595744680851063,0.002652501131733817,,,
q67_text_EDPB_Opinion_on_Anonymization_Techniques_and_Methods,q67_text,Other,categorical,1.0,0.0026595744680851063,0.002652501131733817,,,
q67_text_EDPB_Recommendations_01_2020_on_measures_to_complement_transfer_tools,q67_text,Other,categorical,1.0,0.0026595744680851063,0.002652501131733817,,,
q67_text_EDPB_Recommendations_01_2020_on_supplementary_measures_for_data_transfers,q67_text,Other,categorical,1.0,0.0026595744680851063,0.002652501131733817,,,
q67_text_EDPB_Statement_No_04_2021_Guidelines_No_2_2020_on_Articles_46_2_a_46_3_b,q67_text,Other,categorical,1.0,0.0026595744680851063,0.002652501131733817,,,
q67_text_EDPB_guidelines_01_2022_on_the_right_of_access,q67_text,Other,categorical,1.0,0.0026595744680851063,0.002652501131733817,,,
q67_text_EDPB_guidelines_04_2022_on_calculation_of_administrative_fines,q67_text,Other,categorical,1.0,0.0026595744680851063,0.002652501131733817,,,
q67_text_EDPB_guidelines_not_referenced_ICO_guidance_and_industry_standards_ISO27000_NIST_NCSC_cited,q67_text,Other,categorical,1.0,0.0026595744680851063,0.002652501131733817,,,
q67_text_EDPB_guidelines_on_consent_as_a_legal_basis_for_processing_personal_data_in_employment_relationships,q67_text,Other,categorical,1.0,0.0026595744680851063,0.002652501131733817,,,
q67_text_EDPB_guidelines_on_consent_transparency_and_children_s_data_protection_referenced_implicitly_through_GDPR_articles,q67_text,Other,categorical,1.0,0.0026595744680851063,0.002652501131733817,,,
q67_text_EDPB_guidelines_on_impact_assessment_WP248_rev_01,q67_text,Other,categorical,1.0,0.0026595744680851063,0.002652501131733817,,,
q67_text_EDPB_guidelines_on_special_category_data_and_legitimate_interests,q67_text,Other,categorical,1.0,0.0026595744680851063,0.002652501131733817,,,
q67_text_Guide_on_Cookies,q67_text,Other,categorical,1.0,0.0026595744680851063,0.002652501131733817,,,
q67_text_Guidelines_05_2020_on_consent,q67_text,Other,categorical,1.0,0.005319148936170213,0.0052908555907650485,,,
q67_text_Guidelines_05_2020_on_consent_under_Regulation_2016_679,q67_text,Other,categorical,1.0,0.0026595744680851063,0.002652501131733817,,,
q67_text_Guidelines_07_2020_on_concepts_of_controller_and_processor,q67_text,Other,categorical,1.0,0.0026595744680851063,0.002652501131733817,,,
q67_text_Guidelines_07_2020_on_concepts_of_data_controller_and_processor,q67_text,Other,categorical,1.0,0.0026595744680851063,0.002652501131733817,,,
q67_text_Guidelines_2_2019_on_the_processing_of_personal_data_under_Article_6_1_b_GDPR,q67_text,Other,categorical,1.0,0.0026595744680851063,0.002652501131733817,,,
q67_text_Guidelines_3_2019_on_processing_of_personal_data_through_video_devices,q67_text,Other,categorical,1.0,0.0026595744680851063,0.002652501131733817,,,
q67_text_Guidelines_5_2020,q67_text,Other,categorical,1.0,0.0026595744680851063,0.002652501131733817,,,
q67_text_Guidelines_5_2020_on_consent,q67_text,Other,categorical,1.0,0.0026595744680851063,0.002652501131733817,,,
q67_text_Guidelines_5_2020_on_consent_under_Regulation_EU_2016_679,q67_text,Other,categorical,1.0,0.0026595744680851063,0.002652501131733817,,,
q67_text_Guidelines_on_the_application_and_setting_of_administrative_fines_for_the_purposes_of_Regulation_2016_679,q67_text,Other,categorical,1.0,0.0026595744680851063,0.002652501131733817,,,
q67_text_Guidelines_on_the_implementation_of_the_Court_of_Justice_of_the_European_Union_Judgment_on_Google_Spain_and_inc_v_AEPD_and_Mario_Costeja_C_131_12,q67_text,Other,categorical,1.0,0.0026595744680851063,0.002652501131733817,,,
q67_text_ICO_Guidance_on_Data_Security_NCSC_guidance_on_passwords_and_logging,q67_text,Other,categorical,1.0,0.0026595744680851063,0.002652501131733817,,,
q67_text_Instruction_1_2006_AEPD,q67_text,Other,categorical,1.0,0.0026595744680851063,0.002652501131733817,,,
q67_text_Judgment_of_the_Court_of_Justice_of_the_European_Union_of_5_December_2023_in_Case_C_807_21_Deutsche_Wohnen,q67_text,Other,categorical,1.0,0.0026595744680851063,0.002652501131733817,,,
q67_text_Judgment_of_the_Court_of_Justice_of_the_European_Union_of_May_13_2014,q67_text,Other,categorical,1.0,0.0026595744680851063,0.002652501131733817,,,
q67_text_Judgment_of_the_Court_of_Justice_of_the_European_Union_case_C_807_21_Deutsche_Wohnen,q67_text,Other,categorical,1.0,0.0026595744680851063,0.002652501131733817,,,
q67_text_MISSING,q67_text,Other,categorical,1.0,0.034574468085106384,0.03337907424173835,,,
q67_text_NONE,q67_text,Other,categorical,1.0,0.007978723404255319,0.007915063377093709,,,
q67_text_NOT_APPLICABLE,q67_text,Other,categorical,1.0,0.0026595744680851063,0.002652501131733817,,,
q67_text_NOT_DISCUSSED,q67_text,Other,categorical,1.0,0.19148936170212766,0.1548211860570394,,,
q67_text_NOT_MENTIONED,q67_text,Other,categorical,1.0,0.06382978723404255,0.05975554549569941,,,
q67_text_None_mentioned,q67_text,Other,categorical,1.0,0.0026595744680851063,0.002652501131733817,,,
q67_text_Not_explicitly_referenced_but_CJEU_case_law_Lindqvist_C_212_2013_and_GDPR_recitals_mentioned,q67_text,Other,categorical,1.0,0.0026595744680851063,0.002652501131733817,,,
q67_text_Not_mentioned,q67_text,Other,categorical,1.0,0.007978723404255319,0.007915063377093709,,,
q67_text_Opinion_3_2012_on_biometric_technologies_Opinion_2_2017_on_data_processing_at_work_CEPD_Guide_3_2019_on_video_devices,q67_text,Other,categorical,1.0,0.0026595744680851063,0.002652501131733817,,,
q67_text_Opinion_3_2012_on_the_evolution_of_biometric_technologies,q67_text,Other,categorical,1.0,0.0026595744680851063,0.002652501131733817,,,
q67_text_Opinion_4_2007_on_concept_of_personal_data_Opinion_06_2014_on_legitimate_interests,q67_text,Other,categorical,1.0,0.0026595744680851063,0.002652501131733817,,,
q67_text_Opinion_4_2007_on_the_concept_of_personal_data_by_the_Article_29_Working_Party,q67_text,Other,categorical,1.0,0.0026595744680851063,0.002652501131733817,,,
q67_text_Opinion_4_2007_on_the_concept_of_personal_data_of_the_Group_of_Article_29,q67_text,Other,categorical,1.0,0.0026595744680851063,0.002652501131733817,,,
q67_text_Regulation_EU_2016_679_GDPR_Organic_Law_3_2018_LOPDGDD_Law_41_2002_Patient_Autonomy_Law,q67_text,Other,categorical,1.0,0.0026595744680851063,0.002652501131733817,,,
q67_text_Schrems_II_ruling_C_311_18,q67_text,Other,categorical,1.0,0.0026595744680851063,0.002652501131733817,,,
q67_text_TYPE,q67_text,Other,categorical,1.0,0.026595744680851064,0.025888411045722048,,,
q67_text_TYPE_EDPB_Guidelines_05_2020_on_consent_WP29_Guidelines_on_transparency_WP29_Opinion_6_2014_on_legitimate_interest,q67_text,Other,categorical,1.0,0.0026595744680851063,0.002652501131733817,,,
q67_text_TYPE_EDPB_Guidelines_07_2020_on_the_concepts_of_controller_and_processor,q67_text,Other,categorical,1.0,0.0026595744680851063,0.002652501131733817,,,
q67_text_TYPE_NOT_MENTIONED,q67_text,Other,categorical,1.0,0.007978723404255319,0.00791506337709371,,,
q67_text_TYPE_Not_explicitly_mentioned,q67_text,Other,categorical,1.0,0.0026595744680851063,0.002652501131733817,,,
q67_text_TYPE_Recitals_39_75_76_83_of_GDPR,q67_text,Other,categorical,1.0,0.0026595744680851063,0.002652501131733817,,,
q67_text_TYPE_Recitals_39_75_76_83_148_of_the_GDPR,q67_text,Other,categorical,1.0,0.0026595744680851063,0.002652501131733817,,,
q67_text_TYPE_STRING,q67_text,Other,categorical,1.0,0.2872340425531915,0.20473064735174287,,,
q67_text_TYPE_STRING_1,q67_text,Other,categorical,1.0,0.0026595744680851063,0.002652501131733817,,,
q67_text_TYPE_STRING_None_mentioned,q67_text,Other,categorical,1.0,0.0026595744680851063,0.002652501131733817,,,
q67_text_UNCLEAR,q67_text,Other,categorical,1.0,0.0026595744680851063,0.002652501131733817,,,
q67_text_WP248_Guidelines_on_Data_Protection_Impact_Assessment,q67_text,Other,categorical,1.0,0.0026595744680851063,0.002652501131733817,,,
q67_text_WP250_Guidelines_on_personal_data_breach_notification_Guidelines_01_2021_on_examples_of_personal_data_breach_notification,q67_text,Other,categorical,1.0,0.0026595744680851063,0.002652501131733817,,,
q67_text_WP260_rev_01_WP251_rev_01,q67_text,Other,categorical,1.0,0.0026595744680851063,0.002652501131733817,,,
q67_text_WP29_Guidelines_on_Personal_Data_Breach_Notification,q67_text,Other,categorical,1.0,0.0026595744680851063,0.002652501131733817,,,
q67_lang_ENGLISH_LIKELY,q67_lang,Other,categorical,1.0,0.9654255319148937,0.03337907424173835,,,
q67_lang_UNKNOWN,q67_lang,Other,categorical,1.0,0.034574468085106384,0.03337907424173835,,,
q68_text_A_Catalan_high_school_used_facial_fingerprint_recognition_for_student_attendance_since_2011_without_valid_legal_basis_under_Article_9_inadequate_information_provision_and_no_processor_contract_The_DPA_issued_a_reprimand_but_no_fine_due_to_public_sector_status_noting_cooperation_and_system_dismantlement,q68_text,Other,categorical,1.0,0.0026595744680851063,0.002652501131733817,,,
q68_text_A_Spanish_cafe_bar_was_fined_2000_for_installing_a_video_surveillance_camera_that_captured_images_of_third_parties_in_a_transit_area_without_justification_violating_GDPR_Article_5_1_c_on_data_minimization_with_aggravating_factors_including_prior_infringement_and_lack_of_cooperation,q68_text,Other,categorical,1.0,0.0026595744680851063,0.002652501131733817,,,
q68_text_A_Spanish_owners_community_published_lists_of_debtor_and_non_debtor_residents_with_personal_data_on_bulletin_boards_accessible_to_outsiders_violating_GDPR_Article_5_1_f_security_principle_The_DPA_imposed_a_500_fine_reduced_due_to_full_cooperation_remediation_no_prior_infringements_and_the_COVID_19_pandemic_context,q68_text,Other,categorical,1.0,0.0026595744680851063,0.002652501131733817,,,
q68_text_A_company_used_a_video_surveillance_system_with_audio_recording_to_monitor_an_employee_leading_to_dismissal_the_Spanish_DPA_found_no_lawful_basis_under_Article_6_GDPR_for_voice_data_processing_imposed_a_6_000_fine_and_ordered_compliance_within_one_month_citing_disproportionality_and_Constitutional_Court_doctrine,q68_text,Other,categorical,1.0,0.0026595744680851063,0.002652501131733817,,,
q68_text_A_complaint_alleged_unauthorized_power_increase_in_an_electricity_contract_The_Spanish_DPA_found_the_defendant_violated_Article_6_GDPR_by_processing_without_valid_legal_basis_and_Article_32_GDPR_due_to_an_inadequate_security_protocol_imposing_fines_totaling_150_000_for_negligence_in_verifying_representation,q68_text,Other,categorical,1.0,0.0026595744680851063,0.002652501131733817,,,
q68_text_A_data_subject_complained_to_the_Spanish_DPA_that_CaixaBank_failed_to_adequately_respond_to_her_access_request_under_Article_15_GDPR_The_DPA_upheld_the_complaint_finding_the_bank_s_response_incomplete_and_ordered_compliance_within_10_days_emphasizing_the_right_to_access_personal_data_and_related_information_without_resolving_contractual_disputes,q68_text,Other,categorical,1.0,0.0026595744680851063,0.002652501131733817,,,
q68_text_A_homeowners_association_posted_debtor_lists_by_apartment_number_on_a_bulletin_board_and_emailed_them_to_all_members_repeatedly_outside_legal_exceptions_violating_GDPR_Article_5_1_f_confidentiality_fined_2_000,q68_text,Other,categorical,1.0,0.0026595744680851063,0.002652501131733817,,,
q68_text_A_homeowners_association_sent_individualized_heating_consumption_data_to_all_members_via_email_violating_GDPR_confidentiality_The_Spanish_DPA_overturned_an_initial_dismissal_imposed_a_480_fine_and_ordered_compliance_measures_within_one_month_The_defendant_paid_voluntarily_terminating_the_procedure,q68_text,Other,categorical,1.0,0.0026595744680851063,0.002652501131733817,,,
q68_text_A_medical_clinic_used_a_laser_thermometer_at_its_entrance_during_COVID_19_making_body_temperature_results_visible_to_others_in_the_waiting_area_violating_GDPR_confidentiality_principles_The_Spanish_DPA_imposed_a_30_000_fine_for_breaches_of_Articles_5_1_f_and_32_citing_negligence_and_health_data_sensitivity_despite_the_defendant_s_claim_that_no_data_processing_occurred,q68_text,Other,categorical,1.0,0.0026595744680851063,0.002652501131733817,,,
q68_text_A_minor_recorded_and_disseminated_images_of_another_minor_being_attacked_without_legal_basis_under_Article_6_GDPR_DPA_issued_a_warning_and_compliance_order_considering_a_fine_disproportionate,q68_text,Other,categorical,1.0,0.0026595744680851063,0.002652501131733817,,,
q68_text_A_mother_filed_a_complaint_against_CaixaBank_for_failing_to_provide_requested_account_information_of_her_minor_daughter_and_improperly_disclosing_data_of_another_daughter_The_Spanish_DPA_found_a_violation_of_Article_32_1_GDPR_due_to_inadequate_security_measures_imposing_a_25_000_fine_and_a_compliance_order_to_prevent_future_incidents,q68_text,Other,categorical,1.0,0.0026595744680851063,0.002652501131733817,,,
q68_text_A_notary_office_scanned_a_claimant_s_ID_for_money_laundering_compliance_without_immediate_Article_13_GDPR_information_leading_to_a_reprimand_and_compliance_order_due_to_delayed_response_and_lack_of_transparency_mitigated_by_cooperation_and_public_sector_status,q68_text,Other,categorical,1.0,0.0026595744680851063,0.002652501131733817,,,
q68_text_A_package_delivery_company_delivered_a_mobile_phone_to_a_wrong_address_exposing_complainant_s_personal_data_on_the_label_The_Spanish_DPA_found_a_breach_of_Article_5_1_f_GDPR_due_to_lack_of_confidentiality_and_imposed_a_70_000_fine_plus_compliance_measures_citing_negligence_and_failure_to_follow_internal_protocols,q68_text,Other,categorical,1.0,0.0026595744680851063,0.002652501131733817,,,
q68_text_AEPD_initiated_procedure_PS_00100_2020_against_ARANOW_PACKAGING_MACHINERY_S_L_following_complaint_on_03_10_2019_about_missing_privacy_and_cookie_policies_on_website_Privacy_policy_found_compliant_with_GDPR_Article_13_cookie_policy_violated_LSSI_Article_22_2_for_lacking_easy_rejection_mechanism_Proposed_3000_EUR_fine_reduced_to_1800_EUR_via_voluntary_payment_on_22_06_2020_terminating_procedure,q68_text,Other,categorical,1.0,0.0026595744680851063,0.002652501131733817,,,
q68_text_AEPD_issued_provisional_measures_against_Meta_Platforms_Ireland_Limited_to_suspend_implementation_of_Election_Day_Information_and_Voter_Information_Unit_features_in_Spain_citing_lack_of_legal_basis_under_Article_6_excessive_data_processing_and_imminent_risks_to_data_subjects_rights_ahead_of_EU_parliamentary_elections,q68_text,Other,categorical,1.0,0.0026595744680851063,0.002652501131733817,,,
q68_text_ANPC_used_body_cameras_to_record_controls_without_legal_basis_processing_personal_data_unlawfully_DPA_issued_warning_and_ordered_cessation_of_processing_and_data_deletion_citing_violation_of_Article_5_1_a_and_lack_of_Article_6_basis,q68_text,Other,categorical,1.0,0.0026595744680851063,0.002652501131733817,,,
q68_text_ATG_processed_personal_data_without_valid_consent_due_to_cookie_banner_making_withdrawal_harder_than_giving_consent_and_using_misleading_design_colors_contrast_favoring_acceptance_Swedish_DPA_issued_reprimand_no_fine_as_minor_infringement_with_mitigating_factors_improvements_made_cooperation_no_prior_violations_Cross_border_case_with_Austrian_DPA_as_concerned_authority,q68_text,Other,categorical,1.0,0.0026595744680851063,0.002652501131733817,,,
q68_text_Air_Europa_suffered_a_cyberattack_from_May_to_August_2018_compromising_489_000_customers_bank_card_data_The_Spanish_DPA_found_violations_of_Articles_32_1_inadequate_security_measures_and_33_late_breach_notification_imposing_fines_of_500_000_and_100_000_respectively_citing_negligence_and_failure_to_protect_data_adequately,q68_text,Other,categorical,1.0,0.0026595744680851063,0.002652501131733817,,,
q68_text_Amazon_Spain_subsidiary_required_job_applicants_to_provide_criminal_record_certificates_without_legal_basis_under_Article_10_GDPR_DPA_fined_2M_for_unlawful_processing_rejecting_consent_and_legitimate_interest_claims_and_ordered_compliance_measures,q68_text,Other,categorical,1.0,0.0026595744680851063,0.002652501131733817,,,
q68_text_Appeal_by_A_A_A_via_IMI_Austria_against_Spanish_DPA_s_archiving_of_complaint_against_Turner_Broadcasting_System_Espa_a_for_LSSI_violations_website_redirected_to_different_entity_making_complaint_moot_appeal_dismissed_upholding_original_resolution,q68_text,Other,categorical,1.0,0.0026595744680851063,0.002652501131733817,,,
q68_text_Appeal_upheld_overturning_a_2_000_fine_against_G_G_G_for_alleged_GDPR_Article_6_violation_due_to_insufficient_evidence_linking_the_defendant_to_the_dissemination_of_a_video_on_pacot_es_investigation_revealed_unreliable_IP_data_and_lack_of_proof_of_authorship,q68_text,Other,categorical,1.0,0.0026595744680851063,0.002652501131733817,,,
q68_text_BBVA_bank_employee_forged_complainant_s_signature_on_data_protection_consent_documents_for_commercial_purposes_and_profiling_AEPD_imposed_120_000_fine_for_violating_Article_6_1_GDPR_reduced_from_200_000_due_to_acknowledgment_and_payment,q68_text,Other,categorical,1.0,0.0026595744680851063,0.002652501131733817,,,
q68_text_BBVA_consulted_complainant_s_credit_data_without_valid_contract_DPA_found_Article_6_1_violation_due_to_lack_of_lawfulness_30_000_fine_reduced_to_18_000_after_voluntary_payment_and_responsibility_acknowledgment,q68_text,Other,categorical,1.0,0.0026595744680851063,0.002652501131733817,,,
q68_text_BBVA_disclosed_a_lawyer_s_private_address_to_their_client_during_a_claim_process_violating_GDPR_Articles_5_1_b_5_1_f_and_32_resulting_in_a_70_000_fine_for_negligence_and_inadequate_security_measures,q68_text,Other,categorical,1.0,0.0026595744680851063,0.002652501131733817,,,
q68_text_BODY_LINE_SRL_fined_10_000_EUR_for_posting_customer_audio_video_on_social_media_revealing_ethnic_origin_without_legal_basis_failing_to_delete_data_upon_request_and_inadequate_security_measures_for_surveillance_data_corrective_orders_issued_for_compliance_and_deletion,q68_text,Other,categorical,1.0,0.0026595744680851063,0.002652501131733817,,,
q68_text_Banca_Transilvania_SA_fined_100_000_for_violating_GDPR_Articles_5_f_and_32_after_employee_mishandling_led_to_public_disclosure_of_client_and_employee_personal_data_via_email_and_social_media_causing_moral_and_economic_harm,q68_text,Other,categorical,1.0,0.0026595744680851063,0.002652501131733817,,,
q68_text_Banco_Santander_disclosed_a_claimant_s_mortgage_loan_amortization_table_to_a_third_party_due_to_human_error_violating_GDPR_Articles_5_1_f_and_32_1_The_Spanish_DPA_imposed_fines_totaling_70_000_and_a_compliance_order_citing_negligence_and_the_entity_s_large_scale_with_no_fine_reductions_due_to_late_responsibility_acknowledgment,q68_text,Other,categorical,1.0,0.0026595744680851063,0.002652501131733817,,,
q68_text_Bankia_now_CaixaBank_conditioned_consent_for_marketing_data_processing_on_exemption_from_account_fees_for_ON_product_customers_violating_GDPR_Article_7_4_Spanish_DPA_imposed_2_1M_fine_for_non_free_consent_and_pre_ticked_boxes_during_online_registrations_considering_intentionality_large_scale_and_entity_cooperation,q68_text,Other,categorical,1.0,0.0026595744680851063,0.002652501131733817,,,
q68_text_CDON_AB_violated_GDPR_Articles_5_1c_12_2_and_12_6_by_imposing_burdensome_identity_verification_for_erasure_requests_requiring_excessive_personal_data_without_justification_IMY_issued_a_reprimand_due_to_minor_violation_cooperation_and_improved_routines,q68_text,Other,categorical,1.0,0.0026595744680851063,0.002652501131733817,,,
q68_text_CNPD_initially_ordered_Worldcoin_Foundation_to_halt_biometric_data_collection_in_Portugal_for_90_days_Worldcoin_appealed_claiming_BayLDA_was_lead_authority_due_to_its_German_establishment_ZipCode_GmbH_CNPD_determined_ZipCode_was_Worldcoin_s_sole_EU_establishment_making_BayLDA_the_lead_supervisory_authority_under_GDPR_one_stop_shop_mechanism_CNPD_referred_the_case_to_BayLDA_and_revoked_its_prior_order,q68_text,Other,categorical,1.0,0.0026595744680851063,0.002652501131733817,,,
q68_text_CNPD_ordered_Worldcoin_Foundation_to_temporarily_halt_biometric_data_collection_in_Portugal_for_90_days_due_to_invalid_consent_insufficient_information_inability_to_erase_data_and_processing_of_minors_data_without_legal_consent_citing_high_risks_to_fundamental_rights,q68_text,Other,categorical,1.0,0.0026595744680851063,0.002652501131733817,,,
q68_text_CaixaBank_processed_client_data_for_anti_money_laundering_checks_via_TGSS_without_valid_consent_Spanish_DPA_found_consent_not_free_specific_or_informed_fining_1_2M_after_reductions_for_cooperation_and_payment,q68_text,Other,categorical,1.0,0.0026595744680851063,0.002652501131733817,,,
q68_text_Catalan_DPA_found_La_Canonja_City_Council_violated_GDPR_Articles_5_and_35_by_using_fingerprint_biometrics_for_employee_time_tracking_without_legal_basis_or_impact_assessment_ordered_cessation_and_alternative_system_implementation_within_two_months_with_no_fine_imposed,q68_text,Other,categorical,1.0,0.0026595744680851063,0.002652501131733817,,,
q68_text_City_Council_of_Jerez_de_la_Frontera_processed_claimant_s_and_spouse_s_personal_data_without_legal_basis_by_assuming_community_property_regime_without_verification_leading_to_unauthorized_debt_communication_and_data_requests_DPA_issued_warning_under_Article_77_2_LOPDGDD_for_Article_6_GDPR_violation,q68_text,Other,categorical,1.0,0.0026595744680851063,0.002652501131733817,,,
q68_text_Civil_Guard_refers_complaint_against_self_employed_gas_installer_A_A_A_for_leaving_behind_a_Dietario_Perpetuo_diary_containing_names_surnames_IDs_addresses_and_phones_of_clients_without_consent_or_information_AEPD_initiates_proceedings_for_Article_6_1_a_and_Article_13_GDPR_violations_finds_unlawful_processing_of_personal_data_lacking_lawful_basis_and_failure_to_inform_data_subjects_Imposes_3_000_EUR_fine_for_Article_6_breach_warning_for_Article_13_and_orders_compliance_with_information_duties_within_one_month_citing_local_scope_negligence_and_no_prior_infringements,q68_text,Other,categorical,1.0,0.0026595744680851063,0.002652501131733817,,,
q68_text_Claimant_alleged_failure_to_respond_to_access_and_deletion_requests_regarding_a_debt_Spanish_DPA_found_defendant_provided_access_and_reasoned_deletion_denial_based_on_enforceable_debt_dismissed_claim_with_no_violations_or_fine,q68_text,Other,categorical,1.0,0.0026595744680851063,0.002652501131733817,,,
q68_text_Claimant_filed_access_request_against_university_DPA_found_request_excessive_abusive_under_Article_12_5_GDPR_no_violations_by_defendant_case_closed_without_fine,q68_text,Other,categorical,1.0,0.0026595744680851063,0.002652501131733817,,,
q68_text_Claimant_filed_complaint_on_May_4_2020_against_City_Council_of_Mejora_del_Campo_for_lacking_DPO_AEPD_initiated_sanctioning_procedure_on_September_30_2020_for_Article_37_1_GDPR_violation_defendant_did_not_respond_Issued_warning_and_ordered_DPO_appointment_within_one_month_no_fine_due_to_public_body_status,q68_text,Other,categorical,1.0,0.0026595744680851063,0.002652501131733817,,,
q68_text_Claimant_requested_deletion_of_nine_URLs_from_Google_search_results_citing_personal_data_without_consent_AEPD_dismissed_the_claim_finding_URLs_related_to_professional_activity_e_g_public_exams_BORME_publications_were_of_public_interest_with_legitimate_interests_prevailing_under_Article_17_3_a_GDPR_for_freedom_of_expression_No_violations_or_fines_imposed,q68_text,Other,categorical,1.0,0.0026595744680851063,0.002652501131733817,,,
q68_text_Claimant_sought_delisting_of_personal_data_from_Google_search_results_linking_to_Constitutional_Court_ruling_AEPD_upheld_claim_against_Google_for_one_URL_where_data_was_outdated_dismissed_against_Constitutional_Court_citing_jurisdictional_limits_no_fine_imposed_compliance_order_issued,q68_text,Other,categorical,1.0,0.0026595744680851063,0.002652501131733817,,,
q68_text_Complainant_A_A_A_filed_complaint_against_Bankia_S_A_on_20_Sep_2019_for_retaining_personal_data_16_years_after_ceasing_client_status_discovered_during_re_onboarding_AEPD_initiated_sanction_procedure_PS_00076_2020_on_8_Jun_2020_for_Article_5_1_b_GDPR_violation_on_storage_limitation_Bankia_claimed_data_blocked_per_retention_policy_but_procedure_terminated_voluntarily_via_decision_R_00387_2020,q68_text,Other,categorical,1.0,0.0026595744680851063,0.002652501131733817,,,
q68_text_Complainant_on_Robinson_List_received_unsolicited_marketing_call_from_Iberdrola_client_s_telesales_collaborator_on_June_19_2020_due_to_human_error_AEPD_initiated_sanctioning_procedure_for_violation_of_Article_21_GDPR_right_to_object_proposing_10_000_EUR_fine_under_LGT_minor_infringement_Procedure_terminated_after_voluntary_payment_of_6_000_EUR_with_reductions_for_responsibility_acknowledgment_and_cooperation,q68_text,Other,categorical,1.0,0.0026595744680851063,0.002652501131733817,,,
q68_text_Complaint_about_access_to_recorded_phone_conversation_Nordea_provided_transcript_and_edited_audio_file_DPA_found_compliance_with_Article_15_and_closed_case_without_action,q68_text,Other,categorical,1.0,0.0026595744680851063,0.002652501131733817,,,
q68_text_Complaint_against_BBB_for_video_surveillance_cameras_oriented_towards_public_space_DPA_found_violation_of_Article_5_1_c_GDPR_data_minimization_as_system_captured_unnecessary_third_party_data_defendant_paid_reduced_fine_of_1200_after_acknowledging_responsibility_and_voluntary_payment,q68_text,Other,categorical,1.0,0.0026595744680851063,0.002652501131733817,,,
q68_text_Complaint_against_Google_LLC_for_delayed_response_to_erasure_request_under_GDPR_Article_17_Spanish_DPA_found_violation_due_to_untimely_handling_but_no_fine_imposed_as_rights_were_restored_post_complaint,q68_text,Other,categorical,1.0,0.0026595744680851063,0.002652501131733817,,,
q68_text_Complaint_against_Google_for_failure_to_comply_with_erasure_request_regarding_a_Google_My_Business_review_during_proceedings_Google_removed_the_content_resolving_the_issue_without_fine_or_further_action,q68_text,Other,categorical,1.0,0.0026595744680851063,0.002652501131733817,,,
q68_text_Complaint_against_SAGE_SPAIN_SL_for_failure_to_respond_to_data_subject_access_request_within_legal_timeframe_defendant_eventually_complied_during_procedure_resolving_the_issue_without_fine_or_corrective_measures,q68_text,Other,categorical,1.0,0.0026595744680851063,0.002652501131733817,,,
q68_text_Complaint_alleged_LSSI_violation_for_cookie_policy_on_westwing_es_AEPD_verified_cookies_were_technical_necessary_found_no_infringement_archived_procedure_without_sanction,q68_text,Other,categorical,1.0,0.0026595744680851063,0.002652501131733817,,,
q68_text_Complaint_alleged_RAE_transferred_personal_data_to_Google_LLC_via_Google_Analytics_without_adequate_safeguards_post_Schrems_II_DPA_archived_case_finding_no_evidence_of_infringement_as_RAE_ceased_processing_and_claimed_public_interest_basis,q68_text,Other,categorical,1.0,0.0026595744680851063,0.002652501131733817,,,
q68_text_Complaint_alleged_unauthorized_data_processing_via_email_from_corporate_account_DPA_archived_case_ruling_processing_was_exclusively_personal_domestic_activity_under_GDPR_Article_2_2_c_thus_outside_GDPR_scope_No_infringement_found,q68_text,Other,categorical,1.0,0.0026595744680851063,0.002652501131733817,,,
q68_text_Complaint_alleged_video_surveillance_camera_on_pub_facade_captured_excessive_public_space_Spanish_DPA_investigation_found_no_violation_as_capture_was_minimal_and_necessary_for_security_resulting_in_no_penalty,q68_text,Other,categorical,1.0,0.0026595744680851063,0.002652501131733817,,,
q68_text_Complaint_alleged_video_surveillance_cameras_capturing_public_private_spaces_without_authorization_investigation_found_cameras_limited_to_defendant_s_private_property_with_proper_signage_no_evidence_of_public_space_capture_or_GDPR_violation_case_archived,q68_text,Other,categorical,1.0,0.0026595744680851063,0.002652501131733817,,,
q68_text_Complaint_filed_regarding_video_surveillance_cameras_allegedly_oriented_towards_complainant_s_home_potentially_violating_data_minimisation_principle_defendant_denied_responsibility_Spanish_DPA_archived_procedure_as_responsible_party_could_not_be_identified_no_sanctions_imposed,q68_text,Other,categorical,1.0,0.0026595744680851063,0.002652501131733817,,,
q68_text_EDP_Solar_Espa_a_sent_an_email_to_99_solar_project_participants_containing_an_attachment_with_excessive_personal_data_beyond_necessity_violating_GDPR_Article_5_1_c_fined_42_000_after_reductions_for_cooperation_and_acknowledgment_with_a_compliance_order_to_adjust_data_processing_practices,q68_text,Other,categorical,1.0,0.0026595744680851063,0.002652501131733817,,,
q68_text_Easylife_Limited_a_UK_mail_order_company_inferred_health_conditions_from_customer_purchase_data_to_target_telemarketing_of_health_supplements_without_lawful_basis_or_transparency_processing_special_category_data_unlawfully_The_ICO_imposed_a_1_35M_fine_for_violating_Article_5_1_a_GDPR_citing_negligence_scale_affecting_145_400_individuals_and_prior_compliance_issues,q68_text,Other,categorical,1.0,0.0026595744680851063,0.002652501131733817,,,
q68_text_Ellos_Group_AB_violated_Article_32_1_GDPR_by_insufficient_security_in_its_merge_customer_process_allowing_unauthorized_access_to_purchase_history_via_publicly_available_data_IMY_issued_a_reprimand_considering_it_a_minor_infringement_due_to_negligence_single_affected_person_no_sensitive_data_and_prompt_mitigation_actions,q68_text,Other,categorical,1.0,0.0026595744680851063,0.002652501131733817,,,
q68_text_Eulen_as_processor_sent_six_emails_over_three_years_without_blind_copy_exposing_recipients_email_addresses_and_names_to_50_others_each_time_The_Catalan_DPA_found_a_confidentiality_breach_under_Article_5_1_f_GDPR_imposing_a_3_000_fine_reduced_to_1_800_for_cooperation_and_voluntary_payment,q68_text,Other,categorical,1.0,0.0026595744680851063,0.002652501131733817,,,
q68_text_Flexicredit_sanctioned_3000_for_GDPR_Article_32_2_violation_inadequate_security_measures_allowed_employee_to_fraudulently_obtain_17_loans_using_falsified_documents_without_proper_identity_verification_processing_personal_data_of_multiple_subjects,q68_text,Other,categorical,1.0,0.0026595744680851063,0.002652501131733817,,,
q68_text_Glove_Technology_SRL_fined_5_000_for_processing_employee_data_via_audio_video_surveillance_without_legal_basis_under_Article_6_1_violating_Article_5_1_a_ordered_to_cease_processing_and_delete_data_immediately,q68_text,Other,categorical,1.0,0.0026595744680851063,0.002652501131733817,,,
q68_text_I_DE_a_large_Spanish_electricity_distributor_suffered_a_cyberattack_in_March_2022_exploiting_a_vulnerability_in_its_GEA_web_application_leading_to_unauthorized_access_and_exfiltration_of_personal_data_of_1_35_million_customers_The_Spanish_DPA_found_violations_of_Articles_5_1_f_confidentiality_breach_and_32_inadequate_security_measures_GDPR_imposing_fines_totaling_3_5_million_due_to_the_scale_of_processing_negligence_and_mitigating_actions_taken,q68_text,Other,categorical,1.0,0.0026595744680851063,0.002652501131733817,,,
q68_text_IKEA_Romania_SA_fined_1000_for_GDPR_Article_32_security_breach_children_s_contest_data_mistakenly_published_online_for_40_hours_exposing_114_individuals_data_DPA_emphasized_need_for_specific_child_data_protection,q68_text,Other,categorical,1.0,0.0026595744680851063,0.002652501131733817,,,
q68_text_IMY_reprimanded_Trionic_Sverige_AB_for_unlawfully_disclosing_complainant_s_data_without_legal_basis_under_Article_6_1_and_insufficient_recipient_information_under_Article_13_1_e_considering_it_a_minor_infringement_with_no_fine_due_to_limited_impact_and_cooperation,q68_text,Other,categorical,1.0,0.0026595744680851063,0.002652501131733817,,,
q68_text_ING_Spain_fined_1_6M_for_GDPR_Article_6_violation_required_non_freely_given_consent_via_adhesion_clause_for_TGSS_data_verification_in_account_openings_despite_AML_regulations_not_mandating_this_method_DPA_found_consent_invalid_and_ordered_compliance_within_6_months,q68_text,Other,categorical,1.0,0.0026595744680851063,0.002652501131733817,,,
q68_text_Individual_A_A_A_repeatedly_posted_complainant_s_resume_containing_personal_data_on_Facebook_groups_without_consent_Spanish_DPA_found_violation_of_consent_principle_Article_6_1_LOPD_GDPR_issued_warning_and_compliance_order_to_remove_data_but_no_fine_due_to_mitigating_factors_including_first_offense_and_no_proven_harm,q68_text,Other,categorical,1.0,0.0026595744680851063,0.002652501131733817,,,
q68_text_Individual_A_A_A_used_claimant_B_B_B_s_photos_to_create_fake_Tinder_WhatsApp_profiles_for_deceptive_interactions_Spanish_DPA_found_Article_5_1_a_GDPR_violation_imposed_2_000_fine_reduced_to_1_200_via_voluntary_payment_and_responsibility_recognition_terminating_the_procedure,q68_text,Other,categorical,1.0,0.0026595744680851063,0.002652501131733817,,,
q68_text_Individual_B_B_B_published_complainant_s_personal_data_on_Facebook_without_lawful_basis_Spanish_DPA_initiated_procedure_defendant_paid_reduced_600_fine_and_must_delete_data_within_10_days_Violation_of_Article_6_1_GDPR,q68_text,Other,categorical,1.0,0.0026595744680851063,0.002652501131733817,,,
q68_text_Individual_defendant_B_B_B_fined_1000_for_violating_GDPR_Article_5_1_c_data_minimization_by_orienting_home_video_surveillance_cameras_to_capture_excessive_public_and_third_party_private_space_despite_prior_warning_ordered_to_mask_cameras_and_remove_any_affecting_transit_areas_within_one_month,q68_text,Other,categorical,1.0,0.0026595744680851063,0.002652501131733817,,,
q68_text_Individual_hotel_operator_fined_3_000_for_violating_GDPR_Article_5_1_c_by_installing_video_surveillance_cameras_capturing_disproportionate_public_space_images_without_mandatory_information_posters_DPA_considered_lack_of_previous_infringements_and_small_business_status_in_setting_fine,q68_text,Other,categorical,1.0,0.0026595744680851063,0.002652501131733817,,,
q68_text_Individual_installed_video_surveillance_cameras_capturing_neighbor_s_property_images_violating_GDPR_Article_5_1_c_data_minimization_Spanish_DPA_imposed_300_fine_and_compliance_order_to_remove_readjust_cameras_within_10_days,q68_text,Other,categorical,1.0,0.0026595744680851063,0.002652501131733817,,,
q68_text_Individual_installed_video_surveillance_cameras_in_common_areas_without_authorization_or_information_signs_violating_GDPR_Articles_6_and_13_fined_1_500_and_ordered_to_remove_cameras_and_provide_proof_within_15_days,q68_text,Other,categorical,1.0,0.0026595744680851063,0.002652501131733817,,,
q68_text_Individual_installed_video_surveillance_cameras_on_property_facade_capturing_common_areas_and_neighbors_private_spaces_without_authorization_or_proper_signage_Spanish_DPA_found_violation_of_GDPR_Article_5_1_c_data_minimization_principle_imposed_2000_fine_and_compliance_order_to_rectify_or_remove_system,q68_text,Other,categorical,1.0,0.0026595744680851063,0.002652501131733817,,,
q68_text_Insufficient_information_provided_to_summarize_case_facts_issues_or_reasoning,q68_text,Other,categorical,1.0,0.0026595744680851063,0.002652501131733817,,,
q68_text_Klarna_Bank_AB_fined_SEK_7_5M_by_Swedish_DPA_for_transparency_violations_in_data_protection_information_from_March_to_June_2020_failing_to_adequately_inform_on_purposes_legal_bases_data_sharing_storage_rights_and_automated_decisions_affecting_millions_of_users,q68_text,Other,categorical,1.0,0.0026595744680851063,0.002652501131733817,,,
q68_text_MAG_Interactive_AB_violated_Article_12_3_by_delaying_notification_of_deletion_outcome_until_Nov_2020_for_May_2019_request_no_Article_17_violation_found_case_closed_without_action_due_to_oversight_and_implemented_procedural_improvements,q68_text,Other,categorical,1.0,0.0026595744680851063,0.002652501131733817,,,
q68_text_MISSING,q68_text,Other,categorical,1.0,0.2074468085106383,0.16441263014938884,,,
q68_text_Media_company_published_unaltered_audio_of_rape_victim_s_court_statement_violating_data_minimization_fined_30_000_after_appeal_and_cooperation_DPA_found_voice_identifiable_personal_data_and_freedom_of_information_did_not_justify_unnecessary_disclosure,q68_text,Other,categorical,1.0,0.0026595744680851063,0.002652501131733817,,,
q68_text_Media_outlet_CONECTA5_TELECINCO_published_unaltered_victim_voice_recording_in_news_coverage_AEPD_found_violation_of_Article_5_1_c_GDPR_data_minimization_and_ordered_immediate_content_removal_Defendant_argued_voice_wasn_t_personal_data_but_complied_with_removal_order,q68_text,Other,categorical,1.0,0.0026595744680851063,0.002652501131733817,,,
q68_text_NOT_DISCUSSED,q68_text,Other,categorical,1.0,0.005319148936170213,0.00529085559076505,,,
q68_text_Natural_person_installed_video_surveillance_cameras_on_home_facade_capturing_public_roads_and_private_areas_excessively_without_information_sign_violating_GDPR_Articles_5_1_c_data_minimization_and_13_information_obligations_fined_1_500_total_and_ordered_to_reorient_cameras_and_install_signage_within_10_days_with_aggravating_factors_including_negligence_and_non_cooperation,q68_text,Other,categorical,1.0,0.0026595744680851063,0.002652501131733817,,,
q68_text_Natural_person_operated_website_publishing_personal_data_of_383_individuals_without_lawful_basis_fined_150_EUR_for_violating_Articles_5_1_a_f_and_6_1_a_GDPR,q68_text,Other,categorical,1.0,0.0026595744680851063,0.002652501131733817,,,
q68_text_Non_binding_opinion_addressing_employer_processing_of_employee_COVID_19_test_data_and_health_card_numbers_discusses_legal_bases_under_GDPR_Article_6_and_9_emphasizes_problematic_consent_in_employment_contexts_references_EDPB_guidelines_and_advises_on_purpose_limitation_and_data_minimization_principles,q68_text,Other,categorical,1.0,0.0026595744680851063,0.002652501131733817,,,
q68_text_Non_profit_association_published_claimant_s_home_address_on_Twitter_without_legal_basis_immediate_removal_and_cooperation_led_to_warning_instead_of_fine_under_Article_83_5_a_GDPR_for_violating_Article_6_lawfulness_and_Article_5_confidentiality_principles,q68_text,Other,categorical,1.0,0.0026595744680851063,0.002652501131733817,,,
q68_text_Nordax_Bank_AB_failed_to_handle_complainant_s_data_subject_rights_requests_under_Articles_12_15_and_17_IMY_issued_reprimand_and_compliance_orders_due_to_minor_infringement_affecting_one_person_human_error_no_prior_breaches_and_cross_border_cooperation_with_Norway_Denmark_Finland_and_Germany,q68_text,Other,categorical,1.0,0.0026595744680851063,0.002652501131733817,,,
q68_text_Orange_Spain_fined_200_000_for_providing_duplicate_eSIM_to_impersonator_without_identity_verification_violating_Article_6_1_GDPR_DPA_found_lack_of_due_diligence_despite_security_measures_with_aggravating_factors_including_previous_similar_infringements,q68_text,Other,categorical,1.0,0.0026595744680851063,0.002652501131733817,,,
q68_text_Orange_fined_1_2M_for_GDPR_violations_200K_for_unlawful_SIM_duplicate_processing_Art_6_and_1M_for_inadequate_data_protection_by_design_Art_25_Case_initiated_by_complaint_after_fraudulent_SIM_swap_led_to_9K_theft_DPA_found_Orange_s_measures_insufficient_to_prevent_agent_misuse_with_previous_infringements_noted,q68_text,Other,categorical,1.0,0.0026595744680851063,0.002652501131733817,,,
q68_text_Polish_DPA_fined_Chief_National_Surveyor_12_732_for_failing_to_notify_a_48_hour_disclosure_of_land_register_numbers_personal_data_on_its_website_and_not_informing_data_subjects_despite_explicit_DPA_instruction_violations_were_intentional_and_repeat_offenses,q68_text,Other,categorical,1.0,0.0026595744680851063,0.002652501131733817,,,
q68_text_Polish_DPA_fined_PNP_Sp_ka_Akcyjna_EUR_5000_for_failing_to_cooperate_and_provide_information_requested_during_complaint_investigation_violating_Articles_31_and_58_1_e_GDPR_violation_was_continuous_from_October_2019_deemed_serious_due_to_hindering_proceedings,q68_text,Other,categorical,1.0,0.0026595744680851063,0.002652501131733817,,,
q68_text_Polish_DPA_fined_Pactum_Poland_Sp_z_o_o_PLN_18_192_for_failing_to_cooperate_in_a_complaint_investigation_violating_Articles_31_and_58_1_e_GDPR_by_not_responding_to_multiple_requests_for_information_deemed_intentional_and_ongoing_since_July_2020_with_no_mitigation_or_cooperation,q68_text,Other,categorical,1.0,0.0026595744680851063,0.002652501131733817,,,
q68_text_Polish_DPA_fined_Virgin_Mobile_Polska_P4_350k_for_GDPR_security_breaches_inadequate_IT_measures_led_to_unauthorized_access_affecting_114_963_prepaid_subscribers_data_including_PESEL_numbers_Violated_Articles_5_1_f_5_2_25_1_32_1_b_d_32_2_Fine_based_on_negligence_high_risk_but_mitigated_by_cooperation_and_remediation,q68_text,Other,categorical,1.0,0.0026595744680851063,0.002652501131733817,,,
q68_text_Polish_DPA_issued_a_warning_to_a_sole_proprietor_for_failing_to_cooperate_in_a_complaint_investigation_by_not_responding_to_information_requests_over_months_citing_illness_and_COVID_19_no_fine_imposed_due_to_eventual_cooperation_and_mitigating_factors,q68_text,Other,categorical,1.0,0.0026595744680851063,0.002652501131733817,,,
q68_text_Polish_school_processed_student_data_via_surveys_without_legal_basis_under_Article_6_1_c_violating_Article_5_1_a_DPA_issued_warning_due_to_unintentional_violation_immediate_corrective_actions_no_harm_and_first_time_offense,q68_text,Other,categorical,1.0,0.0026595744680851063,0.002652501131733817,,,
q68_text_Profi_Rom_Food_Srl_fined_10_000_for_sharing_employee_ID_data_without_legal_basis_and_warned_for_security_failures_after_employee_leaked_video_data_via_WhatsApp_DPA_ordered_compliance_measures_and_training,q68_text,Other,categorical,1.0,0.0026595744680851063,0.002652501131733817,,,
q68_text_Romanian_DPA_fined_Corint_Logistic_SRL_2000_EUR_and_issued_warning_for_GDPR_violations_lack_of_consent_for_marketing_SMS_failure_to_honor_deletion_objection_requests_and_inadequate_response_to_access_requests_corrective_orders_for_compliance_procedures,q68_text,Other,categorical,1.0,0.0026595744680851063,0.002652501131733817,,,
q68_text_Romanian_DPA_fined_Global_Ports_s_Services_2000_for_GPS_monitoring_of_employee_without_legal_basis_information_or_storage_limits_issued_warnings_and_compliance_orders_for_transparency_and_storage_violations,q68_text,Other,categorical,1.0,0.0026595744680851063,0.002652501131733817,,,
q68_text_Romanian_DPA_fined_Meedea_Construct_Prest_SRL_2000_for_unlawfully_disclosing_a_former_employee_s_personal_and_health_data_to_a_third_party_violating_GDPR_principles_of_lawfulness_purpose_limitation_security_and_accountability,q68_text,Other,categorical,1.0,0.0026595744680851063,0.002652501131733817,,,
q68_text_Romanian_DPA_fined_RED_WHITE_2022_MANAGEMENT_S_A_5000_for_violating_GDPR_Article_28_3_by_failing_to_provide_documented_instructions_to_its_processor_when_sending_a_crowdfunding_email_to_a_supporter_database,q68_text,Other,categorical,1.0,0.0026595744680851063,0.002652501131733817,,,
q68_text_Romanian_DPA_fined_SC_Nobiotic_Pharma_SRL_2000_for_failing_to_provide_information_during_an_investigation_into_unsolicited_SMS_complaints_violating_Article_58_1_cooperation_obligations,q68_text,Other,categorical,1.0,0.0026595744680851063,0.002652501131733817,,,
q68_text_Romanian_DPA_fined_Sanatatea_Press_Group_SRL_2_000_EUR_on_12_08_2020_for_breaching_Article_32_and_5_1_f_GDPR_Investigation_followed_controller_s_breach_notification_of_erroneous_login_data_transmission_during_online_event_exposing_emails_usernames_of_1_300_users_Violation_due_to_inadequate_security_measures_no_harm_materialized_subjects_notification_not_discussed,q68_text,Other,categorical,1.0,0.0026595744680851063,0.002652501131733817,,,
q68_text_Romanian_DPA_fined_Tehnoplus_Industry_SRL_5000_EUR_for_excessive_GPS_monitoring_of_employee_without_proper_legal_basis_information_or_storage_limits_ordered_compliance_reassessment_and_data_limitation,q68_text,Other,categorical,1.0,0.0026595744680851063,0.002652501131733817,,,
q68_text_School_used_facial_recognition_for_cashless_catering_without_prior_DPIA_and_relied_on_invalid_opt_out_consent_reprimanded_for_Article_35_1_violation_with_remedial_steps_noted,q68_text,Other,categorical,1.0,0.0026595744680851063,0.002652501131733817,,,
q68_text_Slovak_DPA_issued_advisory_opinion_to_Ministry_of_Finance_finding_that_FATCA_related_tax_treaties_lack_GDPR_compliant_safeguards_for_US_data_transfers_referencing_EDPB_guidelines_and_CJEU_Schrems_II_ruling_recommending_pan_European_coordination,q68_text,Other,categorical,1.0,0.0026595744680851063,0.002652501131733817,,,
q68_text_Slovenian_DPA_initiated_ex_officio_inspection_of_a_bar_s_video_surveillance_system_finding_it_recorded_beyond_necessary_areas_e_g_entire_terrace_and_interior_without_valid_legal_basis_under_legitimate_interests_violating_data_minimization_and_purpose_limitation_ordered_camera_adjustments_to_limit_recording_to_entrance_and_cash_register_only_with_no_fine_imposed,q68_text,Other,categorical,1.0,0.0026595744680851063,0.002652501131733817,,,
q68_text_Slovenian_DPA_issued_a_non_binding_advisory_opinion_clarifying_data_access_rights_under_GDPR_Article_15_and_national_laws_specifically_addressing_police_data_processing_exemptions_under_national_security_provisions_without_any_enforcement_actions,q68_text,Other,categorical,1.0,0.0026595744680851063,0.002652501131733817,,,
q68_text_Slovenian_DPA_issued_a_non_binding_opinion_in_response_to_a_complaint_about_online_publication_of_a_self_employed_cultural_worker_s_data_concluding_that_such_data_are_not_protected_under_GDPR_as_they_constitute_business_entity_information_under_national_law_based_on_constitutional_case_law_and_specific_acts,q68_text,Other,categorical,1.0,0.0026595744680851063,0.002652501131733817,,,
q68_text_Slovenian_DPA_provided_a_non_binding_opinion_on_distance_education_processing_stating_legal_obligation_under_Article_6_1_c_is_the_appropriate_basis_for_schools_not_consent_and_emphasized_data_minimization_and_security_principles,q68_text,Other,categorical,1.0,0.0026595744680851063,0.002652501131733817,,,
q68_text_Slovenian_Information_Commissioner_issued_a_non_binding_opinion_clarifying_jurisdictional_roles_for_drone_regulation_IP_monitors_GDPR_compliance_and_impact_assessments_Civil_Aviation_Agency_handles_flight_safety_with_no_enforcement_actions_or_violations_discussed,q68_text,Other,categorical,1.0,0.0026595744680851063,0.002652501131733817,,,
q68_text_Slovenian_Information_Commissioner_issued_non_binding_opinion_on_mandatory_employee_video_recording_for_client_greeting_cards_Opinion_states_processing_requires_valid_consent_under_Article_6_1_a_but_consent_is_unlikely_valid_due_to_employment_power_imbalance_and_mandatory_nature_References_EDPB_guidelines_on_consent_in_employment_contexts,q68_text,Other,categorical,1.0,0.0026595744680851063,0.002652501131733817,,,
q68_text_Slovenian_Information_Commissioner_provided_a_non_binding_opinion_on_a_complaint_about_a_bank_s_data_request_from_a_politically_exposed_person_confirming_legal_basis_under_Article_6_1_c_for_anti_money_laundering_obligations_but_deferring_adequacy_assessment_to_other_authorities,q68_text,Other,categorical,1.0,0.0026595744680851063,0.002652501131733817,,,
q68_text_Slovenian_media_publisher_posted_article_and_PDF_criminal_complaint_on_website_about_bank_recapitalization_with_black_boxes_over_birth_dates_EM_O_IDs_addresses_poorly_redacted_removable_via_copy_paste_or_PDF_tools_exposing_data_of_suspects_Bank_of_Slovenia_officials_and_others_DPA_initiated_ex_officio_inspection_found_violations_of_Art_5_1_c_data_minimisation_unnecessary_data_published_and_Art_32_security_inadequate_protection_but_allowed_names_as_public_figures_under_freedom_of_expression_balancing_ordered_proper_anonymization_deletion_within_5_days_no_fine,q68_text,Other,categorical,1.0,0.0026595744680851063,0.002652501131733817,,,
q68_text_Spanish_DPA_archived_complaint_against_University_of_Navarra_alleging_coercion_in_COVID_19_vaccination_data_collection_found_processing_voluntary_informed_consent_based_and_compliant_with_legal_obligations_for_public_health_with_no_evidence_of_infringement,q68_text,Other,categorical,1.0,0.0026595744680851063,0.002652501131733817,,,
q68_text_Spanish_DPA_dismissed_claim_against_neuroscience_clinic_for_incomplete_erasure_of_complainant_s_image_data_from_social_media_Defendant_partially_complied_but_faced_technical_barriers_with_META_platforms_DPA_found_security_principle_violation_but_considered_defendant_s_cooperation_and_mitigation_efforts_sufficient_without_fine,q68_text,Other,categorical,1.0,0.0026595744680851063,0.002652501131733817,,,
q68_text_Spanish_DPA_dismissed_complaints_against_tax_agency_for_fingerprint_based_access_control_system_finding_no_Article_13_violation_as_employees_were_adequately_informed_pre_data_collection_biometric_processing_deemed_lawful_under_labor_law_exemptions_with_sufficient_safeguards,q68_text,Other,categorical,1.0,0.0026595744680851063,0.002652501131733817,,,
q68_text_Spanish_DPA_filed_complaint_against_UK_based_ALDANITI_INTERNATIONAL_NETWORK_LTD_for_unsolicited_marketing_emails_and_cookie_consent_issues_but_case_closed_due_to_inability_to_obtain_defendant_s_tax_identification_preventing_sanctioning_procedure_initiation_despite_cross_border_coordination_via_IMI_system,q68_text,Other,categorical,1.0,0.0026595744680851063,0.002652501131733817,,,
q68_text_Spanish_DPA_fined_20_A_OS_DE_M_SICA_A_I_E_3000_for_collecting_excessive_ID_copies_violating_data_minimization_and_inadequate_privacy_information_Defendant_cooperated_admitted_responsibility_paid_reduced_fine_and_implemented_corrective_measures_Case_initiated_by_complaint_regarding_minor_event_authorizations,q68_text,Other,categorical,1.0,0.0026595744680851063,0.002652501131733817,,,
q68_text_Spanish_DPA_fined_A_A_A_600_for_GDPR_Article_5_1_c_violation_due_to_excessive_collection_of_ID_copies_for_user_verification_defendant_acknowledged_liability_paid_voluntarily_and_must_implement_compliant_measures_within_3_months,q68_text,Other,categorical,1.0,0.0026595744680851063,0.002652501131733817,,,
q68_text_Spanish_DPA_fined_ADNAYA_GREEN_SOLUTIONS_10_000_for_unlawfully_transferring_complainant_s_personal_data_to_a_third_party_without_legal_basis_affecting_approximately_300_400_data_subjects_with_no_cooperation_from_defendant,q68_text,Other,categorical,1.0,0.0026595744680851063,0.002652501131733817,,,
q68_text_Spanish_DPA_fined_AIRE_NETWORKS_60_000_for_GDPR_Article_5_1_f_security_breach_due_to_credential_leaks_enabling_SIM_duplication_and_bank_fraud_defendant_acknowledged_liability_and_paid_voluntarily,q68_text,Other,categorical,1.0,0.0026595744680851063,0.002652501131733817,,,
q68_text_Spanish_DPA_fined_AUTO_DESGUACES_IGLESIAS_SL_900_for_GDPR_Article_5_1_c_violation_due_to_surveillance_cameras_capturing_excessive_public_space_images_reduced_from_1_500_for_cooperation_acknowledgment_and_SME_status,q68_text,Other,categorical,1.0,0.0026595744680851063,0.002652501131733817,,,
q68_text_Spanish_DPA_fined_Atresmedia_30_000_for_violating_GDPR_Article_5_1_c_by_publishing_minors_voices_in_a_news_video_without_distortion_failing_data_minimization_Defendant_acknowledged_liability_and_paid_voluntarily_measures_ordered_to_ensure_future_compliance_and_maintain_provisional_data_processing_suspension,q68_text,Other,categorical,1.0,0.0026595744680851063,0.002652501131733817,,,
q68_text_Spanish_DPA_fined_BIROU_GAS_60_000_reduced_to_48_000_for_failing_to_respond_to_information_requests_under_Article_58_1_GDPR_violation_hindered_investigation_aggravating_factors_were_negligence_and_company_size_voluntary_payment_terminated_procedure,q68_text,Other,categorical,1.0,0.0026595744680851063,0.002652501131733817,,,
q68_text_Spanish_DPA_fined_BODEGAS_DINASTIA_SL_1600_for_LSSI_cookie_consent_violations_on_two_websites_privacy_policies_were_compliant_but_cookie_banners_lacked_clarity_and_granular_control_resolved_via_voluntary_payment_and_compliance_order,q68_text,Other,categorical,1.0,0.0026595744680851063,0.002652501131733817,,,
q68_text_Spanish_DPA_fined_Burgos_CF_120_000_for_implementing_a_biometric_fingerprint_access_system_without_necessity_valid_DPIA_or_legal_basis_violating_Articles_5_9_13_35_GDPR_The_system_processed_special_category_data_disproportionately_the_club_recognized_responsibility_and_paid_the_reduced_fine,q68_text,Other,categorical,1.0,0.0026595744680851063,0.002652501131733817,,,
q68_text_Spanish_DPA_fined_CAIXABANK_200_000_for_retaining_ex_customer_s_data_16_years_post_mortgage_cancellation_violating_GDPR_storage_limitation_principle_based_on_complaint_and_appeal_process,q68_text,Other,categorical,1.0,0.0026595744680851063,0.002652501131733817,,,
q68_text_Spanish_DPA_fined_CALLESGARCIA_SC_4_000_for_using_claimant_s_wedding_photo_in_advertising_without_consent_violating_Article_6_GDPR_defendant_non_cooperative_fine_based_on_negligence_and_basic_data_affected,q68_text,Other,categorical,1.0,0.0026595744680851063,0.002652501131733817,,,
q68_text_Spanish_DPA_fined_CASA_GRACIO_OPERATION_SLU_6_000_for_video_surveillance_capturing_excessive_public_space_violating_GDPR_data_minimization_defendant_paid_voluntarily_acknowledging_responsibility,q68_text,Other,categorical,1.0,0.0026595744680851063,0.002652501131733817,,,
q68_text_Spanish_DPA_fined_CHATWITH_IO_WORLDWIDE_S_L_12_000_for_GDPR_and_LSSI_violations_inadequate_privacy_policy_information_Art_13_use_of_dark_patterns_in_cookie_consent_undermining_lawfulness_and_fairness_Art_5_1_a_and_non_compliant_cookie_installation_and_information_LSSI_Art_22_2_The_defendant_failed_to_cooperate_and_corrective_orders_were_issued_to_achieve_compliance_within_one_month,q68_text,Other,categorical,1.0,0.0026595744680851063,0.002652501131733817,,,
q68_text_Spanish_DPA_fined_ELECTROTECNIA_BASTIDA_S_L_3_000_for_violating_GDPR_Article_32_1_after_medical_data_of_29_workers_was_found_abandoned_in_a_public_area_citing_lack_of_security_measures_and_non_cooperation_with_SME_status_considered_in_penalty_calculation,q68_text,Other,categorical,1.0,0.0026595744680851063,0.002652501131733817,,,
q68_text_Spanish_DPA_fined_Fusiona_Soluciones_Energ_ticas_50_000_for_violating_GDPR_Article_6_1_by_unlawfully_including_claimant_s_data_in_a_credit_file_for_a_non_existent_debt_with_no_cooperation_from_defendant_fine_based_on_violation_duration_and_business_nature,q68_text,Other,categorical,1.0,0.0026595744680851063,0.002652501131733817,,,
q68_text_Spanish_DPA_fined_GARANTIZA_AUTOMOCI_N_SL_3_000_euros_for_LSSI_violation_website_lacked_first_layer_cookie_banner_and_management_mechanism_with_infringement_ongoing_since_at_least_September_2018_ordered_compliance_within_one_month,q68_text,Other,categorical,1.0,0.0026595744680851063,0.002652501131733817,,,
q68_text_Spanish_DPA_fined_GLOBAL_BUSINESS_TRAVEL_SPAIN_S_L_U_3_000_for_GDPR_Article_32_violation_after_an_employee_scanned_and_emailed_a_claimant_s_health_data_without_authorization_the_defendant_acknowledged_responsibility_and_paid_voluntarily_leading_to_case_termination,q68_text,Other,categorical,1.0,0.0026595744680851063,0.002652501131733817,,,
q68_text_Spanish_DPA_fined_GRUPO_NORCONSULTING_15_000_for_failing_to_properly_respond_to_data_subject_s_access_and_erasure_requests_under_Articles_15_and_17_GDPR_The_company_an_SME_in_HR_did_not_provide_complete_information_or_deletion_despite_repeated_requests_showing_negligence_Cross_border_case_with_multiple_concerned_authorities,q68_text,Other,categorical,1.0,0.0026595744680851063,0.002652501131733817,,,
q68_text_Spanish_DPA_fined_IMNOVA_RESORT_SL_3_000_under_LSSI_for_installing_cookies_without_valid_consent_mechanism_on_website_required_compliance_within_one_month_No_GDPR_violations_discussed,q68_text,Other,categorical,1.0,0.0026595744680851063,0.002652501131733817,,,
q68_text_Spanish_DPA_fined_IZA_OBRAS_Y_PROMOCIONES_S_A_50_000_for_violating_GDPR_Article_5_1_c_by_excessively_disclosing_employee_health_data_and_email_address_to_a_public_entity_during_an_administrative_defense_without_consent_and_beyond_necessity,q68_text,Other,categorical,1.0,0.0026595744680851063,0.002652501131733817,,,
q68_text_Spanish_DPA_fined_Iberdrola_100_000_for_maintaining_inaccurate_customer_address_data_and_failing_to_comply_with_erasure_request_violating_Articles_5_1_d_and_17_GDPR_Violation_persisted_for_years_despite_customer_notifications,q68_text,Other,categorical,1.0,0.0026595744680851063,0.002652501131733817,,,
q68_text_Spanish_DPA_fined_JAVA_association_5_000_for_publishing_personal_data_without_consent_GDPR_Art_6_1_and_3_000_for_non_compliant_cookie_banner_LSSI_Art_22_2_citing_intentionality_data_sensitivity_and_non_cooperation,q68_text,Other,categorical,1.0,0.0026595744680851063,0.002652501131733817,,,
q68_text_Spanish_DPA_fined_LODEJU_S_L_3_000_for_installing_hidden_cameras_recording_public_space_without_proper_signage_violating_GDPR_Articles_5_1_c_data_minimization_and_13_transparency_due_to_serious_negligence_and_lack_of_cooperation,q68_text,Other,categorical,1.0,0.0026595744680851063,0.002652501131733817,,,
q68_text_Spanish_DPA_fined_Loro_Parque_250_000_for_processing_biometric_fingerprint_data_without_legal_basis_under_Article_9_GDPR_for_Twin_Ticket_park_access_violating_principles_of_lawfulness_security_and_accountability_and_ordered_cessation_of_processing,q68_text,Other,categorical,1.0,0.0026595744680851063,0.002652501131733817,,,
q68_text_Spanish_DPA_fined_MAPFRE_30_000_reduced_to_24_000_for_processing_claimant_s_data_without_legal_basis_under_Article_6_1_GDPR_as_claimant_was_listed_as_policyholder_on_one_policy_without_consent_or_contract_defendant_cooperated_and_deleted_data,q68_text,Other,categorical,1.0,0.0026595744680851063,0.002652501131733817,,,
q68_text_Spanish_DPA_fined_MARINA_SALUD_500_000_for_violating_GDPR_Article_28_2_by_failing_to_inform_the_data_controller_Valencian_Health_Ministry_of_subcontractor_changes_post_GDPR_despite_prior_general_authorization_violation_involved_health_data_and_persisted_until_2023_inspection,q68_text,Other,categorical,1.0,0.0026595744680851063,0.002652501131733817,,,
q68_text_Spanish_DPA_fined_MARKETING_ACCOMMODATION_SOLUTIONS_75_000_for_GDPR_violations_25_000_for_excessive_data_collection_ID_images_beyond_legal_requirement_under_Article_5_1_c_and_50_000_for_inadequate_privacy_information_under_Article_13_Defendant_a_UAE_based_holiday_rental_provider_did_not_cooperate_with_investigation,q68_text,Other,categorical,1.0,0.0026595744680851063,0.002652501131733817,,,
q68_text_Spanish_DPA_fined_MIGUEL_IB_EZ_BEZANILLA_S_L_3_000_EUR_for_GDPR_violations_insecure_HTTP_protocol_outdated_privacy_policy_referencing_old_law_and_non_compliant_cookie_banner_The_entity_failed_to_cooperate_leading_to_aggravated_penalties_and_a_compliance_order,q68_text,Other,categorical,1.0,0.0026595744680851063,0.002652501131733817,,,
q68_text_Spanish_DPA_fined_MOURO_PRODUCTIONS_12_000_reduced_from_20_000_for_violating_GDPR_Articles_5_1_c_data_minimization_and_13_information_obligations_by_requiring_photocopies_of_IDs_for_minor_event_access_and_providing_outdated_privacy_information_The_defendant_paid_voluntarily_and_recognized_responsibility_Compliance_orders_were_issued_to_update_policies,q68_text,Other,categorical,1.0,0.0026595744680851063,0.002652501131733817,,,
q68_text_Spanish_DPA_fined_NBQ_TECHNOLOGY_24_000_for_processing_personal_data_without_legal_basis_after_identity_theft_led_to_fraudulent_loan_application_defendant_paid_voluntarily_acknowledging_responsibility,q68_text,Other,categorical,1.0,0.0026595744680851063,0.002652501131733817,,,
q68_text_Spanish_DPA_fined_ORGANIC_AND_NATUR_03_S_L_4_000_for_failing_to_update_privacy_policy_to_GDPR_standards_Article_13_violation_and_issued_a_warning_for_obtaining_generic_consent_for_data_transfers_and_marketing_without_specific_purposes_Article_7_violation_following_a_complaint_about_non_compliant_contract_clauses,q68_text,Other,categorical,1.0,0.0026595744680851063,0.002652501131733817,,,
q68_text_Spanish_DPA_fined_ORI_S_L_1200_for_failing_to_provide_adequate_privacy_information_on_website_forms_Company_acknowledged_liability_and_paid_voluntarily_Required_to_implement_compliance_measures_within_one_month,q68_text,Other,categorical,1.0,0.0026595744680851063,0.002652501131733817,,,
q68_text_Spanish_DPA_fined_Quir_n_Prevenci_n_30_000_for_GDPR_breaches_Article_5_1_f_confidentiality_violation_and_Article_32_security_failure_due_to_unredacted_personal_data_in_a_workplace_mediation_report_sent_to_involved_parties_Defendant_paid_voluntarily_admitting_responsibility,q68_text,Other,categorical,1.0,0.0026595744680851063,0.002652501131733817,,,
q68_text_Spanish_DPA_fined_SEAN_SERIOS_S_L_12_000_for_publishing_a_reordered_list_of_candidates_names_surnames_and_scores_from_a_public_health_service_selection_process_on_its_website_without_a_valid_legal_basis_under_Article_6_1_GDPR_as_legitimate_interest_did_not_prevail_over_data_subjects_rights_and_the_processing_involved_special_category_data_health_related,q68_text,Other,categorical,1.0,0.0026595744680851063,0.002652501131733817,,,
q68_text_Spanish_DPA_fined_Segurcaixa_Adeslas_300_000_for_sending_marketing_emails_without_legal_basis_to_a_complainant_on_the_Robinson_list_failing_to_respond_to_deletion_requests_under_Article_17_GDPR_and_lacking_proper_data_processing_agreements_with_insurance_agents_under_Article_28_GDPR_The_violations_were_continuous_and_negligent,q68_text,Other,categorical,1.0,0.0026595744680851063,0.002652501131733817,,,
q68_text_Spanish_DPA_fined_Suministrador_Ib_rico_de_Energ_a_70_000_for_processing_complainant_s_electricity_data_without_legal_basis_after_contract_withdrawal_violation_involved_unauthorized_January_2022_processing_despite_August_2021_cancellation_lacking_consent_or_contract_justification,q68_text,Other,categorical,1.0,0.0026595744680851063,0.002652501131733817,,,
q68_text_Spanish_DPA_fined_Telef_nica_75_000_for_unlawful_processing_under_Article_6_GDPR_A_phone_line_portability_was_executed_without_valid_consent_due_to_human_error_in_verification_procedures_causing_loss_of_service_to_the_data_subject_The_DPA_found_no_lawful_basis_for_processing_personal_data,q68_text,Other,categorical,1.0,0.0026595744680851063,0.002652501131733817,,,
q68_text_Spanish_DPA_fined_XFERA_M_VILES_24_000_for_failing_to_comply_with_a_prior_resolution_ordering_response_to_a_data_subject_s_access_request_after_the_defendant_recognized_responsibility_and_made_voluntary_payment,q68_text,Other,categorical,1.0,0.0026595744680851063,0.002652501131733817,,,
q68_text_Spanish_DPA_fined_a_hunters_association_3_000_for_GDPR_violations_disseminating_a_member_s_personal_data_via_WhatsApp_without_authorization_breaching_Article_5_1_f_confidentiality_and_lacking_adequate_security_measures_Article_32_No_cooperation_from_defendant,q68_text,Other,categorical,1.0,0.0026595744680851063,0.002652501131733817,,,
q68_text_Spanish_DPA_fined_a_medical_oncology_foundation_42_000_for_GDPR_Article_5_1_f_security_violation_after_a_cyberattack_breached_health_data_of_2_622_patients_the_defendant_acknowledged_liability_cooperated_and_implemented_post_breach_measures_leading_to_a_reduced_fine,q68_text,Other,categorical,1.0,0.0026595744680851063,0.002652501131733817,,,
q68_text_Spanish_DPA_fined_a_plastic_surgery_clinic_2400_for_lacking_privacy_and_cookies_policies_on_its_website_violating_GDPR_Article_13_and_LSSI_Article_22_2_Defendant_paid_voluntarily_admitting_responsibility_leading_to_procedure_termination,q68_text,Other,categorical,1.0,0.0026595744680851063,0.002652501131733817,,,
q68_text_Spanish_DPA_fined_a_property_owners_community_1_000_for_violating_GDPR_Article_5_1_f_by_publicly_displaying_meeting_minutes_with_residents_personal_data_names_addresses_debts_in_a_building_entrance_display_case_for_over_8_months_failing_to_ensure_confidentiality_The_defendant_did_not_cooperate_A_compliance_order_was_issued_to_remove_the_minutes_and_prevent_future_displays,q68_text,Other,categorical,1.0,0.0026595744680851063,0.002652501131733817,,,
q68_text_Spanish_DPA_fined_beauty_center_1_000_for_LSSI_violation_sent_commercial_SMS_after_data_deletion_request_demonstrating_lack_of_diligence_in_data_management,q68_text,Other,categorical,1.0,0.0026595744680851063,0.002652501131733817,,,
q68_text_Spanish_DPA_fined_company_4_000_for_failing_to_respond_to_information_requests_during_investigation_violating_Article_58_1_GDPR_ordered_compliance_within_10_days,q68_text,Other,categorical,1.0,0.0026595744680851063,0.002652501131733817,,,
q68_text_Spanish_DPA_fined_cultural_association_3000_for_disseminating_images_of_a_minor_without_parental_consent_via_WeChat_groups_Violation_of_Article_6_1_a_GDPR_due_to_lack_of_lawful_basis_Case_initiated_by_complaint_defendant_non_cooperative,q68_text,Other,categorical,1.0,0.0026595744680851063,0.002652501131733817,,,
q68_text_Spanish_DPA_fined_energy_company_60_000_for_sending_a_contract_with_complainant_s_new_address_data_to_their_old_address_due_to_failure_to_update_records_violating_GDPR_accuracy_principle_company_paid_fine_and_acknowledged_responsibility,q68_text,Other,categorical,1.0,0.0026595744680851063,0.002652501131733817,,,
q68_text_Spanish_DPA_fined_individual_hotel_owner_1200_reduced_from_1500_for_violating_GDPR_Article_5_1_c_by_requiring_ID_document_copies_photos_during_check_in_processing_excessive_data_beyond_legal_requirements_defendant_paid_voluntarily_and_cooperated_ordered_to_cease_practice_and_prove_compliance_within_2_months,q68_text,Other,categorical,1.0,0.0026595744680851063,0.002652501131733817,,,
q68_text_Spanish_DPA_fined_individual_website_owner_1800_for_GDPR_violations_lack_of_consent_mechanism_Art_6_inadequate_privacy_policy_information_Art_13_and_cookie_non_compliance_LSSI_Art_22_2_Case_terminated_after_voluntary_payment_and_acknowledgment,q68_text,Other,categorical,1.0,0.0026595744680851063,0.002652501131733817,,,
q68_text_Spanish_DPA_fined_law_firm_5_000_for_publishing_employee_photos_on_website_without_valid_consent_Defendant_claimed_implied_consent_via_email_but_failed_to_provide_required_information_or_unambiguous_consent_Ordered_to_comply_within_3_months,q68_text,Other,categorical,1.0,0.0026595744680851063,0.002652501131733817,,,
q68_text_Spanish_DPA_handled_complaint_against_MARIELI_GABRIELA_S_L_for_unauthorized_bank_charges_from_ex_employee_s_account_without_legal_basis_defendant_failed_to_respond_to_inquiries_infringement_of_Article_6_1_found_no_fine_issued_due_to_procedural_resolution,q68_text,Other,categorical,1.0,0.0026595744680851063,0.002652501131733817,,,
q68_text_Spanish_DPA_investigated_Fuenlabrada_City_Council_s_drone_traffic_surveillance_after_complaint_about_inadequate_signage_Found_processing_compliant_with_GDPR_after_defendant_conducted_required_impact_assessment_and_provided_information_through_multiple_channels_Case_dismissed_with_no_fine_imposed,q68_text,Other,categorical,1.0,0.0026595744680851063,0.002652501131733817,,,
q68_text_Spanish_DPA_investigated_Metro_Bilbao_s_temperature_screening_of_subway_users_during_COVID_19_found_no_personal_data_processing_occurred_as_measurements_weren_t_linked_to_identifiable_individuals_leading_to_case_closure_without_fine_or_corrective_measures,q68_text,Other,categorical,1.0,0.0026595744680851063,0.002652501131733817,,,
q68_text_Spanish_DPA_issued_a_warning_to_EDREAMS_for_charging_a_50_fee_to_correct_a_passenger_s_name_error_on_a_flight_booking_violating_GDPR_Article_12_5_on_free_exercise_of_data_subject_rights_no_fine_due_to_minor_nature_immediate_remediation_and_cooperation,q68_text,Other,categorical,1.0,0.0026595744680851063,0.002652501131733817,,,
q68_text_Spanish_DPA_issued_a_warning_to_a_community_of_owners_for_violating_GDPR_Article_5_1_f_by_publicly_displaying_a_resident_s_personal_data_name_debt_amount_on_a_notice_board_ordered_compliance_within_one_month,q68_text,Other,categorical,1.0,0.0026595744680851063,0.002652501131733817,,,
q68_text_Spanish_DPA_issued_a_warning_to_a_regional_education_authority_for_failing_to_adequately_inform_employees_about_fingerprint_based_time_control_processing_violating_Article_13_GDPR_no_fine_due_to_public_sector_status_and_remedial_actions_taken,q68_text,Other,categorical,1.0,0.0026595744680851063,0.002652501131733817,,,
q68_text_Spanish_DPA_issued_reprimand_to_ADD_EVENT_STAFF_SL_for_violating_Article_7_GDPR_by_conditioning_event_attendance_on_consent_for_advertising_and_image_processing_requiring_protocol_adaptation_within_one_month,q68_text,Other,categorical,1.0,0.0026595744680851063,0.002652501131733817,,,
q68_text_Spanish_DPA_issued_reprimand_to_GlovoApp_for_failing_to_process_data_erasure_requests_via_chat_violating_Article_12_GDPR_infringement_deemed_minor_due_to_negligence_cooperation_and_corrective_actions_taken_cross_border_case_with_Poland_and_Portugal_as_concerned_authorities,q68_text,Other,categorical,1.0,0.0026595744680851063,0.002652501131733817,,,
q68_text_Spanish_DPA_issued_warning_and_compliance_order_to_non_profit_association_for_inadequate_website_privacy_policy_lacking_Article_13_GDPR_information_including_data_subject_rights_and_complaint_procedures_no_fine_imposed,q68_text,Other,categorical,1.0,0.0026595744680851063,0.002652501131733817,,,
q68_text_Spanish_DPA_issued_warning_to_Castilla_La_Mancha_Health_Service_for_GDPR_Article_5_1_f_security_breach_involving_431_patients_health_data_due_to_technical_misconfiguration_in_VITROPATH_system_requiring_risk_analysis_impact_assessment_and_audit_within_six_months_no_fine_due_to_public_entity_status,q68_text,Other,categorical,1.0,0.0026595744680851063,0.002652501131733817,,,
q68_text_Spanish_DPA_issued_warning_to_Galician_education_authority_for_violating_GDPR_confidentiality_by_publishing_student_admission_lists_on_school_facade_visible_publicly_and_unrestricted_website_without_security_measures_ordering_compliance_within_one_month_to_use_internal_boards_and_restricted_access,q68_text,Other,categorical,1.0,0.0026595744680851063,0.002652501131733817,,,
q68_text_Spanish_DPA_issued_warning_to_hospitality_firm_for_invalid_consent_based_on_entrance_poster_for_photographing_and_publishing_customer_images_on_social_media_consent_not_informed_specific_free_or_unequivocal_per_GDPR_Articles_6_1_and_7_with_compliance_order_to_rectify_within_one_month,q68_text,Other,categorical,1.0,0.0026595744680851063,0.002652501131733817,,,
q68_text_Spanish_DPA_resolved_a_complaint_against_COFIDIS_S_A_for_failing_to_respond_to_a_data_subject_s_erasure_request_under_Article_17_GDPR_ordered_compliance_within_ten_days_but_imposed_no_fine,q68_text,Other,categorical,1.0,0.0026595744680851063,0.002652501131733817,,,
q68_text_Spanish_DPA_terminated_proceedings_against_ITAA_after_a_security_guard_recorded_CCTV_footage_of_an_assault_on_a_mobile_phone_and_shared_it_via_WhatsApp_The_controller_had_adequate_security_measures_notified_the_breach_within_72_hours_and_took_appropriate_actions_No_GDPR_violations_found,q68_text,Other,categorical,1.0,0.0026595744680851063,0.002652501131733817,,,
q68_text_Spanish_Handball_Federation_processed_athletes_COVID_19_health_data_without_valid_legal_basis_under_Article_9_GDPR_incorrectly_citing_EU_Regulation_2021_953_and_vital_interests_Also_failed_to_provide_required_information_under_Article_13_Fined_10_000_for_Article_9_violation_and_7_000_for_Article_13_violation,q68_text,Other,categorical,1.0,0.0026595744680851063,0.002652501131733817,,,
q68_text_Spanish_Ministry_of_Justice_entity_failed_to_implement_adequate_security_measures_in_nationality_application_causing_repeated_data_breaches_where_36_applicants_personal_data_was_wrongly_disclosed_DPA_issued_warnings_for_violations_of_GDPR_Articles_5_1_f_25_32_and_34_citing_prior_similar_incidents_as_aggravating,q68_text,Other,categorical,1.0,0.0026595744680851063,0.002652501131733817,,,
q68_text_Spanish_credit_cooperative_publicly_displayed_members_personal_data_on_a_notice_board_violating_GDPR_confidentiality_AEPD_imposed_5_000_fine_and_compliance_order_citing_negligence_and_basic_data_exposure_as_aggravating_factors,q68_text,Other,categorical,1.0,0.0026595744680851063,0.002652501131733817,,,
q68_text_Spanish_law_firm_disclosed_complainant_s_personal_data_name_address_to_third_party_without_consent_in_legal_dispute_context_DPA_found_Article_6_violation_imposed_2000_fine_reduced_to_1600_via_voluntary_payment_without_admission_of_liability_terminating_procedure,q68_text,Other,categorical,1.0,0.0026595744680851063,0.002652501131733817,,,
q68_text_Spanish_logistics_company_implemented_fingerprint_timekeeping_system_for_520_employees_without_DPIA_DPA_found_violation_of_Article_35_GDPR_due_to_biometric_data_processing_risks_20_000_fine_imposed_reduced_to_16_000_after_voluntary_payment_Consent_invalid_due_to_employment_context_power_imbalance,q68_text,Other,categorical,1.0,0.0026595744680851063,0.002652501131733817,,,
q68_text_Spanish_media_company_fined_10_000_for_violating_data_minimization_principle_by_publishing_identifiable_image_and_voice_of_a_private_individual_in_a_news_article_without_anonymization_despite_viral_social_media_presence_DPA_upheld_fine_on_appeal_rejecting_journalistic_exemption_claims_and_emphasizing_proportionality_requirements_under_GDPR_Article_5_1_c,q68_text,Other,categorical,1.0,0.0026595744680851063,0.002652501131733817,,,
q68_text_Spanish_police_failed_to_respond_to_a_data_subject_s_repeated_access_requests_for_photographs_and_fingerprints_the_DPA_ordered_compliance_within_ten_days_due_to_non_cooperation_and_violation_of_accountability_principles_with_no_fine_imposed,q68_text,Other,categorical,1.0,0.0026595744680851063,0.002652501131733817,,,
q68_text_Spanish_regional_health_service_failed_to_properly_respond_to_multiple_access_requests_for_a_deceased_patient_s_medical_records_The_DPA_found_violations_of_GDPR_Articles_5_security_accountability_and_15_access_rights_but_accepted_the_belated_compliance_as_restoring_rights_and_issued_only_a_reprimand_without_fine,q68_text,Other,categorical,1.0,0.0026595744680851063,0.002652501131733817,,,
q68_text_Spanish_regional_public_body_collected_unnecessary_special_category_data_gender_identity_via_forms_without_legal_basis_DPA_issued_warnings_and_compliance_order_to_cease_processing_and_adjust_procedures_within_six_months,q68_text,Other,categorical,1.0,0.0026595744680851063,0.002652501131733817,,,
q68_text_Spanish_restaurant_MUXERS_CONCEPT_installed_hidden_audio_microphones_in_workplace_areas_including_an_office_for_security_and_labor_control_since_2018_DPA_found_no_legitimate_basis_under_Article_6_GDPR_as_recording_conversations_was_disproportionate_and_violated_lawfulness_principle_imposing_20_000_fine_considering_duration_affected_subjects_and_SME_status,q68_text,Other,categorical,1.0,0.0026595744680851063,0.002652501131733817,,,
q68_text_Spanish_restaurant_RIPOBRUNA_2007_S_L_fined_1_600_for_video_surveillance_cameras_oriented_toward_public_space_without_justification_violating_GDPR_Article_5_1_c_data_minimization_principle_Case_initiated_via_complaint_defendant_paid_reduced_fine_voluntarily,q68_text,Other,categorical,1.0,0.0026595744680851063,0.002652501131733817,,,
q68_text_Spanish_sports_federation_reprimanded_for_lacking_a_DPO_and_outdated_privacy_policy_referencing_repealed_law_corrected_issues_during_procedure_resulting_in_no_fine,q68_text,Other,categorical,1.0,0.0026595744680851063,0.002652501131733817,,,
q68_text_Swedish_DPA_IMY_found_Dagens_Industri_violated_Article_44_GDPR_by_transferring_personal_data_to_US_via_Google_Analytics_without_adequate_Chapter_V_safeguards_despite_measures_ordered_compliance_within_one_month_but_no_fine_due_to_mitigating_efforts_and_post_Schrems_II_legal_gap,q68_text,Other,categorical,1.0,0.0026595744680851063,0.002652501131733817,,,
q68_text_Swedish_DPA_fined_CDON_AB_SEK_300_000_for_violating_Article_44_GDPR_by_transferring_personal_data_to_the_US_via_Google_Analytics_without_adequate_safeguards_as_data_constituted_personal_data_and_US_surveillance_laws_posed_risks_ordered_compliance_within_one_month,q68_text,Other,categorical,1.0,0.0026595744680851063,0.002652501131733817,,,
q68_text_Swedish_DPA_fined_Stockholm_Board_of_Education_SEK_4M_for_GDPR_security_breaches_in_School_Platform_subsystems_allowing_unauthorized_access_to_sensitive_student_data_over_extended_periods_citing_violations_of_Articles_5_1_f_32_1_and_35_with_over_100_000_data_subjects_affected,q68_text,Other,categorical,1.0,0.0026595744680851063,0.002652501131733817,,,
q68_text_Swedish_DPA_fined_a_municipal_rescue_service_EUR_350_000_for_24_7_camera_surveillance_at_fire_stations_from_2018_2021_violating_GDPR_Articles_5_1_a_and_c_due_to_unfair_monitoring_of_employees_changing_in_alarm_stands_without_masking_and_excessive_data_collection_and_Article_32_due_to_lack_of_security_guidelines_Legal_basis_under_Article_6_1_e_was_valid_but_principles_were_breached,q68_text,Other,categorical,1.0,0.0026595744680851063,0.002652501131733817,,,
q68_text_Swedish_DPA_reprimanded_Lensway_Group_AB_for_violating_Articles_12_2_and_12_6_by_requiring_excessive_identity_verification_copy_of_ID_and_signature_via_post_for_two_2020_deletion_requests_failing_to_facilitate_rights_and_ensure_security_no_fine_due_to_minor_nature_and_subsequent_system_upgrades,q68_text,Other,categorical,1.0,0.0026595744680851063,0.002652501131733817,,,
q68_text_TYPE_A_data_subject_complained_to_the_Spanish_DPA_about_a_municipal_transport_company_s_failure_to_respond_adequately_to_an_access_request_for_job_selection_process_recordings_The_DPA_found_the_company_violated_Article_15_GDPR_by_not_providing_the_data_or_a_proper_refusal_ordering_compliance_within_ten_days_without_imposing_a_fine,q68_text,Other,categorical,1.0,0.0026595744680851063,0.002652501131733817,,,
q68_text_TYPE_AEPD_sanctions_CAIXABANK_6M_EUR_for_transparency_2M_and_legality_4M_violations_in_client_data_processing_non_uniform_vague_info_on_categories_purposes_bases_invalid_consents_lacking_specificity_freedom_unjustified_legitimate_interests_illegal_group_data_sharing_without_basis_requires_compliance_within_6_months,q68_text,Other,categorical,1.0,0.0026595744680851063,0.002652501131733817,,,
q68_text_TYPE_Banca_Comercial_Rom_n_SA_fined_2_000_for_GDPR_violations_under_Articles_25_and_32_after_a_technical_error_caused_emails_with_personal_data_of_564_customers_to_be_sent_to_wrong_recipients_involving_financial_and_identity_data_DPA_found_inadequate_security_measures,q68_text,Other,categorical,1.0,0.0026595744680851063,0.002652501131733817,,,
q68_text_TYPE_Doctor_filmed_patient_without_consent_posted_video_on_Facebook_disclosing_health_data_fined_2000_and_ordered_to_ensure_GDPR_compliance,q68_text,Other,categorical,1.0,0.0026595744680851063,0.002652501131733817,,,
q68_text_TYPE_Hospital_board_sent_sensitive_health_data_unencrypted_via_email_to_third_countries_and_stored_it_in_Outlook_violating_Articles_5_1_f_and_32_1_IMY_imposed_a_1_6M_SEK_fine_due_to_systematic_long_term_processing_of_high_risk_data_contrary_to_internal_guidelines_with_mitigation_for_post_incident_encryption_implementation,q68_text,Other,categorical,1.0,0.0026595744680851063,0.002652501131733817,,,
q68_text_TYPE_IKEA_Romania_fined_1000_EUR_for_failing_to_respond_within_legal_timeframe_to_a_data_subject_s_repeated_erasure_requests_under_Article_17_GDPR_violating_Article_12_3_Corrective_measure_ordered_to_ensure_future_compliance,q68_text,Other,categorical,1.0,0.0026595744680851063,0.002652501131733817,,,
q68_text_TYPE_Libra_Internet_Bank_SA_fined_11_000_EUR_for_failing_to_fully_comply_with_a_data_subject_s_access_request_under_Articles_12_and_15_GDPR_including_not_providing_a_copy_of_personal_data_and_necessary_information_corrective_orders_issued_to_facilitate_rights_exercise,q68_text,Other,categorical,1.0,0.0026595744680851063,0.002652501131733817,,,
q68_text_TYPE_Romanian_DPA_fined_Medicover_S_R_L_2000_EUR_for_GDPR_Article_32_security_failures_allowing_unauthorized_access_to_health_and_personal_data_via_email_postal_mishandling_corrective_orders_include_updating_security_measures_and_employee_training,q68_text,Other,categorical,1.0,0.0026595744680851063,0.002652501131733817,,,
q68_text_TYPE_Romanian_DPA_fined_Pro_Economica_Foundation_1000_for_Article_32_security_violation_after_cyber_attack_deleted_personal_data_from_server_ordered_security_measures_update,q68_text,Other,categorical,1.0,0.0026595744680851063,0.002652501131733817,,,
q68_text_TYPE_Romanian_DPA_fined_S_C_Apollo_Salon_S_R_L_3_000_for_failing_to_provide_requested_information_during_an_investigation_initiated_by_a_complaint_about_unsolicited_SMS_despite_deletion_requests_violation_under_Article_83_5_e,q68_text,Other,categorical,1.0,0.0026595744680851063,0.002652501131733817,,,
q68_text_TYPE_Romanian_DPA_fined_SUDREZIDEN_IAL_Broker_S_R_L_10_000_for_GDPR_violations_inadequate_security_measures_led_to_unauthorized_disclosure_of_personal_data_of_509_subjects_via_an_Excel_file_published_online_and_failure_to_notify_data_subjects_of_the_breach_also_issued_warnings_for_cookie_consent_violations,q68_text,Other,categorical,1.0,0.0026595744680851063,0.002652501131733817,,,
q68_text_TYPE_Romanian_DPA_fined_Urban_Home_Development_S_R_L_10_000_lei_approx_2000_EUR_for_installing_cookies_without_consent_under_national_law_and_issued_warning_for_GDPR_transparency_violation_failure_to_display_operator_identity_on_website_Corrective_orders_update_privacy_policy_and_reconfigure_cookie_installation,q68_text,Other,categorical,1.0,0.0026595744680851063,0.002652501131733817,,,
q68_text_TYPE_SC_Grupex_2000_SRL_fined_1000_for_illegally_processing_patient_data_in_a_video_on_its_website_without_legal_basis_violating_Articles_5_and_6_GDPR_corrective_order_issued_for_compliance,q68_text,Other,categorical,1.0,0.0026595744680851063,0.002652501131733817,,,
q68_text_TYPE_SC_Prestige_Media_PHG_SRL_fined_5000_for_publishing_23_employee_termination_decisions_online_without_legal_basis_violating_GDPR_Articles_5_and_6_Ordered_to_anonymize_data,q68_text,Other,categorical,1.0,0.0026595744680851063,0.002652501131733817,,,
q68_text_TYPE_STRING,q68_text,Other,categorical,1.0,0.18085106382978725,0.14814395654142143,,,
q68_text_TYPE_STRING_UK_ICO_fined_Saga_Personal_Finance_Ltd_75_000_for_sending_28_5_million_unsolicited_marketing_messages_without_valid_consent_violating_GDPR_lawfulness_principle_under_Article_5_1_a,q68_text,Other,categorical,1.0,0.0026595744680851063,0.002652501131733817,,,
q68_text_TYPE_STRING_Swedish_DPA_IMY_ex_officio_investigation_into_Expressen_Lifestyle_AB_successor_to_Bonnier_Magazines_for_incorrect_legal_basis_information_on_website_registration_flow_May_2018_June_2019_Website_text_implied_consent_basis_while_company_relied_on_contract_legitimate_interests_Violation_of_Article_13_1_c_Reprimand_issued_due_to_minor_nature_immediate_correction_limited_affected_customers_1372_unintentional_error_during_GDPR_implementation_no_serious_harm,q68_text,Other,categorical,1.0,0.0026595744680851063,0.002652501131733817,,,
q68_text_TYPE_SUPERCOR_installed_a_temporary_video_surveillance_camera_in_an_employee_rest_area_to_investigate_theft_capturing_images_used_to_dismiss_two_employees_The_Spanish_DPA_found_this_violated_Article_6_GDPR_as_processing_lacked_a_legal_basis_was_disproportionate_and_breached_the_explicit_prohibition_in_national_law_against_surveillance_in_rest_areas_A_70_000_fine_was_imposed_considering_the_intentionality_and_the_defendant_s_size,q68_text,Other,categorical,1.0,0.0026595744680851063,0.002652501131733817,,,
q68_text_TYPE_Slovenian_DPA_found_a_public_sector_body_failed_to_establish_joint_controller_agreements_with_users_of_its_data_intermediary_service_violating_GDPR_accountability_ordered_compliance_within_60_days_without_a_fine_citing_EDPB_guidelines_and_CJEU_case_law_on_joint_controllership,q68_text,Other,categorical,1.0,0.0026595744680851063,0.002652501131733817,,,
q68_text_TYPE_Swedish_DPA_found_KRY_violated_GDPR_Articles_5_1_f_5_2_32_1_and_32_2_by_failing_to_conduct_adequate_needs_and_risk_analyses_and_not_restricting_user_access_to_patient_data_in_journal_systems_affecting_450_000_patients_no_fine_imposed_due_to_cooperation_and_improvements_but_compliance_order_issued_to_complete_analyses_by_February_2021,q68_text,Other,categorical,1.0,0.0026595744680851063,0.002652501131733817,,,
q68_text_TYPE_TNT_Spain_inaccurately_processed_a_customer_s_personal_data_by_associating_a_personal_shipment_with_a_company_account_issuing_an_invoice_to_the_company_containing_the_claimant_s_data_violating_GDPR_Article_5_1_d_accuracy_principle_resulting_in_a_10_000_fine_due_to_the_nature_of_the_infringement_and_lack_of_cooperation,q68_text,Other,categorical,1.0,0.0026595744680851063,0.002652501131733817,,,
q68_text_Telef_nica_Espa_a_processed_claimant_s_data_without_valid_consent_for_mobile_line_and_bank_details_after_identity_theft_failed_to_prove_authorization_for_ownership_change_or_direct_debit_fined_55_000_for_Article_6_1_violation_with_aggravating_factors,q68_text,Other,categorical,1.0,0.0026595744680851063,0.002652501131733817,,,
q68_text_Telef_nica_processed_claimant_s_data_without_legal_basis_after_identity_theft_in_phone_service_contracting_leading_to_debt_and_credit_file_inclusion_DPA_found_Article_6_1_violation_imposed_45_000_fine_after_reductions_for_cooperation_and_responsibility_acknowledgment,q68_text,Other,categorical,1.0,0.0026595744680851063,0.002652501131733817,,,
q68_text_Telekom_Romania_Communications_SA_fined_6_000_for_violating_GDPR_Article_5_1_d_f_2_inaccurate_data_and_security_and_Article_17_erasure_request_non_compliance_following_a_complaint_corrective_orders_issued_for_data_accuracy_and_erasure_process_improvements,q68_text,Other,categorical,1.0,0.0026595744680851063,0.002652501131733817,,,
q68_text_The_Slovenian_DPA_provided_a_non_binding_opinion_on_a_proposed_COVID_19_data_analysis_system_questioning_whether_the_data_was_truly_anonymized_emphasizing_the_need_for_a_legal_basis_if_personal_data_is_involved_and_citing_constitutional_protections_for_communication_privacy,q68_text,Other,categorical,1.0,0.0026595744680851063,0.002652501131733817,,,
q68_text_The_UK_ICO_fined_the_Cabinet_Office_500_000_for_a_data_breach_where_postal_addresses_of_2020_New_Year_Honours_recipients_were_published_online_due_to_inadequate_security_measures_and_human_error_citing_violations_of_GDPR_Articles_5_1_f_and_32_1_with_the_fine_reflecting_the_seriousness_negligence_and_need_for_deterrence_despite_mitigation_efforts,q68_text,Other,categorical,1.0,0.0026595744680851063,0.002652501131733817,,,
q68_text_Tiana_City_Council_created_a_WhatsApp_group_for_municipal_communications_without_providing_full_GDPR_Article_13_information_initially_and_failed_to_ensure_data_confidentiality_leading_to_violations_of_Articles_13_and_25_1_GDPR_no_fine_imposed_due_to_public_sector_status_but_reprimand_and_compliance_orders_issued,q68_text,Other,categorical,1.0,0.0026595744680851063,0.002652501131733817,,,
q68_text_Ticketmaster_UK_suffered_a_data_breach_from_May_to_June_2018_due_to_a_malicious_script_in_a_third_party_chat_bot_on_payment_pages_exposing_9_4M_EEA_subjects_data_including_payment_details_The_ICO_found_violations_of_Articles_5_1_f_and_32_GDPR_for_inadequate_security_measures_imposing_a_1_25M_fine_reduced_due_to_COVID_19_impact,q68_text,Other,categorical,1.0,0.0026595744680851063,0.002652501131733817,,,
q68_text_Trygg_Hansa_Insurance_branch_failed_to_secure_sensitive_customer_data_allowing_unauthorized_access_via_web_vulnerabilities_from_October_2018_to_February_2021_affecting_650_000_customers_Swedish_DPA_imposed_a_SEK_35_million_fine_for_violations_of_Articles_5_1f_and_32_1_considering_the_breach_s_severity_but_reducing_the_amount_based_on_proportionality,q68_text,Other,categorical,1.0,0.0026595744680851063,0.002652501131733817,,,
q68_text_UK_ICO_fined_23andMe_2_31M_for_GDPR_security_failures_after_a_credential_stuffing_attack_exposed_genetic_and_health_data_of_155_592_UK_customers_The_company_lacked_MFA_effective_monitoring_and_breach_response_causing_distress_and_non_material_harm,q68_text,Other,categorical,1.0,0.0026595744680851063,0.002652501131733817,,,
q68_text_UK_ICO_fined_Tuckers_Solicitors_LLP_98_000_for_GDPR_Article_5_1_f_security_violations_due_to_a_ransomware_attack_exploiting_lack_of_MFA_delayed_patching_and_unencrypted_data_affecting_over_972_000_files_including_sensitive_legal_case_data_negligence_found_but_cooperation_and_remediation_mitigated_the_penalty,q68_text,Other,categorical,1.0,0.0026595744680851063,0.002652501131733817,,,
q68_text_UK_charity_Birthlink_destroyed_4_800_manual_adoption_records_containing_irreplaceable_sensitive_data_in_April_2021_without_authorization_or_security_measures_The_ICO_found_violations_of_Articles_5_1_f_5_2_32_and_33_29_month_delayed_breach_report_A_18_000_fine_was_imposed_considering_financial_hardship_with_negligence_cited_due_to_lack_of_GDPR_understanding_and_policies,q68_text,Other,categorical,1.0,0.0026595744680851063,0.002652501131733817,,,
q68_text_UK_primary_school_reprimanded_for_GDPR_security_breach_unauthorized_disclosure_of_special_category_data_affecting_four_individuals_including_children_due_to_inadequate_policies_and_procedures_no_fine_issued_due_to_mitigation_and_remedial_actions,q68_text,Other,categorical,1.0,0.0026595744680851063,0.002652501131733817,,,
q68_text_UNCLEAR,q68_text,Other,categorical,1.0,0.0026595744680851063,0.002652501131733817,,,
q68_text_UPS_Espa_a_delivered_package_to_claimant_s_neighbor_without_consent_violating_GDPR_Articles_5_1_f_and_32_fined_70_000_total_DPA_found_UPS_failed_as_processor_to_ensure_data_confidentiality_and_adequate_security_measures,q68_text,Other,categorical,1.0,0.0026595744680851063,0.002652501131733817,,,
q68_text_Vodafone_Espa_a_fined_50_000_for_violating_GDPR_Article_5_1_f_security_principle_after_sending_a_customer_s_invoice_to_a_neighbor_s_address_due_to_a_data_migration_error_with_the_DPA_citing_negligence_and_lack_of_cooperation,q68_text,Other,categorical,1.0,0.0026595744680851063,0.002652501131733817,,,
q68_text_Vodafone_Espa_a_sanctioned_8_15M_for_systematic_GDPR_LSSICE_and_LGT_violations_in_marketing_operations_inadequate_processor_controls_insufficient_oversight_international_data_transfer_breaches_and_failure_to_honor_opposition_rights_despite_191_complaints_and_200M_processing_actions_DPA_cited_negligence_repeat_offenses_and_scale_of_infringements,q68_text,Other,categorical,1.0,0.0026595744680851063,0.002652501131733817,,,
q68_text_Vodafone_Spain_processed_SIM_duplicate_request_without_verifying_identity_enabling_fraud_fined_80_000_for_Article_6_violation_with_history_of_similar_breaches_cited,q68_text,Other,categorical,1.0,0.0026595744680851063,0.002652501131733817,,,
q68_lang_ENGLISH_LIKELY,q68_lang,Other,categorical,1.0,0.7925531914893617,0.16441263014938884,,,
q68_lang_UNKNOWN,q68_lang,Other,categorical,1.0,0.2074468085106383,0.16441263014938884,,,
schema_echo_fields_MISSING,schema_echo_fields,Other,categorical,1.0,0.6223404255319149,0.23503282028067,,,
schema_echo_fields_Q10_Q11_Q12_Q13_Q14_Q15_Q16_Q17_Q18_Q19_Q20_Q21_Q22_Q23_Q24_Q25_Q26_Q27_Q28_Q29_Q3_Q30_Q31_Q32_Q33_Q34_Q35_Q36_Q37_Q38_Q39_Q4_Q40_Q41_Q42_Q43_Q44_Q45_Q46_Q47_Q48_Q49_Q5_Q50_Q51_Q52_Q53_Q54_Q55_Q56_Q57_Q58_Q59_Q6_Q60_Q61_Q62_Q63_Q64_Q65_Q66_Q67_Q68_Q7_Q8_Q9,schema_echo_fields,Other,categorical,1.0,0.02925531914893617,0.028399445450430057,,,
schema_echo_fields_Q10_Q11_Q12_Q13_Q14_Q15_Q16_Q17_Q18_Q19_Q20_Q21_Q22_Q23_Q24_Q25_Q26_Q27_Q28_Q29_Q3_Q30_Q31_Q32_Q33_Q34_Q35_Q36_Q37_Q38_Q39_Q4_Q40_Q41_Q42_Q43_Q44_Q45_Q46_Q47_Q48_Q49_Q5_Q50_Q51_Q52_Q53_Q54_Q55_Q56_Q57_Q58_Q59_Q6_Q60_Q61_Q62_Q63_Q64_Q65_Q66_Q67_Q68_Q8_Q9,schema_echo_fields,Other,categorical,1.0,0.13829787234042554,0.11917157084653686,,,
schema_echo_fields_Q10_Q11_Q12_Q13_Q14_Q15_Q16_Q17_Q18_Q19_Q20_Q21_Q22_Q23_Q24_Q25_Q26_Q27_Q28_Q29_Q3_Q30_Q31_Q32_Q33_Q34_Q35_Q37_Q38_Q39_Q4_Q40_Q41_Q42_Q43_Q44_Q45_Q46_Q47_Q48_Q49_Q5_Q50_Q51_Q53_Q54_Q55_Q56_Q57_Q58_Q59_Q6_Q60_Q61_Q62_Q63_Q64_Q65_Q66_Q67_Q8_Q9,schema_echo_fields,Other,categorical,1.0,0.026595744680851064,0.025888411045722048,,,
schema_echo_fields_Q10_Q11_Q12_Q13_Q14_Q15_Q16_Q17_Q18_Q19_Q20_Q21_Q22_Q23_Q24_Q25_Q26_Q27_Q28_Q29_Q3_Q30_Q31_Q32_Q33_Q34_Q35_Q37_Q38_Q39_Q4_Q40_Q41_Q42_Q43_Q44_Q45_Q46_Q47_Q48_Q49_Q5_Q50_Q51_Q53_Q54_Q55_Q56_Q57_Q58_Q59_Q6_Q60_Q61_Q62_Q63_Q64_Q65_Q66_Q8_Q9,schema_echo_fields,Other,categorical,1.0,0.0026595744680851063,0.002652501131733817,,,
schema_echo_fields_Q10_Q11_Q12_Q13_Q14_Q15_Q16_Q17_Q18_Q19_Q20_Q21_Q22_Q23_Q24_Q25_Q26_Q27_Q28_Q29_Q3_Q30_Q31_Q32_Q33_Q34_Q35_Q38_Q39_Q4_Q40_Q41_Q42_Q43_Q44_Q45_Q46_Q47_Q48_Q49_Q5_Q50_Q51_Q53_Q54_Q55_Q56_Q57_Q58_Q59_Q6_Q60_Q61_Q62_Q63_Q64_Q65_Q66_Q67_Q8_Q9,schema_echo_fields,Other,categorical,1.0,0.0026595744680851063,0.002652501131733817,,,
schema_echo_fields_Q10_Q11_Q12_Q13_Q14_Q15_Q16_Q17_Q18_Q19_Q20_Q21_Q22_Q23_Q24_Q25_Q26_Q27_Q28_Q29_Q3_Q30_Q31_Q32_Q33_Q34_Q35_Q39_Q4_Q40_Q41_Q42_Q43_Q44_Q45_Q46_Q47_Q48_Q49_Q5_Q50_Q51_Q53_Q54_Q55_Q56_Q57_Q58_Q59_Q6_Q60_Q61_Q62_Q63_Q64_Q65_Q66_Q67_Q8_Q9,schema_echo_fields,Other,categorical,1.0,0.018617021276595744,0.01827042779538253,,,
schema_echo_fields_Q10_Q11_Q12_Q13_Q14_Q15_Q16_Q17_Q18_Q19_Q2_Q20_Q21_Q22_Q23_Q24_Q25_Q26_Q27_Q28_Q29_Q3_Q30_Q31_Q32_Q33_Q34_Q35_Q36_Q37_Q38_Q39_Q4_Q40_Q41_Q42_Q43_Q44_Q45_Q46_Q47_Q48_Q49_Q5_Q50_Q51_Q52_Q53_Q54_Q55_Q56_Q57_Q58_Q59_Q6_Q60_Q61_Q62_Q63_Q64_Q65_Q66_Q67_Q68_Q7_Q8_Q9,schema_echo_fields,Other,categorical,1.0,0.06648936170212766,0.06206852648257131,,,
schema_echo_fields_Q10_Q11_Q13_Q14_Q15_Q16_Q17_Q18_Q19_Q20_Q21_Q22_Q23_Q24_Q25_Q26_Q27_Q28_Q29_Q3_Q30_Q31_Q32_Q33_Q34_Q35_Q37_Q38_Q39_Q4_Q40_Q41_Q42_Q43_Q44_Q45_Q46_Q47_Q48_Q49_Q5_Q50_Q51_Q53_Q54_Q55_Q56_Q57_Q58_Q59_Q6_Q60_Q61_Q62_Q63_Q64_Q65_Q66_Q67_Q8_Q9,schema_echo_fields,Other,categorical,1.0,0.0026595744680851063,0.002652501131733817,,,
schema_echo_fields_Q10_Q11_Q13_Q14_Q15_Q16_Q17_Q18_Q19_Q20_Q21_Q22_Q23_Q24_Q25_Q26_Q27_Q28_Q29_Q3_Q30_Q31_Q32_Q33_Q34_Q35_Q37_Q38_Q39_Q4_Q40_Q41_Q42_Q43_Q44_Q45_Q46_Q47_Q48_Q49_Q5_Q50_Q51_Q53_Q54_Q55_Q56_Q57_Q58_Q59_Q6_Q60_Q61_Q62_Q63_Q64_Q65_Q66_Q8_Q9,schema_echo_fields,Other,categorical,1.0,0.005319148936170213,0.00529085559076505,,,
schema_echo_fields_Q10_Q11_Q13_Q14_Q15_Q16_Q17_Q18_Q19_Q20_Q21_Q22_Q23_Q24_Q25_Q26_Q27_Q28_Q29_Q3_Q30_Q31_Q32_Q33_Q34_Q35_Q39_Q4_Q40_Q41_Q42_Q43_Q44_Q45_Q46_Q47_Q48_Q49_Q5_Q50_Q51_Q53_Q54_Q55_Q56_Q57_Q58_Q59_Q6_Q60_Q61_Q62_Q63_Q64_Q65_Q66_Q67_Q8_Q9,schema_echo_fields,Other,categorical,1.0,0.0026595744680851063,0.002652501131733817,,,
schema_echo_fields_Q10_Q11_Q13_Q14_Q15_Q16_Q17_Q18_Q19_Q20_Q21_Q22_Q23_Q24_Q25_Q26_Q27_Q28_Q29_Q3_Q30_Q31_Q32_Q33_Q34_Q35_Q39_Q4_Q40_Q41_Q42_Q43_Q44_Q45_Q46_Q47_Q48_Q49_Q5_Q50_Q51_Q53_Q54_Q55_Q56_Q57_Q58_Q59_Q6_Q60_Q61_Q62_Q63_Q64_Q65_Q66_Q8_Q9,schema_echo_fields,Other,categorical,1.0,0.02127659574468085,0.02082390221819828,,,
schema_echo_fields_Q12,schema_echo_fields,Other,categorical,1.0,0.005319148936170213,0.00529085559076505,,,
schema_echo_fields_Q12_Q67,schema_echo_fields,Other,categorical,1.0,0.05053191489361702,0.04797844047080127,,,
schema_echo_fields_Q12_Q67_Q7,schema_echo_fields,Other,categorical,1.0,0.0026595744680851063,0.002652501131733817,,,
schema_echo_fields_Q12_Q7,schema_echo_fields,Other,categorical,1.0,0.0026595744680851063,0.002652501131733817,,,
art33_notification_required_MISSING,art33_notification_required,Article 33,categorical,1.0,0.05053191489361702,0.04797844047080127,,,
art33_notification_required_NOT_APPLICABLE,art33_notification_required,Article 33,categorical,1.0,0.8058510638297872,0.1564551267541874,,,
art33_notification_required_NOT_MENTIONED,art33_notification_required,Article 33,categorical,1.0,0.010638297872340425,0.010525124490719785,,,
art33_notification_required_YES_REQUIRED,art33_notification_required,Article 33,categorical,1.0,0.13297872340425532,0.11529538252602989,,,
art33_notification_required_note_MISSING,art33_notification_required_note,Article 33,categorical,1.0,0.8670212765957447,0.11529538252602989,,,
art33_notification_required_note_direct,art33_notification_required_note,Article 33,categorical,1.0,0.13297872340425532,0.11529538252602989,,,
art33_notification_submitted_MISSING,art33_notification_submitted,Article 33,categorical,1.0,0.05053191489361702,0.04797844047080127,,,
art33_notification_submitted_NOT_APPLICABLE,art33_notification_submitted,Article 33,categorical,1.0,0.8058510638297872,0.1564551267541874,,,
art33_notification_submitted_NOT_MENTIONED,art33_notification_submitted,Article 33,categorical,1.0,0.02127659574468085,0.02082390221819828,,,
art33_notification_submitted_NO_NOT_SUBMITTED,art33_notification_submitted,Article 33,categorical,1.0,0.013297872340425532,0.01312103893164328,,,
art33_notification_submitted_YES_SUBMITTED,art33_notification_submitted,Article 33,categorical,1.0,0.10904255319148937,0.09715227478497059,,,
art33_notification_submitted_note_MISSING,art33_notification_submitted_note,Article 33,categorical,1.0,0.8776595744680851,0.10737324581258488,,,
art33_notification_submitted_note_direct,art33_notification_submitted_note,Article 33,categorical,1.0,0.12234042553191489,0.10737324581258488,,,
art33_notification_timeliness_MISSING,art33_notification_timeliness,Article 33,categorical,1.0,0.05053191489361702,0.04797844047080127,,,
art33_notification_timeliness_NOT_APPLICABLE,art33_notification_timeliness,Article 33,categorical,1.0,0.8271276595744681,0.1429874943413309,,,
art33_notification_timeliness_NOT_MENTIONED,art33_notification_timeliness,Article 33,categorical,1.0,0.07180851063829788,0.06665204843820735,,,
art33_notification_timeliness_NO_LATE,art33_notification_timeliness,Article 33,categorical,1.0,0.010638297872340425,0.010525124490719785,,,
art33_notification_timeliness_UNCLEAR,art33_notification_timeliness,Article 33,categorical,1.0,0.005319148936170213,0.00529085559076505,,,
art33_notification_timeliness_YES_WITHIN_72H,art33_notification_timeliness,Article 33,categorical,1.0,0.034574468085106384,0.03337907424173835,,,
art33_notification_timeliness_note_MISSING,art33_notification_timeliness_note,Article 33,categorical,1.0,0.9547872340425532,0.04316857175192394,,,
art33_notification_timeliness_note_direct,art33_notification_timeliness_note,Article 33,categorical,1.0,0.04521276595744681,0.043168571751923936,,,
art33_notification_delay_band_1_TO_4_WEEKS,art33_notification_delay_band,Article 33,categorical,1.0,0.0026595744680851063,0.002652501131733817,,,
art33_notification_delay_band_1_TO_6_MONTHS,art33_notification_delay_band,Article 33,categorical,1.0,0.0026595744680851063,0.002652501131733817,,,
art33_notification_delay_band_MISSING,art33_notification_delay_band,Article 33,categorical,1.0,0.05053191489361702,0.04797844047080127,,,
art33_notification_delay_band_NOT_APPLICABLE,art33_notification_delay_band,Article 33,categorical,1.0,0.9335106382978723,0.0620685264825713,,,
art33_notification_delay_band_NOT_MENTIONED,art33_notification_delay_band,Article 33,categorical,1.0,0.005319148936170213,0.00529085559076505,,,
art33_notification_delay_band_OVER_6_MONTHS,art33_notification_delay_band,Article 33,categorical,1.0,0.005319148936170213,0.0052908555907650485,,,
art33_notification_delay_band_note_MISSING,art33_notification_delay_band_note,Article 33,categorical,1.0,0.9893617021276596,0.010525124490719783,,,
art33_notification_delay_band_note_direct,art33_notification_delay_band_note,Article 33,categorical,1.0,0.010638297872340425,0.010525124490719785,,,
data_subjects_notified_MISSING,data_subjects_notified,Other,categorical,1.0,0.05319148936170213,0.05036215482118604,,,
data_subjects_notified_NOT_APPLICABLE,data_subjects_notified,Other,categorical,1.0,0.8085106382978723,0.1548211860570394,,,
data_subjects_notified_NOT_MENTIONED,data_subjects_notified,Other,categorical,1.0,0.08244680851063829,0.07564933227704844,,,
data_subjects_notified_NO_NOT_NOTIFIED,data_subjects_notified,Other,categorical,1.0,0.018617021276595744,0.01827042779538253,,,
data_subjects_notified_PARTIALLY_NOTIFIED,data_subjects_notified,Other,categorical,1.0,0.010638297872340425,0.01052512449071978,,,
data_subjects_notified_YES_NOTIFIED,data_subjects_notified,Other,categorical,1.0,0.026595744680851064,0.025888411045722048,,,
data_subjects_notified_note_MISSING,data_subjects_notified_note,Other,categorical,1.0,0.9441489361702128,0.05273172249886826,,,
data_subjects_notified_note_direct,data_subjects_notified_note,Other,categorical,1.0,0.05585106382978723,0.05273172249886826,,,
art34_notification_required_DISPUTED_REQUIREMENT,art34_notification_required,Article 34,categorical,1.0,0.0026595744680851063,0.002652501131733817,,,
art34_notification_required_MISSING,art34_notification_required,Article 34,categorical,1.0,0.05585106382978723,0.05273172249886827,,,
art34_notification_required_NOT_APPLICABLE,art34_notification_required,Article 34,categorical,1.0,0.8138297872340425,0.15151086464463556,,,
art34_notification_required_NOT_MENTIONED,art34_notification_required,Article 34,categorical,1.0,0.0797872340425532,0.07342123132639204,,,
art34_notification_required_NO_NOT_REQUIRED,art34_notification_required,Article 34,categorical,1.0,0.0026595744680851063,0.002652501131733817,,,
art34_notification_required_YES_REQUIRED,art34_notification_required,Article 34,categorical,1.0,0.04521276595744681,0.043168571751923936,,,
art34_notification_required_note_MISSING,art34_notification_required_note,Article 34,categorical,1.0,0.949468085106383,0.04797844047080127,,,
art34_notification_required_note_direct,art34_notification_required_note,Article 34,categorical,1.0,0.05053191489361702,0.04797844047080127,,,
raw_q1_ES,raw_q1,Other,categorical,1.0,0.0026595744680851063,0.002652501131733817,,,
raw_q1_ISO_3166_1_ALPHA_2_ES,raw_q1,Other,categorical,1.0,0.425531914893617,0.24445450430058857,,,
raw_q1_ISO_3166_1_ALPHA_2_GB,raw_q1,Other,categorical,1.0,0.018617021276595744,0.01827042779538253,,,
raw_q1_ISO_3166_1_ALPHA_2_PL,raw_q1,Other,categorical,1.0,0.018617021276595744,0.018270427795382526,,,
raw_q1_ISO_3166_1_ALPHA_2_PT,raw_q1,Other,categorical,1.0,0.005319148936170213,0.005290855590765051,,,
raw_q1_ISO_3166_1_ALPHA_2_RO,raw_q1,Other,categorical,1.0,0.15425531914893617,0.13046061566319603,,,
raw_q1_ISO_3166_1_ALPHA_2_SE,raw_q1,Other,categorical,1.0,0.02127659574468085,0.02082390221819828,,,
raw_q1_ISO_3166_1_ALPHA_2_SI,raw_q1,Other,categorical,1.0,0.05851063829787234,0.0550871435038479,,,
raw_q1_ISO_3166_1_ALPHA_2_SK,raw_q1,Other,categorical,1.0,0.0026595744680851063,0.002652501131733817,,,
raw_q1_ISO_3166_1_ALPHA_2_UK,raw_q1,Other,categorical,1.0,0.02127659574468085,0.02082390221819828,,,
raw_q1_ISO_3166_1_ALPHA_2_UNCLEAR,raw_q1,Other,categorical,1.0,0.005319148936170213,0.00529085559076505,,,
raw_q1_ISO_3166_1_ALPHA_2_ES_1,raw_q1,Other,categorical,1.0,0.17553191489361702,0.14472046174739706,,,
raw_q1_ISO_3166_1_ALPHA_2_GB_1,raw_q1,Other,categorical,1.0,0.0026595744680851063,0.002652501131733817,,,
raw_q1_ISO_3166_1_ALPHA_2_SE_1,raw_q1,Other,categorical,1.0,0.0398936170212766,0.03830211634223631,,,
raw_q1_ISO_3166_1_ALPHA_2_UNCLEAR_1,raw_q1,Other,categorical,1.0,0.013297872340425532,0.01312103893164328,,,
raw_q1_MISSING,raw_q1,Other,categorical,1.0,0.034574468085106384,0.03337907424173835,,,
raw_q2_A_N_S_P_D_C_P,raw_q2,Other,categorical,1.0,0.005319148936170213,0.00529085559076505,,,
raw_q2_A_N_S_P_D_C_P_1,raw_q2,Other,categorical,1.0,0.026595744680851064,0.025888411045722048,,,
raw_q2_ANSPDCP,raw_q2,Other,categorical,1.0,0.0026595744680851063,0.002652501131733817,,,
raw_q2_Agencia_Espa_ola_de_Protecci_n_de_Datos,raw_q2,Other,categorical,1.0,0.018617021276595744,0.018270427795382526,,,
raw_q2_Autoritatea_Na_ional_de_Supraveghere_a_Prelucr_rii_Datelor_cu_Caracter_Personal,raw_q2,Other,categorical,1.0,0.0026595744680851063,0.002652501131733817,,,
raw_q2_Autoritatea_Na_ional_de_Supraveghere_a_Prelucr_rii_Datelor_cu_Caracter_Personal_ANSPDCP,raw_q2,Other,categorical,1.0,0.0026595744680851063,0.002652501131733817,,,
raw_q2_Catalan_Data_Protection_Authority,raw_q2,Other,categorical,1.0,0.010638297872340425,0.010525124490719783,,,
raw_q2_Comiss_o_Nacional_de_Prote_o_de_Dados,raw_q2,Other,categorical,1.0,0.005319148936170213,0.005290855590765051,,,
raw_q2_Council_for_Transparency_and_Protection_of_Data_of_Andalusia,raw_q2,Other,categorical,1.0,0.0026595744680851063,0.002652501131733817,,,
raw_q2_Datainspektionen,raw_q2,Other,categorical,1.0,0.010638297872340425,0.010525124490719783,,,
raw_q2_Informacijski_poobla_enec,raw_q2,Other,categorical,1.0,0.0026595744680851063,0.002652501131733817,,,
raw_q2_Information_Commissioner,raw_q2,Other,categorical,1.0,0.0425531914893617,0.040742417383431435,,,
raw_q2_Information_Commissioner_IP,raw_q2,Other,categorical,1.0,0.0026595744680851063,0.002652501131733817,,,
raw_q2_Information_Commissioner_Slovenia,raw_q2,Other,categorical,1.0,0.005319148936170213,0.0052908555907650485,,,
raw_q2_Information_Commissioner_of_the_Republic_of_Slovenia,raw_q2,Other,categorical,1.0,0.005319148936170213,0.005290855590765049,,,
raw_q2_Information_Commissioner_s_Office,raw_q2,Other,categorical,1.0,0.0398936170212766,0.03830211634223631,,,
raw_q2_Integritetsskyddsmyndigheten,raw_q2,Other,categorical,1.0,0.010638297872340425,0.010525124490719785,,,
raw_q2_Integritetsskyddsmyndigheten_IMY,raw_q2,Other,categorical,1.0,0.013297872340425532,0.013121038931643274,,,
raw_q2_Integrity_Protection_Authority,raw_q2,Other,categorical,1.0,0.007978723404255319,0.007915063377093709,,,
raw_q2_MISSING,raw_q2,Other,categorical,1.0,0.034574468085106384,0.03337907424173835,,,
raw_q2_NOT_DISCUSSED,raw_q2,Other,categorical,1.0,0.0026595744680851063,0.002652501131733817,,,
raw_q2_National_Supervisory_Authority,raw_q2,Other,categorical,1.0,0.034574468085106384,0.033379074241738346,,,
raw_q2_National_Supervisory_Authority_for_Personal_Data_Processing,raw_q2,Other,categorical,1.0,0.013297872340425532,0.013121038931643274,,,
raw_q2_National_Supervisory_Authority_for_the_Processing_of_Personal_Data,raw_q2,Other,categorical,1.0,0.015957446808510637,0.015702806699864187,,,
raw_q2_Office_for_the_Protection_of_Personal_Data_of_the_Slovak_Republic,raw_q2,Other,categorical,1.0,0.0026595744680851063,0.002652501131733817,,,
raw_q2_President_of_the_Office_for_Personal_Data_Protection,raw_q2,Other,categorical,1.0,0.013297872340425532,0.013121038931643278,,,
raw_q2_President_of_the_Personal_Data_Protection_Office,raw_q2,Other,categorical,1.0,0.005319148936170213,0.005290855590765051,,,
raw_q2_Romanian_Supervisory_Authority,raw_q2,Other,categorical,1.0,0.0026595744680851063,0.002652501131733817,,,
raw_q2_STRING,raw_q2,Other,categorical,1.0,0.0425531914893617,0.040742417383431435,,,
raw_q2_Spanish_Agency_for_Data_Protection,raw_q2,Other,categorical,1.0,0.28191489361702127,0.20243888637392488,,,
raw_q2_Spanish_Data_Protection_Agency,raw_q2,Other,categorical,1.0,0.2872340425531915,0.20473064735174284,,,
raw_q2_Spanish_Data_Protection_Agency_AEPD,raw_q2,Other,categorical,1.0,0.0026595744680851063,0.002652501131733817,,,
raw_q2_Swedish_Authority_for_Privacy_Protection,raw_q2,Other,categorical,1.0,0.005319148936170213,0.0052908555907650485,,,
raw_q2_Swedish_Authority_for_Privacy_Protection_IMY,raw_q2,Other,categorical,1.0,0.010638297872340425,0.010525124490719783,,,
raw_q2_Swedish_Data_Protection_Authority,raw_q2,Other,categorical,1.0,0.0026595744680851063,0.002652501131733817,,,
raw_q2_The_Information_Commissioner,raw_q2,Other,categorical,1.0,0.0026595744680851063,0.002652501131733817,,,
raw_q2_The_National_Supervisory_Authority,raw_q2,Other,categorical,1.0,0.005319148936170213,0.005290855590765049,,,
raw_q2_The_National_Supervisory_Authority_for_Personal_Data_Processing,raw_q2,Other,categorical,1.0,0.005319148936170213,0.00529085559076505,,,
raw_q2_The_National_Supervisory_Authority_for_the_Processing_of_Personal_Data,raw_q2,Other,categorical,1.0,0.007978723404255319,0.00791506337709371,,,
raw_q2_UNCLEAR,raw_q2,Other,categorical,1.0,0.0026595744680851063,0.002652501131733817,,,
raw_q3_2019_10_29,raw_q3,Other,categorical,1.0,0.0026595744680851063,0.002652501131733817,,,
raw_q3_2020_02_14,raw_q3,Other,categorical,1.0,0.0026595744680851063,0.002652501131733817,,,
raw_q3_2020_02_25,raw_q3,Other,categorical,1.0,0.0026595744680851063,0.002652501131733817,,,
raw_q3_2020_03_20,raw_q3,Other,categorical,1.0,0.0026595744680851063,0.002652501131733817,,,
raw_q3_2020_04_14,raw_q3,Other,categorical,1.0,0.0026595744680851063,0.002652501131733817,,,
raw_q3_2020_04_22,raw_q3,Other,categorical,1.0,0.0026595744680851063,0.002652501131733817,,,
raw_q3_2020_06_10,raw_q3,Other,categorical,1.0,0.0026595744680851063,0.002652501131733817,,,
raw_q3_2020_06_30,raw_q3,Other,categorical,1.0,0.0026595744680851063,0.002652501131733817,,,
raw_q3_2020_07_06,raw_q3,Other,categorical,1.0,0.0026595744680851063,0.002652501131733817,,,
raw_q3_2020_07_16,raw_q3,Other,categorical,1.0,0.0026595744680851063,0.002652501131733817,,,
raw_q3_2020_08_12,raw_q3,Other,categorical,1.0,0.0026595744680851063,0.002652501131733817,,,
raw_q3_2020_11_04,raw_q3,Other,categorical,1.0,0.0026595744680851063,0.002652501131733817,,,
raw_q3_2020_11_13,raw_q3,Other,categorical,1.0,0.013297872340425532,0.013121038931643278,,,
raw_q3_2020_11_20,raw_q3,Other,categorical,1.0,0.0026595744680851063,0.002652501131733817,,,
raw_q3_2020_11_23,raw_q3,Other,categorical,1.0,0.0026595744680851063,0.002652501131733817,,,
raw_q3_2020_11_26,raw_q3,Other,categorical,1.0,0.0026595744680851063,0.002652501131733817,,,
raw_q3_2020_12_02,raw_q3,Other,categorical,1.0,0.005319148936170213,0.0052908555907650485,,,
raw_q3_2020_12_03,raw_q3,Other,categorical,1.0,0.0026595744680851063,0.002652501131733817,,,
raw_q3_2020_12_14,raw_q3,Other,categorical,1.0,0.0026595744680851063,0.002652501131733817,,,
raw_q3_2021_01_22,raw_q3,Other,categorical,1.0,0.0026595744680851063,0.002652501131733817,,,
raw_q3_2021_03_21,raw_q3,Other,categorical,1.0,0.005319148936170213,0.00529085559076505,,,
raw_q3_2021_03_25,raw_q3,Other,categorical,1.0,0.0026595744680851063,0.002652501131733817,,,
raw_q3_2021_03_31,raw_q3,Other,categorical,1.0,0.0026595744680851063,0.002652501131733817,,,
raw_q3_2021_04_06,raw_q3,Other,categorical,1.0,0.0026595744680851063,0.002652501131733817,,,
raw_q3_2021_04_27,raw_q3,Other,categorical,1.0,0.0026595744680851063,0.002652501131733817,,,
raw_q3_2021_05_17,raw_q3,Other,categorical,1.0,0.0026595744680851063,0.002652501131733817,,,
raw_q3_2021_05_21,raw_q3,Other,categorical,1.0,0.0026595744680851063,0.002652501131733817,,,
raw_q3_2021_06_09,raw_q3,Other,categorical,1.0,0.0026595744680851063,0.002652501131733817,,,
raw_q3_2021_07_05,raw_q3,Other,categorical,1.0,0.0026595744680851063,0.002652501131733817,,,
raw_q3_2021_10_04,raw_q3,Other,categorical,1.0,0.005319148936170213,0.00529085559076505,,,
raw_q3_2021_10_14,raw_q3,Other,categorical,1.0,0.0026595744680851063,0.002652501131733817,,,
raw_q3_2021_10_26,raw_q3,Other,categorical,1.0,0.0026595744680851063,0.002652501131733817,,,
raw_q3_2021_11_11,raw_q3,Other,categorical,1.0,0.0026595744680851063,0.002652501131733817,,,
raw_q3_2021_11_13,raw_q3,Other,categorical,1.0,0.0026595744680851063,0.002652501131733817,,,
raw_q3_2021_11_15,raw_q3,Other,categorical,1.0,0.0026595744680851063,0.002652501131733817,,,
raw_q3_2021_11_20,raw_q3,Other,categorical,1.0,0.0026595744680851063,0.002652501131733817,,,
raw_q3_2021_12_01,raw_q3,Other,categorical,1.0,0.0026595744680851063,0.002652501131733817,,,
raw_q3_2021_12_13,raw_q3,Other,categorical,1.0,0.0026595744680851063,0.002652501131733817,,,
raw_q3_2022_01_07,raw_q3,Other,categorical,1.0,0.0026595744680851063,0.002652501131733817,,,
raw_q3_2022_01_26,raw_q3,Other,categorical,1.0,0.005319148936170213,0.005290855590765049,,,
raw_q3_2022_02_14,raw_q3,Other,categorical,1.0,0.0026595744680851063,0.002652501131733817,,,
raw_q3_2022_02_22,raw_q3,Other,categorical,1.0,0.0026595744680851063,0.002652501131733817,,,
raw_q3_2022_02_24,raw_q3,Other,categorical,1.0,0.0026595744680851063,0.002652501131733817,,,
raw_q3_2022_02_28,raw_q3,Other,categorical,1.0,0.0026595744680851063,0.002652501131733817,,,
raw_q3_2022_03_28,raw_q3,Other,categorical,1.0,0.0026595744680851063,0.002652501131733817,,,
raw_q3_2022_03_29,raw_q3,Other,categorical,1.0,0.0026595744680851063,0.002652501131733817,,,
raw_q3_2022_03_31,raw_q3,Other,categorical,1.0,0.0026595744680851063,0.002652501131733817,,,
raw_q3_2022_05_11,raw_q3,Other,categorical,1.0,0.0026595744680851063,0.002652501131733817,,,
raw_q3_2022_05_13,raw_q3,Other,categorical,1.0,0.0026595744680851063,0.002652501131733817,,,
raw_q3_2022_05_22,raw_q3,Other,categorical,1.0,0.0026595744680851063,0.002652501131733817,,,
raw_q3_2022_05_27,raw_q3,Other,categorical,1.0,0.0026595744680851063,0.002652501131733817,,,
raw_q3_2022_06_01,raw_q3,Other,categorical,1.0,0.0026595744680851063,0.002652501131733817,,,
raw_q3_2022_06_27,raw_q3,Other,categorical,1.0,0.0026595744680851063,0.002652501131733817,,,
raw_q3_2022_07_06,raw_q3,Other,categorical,1.0,0.0026595744680851063,0.002652501131733817,,,
raw_q3_2022_08_19,raw_q3,Other,categorical,1.0,0.0026595744680851063,0.002652501131733817,,,
raw_q3_2022_09_08,raw_q3,Other,categorical,1.0,0.0026595744680851063,0.002652501131733817,,,
raw_q3_2022_09_19,raw_q3,Other,categorical,1.0,0.0026595744680851063,0.002652501131733817,,,
raw_q3_2022_10_03,raw_q3,Other,categorical,1.0,0.0026595744680851063,0.002652501131733817,,,
raw_q3_2022_10_04,raw_q3,Other,categorical,1.0,0.0026595744680851063,0.002652501131733817,,,
raw_q3_2022_10_10,raw_q3,Other,categorical,1.0,0.0026595744680851063,0.002652501131733817,,,
raw_q3_2022_10_22,raw_q3,Other,categorical,1.0,0.0026595744680851063,0.002652501131733817,,,
raw_q3_2022_10_31,raw_q3,Other,categorical,1.0,0.0026595744680851063,0.002652501131733817,,,
raw_q3_2022_11_18,raw_q3,Other,categorical,1.0,0.0026595744680851063,0.002652501131733817,,,
raw_q3_2022_11_21,raw_q3,Other,categorical,1.0,0.0026595744680851063,0.002652501131733817,,,
raw_q3_2022_12_07,raw_q3,Other,categorical,1.0,0.0026595744680851063,0.002652501131733817,,,
raw_q3_2022_12_22,raw_q3,Other,categorical,1.0,0.0026595744680851063,0.002652501131733817,,,
raw_q3_2023_01_12,raw_q3,Other,categorical,1.0,0.0026595744680851063,0.002652501131733817,,,
raw_q3_2023_01_19,raw_q3,Other,categorical,1.0,0.0026595744680851063,0.002652501131733817,,,
raw_q3_2023_03_00,raw_q3,Other,categorical,1.0,0.0026595744680851063,0.002652501131733817,,,
raw_q3_2023_03_15,raw_q3,Other,categorical,1.0,0.0026595744680851063,0.002652501131733817,,,
raw_q3_2023_03_23,raw_q3,Other,categorical,1.0,0.0026595744680851063,0.002652501131733817,,,
raw_q3_2023_03_31,raw_q3,Other,categorical,1.0,0.0026595744680851063,0.002652501131733817,,,
raw_q3_2023_04_30,raw_q3,Other,categorical,1.0,0.0026595744680851063,0.002652501131733817,,,
raw_q3_2023_06_06,raw_q3,Other,categorical,1.0,0.0026595744680851063,0.002652501131733817,,,
raw_q3_2023_06_12,raw_q3,Other,categorical,1.0,0.0026595744680851063,0.002652501131733817,,,
raw_q3_2023_06_27,raw_q3,Other,categorical,1.0,0.0026595744680851063,0.002652501131733817,,,
raw_q3_2023_06_30,raw_q3,Other,categorical,1.0,0.007978723404255319,0.007915063377093707,,,
raw_q3_2023_07_31,raw_q3,Other,categorical,1.0,0.0026595744680851063,0.002652501131733817,,,
raw_q3_2023_08_11,raw_q3,Other,categorical,1.0,0.0026595744680851063,0.002652501131733817,,,
raw_q3_2023_08_28,raw_q3,Other,categorical,1.0,0.0026595744680851063,0.002652501131733817,,,
raw_q3_2023_10_24,raw_q3,Other,categorical,1.0,0.0026595744680851063,0.002652501131733817,,,
raw_q3_2023_10_26,raw_q3,Other,categorical,1.0,0.0026595744680851063,0.002652501131733817,,,
raw_q3_2024_01_16,raw_q3,Other,categorical,1.0,0.013297872340425532,0.013121038931643278,,,
raw_q3_2024_01_31,raw_q3,Other,categorical,1.0,0.0026595744680851063,0.002652501131733817,,,
raw_q3_2024_03_25,raw_q3,Other,categorical,1.0,0.0026595744680851063,0.002652501131733817,,,
raw_q3_2024_03_28,raw_q3,Other,categorical,1.0,0.0026595744680851063,0.002652501131733817,,,
raw_q3_2024_05_27,raw_q3,Other,categorical,1.0,0.0026595744680851063,0.002652501131733817,,,
raw_q3_2024_07_09,raw_q3,Other,categorical,1.0,0.0026595744680851063,0.002652501131733817,,,
raw_q3_2024_08_00,raw_q3,Other,categorical,1.0,0.0026595744680851063,0.002652501131733817,,,
raw_q3_2024_10_16,raw_q3,Other,categorical,1.0,0.0026595744680851063,0.002652501131733817,,,
raw_q3_2024_10_23,raw_q3,Other,categorical,1.0,0.0026595744680851063,0.002652501131733817,,,
raw_q3_2024_10_31,raw_q3,Other,categorical,1.0,0.0026595744680851063,0.002652501131733817,,,
raw_q3_2024_11_30,raw_q3,Other,categorical,1.0,0.0026595744680851063,0.002652501131733817,,,
raw_q3_2024_12_05,raw_q3,Other,categorical,1.0,0.0026595744680851063,0.002652501131733817,,,
raw_q3_2024_12_19,raw_q3,Other,categorical,1.0,0.0026595744680851063,0.002652501131733817,,,
raw_q3_2025_02_00,raw_q3,Other,categorical,1.0,0.0026595744680851063,0.002652501131733817,,,
raw_q3_2025_04_25,raw_q3,Other,categorical,1.0,0.0026595744680851063,0.002652501131733817,,,
raw_q3_2025_04_30,raw_q3,Other,categorical,1.0,0.0026595744680851063,0.002652501131733817,,,
raw_q3_2025_06_05,raw_q3,Other,categorical,1.0,0.0026595744680851063,0.002652501131733817,,,
raw_q3_2025_06_24,raw_q3,Other,categorical,1.0,0.0026595744680851063,0.002652501131733817,,,
raw_q3_MISSING,raw_q3,Other,categorical,1.0,0.034574468085106384,0.03337907424173835,,,
raw_q3_NOT_DISCUSSED,raw_q3,Other,categorical,1.0,0.5159574468085106,0.2497453598913535,,,
raw_q3_YYYY_MM_DD_2021_09_15,raw_q3,Other,categorical,1.0,0.0026595744680851063,0.002652501131733817,,,
raw_q3_YYYY_MM_DD_NOT_DISCUSSED,raw_q3,Other,categorical,1.0,0.14095744680851063,0.12108844499773654,,,
raw_q3_YYYY_MM_DD_2023_06_26,raw_q3,Other,categorical,1.0,0.0026595744680851063,0.002652501131733817,,,
raw_q4_MISSING,raw_q4,Other,categorical,1.0,0.034574468085106384,0.03337907424173835,,,
raw_q4_NO,raw_q4,Other,categorical,1.0,0.8882978723404256,0.09922476233589857,,,
raw_q4_NOT_DISCUSSED,raw_q4,Other,categorical,1.0,0.026595744680851064,0.02588841104572204,,,
raw_q4_YES,raw_q4,Other,categorical,1.0,0.0425531914893617,0.040742417383431435,,,
raw_q4_YES_NO_UNCLEAR_NOT_DISCUSSED,raw_q4,Other,categorical,1.0,0.007978723404255319,0.007915063377093707,,,
raw_q5_MISSING,raw_q5,Other,categorical,1.0,0.034574468085106384,0.03337907424173835,,,
raw_q5_MODIFIED,raw_q5,Other,categorical,1.0,0.013297872340425532,0.013121038931643278,,,
raw_q5_NOT_APPLICABLE,raw_q5,Other,categorical,1.0,0.8909574468085106,0.09715227478497059,,,
raw_q5_NOT_DISCUSSED,raw_q5,Other,categorical,1.0,0.023936170212765957,0.02336322996831146,,,
raw_q5_OVERTURNED,raw_q5,Other,categorical,1.0,0.02127659574468085,0.020823902218198284,,,
raw_q5_UPHELD,raw_q5,Other,categorical,1.0,0.007978723404255319,0.007915063377093709,,,
raw_q5_UPHELD_OVERTURNED_MODIFIED_REFERRED_BACK_NOT_APPLICABLE_NOT_DISCUSSED,raw_q5,Other,categorical,1.0,0.007978723404255319,0.007915063377093707,,,
raw_q6_MISSING,raw_q6,Other,categorical,1.0,0.034574468085106384,0.03337907424173835,,,
raw_q6_NO,raw_q6,Other,categorical,1.0,0.9281914893617021,0.06665204843820734,,,
raw_q6_NOT_DISCUSSED,raw_q6,Other,categorical,1.0,0.007978723404255319,0.007915063377093709,,,
raw_q6_UNCLEAR,raw_q6,Other,categorical,1.0,0.0026595744680851063,0.002652501131733817,,,
raw_q6_YES,raw_q6,Other,categorical,1.0,0.026595744680851064,0.02588841104572204,,,
raw_q7_20_A_OS_DE_M_SICA_A_I_E,raw_q7,Other,categorical,1.0,0.0026595744680851063,0.002652501131733817,,,
raw_q7_23andMe_Inc,raw_q7,Other,categorical,1.0,0.0026595744680851063,0.002652501131733817,,,
raw_q7_4FINANCE_SPAIN_FINANCIAL_SERVICES_S_A_U,raw_q7,Other,categorical,1.0,0.0026595744680851063,0.002652501131733817,,,
raw_q7_A_A_A,raw_q7,Other,categorical,1.0,0.026595744680851064,0.025888411045722048,,,
raw_q7_A_A_A_COMPANY_1,raw_q7,Other,categorical,1.0,0.0026595744680851063,0.002652501131733817,,,
raw_q7_AAA,raw_q7,Other,categorical,1.0,0.005319148936170213,0.005290855590765051,,,
raw_q7_AD735_DATA_MEDIA_ADVERTISING_S_L,raw_q7,Other,categorical,1.0,0.005319148936170213,0.00529085559076505,,,
raw_q7_ADD_EVENT_STAFF_SL,raw_q7,Other,categorical,1.0,0.0026595744680851063,0.002652501131733817,,,
raw_q7_ADNAYA_GREEN_SOLUTIONS_S_L,raw_q7,Other,categorical,1.0,0.0026595744680851063,0.002652501131733817,,,
raw_q7_AG_BROKER_ASIGURARE_S_R_L,raw_q7,Other,categorical,1.0,0.0026595744680851063,0.002652501131733817,,,
raw_q7_AIR_EUROPA_LINEAS_A_REAS_SA,raw_q7,Other,categorical,1.0,0.0026595744680851063,0.002652501131733817,,,
raw_q7_AIRE_NETWORKS_DEL_MEDITERR_NEO_S_L,raw_q7,Other,categorical,1.0,0.0026595744680851063,0.002652501131733817,,,
raw_q7_ALDANITI_INTERNATIONAL_NETWORK_LTD,raw_q7,Other,categorical,1.0,0.0026595744680851063,0.002652501131733817,,,
raw_q7_ALL_ABOUT_WATER_S_L,raw_q7,Other,categorical,1.0,0.0026595744680851063,0.002652501131733817,,,
raw_q7_AMAZON_ROAD_TRANSPORT_SPAIN_S_L,raw_q7,Other,categorical,1.0,0.0026595744680851063,0.002652501131733817,,,
raw_q7_ARANOW_PACKAGING_MACHINERY_S_L,raw_q7,Other,categorical,1.0,0.0026595744680851063,0.002652501131733817,,,
raw_q7_ASOCIACI_N_CULTURAL_ASSOCIATION_1,raw_q7,Other,categorical,1.0,0.0026595744680851063,0.002652501131733817,,,
raw_q7_ASOCIACI_N_ESPA_OLA_PARA_LA_PREVENCI_N_DEL_ACOSACOLAR,raw_q7,Other,categorical,1.0,0.0026595744680851063,0.002652501131733817,,,
raw_q7_ASSOCIACIO_DE_CA_ADORS_D_ALZIRA,raw_q7,Other,categorical,1.0,0.0026595744680851063,0.002652501131733817,,,
raw_q7_ASSOCIATION_OF_PENITENTIARY_WORKERS_YOUR_ABANDONMENT_CAN_KILL_ME,raw_q7,Other,categorical,1.0,0.0026595744680851063,0.002652501131733817,,,
raw_q7_ASSOCIATION_OF_TECHNICIANS_AND_AEROSPACE_SECTOR_PROFESSIONALS,raw_q7,Other,categorical,1.0,0.0026595744680851063,0.002652501131733817,,,
raw_q7_ASSOCIATION_OF_VICTIMS_BY_JUDICIAL_ARBITRARITIES_JAVA,raw_q7,Other,categorical,1.0,0.0026595744680851063,0.002652501131733817,,,
raw_q7_ATRESMEDIA_CORPORACI_N_DE_MEDIOS_DE_COMUNICACI_N_S_A,raw_q7,Other,categorical,1.0,0.005319148936170213,0.005290855590765049,,,
raw_q7_AUDAX_RENOVABLES_S_A,raw_q7,Other,categorical,1.0,0.0026595744680851063,0.002652501131733817,,,
raw_q7_AUTO_DESGUACES_IGLESIAS_SL,raw_q7,Other,categorical,1.0,0.0026595744680851063,0.002652501131733817,,,
raw_q7_AUTOMOVILES_FERSAN_S_A,raw_q7,Other,categorical,1.0,0.0026595744680851063,0.002652501131733817,,,
raw_q7_Agricola_International_SA,raw_q7,Other,categorical,1.0,0.0026595744680851063,0.002652501131733817,,,
raw_q7_Aktiebolaget_Trav_och_Galopp,raw_q7,Other,categorical,1.0,0.0026595744680851063,0.002652501131733817,,,
raw_q7_American_Express_Services_Europe_Limited,raw_q7,Other,categorical,1.0,0.0026595744680851063,0.002652501131733817,,,
raw_q7_Apa_Canal_Ilfov_SA,raw_q7,Other,categorical,1.0,0.0026595744680851063,0.002652501131733817,,,
raw_q7_Asociatia_de_Proprietari_Avia_iei_Park,raw_q7,Other,categorical,1.0,0.0026595744680851063,0.002652501131733817,,,
raw_q7_Association_of_Mutual_Aid_Houses_FLEXICREDIT,raw_q7,Other,categorical,1.0,0.0026595744680851063,0.002652501131733817,,,
raw_q7_B_B_B,raw_q7,Other,categorical,1.0,0.02925531914893617,0.02839944545043006,,,
raw_q7_BABY_PALACE_S_L,raw_q7,Other,categorical,1.0,0.0026595744680851063,0.002652501131733817,,,
raw_q7_BANCO_BILBAO_VIZCAYA_ARGENTARIA_S_A,raw_q7,Other,categorical,1.0,0.007978723404255319,0.007915063377093709,,,
raw_q7_BANCO_CETELEM_S_A,raw_q7,Other,categorical,1.0,0.0026595744680851063,0.002652501131733817,,,
raw_q7_BANCO_SANTANDER_S_A,raw_q7,Other,categorical,1.0,0.0026595744680851063,0.002652501131733817,,,
raw_q7_BANKIA_S_A,raw_q7,Other,categorical,1.0,0.0026595744680851063,0.002652501131733817,,,
raw_q7_BAR_XXXX_OFFICE,raw_q7,Other,categorical,1.0,0.0026595744680851063,0.002652501131733817,,,
raw_q7_BASER_COMERCIALIZADORA_DE_REFERENCIA_S_A,raw_q7,Other,categorical,1.0,0.0026595744680851063,0.002652501131733817,,,
raw_q7_BBB,raw_q7,Other,categorical,1.0,0.0026595744680851063,0.002652501131733817,,,
raw_q7_BIROU_GAS_S_L,raw_q7,Other,categorical,1.0,0.0026595744680851063,0.002652501131733817,,,
raw_q7_BODEGAS_DINASTIA_SL,raw_q7,Other,categorical,1.0,0.0026595744680851063,0.002652501131733817,,,
raw_q7_BODY_LINE_SRL,raw_q7,Other,categorical,1.0,0.0026595744680851063,0.002652501131733817,,,
raw_q7_BRISTOL_LOGISTICS_SA,raw_q7,Other,categorical,1.0,0.0026595744680851063,0.002652501131733817,,,
raw_q7_BURGOS_CLUB_DE_F_TBOL_S_A_D,raw_q7,Other,categorical,1.0,0.0026595744680851063,0.002652501131733817,,,
raw_q7_Banca_Comercial_Rom_n_S_A,raw_q7,Other,categorical,1.0,0.0026595744680851063,0.002652501131733817,,,
raw_q7_Banca_Comercial_Rom_n_SA,raw_q7,Other,categorical,1.0,0.0026595744680851063,0.002652501131733817,,,
raw_q7_Banca_Transilvania_SA,raw_q7,Other,categorical,1.0,0.0026595744680851063,0.002652501131733817,,,
raw_q7_Banco_Bilbao_Vizcaya_Argentaria_SA,raw_q7,Other,categorical,1.0,0.0026595744680851063,0.002652501131733817,,,
raw_q7_Birthlink,raw_q7,Other,categorical,1.0,0.0026595744680851063,0.002652501131733817,,,
raw_q7_Board_of_Education_in_the_city_of_Stockholm,raw_q7,Other,categorical,1.0,0.0026595744680851063,0.002652501131733817,,,
raw_q7_CABINETE_DE_NEUROCIENCIAS_S_L,raw_q7,Other,categorical,1.0,0.0026595744680851063,0.002652501131733817,,,
raw_q7_CABRERA_GIL_ABOGADOS_S_L_P,raw_q7,Other,categorical,1.0,0.0026595744680851063,0.002652501131733817,,,
raw_q7_CAFE_BAR_NINA_Nina_Cb,raw_q7,Other,categorical,1.0,0.0026595744680851063,0.002652501131733817,,,
raw_q7_CAIXABANK_S_A,raw_q7,Other,categorical,1.0,0.0026595744680851063,0.002652501131733817,,,
raw_q7_CAIXABANK_S_A_1,raw_q7,Other,categorical,1.0,0.010638297872340425,0.010525124490719785,,,
raw_q7_CAIXABANK_SA,raw_q7,Other,categorical,1.0,0.0026595744680851063,0.002652501131733817,,,
raw_q7_CAJA_DE_SEGUROS_REUNIDOS_INSURANCE_AND_REASEGUROS_COMPANY_S_A_CASER,raw_q7,Other,categorical,1.0,0.0026595744680851063,0.002652501131733817,,,
raw_q7_CALLESGARCIA_SC,raw_q7,Other,categorical,1.0,0.0026595744680851063,0.002652501131733817,,,
raw_q7_CANARYCLICK_CONSULTING_SL,raw_q7,Other,categorical,1.0,0.0026595744680851063,0.002652501131733817,,,
raw_q7_CASA_GRACIO_OPERATION_SLU,raw_q7,Other,categorical,1.0,0.0026595744680851063,0.002652501131733817,,,
raw_q7_CASTILLA_LA_MANCHA_HEALTH_SERVICE,raw_q7,Other,categorical,1.0,0.0026595744680851063,0.002652501131733817,,,
raw_q7_CDON_AB,raw_q7,Other,categorical,1.0,0.005319148936170213,0.005290855590765049,,,
raw_q7_CENTRO_M_DICO_SALUS_BALEARES_S_L,raw_q7,Other,categorical,1.0,0.0026595744680851063,0.002652501131733817,,,
raw_q7_CHATWITH_IO_WORLDWIDE_S_L,raw_q7,Other,categorical,1.0,0.0026595744680851063,0.002652501131733817,,,
raw_q7_CITY_COUNCIL_OF_BURGOS,raw_q7,Other,categorical,1.0,0.0026595744680851063,0.002652501131733817,,,
raw_q7_CITY_COUNCIL_OF_CACABELOS,raw_q7,Other,categorical,1.0,0.0026595744680851063,0.002652501131733817,,,
raw_q7_CITY_COUNCIL_OF_IMPROVEMENT_OF_THE_FIELD,raw_q7,Other,categorical,1.0,0.0026595744680851063,0.002652501131733817,,,
raw_q7_CITY_COUNCIL_OF_LA_PUEBLA_DEL_R_O_Seville_Local_Police,raw_q7,Other,categorical,1.0,0.0026595744680851063,0.002652501131733817,,,
raw_q7_CL_NICA_VIVANTA_S_L,raw_q7,Other,categorical,1.0,0.0026595744680851063,0.002652501131733817,,,
raw_q7_COFIDIS_S_A_SUCURSAL_EN_ESPA_A,raw_q7,Other,categorical,1.0,0.0026595744680851063,0.002652501131733817,,,
raw_q7_COLEGIO_VIRGEN_DE_EUROPA_S_L,raw_q7,Other,categorical,1.0,0.0026595744680851063,0.002652501131733817,,,
raw_q7_COMERCIALIZADORA_REGULADA_GAS_POWER_S_A,raw_q7,Other,categorical,1.0,0.0026595744680851063,0.002652501131733817,,,
raw_q7_COMMUNITY_OF_OWNERS_RRR,raw_q7,Other,categorical,1.0,0.0026595744680851063,0.002652501131733817,,,
raw_q7_COMUNIDAD_DE_OWNERS_R_R_R,raw_q7,Other,categorical,1.0,0.0026595744680851063,0.002652501131733817,,,
raw_q7_COMUNIDAD_DE_PROPIETARIOS_A_A_A,raw_q7,Other,categorical,1.0,0.0026595744680851063,0.002652501131733817,,,
raw_q7_COMUNIDAD_DE_PROPIETARIOS_L_L_L,raw_q7,Other,categorical,1.0,0.0026595744680851063,0.002652501131733817,,,
raw_q7_CONECTA5_TELECINCO_S_A_U,raw_q7,Other,categorical,1.0,0.0026595744680851063,0.002652501131733817,,,
raw_q7_CONSELLER_A_DE_EDUCACI_N_UNIVERSIDAD_Y_FORMACI_N_PROFESIONAL_DE_LA_XUNTA_DE_GALICIA,raw_q7,Other,categorical,1.0,0.0026595744680851063,0.002652501131733817,,,
raw_q7_COUNSELING_OF_EDUCATION_UNIVERSITY_AND_VOCATIONAL_TRAINING_OF_THE_BOARD_OF_GALICIA,raw_q7,Other,categorical,1.0,0.0026595744680851063,0.002652501131733817,,,
raw_q7_CURENERG_A_COMERCIALIZADOR_DE_LTIMO_RECURSO_S_A_U,raw_q7,Other,categorical,1.0,0.0026595744680851063,0.002652501131733817,,,
raw_q7_Cabinet_Office,raw_q7,Other,categorical,1.0,0.0026595744680851063,0.002652501131733817,,,
raw_q7_Caja_Rural_San_Jos_de_Nules_S_Cooperativa_de_Cr_dito_of_the_Valencian_Community,raw_q7,Other,categorical,1.0,0.0026595744680851063,0.002652501131733817,,,
raw_q7_Chelmer_Valley_High_School,raw_q7,Other,categorical,1.0,0.0026595744680851063,0.002652501131733817,,,
raw_q7_Chief_National_Surveyor,raw_q7,Other,categorical,1.0,0.0026595744680851063,0.002652501131733817,,,
raw_q7_City_Council_of_Jerez_de_la_Frontera,raw_q7,Other,categorical,1.0,0.0026595744680851063,0.002652501131733817,,,
raw_q7_City_Council_of_La_Canonja,raw_q7,Other,categorical,1.0,0.0026595744680851063,0.002652501131733817,,,
raw_q7_Clyde_Valley_Housing_Association,raw_q7,Other,categorical,1.0,0.0026595744680851063,0.002652501131733817,,,
raw_q7_Corint_Logistic_SRL,raw_q7,Other,categorical,1.0,0.0026595744680851063,0.002652501131733817,,,
raw_q7_D_B_B_B,raw_q7,Other,categorical,1.0,0.005319148936170213,0.005290855590765049,,,
raw_q7_D_D_D,raw_q7,Other,categorical,1.0,0.0026595744680851063,0.002652501131733817,,,
raw_q7_DENTOESTETIC_CENTRO_DE_SALUD_Y_EST_TICA_DENTAL_S_L,raw_q7,Other,categorical,1.0,0.0026595744680851063,0.002652501131733817,,,
raw_q7_DEPARTMENT_OF_ECONOMY_KNOWLEDGE_AND_EMPLOYMENT,raw_q7,Other,categorical,1.0,0.0026595744680851063,0.002652501131733817,,,
raw_q7_DIGI_SPAIN_TELECOM_S_L,raw_q7,Other,categorical,1.0,0.0026595744680851063,0.002652501131733817,,,
raw_q7_DIRECTORATE_GENERAL_OF_THE_POLICE,raw_q7,Other,categorical,1.0,0.0026595744680851063,0.002652501131733817,,,
raw_q7_DR_MAR_N_CIRUGIA_PL_STICA_S_L_P,raw_q7,Other,categorical,1.0,0.0026595744680851063,0.002652501131733817,,,
raw_q7_Dagens_Industri_Aktiebolag,raw_q7,Other,categorical,1.0,0.0026595744680851063,0.002652501131733817,,,
raw_q7_Denmar_Nacrut_SRL,raw_q7,Other,categorical,1.0,0.0026595744680851063,0.002652501131733817,,,
raw_q7_Digital_Medical_Supply_Sweden_AB_KRY,raw_q7,Other,categorical,1.0,0.0026595744680851063,0.002652501131733817,,,
raw_q7_Don_A_A_A,raw_q7,Other,categorical,1.0,0.0026595744680851063,0.002652501131733817,,,
raw_q7_Don_B_B_B,raw_q7,Other,categorical,1.0,0.0026595744680851063,0.002652501131733817,,,
raw_q7_EASYJET_AIRLINE_COMPANY_LIMITED,raw_q7,Other,categorical,1.0,0.0026595744680851063,0.002652501131733817,,,
raw_q7_EDP_Energ_a_S_A_U,raw_q7,Other,categorical,1.0,0.0026595744680851063,0.002652501131733817,,,
raw_q7_EDP_SOLAR_ESPA_A_S_A,raw_q7,Other,categorical,1.0,0.0026595744680851063,0.002652501131733817,,,
raw_q7_EL_LE_N_DE_EL_ESPA_OL_PUBLICACIONES_S_A,raw_q7,Other,categorical,1.0,0.0026595744680851063,0.002652501131733817,,,
raw_q7_ELECTROTECNIA_BASTIDA_S_L,raw_q7,Other,categorical,1.0,0.0026595744680851063,0.002652501131733817,,,
raw_q7_EMPRESA_MUNICIPAL_TRANSPORTES_URBANOS_S_A_DE_GIJ_N,raw_q7,Other,categorical,1.0,0.0026595744680851063,0.002652501131733817,,,
raw_q7_Easylife_Limited,raw_q7,Other,categorical,1.0,0.0026595744680851063,0.002652501131733817,,,
raw_q7_Ellos_Group_AB,raw_q7,Other,categorical,1.0,0.0026595744680851063,0.002652501131733817,,,
raw_q7_Enel_Energie_Muntenia_SA,raw_q7,Other,categorical,1.0,0.0026595744680851063,0.002652501131733817,,,
raw_q7_Eulen_Servicios_Sociosanitarios_SA,raw_q7,Other,categorical,1.0,0.0026595744680851063,0.002652501131733817,,,
raw_q7_Executive_Board_of_the_Rescue_Service_stra_Skaraborg,raw_q7,Other,categorical,1.0,0.0026595744680851063,0.002652501131733817,,,
raw_q7_Expressen_Lifestyle_AB,raw_q7,Other,categorical,1.0,0.0026595744680851063,0.002652501131733817,,,
raw_q7_FACEBOOK_IRELAND_LTD,raw_q7,Other,categorical,1.0,0.0026595744680851063,0.002652501131733817,,,
raw_q7_FOURTH_PARTY_LOGISTICS_S_L,raw_q7,Other,categorical,1.0,0.0026595744680851063,0.002652501131733817,,,
raw_q7_FUENLABRADA_CITY_COUNCIL,raw_q7,Other,categorical,1.0,0.0026595744680851063,0.002652501131733817,,,
raw_q7_Farmacia_Ardealul_SRL,raw_q7,Other,categorical,1.0,0.0026595744680851063,0.002652501131733817,,,
raw_q7_Fusiona_Soluciones_Energ_ticas_S_A,raw_q7,Other,categorical,1.0,0.0026595744680851063,0.002652501131733817,,,
raw_q7_G_G_G,raw_q7,Other,categorical,1.0,0.0026595744680851063,0.002652501131733817,,,
raw_q7_GARANTIZA_AUTOMOCI_N_SL,raw_q7,Other,categorical,1.0,0.0026595744680851063,0.002652501131733817,,,
raw_q7_GENERAL_DIRECTORATE_OF_THE_POLICE,raw_q7,Other,categorical,1.0,0.0026595744680851063,0.002652501131733817,,,
raw_q7_GESTI_N_DE_PATRIMONIOS_ANFIPOLIS_SOCIEDAD_DE_RESPONSABILIDAD_LIMITADA,raw_q7,Other,categorical,1.0,0.0026595744680851063,0.002652501131733817,,,
raw_q7_GLOBAL_BUSINESS_TRAVEL_SPAIN_S_L_U,raw_q7,Other,categorical,1.0,0.0026595744680851063,0.002652501131733817,,,
raw_q7_GLOVOAPP23_S_L,raw_q7,Other,categorical,1.0,0.0026595744680851063,0.002652501131733817,,,
raw_q7_GOOGLE_INC,raw_q7,Other,categorical,1.0,0.0026595744680851063,0.002652501131733817,,,
raw_q7_GOOGLE_LLC,raw_q7,Other,categorical,1.0,0.005319148936170213,0.005290855590765051,,,
raw_q7_GOOGLE_LLC_GOOGLE_SPAIN_S_L,raw_q7,Other,categorical,1.0,0.0026595744680851063,0.002652501131733817,,,
raw_q7_GOOGLE_SPAIN_SL,raw_q7,Other,categorical,1.0,0.0026595744680851063,0.002652501131733817,,,
raw_q7_GRUPO_NORCONSULTING_S_L,raw_q7,Other,categorical,1.0,0.0026595744680851063,0.002652501131733817,,,
raw_q7_General_School_Complex_in_D,raw_q7,Other,categorical,1.0,0.0026595744680851063,0.002652501131733817,,,
raw_q7_General_Secretariat_for_Innovation_and_Quality_of_the_Public_Justice_Service,raw_q7,Other,categorical,1.0,0.0026595744680851063,0.002652501131733817,,,
raw_q7_Global_Ports_s_Services_S_R_L,raw_q7,Other,categorical,1.0,0.0026595744680851063,0.002652501131733817,,,
raw_q7_Glove_Technology_SRL,raw_q7,Other,categorical,1.0,0.0026595744680851063,0.002652501131733817,,,
raw_q7_HANDBALL_FEDERATION_OF_CASTILLA_LA_MANCHA,raw_q7,Other,categorical,1.0,0.0026595744680851063,0.002652501131733817,,,
raw_q7_HANDBALL_FEDERATION_OF_THE_PRINCIPALITY_OF_ASTURIAS,raw_q7,Other,categorical,1.0,0.0026595744680851063,0.002652501131733817,,,
raw_q7_HAZTEOIR_ORG,raw_q7,Other,categorical,1.0,0.0026595744680851063,0.002652501131733817,,,
raw_q7_HEALTH_SERVICE_OF_THE_PRINCIPALITY_OF_ASTURIAS,raw_q7,Other,categorical,1.0,0.0026595744680851063,0.002652501131733817,,,
raw_q7_HIGHCLIFFE_ESTATES_MARBELLA_S_L,raw_q7,Other,categorical,1.0,0.0026595744680851063,0.002652501131733817,,,
raw_q7_HOLALUZ_CLIDOM_S_A,raw_q7,Other,categorical,1.0,0.0026595744680851063,0.002652501131733817,,,
raw_q7_Hospital_Board_in_the_Uppsala_Region,raw_q7,Other,categorical,1.0,0.0026595744680851063,0.002652501131733817,,,
raw_q7_I_DE_REDES_EL_CTRICAS_INTELIGENTES_S_A_U,raw_q7,Other,categorical,1.0,0.0026595744680851063,0.002652501131733817,,,
raw_q7_IAMSAT_Muntenia_SA,raw_q7,Other,categorical,1.0,0.0026595744680851063,0.002652501131733817,,,
raw_q7_IBERDROLA_CLIENTES_SAU,raw_q7,Other,categorical,1.0,0.007978723404255319,0.007915063377093709,,,
raw_q7_IBERIA_L_NEAS_A_REAS_DE_ESPA_A_S_A_OPERADORA_UNIPERSONAL,raw_q7,Other,categorical,1.0,0.0026595744680851063,0.002652501131733817,,,
raw_q7_IKEA_ROMANIA_SA,raw_q7,Other,categorical,1.0,0.0026595744680851063,0.002652501131733817,,,
raw_q7_IKEA_Romania_S_R_L,raw_q7,Other,categorical,1.0,0.0026595744680851063,0.002652501131733817,,,
raw_q7_IMNOVA_RESORT_SL,raw_q7,Other,categorical,1.0,0.0026595744680851063,0.002652501131733817,,,
raw_q7_INDECEMI_S_L,raw_q7,Other,categorical,1.0,0.0026595744680851063,0.002652501131733817,,,
raw_q7_ING_BANK_N_V_BRANCH_IN_SPAIN,raw_q7,Other,categorical,1.0,0.0026595744680851063,0.002652501131733817,,,
raw_q7_ING_BANK_NV_Amsterdam_Bucharest_Branch,raw_q7,Other,categorical,1.0,0.0026595744680851063,0.002652501131733817,,,
raw_q7_INTERCAMBIADOR_DE_TRANSPORTES_AVENIDA_DE_AMERICA_S_A_U,raw_q7,Other,categorical,1.0,0.0026595744680851063,0.002652501131733817,,,
raw_q7_IZA_OBRAS_Y_PROMOCIONES_S_A,raw_q7,Other,categorical,1.0,0.0026595744680851063,0.002652501131733817,,,
raw_q7_Institut_Enric_Borr_s_de_Badalona,raw_q7,Other,categorical,1.0,0.0026595744680851063,0.002652501131733817,,,
raw_q7_JOKER_PREMIUM_INVEX_S_L,raw_q7,Other,categorical,1.0,0.0026595744680851063,0.002652501131733817,,,
raw_q7_JUST_LANDED_S_L,raw_q7,Other,categorical,1.0,0.0026595744680851063,0.002652501131733817,,,
raw_q7_Jozef_Stefan_Institute,raw_q7,Other,categorical,1.0,0.0026595744680851063,0.002652501131733817,,,
raw_q7_KUKIMBIA_S_L,raw_q7,Other,categorical,1.0,0.0026595744680851063,0.002652501131733817,,,
raw_q7_Klarna_Bank_AB,raw_q7,Other,categorical,1.0,0.007978723404255319,0.007915063377093709,,,
raw_q7_LODEJU_S_L,raw_q7,Other,categorical,1.0,0.0026595744680851063,0.002652501131733817,,,
raw_q7_LORO_PARQUE_S_A,raw_q7,Other,categorical,1.0,0.0026595744680851063,0.002652501131733817,,,
raw_q7_LOSADA_ADVOCATS_S_L,raw_q7,Other,categorical,1.0,0.0026595744680851063,0.002652501131733817,,,
raw_q7_LVCENTVM_LEGAL_S_L,raw_q7,Other,categorical,1.0,0.0026595744680851063,0.002652501131733817,,,
raw_q7_Lensway_Group_AB,raw_q7,Other,categorical,1.0,0.0026595744680851063,0.002652501131733817,,,
raw_q7_Levales_Solicitors_LLP,raw_q7,Other,categorical,1.0,0.0026595744680851063,0.002652501131733817,,,
raw_q7_Libra_Internet_Bank_SA,raw_q7,Other,categorical,1.0,0.0026595744680851063,0.002652501131733817,,,
raw_q7_MAG_Interactive_AB,raw_q7,Other,categorical,1.0,0.0026595744680851063,0.002652501131733817,,,
raw_q7_MAPFRE_ESPA_A_COMPA_A_DE_SEGUROS_Y_REASEGUROS_S_A,raw_q7,Other,categorical,1.0,0.0026595744680851063,0.002652501131733817,,,
raw_q7_MARIELI_GABRIELA_S_L,raw_q7,Other,categorical,1.0,0.0026595744680851063,0.002652501131733817,,,
raw_q7_MARINA_SALUD_S_A,raw_q7,Other,categorical,1.0,0.0026595744680851063,0.002652501131733817,,,
raw_q7_MARKETING_ACCOMMODATION_SOLUTIONS_FZ_L_L_C,raw_q7,Other,categorical,1.0,0.0026595744680851063,0.002652501131733817,,,
raw_q7_MASTER_DISTANCIA_S_A,raw_q7,Other,categorical,1.0,0.0026595744680851063,0.002652501131733817,,,
raw_q7_METRO_BILBAO_S_A,raw_q7,Other,categorical,1.0,0.0026595744680851063,0.002652501131733817,,,
raw_q7_MIGUEL_HERN_NDEZ_DE_ELCHE_UNIVERSITY,raw_q7,Other,categorical,1.0,0.0026595744680851063,0.002652501131733817,,,
raw_q7_MIGUEL_IB_EZ_BEZANILLA_S_L,raw_q7,Other,categorical,1.0,0.0026595744680851063,0.002652501131733817,,,
raw_q7_MINISTRY_OF_HEALTH_OF_THE_COMMUNITY_OF_MADRID,raw_q7,Other,categorical,1.0,0.0026595744680851063,0.002652501131733817,,,
raw_q7_MISSING,raw_q7,Other,categorical,1.0,0.034574468085106384,0.03337907424173835,,,
raw_q7_MOURO_PRODUCTIONS_S_R_L,raw_q7,Other,categorical,1.0,0.0026595744680851063,0.002652501131733817,,,
raw_q7_MUXERS_CONCEPT_SL,raw_q7,Other,categorical,1.0,0.0026595744680851063,0.002652501131733817,,,
raw_q7_Meedea_Construct_Prest_SRL,raw_q7,Other,categorical,1.0,0.0026595744680851063,0.002652501131733817,,,
raw_q7_Mermaids,raw_q7,Other,categorical,1.0,0.0026595744680851063,0.002652501131733817,,,
raw_q7_Meta_Platforms_Ireland_Limited,raw_q7,Other,categorical,1.0,0.0026595744680851063,0.002652501131733817,,,
raw_q7_Ministry_of_Finance,raw_q7,Other,categorical,1.0,0.0026595744680851063,0.002652501131733817,,,
raw_q7_Modaone_SRL,raw_q7,Other,categorical,1.0,0.0026595744680851063,0.002652501131733817,,,
raw_q7_Mr_T_P_conducting_business_under_the_name_T,raw_q7,Other,categorical,1.0,0.0026595744680851063,0.002652501131733817,,,
raw_q7_Municipality,raw_q7,Other,categorical,1.0,0.0026595744680851063,0.002652501131733817,,,
raw_q7_NBQ_TECHNOLOGY_S_A_U,raw_q7,Other,categorical,1.0,0.0026595744680851063,0.002652501131733817,,,
raw_q7_NIANTIC_INC,raw_q7,Other,categorical,1.0,0.0026595744680851063,0.002652501131733817,,,
raw_q7_NN_Pensii_Societate_de_Administrare_a_unei_Fond_de_Pensii_Administrat_Privat_S_A,raw_q7,Other,categorical,1.0,0.0026595744680851063,0.002652501131733817,,,
raw_q7_NOT_DISCUSSED,raw_q7,Other,categorical,1.0,0.005319148936170213,0.00529085559076505,,,
raw_q7_NOT_MENTIONED,raw_q7,Other,categorical,1.0,0.026595744680851064,0.02588841104572205,,,
raw_q7_National_Authority_for_Consumer_Protection,raw_q7,Other,categorical,1.0,0.0026595744680851063,0.002652501131733817,,,
raw_q7_Nordax_Bank_AB,raw_q7,Other,categorical,1.0,0.0026595744680851063,0.002652501131733817,,,
raw_q7_Nordea_Bank_Abp_branch_in_Sweden,raw_q7,Other,categorical,1.0,0.0026595744680851063,0.002652501131733817,,,
raw_q7_Norfolk_County_Council,raw_q7,Other,categorical,1.0,0.0026595744680851063,0.002652501131733817,,,
raw_q7_Not_explicitly_stated_in_the_provided_text,raw_q7,Other,categorical,1.0,0.0026595744680851063,0.002652501131733817,,,
raw_q7_Nottinghamshire_County_Council,raw_q7,Other,categorical,1.0,0.0026595744680851063,0.002652501131733817,,,
raw_q7_ONE_UNITED_PROPERTIES_S_A,raw_q7,Other,categorical,1.0,0.0026595744680851063,0.002652501131733817,,,
raw_q7_OPEN_BANK_S_A,raw_q7,Other,categorical,1.0,0.0026595744680851063,0.002652501131733817,,,
raw_q7_ORANGE_ESPAGNE_S_A_U,raw_q7,Other,categorical,1.0,0.007978723404255319,0.007915063377093709,,,
raw_q7_ORGANIC_AND_NATUR_03_S_L,raw_q7,Other,categorical,1.0,0.0026595744680851063,0.002652501131733817,,,
raw_q7_ORI_S_L,raw_q7,Other,categorical,1.0,0.0026595744680851063,0.002652501131733817,,,
raw_q7_OWNERS_COMMUNITY_ADDRESS_1,raw_q7,Other,categorical,1.0,0.0026595744680851063,0.002652501131733817,,,
raw_q7_Orange_Romania_SA,raw_q7,Other,categorical,1.0,0.0026595744680851063,0.002652501131733817,,,
raw_q7_PAGE_GROUP_EUROPE_S_L,raw_q7,Other,categorical,1.0,0.0026595744680851063,0.002652501131733817,,,
raw_q7_PLAY_ORENES_S_L,raw_q7,Other,categorical,1.0,0.0026595744680851063,0.002652501131733817,,,
raw_q7_PNP_Sp_ka_Akcyjna,raw_q7,Other,categorical,1.0,0.0026595744680851063,0.002652501131733817,,,
raw_q7_POSADA_LAS_ANIMAS_VIGO_SPAIN_S_L,raw_q7,Other,categorical,1.0,0.0026595744680851063,0.002652501131733817,,,
raw_q7_Pactum_Poland_Sp_z_o_o,raw_q7,Other,categorical,1.0,0.0026595744680851063,0.002652501131733817,,,
raw_q7_Parkside_Community_Primary_School,raw_q7,Other,categorical,1.0,0.0026595744680851063,0.002652501131733817,,,
raw_q7_Pro_Economica_Foundation_Pro_Economica_Alap_tv_ny,raw_q7,Other,categorical,1.0,0.0026595744680851063,0.002652501131733817,,,
raw_q7_Profi_Rom_Food_Srl,raw_q7,Other,categorical,1.0,0.0026595744680851063,0.002652501131733817,,,
raw_q7_QUIR_N_PREVENCI_N_S_L_U,raw_q7,Other,categorical,1.0,0.0026595744680851063,0.002652501131733817,,,
raw_q7_REAL_CLUB_N_UTICO_DE_RIBADEO,raw_q7,Other,categorical,1.0,0.0026595744680851063,0.002652501131733817,,,
raw_q7_RED_WHITE_2022_MANAGEMENT_S_A,raw_q7,Other,categorical,1.0,0.0026595744680851063,0.002652501131733817,,,
raw_q7_RIPOBRUNA_2007_S_L,raw_q7,Other,categorical,1.0,0.0026595744680851063,0.002652501131733817,,,
raw_q7_ROCA_ASOCIADOS_ABOGADOS_Y_ECONOMISTAS_S_L_P,raw_q7,Other,categorical,1.0,0.0026595744680851063,0.002652501131733817,,,
raw_q7_ROYAL_SPANISH_ACADEMY,raw_q7,Other,categorical,1.0,0.0026595744680851063,0.002652501131733817,,,
raw_q7_Radiotelevisi_n_del_Principado_de_Asturias,raw_q7,Other,categorical,1.0,0.0026595744680851063,0.002652501131733817,,,
raw_q7_Raiffeisen_Bank_S_A,raw_q7,Other,categorical,1.0,0.0026595744680851063,0.002652501131733817,,,
raw_q7_S_C_Apollo_Salon_S_R_L,raw_q7,Other,categorical,1.0,0.0026595744680851063,0.002652501131733817,,,
raw_q7_S_C_Medicover_S_R_L,raw_q7,Other,categorical,1.0,0.0026595744680851063,0.002652501131733817,,,
raw_q7_S_C_Type_Top_Food_Industry_S_R_L,raw_q7,Other,categorical,1.0,0.0026595744680851063,0.002652501131733817,,,
raw_q7_SAGE_SPAIN_SL,raw_q7,Other,categorical,1.0,0.0026595744680851063,0.002652501131733817,,,
raw_q7_SC_CNTAR_TAROM_SA,raw_q7,Other,categorical,1.0,0.0026595744680851063,0.002652501131733817,,,
raw_q7_SC_Grupex_2000_SRL,raw_q7,Other,categorical,1.0,0.0026595744680851063,0.002652501131733817,,,
raw_q7_SC_Nobiotic_Pharma_SRL,raw_q7,Other,categorical,1.0,0.0026595744680851063,0.002652501131733817,,,
raw_q7_SC_Prestige_Media_PHG_SRL,raw_q7,Other,categorical,1.0,0.0026595744680851063,0.002652501131733817,,,
raw_q7_SCHOOL_FITNESS_HOLIDAY_FRANCHISING_S_L_U,raw_q7,Other,categorical,1.0,0.0026595744680851063,0.002652501131733817,,,
raw_q7_SCIENTIFIC_SOCIETY_OF_MEDICAL_ONCOLOGY_FOUNDATION,raw_q7,Other,categorical,1.0,0.0026595744680851063,0.002652501131733817,,,
raw_q7_SEAN_SERIOS_S_L,raw_q7,Other,categorical,1.0,0.0026595744680851063,0.002652501131733817,,,
raw_q7_SEGURCAIXA_ADESLAS_S_A_OF_INSURANCE_AND_REINSURANCE,raw_q7,Other,categorical,1.0,0.0026595744680851063,0.002652501131733817,,,
raw_q7_SERVICIOS_LOG_STICOS_MARTORELL_SIGLO_XXI_S_L,raw_q7,Other,categorical,1.0,0.0026595744680851063,0.002652501131733817,,,
raw_q7_SIDECU_S_A,raw_q7,Other,categorical,1.0,0.0026595744680851063,0.002652501131733817,,,
raw_q7_SOUND_SOUL_S_L,raw_q7,Other,categorical,1.0,0.0026595744680851063,0.002652501131733817,,,
raw_q7_STATE_AGENCY_OF_TAX_ADMINISTRATION,raw_q7,Other,categorical,1.0,0.005319148936170213,0.00529085559076505,,,
raw_q7_STRING,raw_q7,Other,categorical,1.0,0.07180851063829788,0.06665204843820735,,,
raw_q7_SUDREZIDEN_IAL_Broker_S_R_L,raw_q7,Other,categorical,1.0,0.0026595744680851063,0.002652501131733817,,,
raw_q7_SUPERCOR_S_A,raw_q7,Other,categorical,1.0,0.0026595744680851063,0.002652501131733817,,,
raw_q7_Saga_Personal_Finance_Limited,raw_q7,Other,categorical,1.0,0.0026595744680851063,0.002652501131733817,,,
raw_q7_Sahlgrenska_University_Hospital,raw_q7,Other,categorical,1.0,0.0026595744680851063,0.002652501131733817,,,
raw_q7_Sanatatea_Press_Group_SRL,raw_q7,Other,categorical,1.0,0.0026595744680851063,0.002652501131733817,,,
raw_q7_Sector_1_of_the_Municipality_of_Bucharest,raw_q7,Other,categorical,1.0,0.0026595744680851063,0.002652501131733817,,,
raw_q7_Suministrador_Ib_rico_de_Energ_a_S_L,raw_q7,Other,categorical,1.0,0.0026595744680851063,0.002652501131733817,,,
raw_q7_TELEFONICA_MOVILES_ESPA_A_SAU,raw_q7,Other,categorical,1.0,0.0026595744680851063,0.002652501131733817,,,
raw_q7_TELEF_NICA_DE_ESPA_A_S_A_U,raw_q7,Other,categorical,1.0,0.0026595744680851063,0.002652501131733817,,,
raw_q7_TELEF_NICA_DE_ESPA_A_SAU,raw_q7,Other,categorical,1.0,0.0026595744680851063,0.002652501131733817,,,
raw_q7_TELEF_NICA_M_VILES_ESPA_A_S_A_U,raw_q7,Other,categorical,1.0,0.0026595744680851063,0.002652501131733817,,,
raw_q7_TELEF_NICA_SERVICIOS_INTEGRALES_DE_DISTRIBUCI_N_S_A,raw_q7,Other,categorical,1.0,0.0026595744680851063,0.002652501131733817,,,
raw_q7_TERRA_BRASA_Y_MAR_S_L,raw_q7,Other,categorical,1.0,0.0026595744680851063,0.002652501131733817,,,
raw_q7_TNT_EXPRESS_WORLDWIDE_SPAIN_S_L,raw_q7,Other,categorical,1.0,0.0026595744680851063,0.002652501131733817,,,
raw_q7_TODOTECNICOS24H_S_L,raw_q7,Other,categorical,1.0,0.0026595744680851063,0.002652501131733817,,,
raw_q7_TOUR_PEOPLE_MAX_S_L,raw_q7,Other,categorical,1.0,0.0026595744680851063,0.002652501131733817,,,
raw_q7_Tehnoplus_Industry_SRL,raw_q7,Other,categorical,1.0,0.0026595744680851063,0.002652501131733817,,,
raw_q7_Telef_nica_M_viles_Espa_a_S_A_U,raw_q7,Other,categorical,1.0,0.0026595744680851063,0.002652501131733817,,,
raw_q7_Telekom_Romania_Communications_SA,raw_q7,Other,categorical,1.0,0.0026595744680851063,0.002652501131733817,,,
raw_q7_The_Money_Hive_Limited,raw_q7,Other,categorical,1.0,0.0026595744680851063,0.002652501131733817,,,
raw_q7_The_Regional_Board_of_the_Uppsala_Region,raw_q7,Other,categorical,1.0,0.0026595744680851063,0.002652501131733817,,,
raw_q7_Tiana_City_Council,raw_q7,Other,categorical,1.0,0.0026595744680851063,0.002652501131733817,,,
raw_q7_Ticketmaster_UK_Limited,raw_q7,Other,categorical,1.0,0.0026595744680851063,0.002652501131733817,,,
raw_q7_Trionic_Sverige_AB,raw_q7,Other,categorical,1.0,0.0026595744680851063,0.002652501131733817,,,
raw_q7_Trygg_Hansa_F_rs_kring_branch,raw_q7,Other,categorical,1.0,0.0026595744680851063,0.002652501131733817,,,
raw_q7_Tuckers_Solicitors_LLP,raw_q7,Other,categorical,1.0,0.0026595744680851063,0.002652501131733817,,,
raw_q7_Turner_Broadcasting_System_Espa_a_S_L,raw_q7,Other,categorical,1.0,0.0026595744680851063,0.002652501131733817,,,
raw_q7_UNCLEAR,raw_q7,Other,categorical,1.0,0.0026595744680851063,0.002652501131733817,,,
raw_q7_UNIQUE_HOTEL_APARTMENT_S_L,raw_q7,Other,categorical,1.0,0.0026595744680851063,0.002652501131733817,,,
raw_q7_UNITED_PARCEL_SERVICE_ESPA_A_LTD_AND_COMPA_IA_SRC,raw_q7,Other,categorical,1.0,0.0026595744680851063,0.002652501131733817,,,
raw_q7_UNIVERSITAT_POLIT_CNICA_DE_VAL_NCIA,raw_q7,Other,categorical,1.0,0.0026595744680851063,0.002652501131733817,,,
raw_q7_UNIVERSITY_OF_NAVARRA,raw_q7,Other,categorical,1.0,0.0026595744680851063,0.002652501131733817,,,
raw_q7_Uppsalahem_AB,raw_q7,Other,categorical,1.0,0.0026595744680851063,0.002652501131733817,,,
raw_q7_Urban_Home_Development_S_R_L,raw_q7,Other,categorical,1.0,0.0026595744680851063,0.002652501131733817,,,
raw_q7_V_M_P_Sp_z_o_o,raw_q7,Other,categorical,1.0,0.0026595744680851063,0.002652501131733817,,,
raw_q7_VACACIONES_EDREAMS_S_L,raw_q7,Other,categorical,1.0,0.0026595744680851063,0.002652501131733817,,,
raw_q7_VODAFONE_ESPA_A_S_A_U,raw_q7,Other,categorical,1.0,0.007978723404255319,0.007915063377093709,,,
raw_q7_VODAFONE_ESPA_A_SAU,raw_q7,Other,categorical,1.0,0.0026595744680851063,0.002652501131733817,,,
raw_q7_VODAFONE_Romania_S_A,raw_q7,Other,categorical,1.0,0.0026595744680851063,0.002652501131733817,,,
raw_q7_Virgin_Mobile_Polska_Sp_z_o_o_legal_successor_P4_Sp_z_o_o,raw_q7,Other,categorical,1.0,0.0026595744680851063,0.002652501131733817,,,
raw_q7_Vodafone_Spain_S_A_U,raw_q7,Other,categorical,1.0,0.0026595744680851063,0.002652501131733817,,,
raw_q7_Volvo_Personvagnar_AB,raw_q7,Other,categorical,1.0,0.0026595744680851063,0.002652501131733817,,,
raw_q7_WALLNER_EUROPA_S_L,raw_q7,Other,categorical,1.0,0.0026595744680851063,0.002652501131733817,,,
raw_q7_WORKING_CAPITAL_MANAGEMENT_ESPA_A_S_L,raw_q7,Other,categorical,1.0,0.0026595744680851063,0.002652501131733817,,,
raw_q7_WW_E_SERVICES_IBERIA_S_L_U,raw_q7,Other,categorical,1.0,0.0026595744680851063,0.002652501131733817,,,
raw_q7_Worldcoin_Foundation,raw_q7,Other,categorical,1.0,0.005319148936170213,0.005290855590765051,,,
raw_q7_XFERA_M_VILES_S_A,raw_q7,Other,categorical,1.0,0.0026595744680851063,0.002652501131733817,,,
raw_q7_XFERA_M_VILES_SA,raw_q7,Other,categorical,1.0,0.0026595744680851063,0.002652501131733817,,,
raw_q7_Your_Consulting_SRL,raw_q7,Other,categorical,1.0,0.0026595744680851063,0.002652501131733817,,,
raw_q7_natural_person_operator_doctor,raw_q7,Other,categorical,1.0,0.0026595744680851063,0.002652501131733817,,,
raw_q7_the_taxpayer,raw_q7,Other,categorical,1.0,0.0026595744680851063,0.002652501131733817,,,
raw_q8_MISSING,raw_q8,Other,categorical,1.0,0.034574468085106384,0.03337907424173835,,,
raw_q8_NATURAL_PERSON,raw_q8,Other,categorical,1.0,0.07180851063829788,0.06665204843820735,,,
raw_q8_NOT_DISCUSSED,raw_q8,Other,categorical,1.0,0.007978723404255319,0.007915063377093709,,,
raw_q8_NOT_MENTIONED,raw_q8,Other,categorical,1.0,0.05053191489361702,0.04797844047080127,,,
raw_q8_ORGANIZATION,raw_q8,Other,categorical,1.0,0.8271276595744681,0.1429874943413309,,,
raw_q8_PUBLIC_SECTOR_BODY,raw_q8,Other,categorical,1.0,0.007978723404255319,0.00791506337709371,,,
raw_q9_BOTH_CONTROLLER_AND_PROCESSOR,raw_q9,Other,categorical,1.0,0.0026595744680851063,0.002652501131733817,,,
raw_q9_CONTROLLER,raw_q9,Other,categorical,1.0,0.8776595744680851,0.10737324581258488,,,
raw_q9_JOINT_CONTROLLER,raw_q9,Other,categorical,1.0,0.0026595744680851063,0.002652501131733817,,,
raw_q9_MISSING,raw_q9,Other,categorical,1.0,0.034574468085106384,0.03337907424173835,,,
raw_q9_NOT_DISCUSSED,raw_q9,Other,categorical,1.0,0.007978723404255319,0.007915063377093709,,,
raw_q9_NOT_MENTIONED,raw_q9,Other,categorical,1.0,0.06382978723404255,0.05975554549569941,,,
raw_q9_PROCESSOR,raw_q9,Other,categorical,1.0,0.007978723404255319,0.007915063377093709,,,
raw_q9_UNCLEAR,raw_q9,Other,categorical,1.0,0.0026595744680851063,0.002652501131733817,,,
raw_q10_LARGE_ENTERPRISE,raw_q10,Other,categorical,1.0,0.1196808510638298,0.10535734495246718,,,
raw_q10_LARGE_ENTERPRISE_MULTINATIONAL,raw_q10,Other,categorical,1.0,0.03723404255319149,0.03584766862833861,,,
raw_q10_LARGE_ENTERPRISE_MULTINATIONAL_NOT_MENTIONED,raw_q10,Other,categorical,1.0,0.0026595744680851063,0.002652501131733817,,,
raw_q10_LARGE_ENTERPRISE_NOT_MENTIONED,raw_q10,Other,categorical,1.0,0.015957446808510637,0.015702806699864187,,,
raw_q10_LARGE_ENTERPRISE_MULTINATIONAL_1,raw_q10,Other,categorical,1.0,0.0425531914893617,0.040742417383431435,,,
raw_q10_LARGE_ENTERPRISE_NOT_MENTIONED_1,raw_q10,Other,categorical,1.0,0.007978723404255319,0.007915063377093709,,,
raw_q10_MISSING,raw_q10,Other,categorical,1.0,0.034574468085106384,0.03337907424173835,,,
raw_q10_MULTINATIONAL,raw_q10,Other,categorical,1.0,0.015957446808510637,0.015702806699864187,,,
raw_q10_MULTINATIONAL_NOT_MENTIONED,raw_q10,Other,categorical,1.0,0.0026595744680851063,0.002652501131733817,,,
raw_q10_NON_PROFIT,raw_q10,Other,categorical,1.0,0.0398936170212766,0.0383021163422363,,,
raw_q10_NON_PROFIT_NOT_MENTIONED,raw_q10,Other,categorical,1.0,0.005319148936170213,0.00529085559076505,,,
raw_q10_NOT_APPLICABLE,raw_q10,Other,categorical,1.0,0.09042553191489362,0.08224875509280216,,,
raw_q10_NOT_DISCUSSED,raw_q10,Other,categorical,1.0,0.007978723404255319,0.007915063377093709,,,
raw_q10_NOT_MENTIONED,raw_q10,Other,categorical,1.0,0.19946808510638298,0.15968056813037576,,,
raw_q10_PUBLIC_SECTOR_BODY,raw_q10,Other,categorical,1.0,0.13297872340425532,0.11529538252602989,,,
raw_q10_PUBLIC_SECTOR_BODY_NOT_MENTIONED,raw_q10,Other,categorical,1.0,0.0026595744680851063,0.002652501131733817,,,
raw_q10_SME,raw_q10,Other,categorical,1.0,0.0797872340425532,0.07342123132639204,,,
raw_q10_SME_NOT_MENTIONED,raw_q10,Other,categorical,1.0,0.05319148936170213,0.05036215482118606,,,
raw_q10_SME_NOT_MENTIONED_UNCLEAR,raw_q10,Other,categorical,1.0,0.005319148936170213,0.0052908555907650485,,,
raw_q10_SME_LARGE_ENTERPRISE,raw_q10,Other,categorical,1.0,0.005319148936170213,0.0052908555907650485,,,
raw_q10_SME_LARGE_ENTERPRISE_NOT_MENTIONED_UNCLEAR,raw_q10,Other,categorical,1.0,0.0026595744680851063,0.002652501131733817,,,
raw_q10_SME_NOT_MENTIONED_1,raw_q10,Other,categorical,1.0,0.09308510638297872,0.08442026935264825,,,
raw_q10_SME_NOT_MENTIONED_UNCLEAR_1,raw_q10,Other,categorical,1.0,0.0026595744680851063,0.002652501131733817,,,
raw_q11_LOCAL_MUNICIPAL,raw_q11,Other,categorical,1.0,0.05585106382978723,0.05273172249886827,,,
raw_q11_MISSING,raw_q11,Other,categorical,1.0,0.034574468085106384,0.03337907424173835,,,
raw_q11_NATIONAL_FEDERAL,raw_q11,Other,categorical,1.0,0.0398936170212766,0.03830211634223629,,,
raw_q11_NOT_APPLICABLE,raw_q11,Other,categorical,1.0,0.8271276595744681,0.1429874943413309,,,
raw_q11_NOT_DISCUSSED,raw_q11,Other,categorical,1.0,0.007978723404255319,0.007915063377093709,,,
raw_q11_REGIONAL_PROVINCIAL,raw_q11,Other,categorical,1.0,0.031914893617021274,0.030896333182435495,,,
raw_q11_UNCLEAR,raw_q11,Other,categorical,1.0,0.0026595744680851063,0.002652501131733817,,,
raw_q12_1102,raw_q12,Other,categorical,1.0,0.0026595744680851063,0.002652501131733817,,,
raw_q12_35_11,raw_q12,Other,categorical,1.0,0.0026595744680851063,0.002652501131733817,,,
raw_q12_3510,raw_q12,Other,categorical,1.0,0.0026595744680851063,0.002652501131733817,,,
raw_q12_35140,raw_q12,Other,categorical,1.0,0.0026595744680851063,0.002652501131733817,,,
raw_q12_4322,raw_q12,Other,categorical,1.0,0.0026595744680851063,0.002652501131733817,,,
raw_q12_4649_Wholesale_of_furniture_carpets_and_lighting_equipment,raw_q12,Other,categorical,1.0,0.0026595744680851063,0.002652501131733817,,,
raw_q12_47_91,raw_q12,Other,categorical,1.0,0.010638297872340425,0.010525124490719785,,,
raw_q12_4772,raw_q12,Other,categorical,1.0,0.0026595744680851063,0.002652501131733817,,,
raw_q12_51_10,raw_q12,Other,categorical,1.0,0.0026595744680851063,0.002652501131733817,,,
raw_q12_5224,raw_q12,Other,categorical,1.0,0.0026595744680851063,0.002652501131733817,,,
raw_q12_5510,raw_q12,Other,categorical,1.0,0.005319148936170213,0.00529085559076505,,,
raw_q12_56_10,raw_q12,Other,categorical,1.0,0.005319148936170213,0.005290855590765049,,,
raw_q12_5610,raw_q12,Other,categorical,1.0,0.0026595744680851063,0.002652501131733817,,,
raw_q12_5621,raw_q12,Other,categorical,1.0,0.0026595744680851063,0.002652501131733817,,,
raw_q12_58,raw_q12,Other,categorical,1.0,0.0026595744680851063,0.002652501131733817,,,
raw_q12_5813,raw_q12,Other,categorical,1.0,0.005319148936170213,0.005290855590765049,,,
raw_q12_61,raw_q12,Other,categorical,1.0,0.023936170212765957,0.023363229968311458,,,
raw_q12_61_10,raw_q12,Other,categorical,1.0,0.0026595744680851063,0.002652501131733817,,,
raw_q12_61_20,raw_q12,Other,categorical,1.0,0.0026595744680851063,0.002652501131733817,,,
raw_q12_6110,raw_q12,Other,categorical,1.0,0.007978723404255319,0.007915063377093709,,,
raw_q12_6201,raw_q12,Other,categorical,1.0,0.005319148936170213,0.00529085559076505,,,
raw_q12_6209,raw_q12,Other,categorical,1.0,0.0026595744680851063,0.002652501131733817,,,
raw_q12_63_11,raw_q12,Other,categorical,1.0,0.0026595744680851063,0.002652501131733817,,,
raw_q12_63_12,raw_q12,Other,categorical,1.0,0.0026595744680851063,0.002652501131733817,,,
raw_q12_63_12_Data_processing_hosting_and_related_activities,raw_q12,Other,categorical,1.0,0.0026595744680851063,0.002652501131733817,,,
raw_q12_64_99_Other_financial_service_activities_except_insurance_and_pension_funding,raw_q12,Other,categorical,1.0,0.0026595744680851063,0.002652501131733817,,,
raw_q12_6419,raw_q12,Other,categorical,1.0,0.0026595744680851063,0.002652501131733817,,,
raw_q12_6419_Monetary_intermediation,raw_q12,Other,categorical,1.0,0.0026595744680851063,0.002652501131733817,,,
raw_q12_6420,raw_q12,Other,categorical,1.0,0.0026595744680851063,0.002652501131733817,,,
raw_q12_6512,raw_q12,Other,categorical,1.0,0.0026595744680851063,0.002652501131733817,,,
raw_q12_6512_Direct_insurance,raw_q12,Other,categorical,1.0,0.0026595744680851063,0.002652501131733817,,,
raw_q12_65120,raw_q12,Other,categorical,1.0,0.0026595744680851063,0.002652501131733817,,,
raw_q12_6810,raw_q12,Other,categorical,1.0,0.0026595744680851063,0.002652501131733817,,,
raw_q12_6910,raw_q12,Other,categorical,1.0,0.013297872340425532,0.01312103893164328,,,
raw_q12_69100,raw_q12,Other,categorical,1.0,0.005319148936170213,0.0052908555907650485,,,
raw_q12_7310,raw_q12,Other,categorical,1.0,0.0026595744680851063,0.002652501131733817,,,
raw_q12_78_20_Activities_of_employment_placement_agencies,raw_q12,Other,categorical,1.0,0.0026595744680851063,0.002652501131733817,,,
raw_q12_7911,raw_q12,Other,categorical,1.0,0.005319148936170213,0.00529085559076505,,,
raw_q12_8299,raw_q12,Other,categorical,1.0,0.0026595744680851063,0.002652501131733817,,,
raw_q12_84,raw_q12,Other,categorical,1.0,0.0026595744680851063,0.002652501131733817,,,
raw_q12_8411,raw_q12,Other,categorical,1.0,0.03723404255319149,0.03584766862833861,,,
raw_q12_8425,raw_q12,Other,categorical,1.0,0.0026595744680851063,0.002652501131733817,,,
raw_q12_8510,raw_q12,Other,categorical,1.0,0.0026595744680851063,0.002652501131733817,,,
raw_q12_86_Human_health_activities,raw_q12,Other,categorical,1.0,0.0026595744680851063,0.002652501131733817,,,
raw_q12_86_10,raw_q12,Other,categorical,1.0,0.0026595744680851063,0.002652501131733817,,,
raw_q12_8610,raw_q12,Other,categorical,1.0,0.0026595744680851063,0.002652501131733817,,,
raw_q12_8620,raw_q12,Other,categorical,1.0,0.0026595744680851063,0.002652501131733817,,,
raw_q12_8623,raw_q12,Other,categorical,1.0,0.0026595744680851063,0.002652501131733817,,,
raw_q12_8690,raw_q12,Other,categorical,1.0,0.005319148936170213,0.005290855590765049,,,
raw_q12_9311,raw_q12,Other,categorical,1.0,0.0026595744680851063,0.002652501131733817,,,
raw_q12_93130,raw_q12,Other,categorical,1.0,0.0026595744680851063,0.002652501131733817,,,
raw_q12_9321,raw_q12,Other,categorical,1.0,0.005319148936170213,0.0052908555907650485,,,
raw_q12_94990,raw_q12,Other,categorical,1.0,0.0026595744680851063,0.002652501131733817,,,
raw_q12_C10,raw_q12,Other,categorical,1.0,0.0026595744680851063,0.002652501131733817,,,
raw_q12_D,raw_q12,Other,categorical,1.0,0.0026595744680851063,0.002652501131733817,,,
raw_q12_D3510,raw_q12,Other,categorical,1.0,0.007978723404255319,0.007915063377093709,,,
raw_q12_Financial_service_activities_except_insurance_and_pension_funding,raw_q12,Other,categorical,1.0,0.0026595744680851063,0.002652501131733817,,,
raw_q12_G47_6,raw_q12,Other,categorical,1.0,0.0026595744680851063,0.002652501131733817,,,
raw_q12_G47_91,raw_q12,Other,categorical,1.0,0.007978723404255319,0.007915063377093709,,,
raw_q12_G4711,raw_q12,Other,categorical,1.0,0.0026595744680851063,0.002652501131733817,,,
raw_q12_H49,raw_q12,Other,categorical,1.0,0.0026595744680851063,0.002652501131733817,,,
raw_q12_H49_Land_transport_and_transport_via_pipelines,raw_q12,Other,categorical,1.0,0.0026595744680851063,0.002652501131733817,,,
raw_q12_H49_H52,raw_q12,Other,categorical,1.0,0.0026595744680851063,0.002652501131733817,,,
raw_q12_H4920,raw_q12,Other,categorical,1.0,0.0026595744680851063,0.002652501131733817,,,
raw_q12_H51,raw_q12,Other,categorical,1.0,0.0026595744680851063,0.002652501131733817,,,
raw_q12_H51_Air_transport,raw_q12,Other,categorical,1.0,0.005319148936170213,0.00529085559076505,,,
raw_q12_H5229,raw_q12,Other,categorical,1.0,0.0026595744680851063,0.002652501131733817,,,
raw_q12_J,raw_q12,Other,categorical,1.0,0.0026595744680851063,0.002652501131733817,,,
raw_q12_J_Information_and_communication,raw_q12,Other,categorical,1.0,0.005319148936170213,0.005290855590765049,,,
raw_q12_J61,raw_q12,Other,categorical,1.0,0.0026595744680851063,0.002652501131733817,,,
raw_q12_J6201_Computer_programming_activities,raw_q12,Other,categorical,1.0,0.0026595744680851063,0.002652501131733817,,,
raw_q12_J63_Information_service_activities,raw_q12,Other,categorical,1.0,0.0026595744680851063,0.002652501131733817,,,
raw_q12_J63_11,raw_q12,Other,categorical,1.0,0.005319148936170213,0.005290855590765051,,,
raw_q12_K,raw_q12,Other,categorical,1.0,0.0026595744680851063,0.002652501131733817,,,
raw_q12_K64,raw_q12,Other,categorical,1.0,0.0026595744680851063,0.002652501131733817,,,
raw_q12_K64_1,raw_q12,Other,categorical,1.0,0.0026595744680851063,0.002652501131733817,,,
raw_q12_K64_19,raw_q12,Other,categorical,1.0,0.02925531914893617,0.028399445450430057,,,
raw_q12_K64_99,raw_q12,Other,categorical,1.0,0.0026595744680851063,0.002652501131733817,,,
raw_q12_K6419,raw_q12,Other,categorical,1.0,0.023936170212765957,0.023363229968311458,,,
raw_q12_K6499,raw_q12,Other,categorical,1.0,0.0026595744680851063,0.002652501131733817,,,
raw_q12_MISSING,raw_q12,Other,categorical,1.0,0.034574468085106384,0.03337907424173835,,,
raw_q12_NOT_DISCUSSED,raw_q12,Other,categorical,1.0,0.02127659574468085,0.02082390221819828,,,
raw_q12_NOT_MENTIONED,raw_q12,Other,categorical,1.0,0.18085106382978725,0.14814395654142146,,,
raw_q12_O,raw_q12,Other,categorical,1.0,0.005319148936170213,0.0052908555907650485,,,
raw_q12_O84,raw_q12,Other,categorical,1.0,0.005319148936170213,0.005290855590765051,,,
raw_q12_P85,raw_q12,Other,categorical,1.0,0.0026595744680851063,0.002652501131733817,,,
raw_q12_P8520,raw_q12,Other,categorical,1.0,0.0026595744680851063,0.002652501131733817,,,
raw_q12_P8530,raw_q12,Other,categorical,1.0,0.0026595744680851063,0.002652501131733817,,,
raw_q12_Q,raw_q12,Other,categorical,1.0,0.0026595744680851063,0.002652501131733817,,,
raw_q12_Q_Human_health_and_social_work_activities,raw_q12,Other,categorical,1.0,0.005319148936170213,0.00529085559076505,,,
raw_q12_Q86,raw_q12,Other,categorical,1.0,0.018617021276595744,0.01827042779538253,,,
raw_q12_R900,raw_q12,Other,categorical,1.0,0.0026595744680851063,0.002652501131733817,,,
raw_q12_R94_Activities_of_membership_organisations,raw_q12,Other,categorical,1.0,0.0026595744680851063,0.002652501131733817,,,
raw_q12_REAL_ESTATE_ACTIVITIES,raw_q12,Other,categorical,1.0,0.0026595744680851063,0.002652501131733817,,,
raw_q12_S94,raw_q12,Other,categorical,1.0,0.010638297872340425,0.010525124490719785,,,
raw_q12_S9499,raw_q12,Other,categorical,1.0,0.0026595744680851063,0.002652501131733817,,,
raw_q12_STRING,raw_q12,Other,categorical,1.0,0.2925531914893617,0.2069658216387506,,,
raw_q12_STRING_K,raw_q12,Other,categorical,1.0,0.0026595744680851063,0.002652501131733817,,,
raw_q12_STRING_581_Publishing_of_books_periodicals_and_other_publishing_activities,raw_q12,Other,categorical,1.0,0.0026595744680851063,0.002652501131733817,,,
raw_q12_Telecommunications,raw_q12,Other,categorical,1.0,0.0026595744680851063,0.002652501131733817,,,
raw_q12_UNCLEAR,raw_q12,Other,categorical,1.0,0.013297872340425532,0.013121038931643278,,,
raw_q12_UNKNOWN,raw_q12,Other,categorical,1.0,0.0026595744680851063,0.002652501131733817,,,
raw_q13_MISSING,raw_q13,Other,categorical,1.0,0.034574468085106384,0.03337907424173835,,,
raw_q13_NO,raw_q13,Other,categorical,1.0,0.8085106382978723,0.1548211860570394,,,
raw_q13_NOT_DISCUSSED,raw_q13,Other,categorical,1.0,0.02127659574468085,0.02082390221819828,,,
raw_q13_NOT_MENTIONED,raw_q13,Other,categorical,1.0,0.0026595744680851063,0.002652501131733817,,,
raw_q13_YES,raw_q13,Other,categorical,1.0,0.13297872340425532,0.11529538252602986,,,
raw_q14_10M_TO_50M,raw_q14,Other,categorical,1.0,0.013297872340425532,0.01312103893164328,,,
raw_q14_250M_TO_1B,raw_q14,Other,categorical,1.0,0.0026595744680851063,0.002652501131733817,,,
raw_q14_2M_TO_10M,raw_q14,Other,categorical,1.0,0.005319148936170213,0.0052908555907650485,,,
raw_q14_50M_TO_250M,raw_q14,Other,categorical,1.0,0.018617021276595744,0.01827042779538253,,,
raw_q14_MISSING,raw_q14,Other,categorical,1.0,0.034574468085106384,0.03337907424173835,,,
raw_q14_NOT_APPLICABLE,raw_q14,Other,categorical,1.0,0.8324468085106383,0.139479119511091,,,
raw_q14_NOT_DISCUSSED,raw_q14,Other,categorical,1.0,0.007978723404255319,0.007915063377093709,,,
raw_q14_OVER_1B,raw_q14,Other,categorical,1.0,0.07180851063829788,0.06665204843820735,,,
raw_q14_UNDER_2M,raw_q14,Other,categorical,1.0,0.013297872340425532,0.013121038931643278,,,
raw_q15_BREACH_NOTIFICATION,raw_q15,Other,categorical,1.0,0.10372340425531915,0.0929648596650068,,,
raw_q15_COMPLAINT,raw_q15,Other,categorical,1.0,0.75,0.1875,,,
raw_q15_EX_OFFICIO_DPA_INITIATIVE,raw_q15,Other,categorical,1.0,0.05585106382978723,0.05273172249886827,,,
raw_q15_MEDIA_PUBLIC_ATTENTION,raw_q15,Other,categorical,1.0,0.0026595744680851063,0.002652501131733817,,,
raw_q15_MISSING,raw_q15,Other,categorical,1.0,0.034574468085106384,0.03337907424173835,,,
raw_q15_NOT_DISCUSSED,raw_q15,Other,categorical,1.0,0.010638297872340425,0.010525124490719785,,,
raw_q15_NOT_MENTIONED,raw_q15,Other,categorical,1.0,0.031914893617021274,0.030896333182435495,,,
raw_q15_REFERRAL_FROM_OTHER_AUTHORITY,raw_q15,Other,categorical,1.0,0.010638297872340425,0.010525124490719785,,,
raw_q16_MISSING,raw_q16,Other,categorical,1.0,0.034574468085106384,0.03337907424173835,,,
raw_q16_NO,raw_q16,Other,categorical,1.0,0.7686170212765957,0.17784489588048888,,,
raw_q16_NOT_DISCUSSED,raw_q16,Other,categorical,1.0,0.02127659574468085,0.02082390221819828,,,
raw_q16_YES,raw_q16,Other,categorical,1.0,0.17553191489361702,0.14472046174739706,,,
raw_q17_MISSING,raw_q17,Other,categorical,1.0,0.034574468085106384,0.03337907424173835,,,
raw_q17_NOT_APPLICABLE,raw_q17,Other,categorical,1.0,0.8058510638297872,0.1564551267541874,,,
raw_q17_NOT_DISCUSSED,raw_q17,Other,categorical,1.0,0.015957446808510637,0.015702806699864187,,,
raw_q17_NOT_MENTIONED,raw_q17,Other,categorical,1.0,0.010638297872340425,0.010525124490719785,,,
raw_q17_YES_REQUIRED,raw_q17,Other,categorical,1.0,0.13297872340425532,0.11529538252602989,,,
raw_q18_MISSING,raw_q18,Other,categorical,1.0,0.034574468085106384,0.03337907424173835,,,
raw_q18_NOT_APPLICABLE,raw_q18,Other,categorical,1.0,0.8058510638297872,0.1564551267541874,,,
raw_q18_NOT_DISCUSSED,raw_q18,Other,categorical,1.0,0.015957446808510637,0.015702806699864187,,,
raw_q18_NOT_MENTIONED,raw_q18,Other,categorical,1.0,0.02127659574468085,0.02082390221819828,,,
raw_q18_NO_NOT_SUBMITTED,raw_q18,Other,categorical,1.0,0.013297872340425532,0.01312103893164328,,,
raw_q18_YES_SUBMITTED,raw_q18,Other,categorical,1.0,0.10904255319148937,0.09715227478497059,,,
raw_q19_MISSING,raw_q19,Other,categorical,1.0,0.034574468085106384,0.03337907424173835,,,
raw_q19_NOT_APPLICABLE,raw_q19,Other,categorical,1.0,0.8271276595744681,0.1429874943413309,,,
raw_q19_NOT_DISCUSSED,raw_q19,Other,categorical,1.0,0.015957446808510637,0.015702806699864187,,,
raw_q19_NOT_MENTIONED,raw_q19,Other,categorical,1.0,0.07180851063829788,0.06665204843820735,,,
raw_q19_NO_LATE,raw_q19,Other,categorical,1.0,0.010638297872340425,0.010525124490719785,,,
raw_q19_UNCLEAR,raw_q19,Other,categorical,1.0,0.005319148936170213,0.00529085559076505,,,
raw_q19_YES_WITHIN_72H,raw_q19,Other,categorical,1.0,0.034574468085106384,0.03337907424173835,,,
raw_q20_1_TO_4_WEEKS,raw_q20,Other,categorical,1.0,0.0026595744680851063,0.002652501131733817,,,
raw_q20_1_TO_6_MONTHS,raw_q20,Other,categorical,1.0,0.0026595744680851063,0.002652501131733817,,,
raw_q20_MISSING,raw_q20,Other,categorical,1.0,0.034574468085106384,0.03337907424173835,,,
raw_q20_NOT_APPLICABLE,raw_q20,Other,categorical,1.0,0.9335106382978723,0.0620685264825713,,,
raw_q20_NOT_DISCUSSED,raw_q20,Other,categorical,1.0,0.015957446808510637,0.015702806699864187,,,
raw_q20_NOT_MENTIONED,raw_q20,Other,categorical,1.0,0.005319148936170213,0.00529085559076505,,,
raw_q20_OVER_6_MONTHS,raw_q20,Other,categorical,1.0,0.005319148936170213,0.0052908555907650485,,,
raw_q21_CYBER_ATTACK,raw_q21,Other,categorical,1.0,0.034574468085106384,0.03337907424173835,,,
raw_q21_CYBER_ATTACK_HUMAN_ERROR,raw_q21,Other,categorical,1.0,0.0026595744680851063,0.002652501131733817,,,
raw_q21_HUMAN_ERROR,raw_q21,Other,categorical,1.0,0.05053191489361702,0.04797844047080127,,,
raw_q21_HUMAN_ERROR_ORGANIZATIONAL_FAILURE,raw_q21,Other,categorical,1.0,0.018617021276595744,0.01827042779538253,,,
raw_q21_HUMAN_ERROR_ORGANIZATIONAL_FAILURE_1,raw_q21,Other,categorical,1.0,0.005319148936170213,0.00529085559076505,,,
raw_q21_MISSING,raw_q21,Other,categorical,1.0,0.034574468085106384,0.03337907424173835,,,
raw_q21_NOT_APPLICABLE,raw_q21,Other,categorical,1.0,0.773936170212766,0.1749589746491625,,,
raw_q21_NOT_DISCUSSED,raw_q21,Other,categorical,1.0,0.015957446808510637,0.015702806699864187,,,
raw_q21_ORGANIZATIONAL_FAILURE,raw_q21,Other,categorical,1.0,0.007978723404255319,0.007915063377093709,,,
raw_q21_ORGANIZATIONAL_FAILURE_HUMAN_ERROR,raw_q21,Other,categorical,1.0,0.013297872340425532,0.013121038931643278,,,
raw_q21_ORGANIZATIONAL_FAILURE_HUMAN_ERROR_1,raw_q21,Other,categorical,1.0,0.005319148936170213,0.0052908555907650485,,,
raw_q21_TECHNICAL_FAILURE,raw_q21,Other,categorical,1.0,0.015957446808510637,0.015702806699864187,,,
raw_q21_TECHNICAL_FAILURE_ORGANIZATIONAL_FAILURE,raw_q21,Other,categorical,1.0,0.010638297872340425,0.010525124490719783,,,
raw_q21_TECHNICAL_FAILURE_CYBER_ATTACK,raw_q21,Other,categorical,1.0,0.0026595744680851063,0.002652501131733817,,,
raw_q21_TECHNICAL_FAILURE_ORGANIZATIONAL_FAILURE_1,raw_q21,Other,categorical,1.0,0.007978723404255319,0.007915063377093709,,,
raw_q22_EXTERNAL_CAUSE,raw_q22,Other,categorical,1.0,0.0398936170212766,0.0383021163422363,,,
raw_q22_INTERNAL_CAUSE,raw_q22,Other,categorical,1.0,0.13297872340425532,0.11529538252602989,,,
raw_q22_MISSING,raw_q22,Other,categorical,1.0,0.034574468085106384,0.03337907424173835,,,
raw_q22_MIXED_CAUSES,raw_q22,Other,categorical,1.0,0.0026595744680851063,0.002652501131733817,,,
raw_q22_NOT_APPLICABLE,raw_q22,Other,categorical,1.0,0.773936170212766,0.1749589746491625,,,
raw_q22_NOT_DISCUSSED,raw_q22,Other,categorical,1.0,0.015957446808510637,0.015702806699864187,,,
raw_q23_MISSING,raw_q23,Other,categorical,1.0,0.034574468085106384,0.03337907424173835,,,
raw_q23_NOT_APPLICABLE,raw_q23,Other,categorical,1.0,0.776595744680851,0.17349479402444545,,,
raw_q23_NOT_DISCUSSED,raw_q23,Other,categorical,1.0,0.015957446808510637,0.015702806699864187,,,
raw_q23_NOT_MENTIONED,raw_q23,Other,categorical,1.0,0.02925531914893617,0.028399445450430057,,,
raw_q23_NO_RISK_ONLY,raw_q23,Other,categorical,1.0,0.0425531914893617,0.040742417383431435,,,
raw_q23_YES_MATERIALIZED,raw_q23,Other,categorical,1.0,0.10106382978723404,0.09084993209597102,,,
raw_q24_100000_TO_100000,raw_q24,Other,categorical,1.0,0.005319148936170213,0.00529085559076505,,,
raw_q24_10000_TO_100000,raw_q24,Other,categorical,1.0,0.005319148936170213,0.0052908555907650485,,,
raw_q24_1000_TO_10000,raw_q24,Other,categorical,1.0,0.02127659574468085,0.020823902218198284,,,
raw_q24_100_TO_1000,raw_q24,Other,categorical,1.0,0.023936170212765957,0.023363229968311458,,,
raw_q24_23,raw_q24,Other,categorical,1.0,0.0026595744680851063,0.002652501131733817,,,
raw_q24_MISSING,raw_q24,Other,categorical,1.0,0.034574468085106384,0.03337907424173835,,,
raw_q24_NOT_APPLICABLE,raw_q24,Other,categorical,1.0,0.6835106382978723,0.2163238456315075,,,
raw_q24_NOT_DISCUSSED,raw_q24,Other,categorical,1.0,0.015957446808510637,0.015702806699864187,,,
raw_q24_NOT_MENTIONED,raw_q24,Other,categorical,1.0,0.03723404255319149,0.03584766862833861,,,
raw_q24_OVER_100000,raw_q24,Other,categorical,1.0,0.0398936170212766,0.0383021163422363,,,
raw_q24_SIGNIFICANT_NUMBER,raw_q24,Other,categorical,1.0,0.005319148936170213,0.00529085559076505,,,
raw_q24_UNCLEAR,raw_q24,Other,categorical,1.0,0.005319148936170213,0.00529085559076505,,,
raw_q24_UNDER_100,raw_q24,Other,categorical,1.0,0.1196808510638298,0.1053573449524672,,,
raw_q25_ARTICLE_9_SPECIAL_CATEGORY,raw_q25,Other,categorical,1.0,0.09042553191489362,0.08224875509280216,,,
raw_q25_ARTICLE_9_SPECIAL_CATEGORY_ARTICLE_10_CRIMINAL,raw_q25,Other,categorical,1.0,0.0026595744680851063,0.002652501131733817,,,
raw_q25_ARTICLE_9_SPECIAL_CATEGORY_ARTICLE_10_CRIMINAL_1,raw_q25,Other,categorical,1.0,0.007978723404255319,0.007915063377093709,,,
raw_q25_MISSING,raw_q25,Other,categorical,1.0,0.034574468085106384,0.03337907424173835,,,
raw_q25_NEITHER,raw_q25,Other,categorical,1.0,0.13297872340425532,0.11529538252602989,,,
raw_q25_NOT_APPLICABLE,raw_q25,Other,categorical,1.0,0.7127659574468085,0.20473064735174284,,,
raw_q25_NOT_DISCUSSED,raw_q25,Other,categorical,1.0,0.015957446808510637,0.015702806699864187,,,
raw_q25_NOT_MENTIONED,raw_q25,Other,categorical,1.0,0.0026595744680851063,0.002652501131733817,,,
raw_q26_MISSING,raw_q26,Other,categorical,1.0,0.034574468085106384,0.03337907424173835,,,
raw_q26_NOT_APPLICABLE,raw_q26,Other,categorical,1.0,0.8085106382978723,0.1548211860570394,,,
raw_q26_NOT_DISCUSSED,raw_q26,Other,categorical,1.0,0.018617021276595744,0.01827042779538253,,,
raw_q26_NOT_MENTIONED,raw_q26,Other,categorical,1.0,0.08244680851063829,0.07564933227704844,,,
raw_q26_NO_NOT_NOTIFIED,raw_q26,Other,categorical,1.0,0.018617021276595744,0.01827042779538253,,,
raw_q26_PARTIALLY_NOTIFIED,raw_q26,Other,categorical,1.0,0.010638297872340425,0.01052512449071978,,,
raw_q26_YES_NOTIFIED,raw_q26,Other,categorical,1.0,0.026595744680851064,0.025888411045722048,,,
raw_q27_DISPUTED_REQUIREMENT,raw_q27,Other,categorical,1.0,0.0026595744680851063,0.002652501131733817,,,
raw_q27_MISSING,raw_q27,Other,categorical,1.0,0.034574468085106384,0.03337907424173835,,,
raw_q27_NOT_APPLICABLE,raw_q27,Other,categorical,1.0,0.8138297872340425,0.15151086464463556,,,
raw_q27_NOT_DISCUSSED,raw_q27,Other,categorical,1.0,0.02127659574468085,0.02082390221819828,,,
raw_q27_NOT_MENTIONED,raw_q27,Other,categorical,1.0,0.0797872340425532,0.07342123132639204,,,
raw_q27_NO_NOT_REQUIRED,raw_q27,Other,categorical,1.0,0.0026595744680851063,0.002652501131733817,,,
raw_q27_YES_REQUIRED,raw_q27,Other,categorical,1.0,0.04521276595744681,0.043168571751923936,,,
raw_q28_COOPERATION_WITH_DPA,raw_q28,Other,categorical,1.0,0.007978723404255319,0.007915063377093709,,,
raw_q28_DATA_DELETION_COOPERATION_WITH_DPA,raw_q28,Other,categorical,1.0,0.0026595744680851063,0.002652501131733817,,,
raw_q28_IMMEDIATE_CONTAINMENT,raw_q28,Other,categorical,1.0,0.023936170212765957,0.023363229968311458,,,
raw_q28_IMMEDIATE_CONTAINMENT_DATA_DELETION_ORDER_SECURITY_IMPROVEMENTS_STAFF_TRAINING,raw_q28,Other,categorical,1.0,0.0026595744680851063,0.002652501131733817,,,
raw_q28_IMMEDIATE_CONTAINMENT_SECURITY_IMPROVEMENTS_COOPERATION_WITH_DPA,raw_q28,Other,categorical,1.0,0.0026595744680851063,0.002652501131733817,,,
raw_q28_IMMEDIATE_CONTAINMENT_SYSTEM_FIXES_SECURITY_IMPROVEMENTS,raw_q28,Other,categorical,1.0,0.0026595744680851063,0.002652501131733817,,,
raw_q28_IMMEDIATE_CONTAINMENT_SYSTEM_FIXES_SECURITY_IMPROVEMENTS_STAFF_TRAINING_COOPERATION_WITH_DPA,raw_q28,Other,categorical,1.0,0.0026595744680851063,0.002652501131733817,,,
raw_q28_IMMEDIATE_CONTAINMENT_SYSTEM_FIXES_SECURITY_IMPROVEMENTS_STAFF_TRAINING_EXTERNAL_AUDIT,raw_q28,Other,categorical,1.0,0.0026595744680851063,0.002652501131733817,,,
raw_q28_IMMEDIATE_CONTAINMENT_COOPERATION_WITH_DPA,raw_q28,Other,categorical,1.0,0.0026595744680851063,0.002652501131733817,,,
raw_q28_IMMEDIATE_CONTAINMENT_SECURITY_IMPROVEMENTS_STAFF_TRAINING_COOPERATION_WITH_DPA,raw_q28,Other,categorical,1.0,0.005319148936170213,0.0052908555907650485,,,
raw_q28_IMMEDIATE_CONTAINMENT_SECURITY_IMPROVEMENTS_STAFF_TRAINING_EXTERNAL_AUDIT_COOPERATION_WITH_DPA,raw_q28,Other,categorical,1.0,0.0026595744680851063,0.002652501131733817,,,
raw_q28_IMMEDIATE_CONTAINMENT_SYSTEM_FIXES,raw_q28,Other,categorical,1.0,0.005319148936170213,0.0052908555907650485,,,
raw_q28_IMMEDIATE_CONTAINMENT_SYSTEM_FIXES_COOPERATION_WITH_DPA,raw_q28,Other,categorical,1.0,0.0026595744680851063,0.002652501131733817,,,
raw_q28_IMMEDIATE_CONTAINMENT_SYSTEM_FIXES_SECURITY_IMPROVEMENTS_1,raw_q28,Other,categorical,1.0,0.005319148936170213,0.0052908555907650485,,,
raw_q28_IMMEDIATE_CONTAINMENT_SYSTEM_FIXES_SECURITY_IMPROVEMENTS_COOPERATION_WITH_DPA,raw_q28,Other,categorical,1.0,0.005319148936170213,0.00529085559076505,,,
raw_q28_IMMEDIATE_CONTAINMENT_SYSTEM_FIXES_SECURITY_IMPROVEMENTS_STAFF_TRAINING_COOPERATION_WITH_DPA_1,raw_q28,Other,categorical,1.0,0.005319148936170213,0.0052908555907650485,,,
raw_q28_IMMEDIATE_CONTAINMENT_SYSTEM_FIXES_SECURITY_IMPROVEMENTS_STAFF_TRAINING_EXTERNAL_AUDIT_COOPERATION_WITH_DPA,raw_q28,Other,categorical,1.0,0.005319148936170213,0.00529085559076505,,,
raw_q28_MISSING,raw_q28,Other,categorical,1.0,0.034574468085106384,0.03337907424173835,,,
raw_q28_NONE_MENTIONED,raw_q28,Other,categorical,1.0,0.07712765957446809,0.07117898370303302,,,
raw_q28_NOT_APPLICABLE,raw_q28,Other,categorical,1.0,0.7446808510638298,0.19013128112267996,,,
raw_q28_NOT_DISCUSSED,raw_q28,Other,categorical,1.0,0.015957446808510637,0.015702806699864187,,,
raw_q28_NOT_MENTIONED,raw_q28,Other,categorical,1.0,0.010638297872340425,0.010525124490719785,,,
raw_q28_SECURITY_IMPROVEMENTS_STAFF_TRAINING,raw_q28,Other,categorical,1.0,0.0026595744680851063,0.002652501131733817,,,
raw_q28_SECURITY_IMPROVEMENTS_STAFF_TRAINING_COOPERATION_WITH_DPA,raw_q28,Other,categorical,1.0,0.0026595744680851063,0.002652501131733817,,,
raw_q28_SECURITY_IMPROVEMENTS_STAFF_TRAINING_EXTERNAL_AUDIT_COOPERATION_WITH_DPA,raw_q28,Other,categorical,1.0,0.0026595744680851063,0.002652501131733817,,,
raw_q28_STAFF_TRAINING,raw_q28,Other,categorical,1.0,0.0026595744680851063,0.002652501131733817,,,
raw_q28_STAFF_TRAINING_COOPERATION_WITH_DPA,raw_q28,Other,categorical,1.0,0.0026595744680851063,0.002652501131733817,,,
raw_q28_STAFF_TRAINING_SECURITY_IMPROVEMENTS,raw_q28,Other,categorical,1.0,0.0026595744680851063,0.002652501131733817,,,
raw_q28_STAFF_TRAINING_COOPERATION_WITH_DPA_1,raw_q28,Other,categorical,1.0,0.0026595744680851063,0.002652501131733817,,,
raw_q28_STAFF_TRAINING_SECURITY_IMPROVEMENTS_COOPERATION_WITH_DPA,raw_q28,Other,categorical,1.0,0.0026595744680851063,0.002652501131733817,,,
raw_q28_SYSTEM_FIXES_SECURITY_IMPROVEMENTS,raw_q28,Other,categorical,1.0,0.005319148936170213,0.0052908555907650485,,,
raw_q28_SYSTEM_FIXES_SECURITY_IMPROVEMENTS_EXTERNAL_AUDIT_COOPERATION_WITH_DPA,raw_q28,Other,categorical,1.0,0.0026595744680851063,0.002652501131733817,,,
raw_q29_MENTIONED_NO_CLEAR_IMPACT,raw_q29,Other,categorical,1.0,0.005319148936170213,0.00529085559076505,,,
raw_q29_MISSING,raw_q29,Other,categorical,1.0,0.034574468085106384,0.03337907424173835,,,
raw_q29_NOT_APPLICABLE,raw_q29,Other,categorical,1.0,0.7898936170212766,0.1659616908103214,,,
raw_q29_NOT_DISCUSSED,raw_q29,Other,categorical,1.0,0.015957446808510637,0.015702806699864187,,,
raw_q29_NOT_MENTIONED,raw_q29,Other,categorical,1.0,0.10372340425531915,0.0929648596650068,,,
raw_q29_NO_FINE_IMPOSED,raw_q29,Other,categorical,1.0,0.023936170212765957,0.023363229968311458,,,
raw_q29_YES_AGGRAVATING_FACTOR,raw_q29,Other,categorical,1.0,0.026595744680851064,0.02588841104572205,,,
raw_q30_ACCESS,raw_q30,Other,categorical,1.0,0.0026595744680851063,0.002652501131733817,,,
raw_q30_ACCOUNTABILITY,raw_q30,Other,categorical,1.0,0.02127659574468085,0.02082390221819828,,,
raw_q30_ACCURACY,raw_q30,Other,categorical,1.0,0.007978723404255319,0.007915063377093709,,,
raw_q30_ACCURACY_SECURITY,raw_q30,Other,categorical,1.0,0.0026595744680851063,0.002652501131733817,,,
raw_q30_ACCURACY_SECURITY_ACCOUNTABILITY,raw_q30,Other,categorical,1.0,0.0026595744680851063,0.002652501131733817,,,
raw_q30_DATA_MINIMISATION,raw_q30,Other,categorical,1.0,0.07712765957446809,0.07117898370303302,,,
raw_q30_DATA_MINIMISATION_ACCOUNTABILITY_SECURITY,raw_q30,Other,categorical,1.0,0.0026595744680851063,0.002652501131733817,,,
raw_q30_DATA_MINIMISATION_SECURITY,raw_q30,Other,categorical,1.0,0.0026595744680851063,0.002652501131733817,,,
raw_q30_DATA_MINIMISATION_ACCOUNTABILITY,raw_q30,Other,categorical,1.0,0.0026595744680851063,0.002652501131733817,,,
raw_q30_DATA_MINIMISATION_SECURITY_1,raw_q30,Other,categorical,1.0,0.007978723404255319,0.007915063377093709,,,
raw_q30_DATA_MINIMISATION_SECURITY_ACCOUNTABILITY,raw_q30,Other,categorical,1.0,0.005319148936170213,0.005290855590765049,,,
raw_q30_LAWFULNESS_FAIRNESS_TRANSPARENCY,raw_q30,Other,categorical,1.0,0.21010638297872342,0.1659616908103214,,,
raw_q30_LAWFULNESS_FAIRNESS_TRANSPARENCY_PURPOSE_LIMITATION,raw_q30,Other,categorical,1.0,0.0026595744680851063,0.002652501131733817,,,
raw_q30_LAWFULNESS_FAIRNESS_TRANSPARENCY_PURPOSE_LIMITATION_DATA_MINIMISATION_ACCURACY_STORAGE_LIMITATION_SECURITY_ACCOUNTABILITY,raw_q30,Other,categorical,1.0,0.007978723404255319,0.007915063377093707,,,
raw_q30_LAWFULNESS_FAIRNESS_TRANSPARENCY_PURPOSE_LIMITATION_DATA_MINIMISATION_SECURITY,raw_q30,Other,categorical,1.0,0.005319148936170213,0.005290855590765051,,,
raw_q30_LAWFULNESS_FAIRNESS_TRANSPARENCY_PURPOSE_LIMITATION_DATA_MINIMISATION_SECURITY_ACCOUNTABILITY,raw_q30,Other,categorical,1.0,0.010638297872340425,0.010525124490719785,,,
raw_q30_LAWFULNESS_FAIRNESS_TRANSPARENCY_PURPOSE_LIMITATION_DATA_MINIMISATION_STORAGE_LIMITATION_ACCOUNTABILITY,raw_q30,Other,categorical,1.0,0.005319148936170213,0.005290855590765049,,,
raw_q30_LAWFULNESS_FAIRNESS_TRANSPARENCY_PURPOSE_LIMITATION_SECURITY_ACCOUNTABILITY,raw_q30,Other,categorical,1.0,0.010638297872340425,0.010525124490719785,,,
raw_q30_LAWFULNESS_FAIRNESS_TRANSPARENCY_SECURITY,raw_q30,Other,categorical,1.0,0.010638297872340425,0.010525124490719785,,,
raw_q30_LAWFULNESS_FAIRNESS_TRANSPARENCY_SECURITY_ACCOUNTABILITY,raw_q30,Other,categorical,1.0,0.007978723404255319,0.007915063377093709,,,
raw_q30_LAWFULNESS_FAIRNESS_TRANSPARENCY_ACCURACY_ACCOUNTABILITY,raw_q30,Other,categorical,1.0,0.0026595744680851063,0.002652501131733817,,,
raw_q30_LAWFULNESS_FAIRNESS_TRANSPARENCY_DATA_MINIMISATION_SECURITY,raw_q30,Other,categorical,1.0,0.0026595744680851063,0.002652501131733817,,,
raw_q30_LAWFULNESS_FAIRNESS_TRANSPARENCY_PURPOSE_LIMITATION_1,raw_q30,Other,categorical,1.0,0.015957446808510637,0.015702806699864187,,,
raw_q30_LAWFULNESS_FAIRNESS_TRANSPARENCY_PURPOSE_LIMITATION_DATA_MINIMISATION,raw_q30,Other,categorical,1.0,0.0026595744680851063,0.002652501131733817,,,
raw_q30_LAWFULNESS_FAIRNESS_TRANSPARENCY_PURPOSE_LIMITATION_DATA_MINIMISATION_ACCURACY_SECURITY,raw_q30,Other,categorical,1.0,0.0026595744680851063,0.002652501131733817,,,
raw_q30_LAWFULNESS_FAIRNESS_TRANSPARENCY_PURPOSE_LIMITATION_DATA_MINIMISATION_SECURITY_1,raw_q30,Other,categorical,1.0,0.005319148936170213,0.00529085559076505,,,
raw_q30_LAWFULNESS_FAIRNESS_TRANSPARENCY_PURPOSE_LIMITATION_DATA_MINIMISATION_SECURITY_ACCOUNTABILITY_1,raw_q30,Other,categorical,1.0,0.018617021276595744,0.01827042779538253,,,
raw_q30_LAWFULNESS_FAIRNESS_TRANSPARENCY_PURPOSE_LIMITATION_DATA_MINIMISATION_STORAGE_LIMITATION,raw_q30,Other,categorical,1.0,0.0026595744680851063,0.002652501131733817,,,
raw_q30_LAWFULNESS_FAIRNESS_TRANSPARENCY_PURPOSE_LIMITATION_DATA_MINIMISATION_STORAGE_LIMITATION_SECURITY_ACCOUNTABILITY,raw_q30,Other,categorical,1.0,0.0026595744680851063,0.002652501131733817,,,
raw_q30_LAWFULNESS_FAIRNESS_TRANSPARENCY_PURPOSE_LIMITATION_SECURITY,raw_q30,Other,categorical,1.0,0.0026595744680851063,0.002652501131733817,,,
raw_q30_LAWFULNESS_FAIRNESS_TRANSPARENCY_PURPOSE_LIMITATION_SECURITY_ACCOUNTABILITY_1,raw_q30,Other,categorical,1.0,0.023936170212765957,0.023363229968311458,,,
raw_q30_LAWFULNESS_FAIRNESS_TRANSPARENCY_PURPOSE_LIMITATION_STORAGE_LIMITATION_ACCOUNTABILITY,raw_q30,Other,categorical,1.0,0.0026595744680851063,0.002652501131733817,,,
raw_q30_LAWFULNESS_FAIRNESS_TRANSPARENCY_SECURITY_1,raw_q30,Other,categorical,1.0,0.02127659574468085,0.02082390221819828,,,
raw_q30_LAWFULNESS_FAIRNESS_TRANSPARENCY_SECURITY_ACCOUNTABILITY_1,raw_q30,Other,categorical,1.0,0.007978723404255319,0.007915063377093709,,,
raw_q30_MISSING,raw_q30,Other,categorical,1.0,0.034574468085106384,0.03337907424173835,,,
raw_q30_NONE_DISCUSSED,raw_q30,Other,categorical,1.0,0.15159574468085107,0.12861447487550923,,,
raw_q30_NOT_DISCUSSED,raw_q30,Other,categorical,1.0,0.010638297872340425,0.010525124490719785,,,
raw_q30_PURPOSE_LIMITATION_SECURITY,raw_q30,Other,categorical,1.0,0.0026595744680851063,0.002652501131733817,,,
raw_q30_PURPOSE_LIMITATION_DATA_MINIMISATION,raw_q30,Other,categorical,1.0,0.0026595744680851063,0.002652501131733817,,,
raw_q30_PURPOSE_LIMITATION_DATA_MINIMISATION_ACCOUNTABILITY,raw_q30,Other,categorical,1.0,0.0026595744680851063,0.002652501131733817,,,
raw_q30_PURPOSE_LIMITATION_DATA_MINIMISATION_SECURITY,raw_q30,Other,categorical,1.0,0.0026595744680851063,0.002652501131733817,,,
raw_q30_PURPOSE_LIMITATION_STORAGE_LIMITATION,raw_q30,Other,categorical,1.0,0.0026595744680851063,0.002652501131733817,,,
raw_q30_SECURITY,raw_q30,Other,categorical,1.0,0.2074468085106383,0.16441263014938887,,,
raw_q30_SECURITY_ACCOUNTABILITY,raw_q30,Other,categorical,1.0,0.007978723404255319,0.007915063377093707,,,
raw_q30_SECURITY_ACCOUNTABILITY_1,raw_q30,Other,categorical,1.0,0.0425531914893617,0.040742417383431435,,,
raw_q30_SECURITY_STORAGE_LIMITATION_PURPOSE_LIMITATION,raw_q30,Other,categorical,1.0,0.0026595744680851063,0.002652501131733817,,,
raw_q30_STORAGE_LIMITATION,raw_q30,Other,categorical,1.0,0.005319148936170213,0.00529085559076505,,,
raw_q30_STORAGE_LIMITATION_SECURITY_ACCOUNTABILITY,raw_q30,Other,categorical,1.0,0.0026595744680851063,0.002652501131733817,,,
raw_q31_ACCOUNTABILITY,raw_q31,Other,categorical,1.0,0.026595744680851064,0.025888411045722048,,,
raw_q31_ACCURACY,raw_q31,Other,categorical,1.0,0.010638297872340425,0.010525124490719783,,,
raw_q31_ACCURACY_SECURITY_ACCOUNTABILITY,raw_q31,Other,categorical,1.0,0.0026595744680851063,0.002652501131733817,,,
raw_q31_DATA_MINIMISATION,raw_q31,Other,categorical,1.0,0.0797872340425532,0.07342123132639203,,,
raw_q31_DATA_MINIMISATION_ACCOUNTABILITY_SECURITY,raw_q31,Other,categorical,1.0,0.0026595744680851063,0.002652501131733817,,,
raw_q31_DATA_MINIMISATION_ACCOUNTABILITY,raw_q31,Other,categorical,1.0,0.0026595744680851063,0.002652501131733817,,,
raw_q31_DATA_MINIMISATION_SECURITY,raw_q31,Other,categorical,1.0,0.005319148936170213,0.00529085559076505,,,
raw_q31_LAWFULNESS_FAIRNESS_TRANSPARENCY,raw_q31,Other,categorical,1.0,0.2154255319148936,0.16901737211407875,,,
raw_q31_LAWFULNESS_FAIRNESS_TRANSPARENCY_DATA_MINIMISATION_STORAGE_LIMITATION_ACCOUNTABILITY,raw_q31,Other,categorical,1.0,0.0026595744680851063,0.002652501131733817,,,
raw_q31_LAWFULNESS_FAIRNESS_TRANSPARENCY_PURPOSE_LIMITATION,raw_q31,Other,categorical,1.0,0.0026595744680851063,0.002652501131733817,,,
raw_q31_LAWFULNESS_FAIRNESS_TRANSPARENCY_PURPOSE_LIMITATION_DATA_MINIMISATION_SECURITY_ACCOUNTABILITY,raw_q31,Other,categorical,1.0,0.010638297872340425,0.010525124490719785,,,
raw_q31_LAWFULNESS_FAIRNESS_TRANSPARENCY_PURPOSE_LIMITATION_DATA_MINIMISATION_STORAGE_LIMITATION_ACCOUNTABILITY,raw_q31,Other,categorical,1.0,0.005319148936170213,0.005290855590765049,,,
raw_q31_LAWFULNESS_FAIRNESS_TRANSPARENCY_PURPOSE_LIMITATION_SECURITY_ACCOUNTABILITY,raw_q31,Other,categorical,1.0,0.005319148936170213,0.00529085559076505,,,
raw_q31_LAWFULNESS_FAIRNESS_TRANSPARENCY_SECURITY,raw_q31,Other,categorical,1.0,0.013297872340425532,0.013121038931643278,,,
raw_q31_LAWFULNESS_FAIRNESS_TRANSPARENCY_SECURITY_ACCOUNTABILITY,raw_q31,Other,categorical,1.0,0.007978723404255319,0.007915063377093709,,,
raw_q31_LAWFULNESS_FAIRNESS_TRANSPARENCY_ACCOUNTABILITY,raw_q31,Other,categorical,1.0,0.005319148936170213,0.0052908555907650485,,,
raw_q31_LAWFULNESS_FAIRNESS_TRANSPARENCY_ACCURACY_ACCOUNTABILITY,raw_q31,Other,categorical,1.0,0.0026595744680851063,0.002652501131733817,,,
raw_q31_LAWFULNESS_FAIRNESS_TRANSPARENCY_DATA_MINIMISATION_SECURITY,raw_q31,Other,categorical,1.0,0.0026595744680851063,0.002652501131733817,,,
raw_q31_LAWFULNESS_FAIRNESS_TRANSPARENCY_PURPOSE_LIMITATION_1,raw_q31,Other,categorical,1.0,0.007978723404255319,0.007915063377093709,,,
raw_q31_LAWFULNESS_FAIRNESS_TRANSPARENCY_PURPOSE_LIMITATION_DATA_MINIMISATION_SECURITY_ACCOUNTABILITY_1,raw_q31,Other,categorical,1.0,0.0026595744680851063,0.002652501131733817,,,
raw_q31_LAWFULNESS_FAIRNESS_TRANSPARENCY_PURPOSE_LIMITATION_DATA_MINIMISATION_STORAGE_LIMITATION,raw_q31,Other,categorical,1.0,0.005319148936170213,0.00529085559076505,,,
raw_q31_LAWFULNESS_FAIRNESS_TRANSPARENCY_SECURITY_1,raw_q31,Other,categorical,1.0,0.023936170212765957,0.023363229968311458,,,
raw_q31_LAWFULNESS_FAIRNESS_TRANSPARENCY_SECURITY_ACCOUNTABILITY_1,raw_q31,Other,categorical,1.0,0.013297872340425532,0.013121038931643278,,,
raw_q31_MISSING,raw_q31,Other,categorical,1.0,0.034574468085106384,0.03337907424173835,,,
raw_q31_NONE_DISCUSSED,raw_q31,Other,categorical,1.0,0.005319148936170213,0.0052908555907650485,,,
raw_q31_NONE_VIOLATED,raw_q31,Other,categorical,1.0,0.18617021276595744,0.15151086464463556,,,
raw_q31_NOT_DETERMINED,raw_q31,Other,categorical,1.0,0.0425531914893617,0.040742417383431435,,,
raw_q31_NOT_DISCUSSED,raw_q31,Other,categorical,1.0,0.007978723404255319,0.007915063377093709,,,
raw_q31_PURPOSE_LIMITATION_SECURITY,raw_q31,Other,categorical,1.0,0.0026595744680851063,0.002652501131733817,,,
raw_q31_PURPOSE_LIMITATION_DATA_MINIMISATION,raw_q31,Other,categorical,1.0,0.0026595744680851063,0.002652501131733817,,,
raw_q31_PURPOSE_LIMITATION_DATA_MINIMISATION_ACCOUNTABILITY,raw_q31,Other,categorical,1.0,0.0026595744680851063,0.002652501131733817,,,
raw_q31_PURPOSE_LIMITATION_STORAGE_LIMITATION,raw_q31,Other,categorical,1.0,0.0026595744680851063,0.002652501131733817,,,
raw_q31_SECURITY,raw_q31,Other,categorical,1.0,0.21010638297872342,0.1659616908103214,,,
raw_q31_SECURITY_ACCOUNTABILITY,raw_q31,Other,categorical,1.0,0.010638297872340425,0.010525124490719785,,,
raw_q31_SECURITY_ACCOUNTABILITY_1,raw_q31,Other,categorical,1.0,0.026595744680851064,0.025888411045722048,,,
raw_q31_STORAGE_LIMITATION,raw_q31,Other,categorical,1.0,0.005319148936170213,0.00529085559076505,,,
raw_q31_STORAGE_LIMITATION_SECURITY_ACCOUNTABILITY,raw_q31,Other,categorical,1.0,0.0026595744680851063,0.002652501131733817,,,
raw_q32_CONSENT,raw_q32,Other,categorical,1.0,0.125,0.109375,,,
raw_q32_CONSENT_CONTRACT,raw_q32,Other,categorical,1.0,0.015957446808510637,0.015702806699864187,,,
raw_q32_CONSENT_CONTRACT_LEGAL_OBLIGATION,raw_q32,Other,categorical,1.0,0.0026595744680851063,0.002652501131733817,,,
raw_q32_CONSENT_CONTRACT_LEGAL_OBLIGATION_LEGITIMATE_INTERESTS,raw_q32,Other,categorical,1.0,0.0026595744680851063,0.002652501131733817,,,
raw_q32_CONSENT_CONTRACT_LEGAL_OBLIGATION_PUBLIC_TASK_LEGITIMATE_INTERESTS,raw_q32,Other,categorical,1.0,0.007978723404255319,0.007915063377093709,,,
raw_q32_CONSENT_CONTRACT_LEGAL_OBLIGATION_VITAL_INTERESTS_PUBLIC_TASK_LEGITIMATE_INTERESTS,raw_q32,Other,categorical,1.0,0.010638297872340425,0.010525124490719785,,,
raw_q32_CONSENT_CONTRACT_LEGITIMATE_INTERESTS,raw_q32,Other,categorical,1.0,0.005319148936170213,0.005290855590765049,,,
raw_q32_CONSENT_LEGAL_OBLIGATION_LEGITIMATE_INTERESTS,raw_q32,Other,categorical,1.0,0.005319148936170213,0.005290855590765051,,,
raw_q32_CONSENT_LEGAL_OBLIGATION_PUBLIC_TASK,raw_q32,Other,categorical,1.0,0.0026595744680851063,0.002652501131733817,,,
raw_q32_CONSENT_LEGITIMATE_INTERESTS,raw_q32,Other,categorical,1.0,0.015957446808510637,0.015702806699864187,,,
raw_q32_CONSENT_PUBLIC_TASK,raw_q32,Other,categorical,1.0,0.0026595744680851063,0.002652501131733817,,,
raw_q32_CONSENT_CONTRACT_1,raw_q32,Other,categorical,1.0,0.03723404255319149,0.03584766862833861,,,
raw_q32_CONSENT_CONTRACT_LEGAL_OBLIGATION_1,raw_q32,Other,categorical,1.0,0.007978723404255319,0.007915063377093709,,,
raw_q32_CONSENT_CONTRACT_LEGAL_OBLIGATION_LEGITIMATE_INTERESTS_1,raw_q32,Other,categorical,1.0,0.005319148936170213,0.005290855590765049,,,
raw_q32_CONSENT_CONTRACT_LEGAL_OBLIGATION_PUBLIC_TASK_LEGITIMATE_INTERESTS_1,raw_q32,Other,categorical,1.0,0.013297872340425532,0.013121038931643278,,,
raw_q32_CONSENT_CONTRACT_LEGAL_OBLIGATION_VITAL_INTERESTS_PUBLIC_TASK_LEGITIMATE_INTERESTS_1,raw_q32,Other,categorical,1.0,0.013297872340425532,0.01312103893164328,,,
raw_q32_CONSENT_CONTRACT_LEGITIMATE_INTERESTS_1,raw_q32,Other,categorical,1.0,0.02127659574468085,0.02082390221819828,,,
raw_q32_CONSENT_LEGAL_OBLIGATION,raw_q32,Other,categorical,1.0,0.005319148936170213,0.005290855590765049,,,
raw_q32_CONSENT_LEGAL_OBLIGATION_LEGITIMATE_INTERESTS_1,raw_q32,Other,categorical,1.0,0.0026595744680851063,0.002652501131733817,,,
raw_q32_CONSENT_LEGAL_OBLIGATION_PUBLIC_TASK_1,raw_q32,Other,categorical,1.0,0.0026595744680851063,0.002652501131733817,,,
raw_q32_CONSENT_LEGAL_OBLIGATION_PUBLIC_TASK_LEGITIMATE_INTERESTS,raw_q32,Other,categorical,1.0,0.0026595744680851063,0.002652501131733817,,,
raw_q32_CONSENT_LEGAL_OBLIGATION_VITAL_INTERESTS_PUBLIC_TASK_LEGITIMATE_INTERESTS,raw_q32,Other,categorical,1.0,0.0026595744680851063,0.002652501131733817,,,
raw_q32_CONSENT_LEGITIMATE_INTERESTS_1,raw_q32,Other,categorical,1.0,0.05319148936170213,0.05036215482118605,,,
raw_q32_CONSENT_LEGITIMATE_INTERESTS_PUBLIC_TASK,raw_q32,Other,categorical,1.0,0.0026595744680851063,0.002652501131733817,,,
raw_q32_CONSENT_PUBLIC_TASK_1,raw_q32,Other,categorical,1.0,0.0026595744680851063,0.002652501131733817,,,
raw_q32_CONTRACT,raw_q32,Other,categorical,1.0,0.007978723404255319,0.007915063377093709,,,
raw_q32_CONTRACT_LEGAL_OBLIGATION,raw_q32,Other,categorical,1.0,0.0026595744680851063,0.002652501131733817,,,
raw_q32_CONTRACT_LEGITIMATE_INTERESTS,raw_q32,Other,categorical,1.0,0.0026595744680851063,0.002652501131733817,,,
raw_q32_LEGAL_OBLIGATION,raw_q32,Other,categorical,1.0,0.015957446808510637,0.015702806699864187,,,
raw_q32_LEGAL_OBLIGATION_LEGITIMATE_INTERESTS,raw_q32,Other,categorical,1.0,0.0026595744680851063,0.002652501131733817,,,
raw_q32_LEGAL_OBLIGATION_PUBLIC_TASK,raw_q32,Other,categorical,1.0,0.0026595744680851063,0.002652501131733817,,,
raw_q32_LEGITIMATE_INTERESTS,raw_q32,Other,categorical,1.0,0.05585106382978723,0.05273172249886827,,,
raw_q32_LEGITIMATE_INTERESTS_PUBLIC_TASK,raw_q32,Other,categorical,1.0,0.0026595744680851063,0.002652501131733817,,,
raw_q32_LEGITIMATE_INTERESTS_PUBLIC_TASK_1,raw_q32,Other,categorical,1.0,0.005319148936170213,0.00529085559076505,,,
raw_q32_MISSING,raw_q32,Other,categorical,1.0,0.034574468085106384,0.03337907424173835,,,
raw_q32_NONE_DISCUSSED,raw_q32,Other,categorical,1.0,0.26595744680851063,0.1952240832956088,,,
raw_q32_NOT_APPLICABLE,raw_q32,Other,categorical,1.0,0.05319148936170213,0.05036215482118605,,,
raw_q32_NOT_DISCUSSED,raw_q32,Other,categorical,1.0,0.10904255319148937,0.09715227478497059,,,
raw_q32_NOT_MENTIONED,raw_q32,Other,categorical,1.0,0.05851063829787234,0.0550871435038479,,,
raw_q32_PUBLIC_TASK,raw_q32,Other,categorical,1.0,0.010638297872340425,0.010525124490719785,,,
raw_q33_CONSENT,raw_q33,Other,categorical,1.0,0.0797872340425532,0.07342123132639204,,,
raw_q33_CONSENT_CONTRACT,raw_q33,Other,categorical,1.0,0.0026595744680851063,0.002652501131733817,,,
raw_q33_CONSENT_CONTRACT_LEGAL_OBLIGATION_LEGITIMATE_INTERESTS,raw_q33,Other,categorical,1.0,0.0026595744680851063,0.002652501131733817,,,
raw_q33_CONSENT_PUBLIC_TASK,raw_q33,Other,categorical,1.0,0.0026595744680851063,0.002652501131733817,,,
raw_q33_CONSENT_CONTRACT_1,raw_q33,Other,categorical,1.0,0.007978723404255319,0.007915063377093709,,,
raw_q33_CONSENT_CONTRACT_LEGAL_OBLIGATION_PUBLIC_TASK,raw_q33,Other,categorical,1.0,0.0026595744680851063,0.002652501131733817,,,
raw_q33_CONSENT_CONTRACT_LEGITIMATE_INTERESTS,raw_q33,Other,categorical,1.0,0.005319148936170213,0.00529085559076505,,,
raw_q33_CONSENT_LEGAL_OBLIGATION,raw_q33,Other,categorical,1.0,0.005319148936170213,0.00529085559076505,,,
raw_q33_CONSENT_LEGAL_OBLIGATION_LEGITIMATE_INTERESTS,raw_q33,Other,categorical,1.0,0.0026595744680851063,0.002652501131733817,,,
raw_q33_CONSENT_LEGITIMATE_INTERESTS,raw_q33,Other,categorical,1.0,0.010638297872340425,0.010525124490719785,,,
raw_q33_CONTRACT,raw_q33,Other,categorical,1.0,0.0425531914893617,0.04074241738343143,,,
raw_q33_CONTRACT_LEGITIMATE_INTERESTS,raw_q33,Other,categorical,1.0,0.0026595744680851063,0.002652501131733817,,,
raw_q33_CONTRACT_LEGAL_OBLIGATION,raw_q33,Other,categorical,1.0,0.0026595744680851063,0.002652501131733817,,,
raw_q33_CONTRACT_LEGAL_OBLIGATION_LEGITIMATE_INTERESTS,raw_q33,Other,categorical,1.0,0.0026595744680851063,0.002652501131733817,,,
raw_q33_CONTRACT_LEGAL_OBLIGATION_PUBLIC_TASK,raw_q33,Other,categorical,1.0,0.0026595744680851063,0.002652501131733817,,,
raw_q33_LEGAL_OBLIGATION,raw_q33,Other,categorical,1.0,0.026595744680851064,0.025888411045722048,,,
raw_q33_LEGAL_OBLIGATION_LEGITIMATE_INTERESTS,raw_q33,Other,categorical,1.0,0.005319148936170213,0.0052908555907650485,,,
raw_q33_LEGITIMATE_INTERESTS,raw_q33,Other,categorical,1.0,0.09042553191489362,0.08224875509280216,,,
raw_q33_MISSING,raw_q33,Other,categorical,1.0,0.034574468085106384,0.03337907424173835,,,
raw_q33_NONE_DISCUSSED,raw_q33,Other,categorical,1.0,0.007978723404255319,0.007915063377093709,,,
raw_q33_NOT_APPLICABLE,raw_q33,Other,categorical,1.0,0.09042553191489362,0.08224875509280216,,,
raw_q33_NOT_DISCUSSED,raw_q33,Other,categorical,1.0,0.10904255319148937,0.09715227478497056,,,
raw_q33_NOT_MENTIONED,raw_q33,Other,categorical,1.0,0.13297872340425532,0.11529538252602989,,,
raw_q33_NO_BASIS_CLAIMED,raw_q33,Other,categorical,1.0,0.23138297872340424,0.17784489588048888,,,
raw_q33_PUBLIC_TASK,raw_q33,Other,categorical,1.0,0.023936170212765957,0.023363229968311458,,,
raw_q33_UNCLEAR,raw_q33,Other,categorical,1.0,0.06914893617021277,0.0643673607967406,,,
raw_q33_VITAL_INTERESTS_PUBLIC_TASK,raw_q33,Other,categorical,1.0,0.0026595744680851063,0.002652501131733817,,,
raw_q34_MISSING,raw_q34,Other,categorical,1.0,0.034574468085106384,0.03337907424173835,,,
raw_q34_NOT_APPLICABLE,raw_q34,Other,categorical,1.0,0.8164893617021277,0.14983448392937979,,,
raw_q34_NOT_DISCUSSED,raw_q34,Other,categorical,1.0,0.007978723404255319,0.007915063377093709,,,
raw_q34_NOT_FREELY_GIVEN,raw_q34,Other,categorical,1.0,0.0026595744680851063,0.002652501131733817,,,
raw_q34_NOT_FREELY_GIVEN_NOT_INFORMED_NOT_UNAMBIGUOUS,raw_q34,Other,categorical,1.0,0.0026595744680851063,0.002652501131733817,,,
raw_q34_NOT_FREELY_GIVEN_NOT_SPECIFIC_NOT_INFORMED_CONDITIONAL,raw_q34,Other,categorical,1.0,0.0026595744680851063,0.002652501131733817,,,
raw_q34_NOT_FREELY_GIVEN_NOT_SPECIFIC_NOT_INFORMED_NOT_UNAMBIGUOUS,raw_q34,Other,categorical,1.0,0.0026595744680851063,0.002652501131733817,,,
raw_q34_NOT_FREELY_GIVEN_CONDITIONAL,raw_q34,Other,categorical,1.0,0.010638297872340425,0.010525124490719785,,,
raw_q34_NOT_FREELY_GIVEN_NOT_INFORMED,raw_q34,Other,categorical,1.0,0.0026595744680851063,0.002652501131733817,,,
raw_q34_NOT_FREELY_GIVEN_NOT_INFORMED_NOT_UNAMBIGUOUS_1,raw_q34,Other,categorical,1.0,0.0026595744680851063,0.002652501131733817,,,
raw_q34_NOT_FREELY_GIVEN_NOT_INFORMED_NOT_UNAMBIGUOUS_WITHDRAWAL_PROBLEMS,raw_q34,Other,categorical,1.0,0.0026595744680851063,0.002652501131733817,,,
raw_q34_NOT_FREELY_GIVEN_NOT_SPECIFIC,raw_q34,Other,categorical,1.0,0.0026595744680851063,0.002652501131733817,,,
raw_q34_NOT_FREELY_GIVEN_NOT_SPECIFIC_NOT_INFORMED,raw_q34,Other,categorical,1.0,0.0026595744680851063,0.002652501131733817,,,
raw_q34_NOT_FREELY_GIVEN_NOT_SPECIFIC_NOT_INFORMED_CONDITIONAL_1,raw_q34,Other,categorical,1.0,0.010638297872340425,0.010525124490719785,,,
raw_q34_NOT_FREELY_GIVEN_NOT_SPECIFIC_NOT_INFORMED_CONDITIONAL_WITHDRAWAL_PROBLEMS,raw_q34,Other,categorical,1.0,0.005319148936170213,0.0052908555907650485,,,
raw_q34_NOT_INFORMED,raw_q34,Other,categorical,1.0,0.023936170212765957,0.023363229968311458,,,
raw_q34_NOT_INFORMED_NOT_APPLICABLE,raw_q34,Other,categorical,1.0,0.0026595744680851063,0.002652501131733817,,,
raw_q34_NOT_INFORMED_NOT_FREELY_GIVEN,raw_q34,Other,categorical,1.0,0.0026595744680851063,0.002652501131733817,,,
raw_q34_NOT_INFORMED_NOT_UNAMBIGUOUS,raw_q34,Other,categorical,1.0,0.010638297872340425,0.010525124490719785,,,
raw_q34_NOT_INFORMED_CONDITIONAL,raw_q34,Other,categorical,1.0,0.0026595744680851063,0.002652501131733817,,,
raw_q34_NOT_INFORMED_NOT_FREELY_GIVEN_1,raw_q34,Other,categorical,1.0,0.0026595744680851063,0.002652501131733817,,,
raw_q34_NOT_INFORMED_NOT_SPECIFIC_NOT_FREELY_GIVEN,raw_q34,Other,categorical,1.0,0.0026595744680851063,0.002652501131733817,,,
raw_q34_NOT_INFORMED_NOT_UNAMBIGUOUS_1,raw_q34,Other,categorical,1.0,0.015957446808510637,0.01570280669986419,,,
raw_q34_NOT_INFORMED_NOT_UNAMBIGUOUS_CONDITIONAL_WITHDRAWAL_PROBLEMS,raw_q34,Other,categorical,1.0,0.0026595744680851063,0.002652501131733817,,,
raw_q34_NOT_SPECIFIC_NOT_INFORMED,raw_q34,Other,categorical,1.0,0.005319148936170213,0.005290855590765049,,,
raw_q34_NOT_SPECIFIC_NOT_INFORMED_1,raw_q34,Other,categorical,1.0,0.005319148936170213,0.0052908555907650485,,,
raw_q34_NOT_SPECIFIC_NOT_INFORMED_CONDITIONAL,raw_q34,Other,categorical,1.0,0.0026595744680851063,0.002652501131733817,,,
raw_q34_NO_ISSUES_FOUND,raw_q34,Other,categorical,1.0,0.007978723404255319,0.007915063377093707,,,
raw_q34_WITHDRAWAL_PROBLEMS,raw_q34,Other,categorical,1.0,0.0026595744680851063,0.002652501131733817,,,
raw_q35_BALANCING_INADEQUATE,raw_q35,Other,categorical,1.0,0.010638297872340425,0.010525124490719785,,,
raw_q35_DATA_SUBJECT_INTERESTS_PREVAIL,raw_q35,Other,categorical,1.0,0.05585106382978723,0.05273172249886827,,,
raw_q35_LEGITIMATE_INTERESTS_PREVAIL,raw_q35,Other,categorical,1.0,0.013297872340425532,0.013121038931643278,,,
raw_q35_MISSING,raw_q35,Other,categorical,1.0,0.034574468085106384,0.03337907424173835,,,
raw_q35_MIXED_SOME_HARM,raw_q35,Other,categorical,1.0,0.0026595744680851063,0.002652501131733817,,,
raw_q35_NOT_APPLICABLE,raw_q35,Other,categorical,1.0,0.875,0.109375,,,
raw_q35_NOT_DISCUSSED,raw_q35,Other,categorical,1.0,0.007978723404255319,0.007915063377093709,,,
raw_q36_AEPD_found_Meta_could_not_rely_on_Article_6_1_b_contract_or_any_other_legal_basis_for_processing_user_data_related_to_election_information_features_violating_Article_5_1_a_legality_principle_The_processing_was_deemed_excessive_and_disproportionate,raw_q36,Other,categorical,1.0,0.0026595744680851063,0.002652501131733817,,,
raw_q36_AMEX_sent_4_098_841_direct_marketing_emails_without_valid_consent_violating_PECR_Regulation_22_by_misclassifying_them_as_servicing_emails_and_failing_to_honor_opt_outs,raw_q36,Other,categorical,1.0,0.0026595744680851063,0.002652501131733817,,,
raw_q36_ANPC_processed_personal_data_via_body_cameras_without_any_legal_basis_under_Article_6_violating_Article_5_1_a_lawfulness_principle_No_domestic_law_authorized_such_processing_for_public_interest_tasks,raw_q36,Other,categorical,1.0,0.0026595744680851063,0.002652501131733817,,,
raw_q36_ATG_violated_Article_6_and_7_3_by_making_withdrawal_more_difficult_than_giving_consent_and_using_misleading_cookie_banner_design_that_prevented_informed_and_freely_given_consent,raw_q36,Other,categorical,1.0,0.0026595744680851063,0.002652501131733817,,,
raw_q36_BBVA_used_complainant_s_personal_address_data_for_processing_a_claim_made_on_behalf_of_a_third_party_violating_purpose_limitation_and_security_principles,raw_q36,Other,categorical,1.0,0.0026595744680851063,0.002652501131733817,,,
raw_q36_BBVA_violated_Article_5_1_f_GDPR_by_failing_to_ensure_adequate_security_measures_resulting_in_unauthorized_disclosure_of_a_third_party_s_contract_to_a_complainant_via_a_human_error_in_document_attachment_through_their_app_s_chat_function,raw_q36,Other,categorical,1.0,0.0026595744680851063,0.002652501131733817,,,
raw_q36_Birthlink_failed_to_implement_appropriate_organizational_measures_ensuring_security_of_personal_data_violating_integrity_confidentiality_and_accountability_principles_The_unauthorized_destruction_of_manual_records_containing_sensitive_adoption_data_constituted_a_serious_breach,raw_q36,Other,categorical,1.0,0.0026595744680851063,0.002652501131733817,,,
raw_q36_CAIXABANK_violated_transparency_by_providing_non_uniform_vague_information_on_data_categories_purposes_and_legal_bases_consents_were_invalid_due_to_lack_of_specificity_freedom_and_informed_nature_legitimate_interests_lacked_proper_balancing_and_justification,raw_q36,Other,categorical,1.0,0.0026595744680851063,0.002652501131733817,,,
raw_q36_CDON_AB_violated_Article_44_GDPR_by_transferring_personal_data_to_the_US_via_Google_Analytics_without_adequate_safeguards_as_the_data_constituted_personal_data_and_US_surveillance_laws_posed_risks,raw_q36,Other,categorical,1.0,0.0026595744680851063,0.002652501131733817,,,
raw_q36_CDON_AB_violated_data_minimization_by_requesting_excessive_identity_verification_information_for_erasure_requests_and_failed_to_demonstrate_compliance_with_processing_principles_also_violating_accountability,raw_q36,Other,categorical,1.0,0.0026595744680851063,0.002652501131733817,,,
raw_q36_Claim_involved_alleged_violations_of_Articles_6_lawfulness_and_17_right_to_erasure_regarding_unauthorized_profile_creation_with_incorrect_personal_data_The_case_was_resolved_amicably_through_deletion_of_the_webpage_before_formal_determination,raw_q36,Other,categorical,1.0,0.0026595744680851063,0.002652501131733817,,,
raw_q36_Controller_failed_to_provide_documented_instructions_to_its_processor_regarding_data_processing_violating_Article_28_3_accountability_principle,raw_q36,Other,categorical,1.0,0.0026595744680851063,0.002652501131733817,,,
raw_q36_Controller_processed_employee_images_excessively_via_video_cameras_in_locker_rooms_and_dining_area_for_theft_prevention_consent_invalid_due_to_employer_employee_relationship_and_no_other_legal_basis_established,raw_q36,Other,categorical,1.0,0.0026595744680851063,0.002652501131733817,,,
raw_q36_Dagens_Industri_violated_Article_44_GDPR_by_transferring_personal_data_to_the_US_via_Google_Analytics_without_adequate_safeguards_under_Chapter_V_despite_implementing_measures_like_IP_anonymization_and_cookie_hashing,raw_q36,Other,categorical,1.0,0.0026595744680851063,0.002652501131733817,,,
raw_q36_Defendant_A_A_A_repeatedly_published_complainant_s_resume_on_Facebook_without_consent_violating_Article_6_1_LOPD_equivalent_to_GDPR_Article_6_The_DPA_found_no_legal_basis_justified_this_processing,raw_q36,Other,categorical,1.0,0.0026595744680851063,0.002652501131733817,,,
raw_q36_Defendant_charged_a_fee_for_rectifying_a_data_subject_s_name_error_violating_Article_12_5_GDPR_which_requires_free_exercise_of_data_subject_rights_unless_requests_are_manifestly_unfounded_or_excessive_which_was_not_proven,raw_q36,Other,categorical,1.0,0.0026595744680851063,0.002652501131733817,,,
raw_q36_Defendant_collected_consent_generically_for_all_processing_purposes_including_commercial_communications_unrelated_to_contract_performance_violating_Article_7_GDPR_Processing_for_contract_execution_was_lawful_under_Article_6_1_b,raw_q36,Other,categorical,1.0,0.0026595744680851063,0.002652501131733817,,,
raw_q36_Defendant_conditioned_consent_for_data_processing_on_exemption_from_banking_fees_violating_Article_7_4_GDPR_by_making_contract_execution_subject_to_consent_not_necessary_for_its_performance,raw_q36,Other,categorical,1.0,0.0026595744680851063,0.002652501131733817,,,
raw_q36_Defendant_consulted_claimant_s_credit_data_without_valid_contractual_relationship_violating_Article_6_1_GDPR_lawfulness_principle,raw_q36,Other,categorical,1.0,0.0026595744680851063,0.002652501131733817,,,
raw_q36_Defendant_disclosed_claimant_s_personal_data_to_a_third_party_without_consent_or_proper_legal_basis_DPA_found_violation_of_Article_6_1_as_legitimate_interests_did_not_prevail_over_data_subject_s_rights,raw_q36,Other,categorical,1.0,0.0026595744680851063,0.002652501131733817,,,
raw_q36_Defendant_disclosed_complainant_s_data_to_third_party_without_legal_basis_under_Article_6_1_and_provided_insufficiently_specific_information_about_recipients_under_Article_13_1_e,raw_q36,Other,categorical,1.0,0.0026595744680851063,0.002652501131733817,,,
raw_q36_Defendant_failed_to_adequately_respond_to_data_subject_s_access_and_erasure_requests_violating_Articles_15_and_17_GDPR_The_legitimacy_of_initial_data_processing_was_not_contested_but_the_handling_of_rights_requests_was_deficient,raw_q36,Other,categorical,1.0,0.0026595744680851063,0.002652501131733817,,,
raw_q36_Defendant_failed_to_conduct_a_DPIA_for_high_risk_biometric_data_processing_and_relied_on_invalid_opt_out_consent_violating_Article_35_1_and_consent_requirements,raw_q36,Other,categorical,1.0,0.0026595744680851063,0.002652501131733817,,,
raw_q36_Defendant_failed_to_cooperate_with_DPA_by_not_providing_requested_information_violating_Article_31_and_Article_58_1_e_GDPR,raw_q36,Other,categorical,1.0,0.0026595744680851063,0.002652501131733817,,,
raw_q36_Defendant_failed_to_delete_complainant_s_data_after_erasure_request_and_continued_processing_for_advertising_violating_storage_limitation_security_and_accountability_principles_under_Article_5,raw_q36,Other,categorical,1.0,0.0026595744680851063,0.002652501131733817,,,
raw_q36_Defendant_failed_to_facilitate_data_subject_s_right_to_erasure_by_not_processing_requests_made_via_non_standard_channels_violating_accountability_and_security_principles_under_Article_5_2_and_Article_12_GDPR,raw_q36,Other,categorical,1.0,0.0026595744680851063,0.002652501131733817,,,
raw_q36_Defendant_failed_to_implement_appropriate_technical_and_organizational_security_measures_including_mandatory_multi_factor_authentication_and_effective_monitoring_leading_to_a_credential_stuffing_attack_that_compromised_sensitive_genetic_and_health_data,raw_q36,Other,categorical,1.0,0.0026595744680851063,0.002652501131733817,,,
raw_q36_Defendant_failed_to_provide_adequate_information_to_data_subjects_at_the_time_of_data_collection_violating_Article_13_GDPR_specifically_regarding_transparency_and_lawful_processing_principles,raw_q36,Other,categorical,1.0,0.0026595744680851063,0.002652501131733817,,,
raw_q36_Defendant_failed_to_provide_adequate_information_under_Article_13_and_obtained_invalid_generic_consent_for_multiple_purposes_under_Article_7_violating_transparency_and_purpose_limitation_principles,raw_q36,Other,categorical,1.0,0.0026595744680851063,0.002652501131733817,,,
raw_q36_Defendant_failed_to_provide_adequate_privacy_policy_information_on_multiple_website_forms_collecting_personal_data_violating_Article_13_transparency_requirements,raw_q36,Other,categorical,1.0,0.0026595744680851063,0.002652501131733817,,,
raw_q36_Defendant_failed_to_respond_to_data_subject_s_access_request_regarding_medical_history_violating_Article_15_GDPR_and_security_accountability_principles_by_ignoring_both_the_request_and_subsequent_Agency_requirements,raw_q36,Other,categorical,1.0,0.0026595744680851063,0.002652501131733817,,,
raw_q36_Defendant_failed_to_verify_identity_of_SIM_requester_leading_to_unauthorized_processing_without_legal_basis_under_Article_6_GDPR,raw_q36,Other,categorical,1.0,0.0026595744680851063,0.002652501131733817,,,
raw_q36_Defendant_installed_video_surveillance_cameras_capturing_disproportionate_images_of_public_space_without_adequate_information_posters_violating_data_minimization_principle_under_Article_5_1_c_GDPR,raw_q36,Other,categorical,1.0,0.0026595744680851063,0.002652501131733817,,,
raw_q36_Defendant_installed_video_surveillance_cameras_capturing_excessive_images_of_public_roads_and_private_areas_without_justification_violating_data_minimization_principle_and_failed_to_provide_required_information_to_data_subjects,raw_q36,Other,categorical,1.0,0.0026595744680851063,0.002652501131733817,,,
raw_q36_Defendant_installed_video_surveillance_cameras_capturing_images_beyond_private_property_violating_data_minimization_principle_under_Article_5_1_c_GDPR_by_processing_excessive_personal_data_not_strictly_necessary_for_security_purposes,raw_q36,Other,categorical,1.0,0.0026595744680851063,0.002652501131733817,,,
raw_q36_Defendant_installed_video_surveillance_cameras_capturing_images_of_common_areas_and_neighbors_private_spaces_without_authorization_violating_data_minimization_principle_by_collecting_excessive_personal_data_beyond_what_was_necessary_for_security_purposes,raw_q36,Other,categorical,1.0,0.0026595744680851063,0.002652501131733817,,,
raw_q36_Defendant_installed_video_surveillance_cameras_in_common_areas_without_legal_basis_under_Article_6_1_and_failed_to_provide_required_information_under_Article_13_violating_principles_of_lawfulness_and_transparency,raw_q36,Other,categorical,1.0,0.0026595744680851063,0.002652501131733817,,,
raw_q36_Defendant_installed_video_surveillance_cameras_that_excessively_recorded_public_space_without_proper_signage_violating_data_minimization_and_transparency_principles,raw_q36,Other,categorical,1.0,0.0026595744680851063,0.002652501131733817,,,
raw_q36_Defendant_lacked_consent_mechanism_for_data_processing_and_failed_to_provide_adequate_privacy_policy_information_as_required_by_Articles_6_and_13_GDPR,raw_q36,Other,categorical,1.0,0.0026595744680851063,0.002652501131733817,,,
raw_q36_Defendant_processed_GPS_data_without_legal_basis_failed_to_inform_data_subject_used_excessive_storage_and_lacked_less_intrusive_alternatives_for_timekeeping_purposes,raw_q36,Other,categorical,1.0,0.0026595744680851063,0.002652501131733817,,,
raw_q36_Defendant_processed_biometric_fingerprint_data_without_legal_basis_under_Article_9_GDPR_violating_principles_of_lawfulness_fairness_transparency_security_and_accountability_by_failing_to_conduct_DPIA_or_maintain_RAT,raw_q36,Other,categorical,1.0,0.0026595744680851063,0.002652501131733817,,,
raw_q36_Defendant_processed_claimant_s_bank_account_data_without_any_lawful_basis_under_Article_6_GDPR_failed_to_ensure_data_accuracy_and_violated_right_to_erasure_by_not_fully_deleting_unlawfully_processed_data,raw_q36,Other,categorical,1.0,0.0026595744680851063,0.002652501131733817,,,
raw_q36_Defendant_processed_claimant_s_personal_data_without_any_legal_basis_under_Article_6_GDPR_specifically_using_phone_number_for_internal_testing_campaigns_without_consent_or_other_legitimate_grounds,raw_q36,Other,categorical,1.0,0.0026595744680851063,0.002652501131733817,,,
raw_q36_Defendant_processed_claimant_s_personal_data_without_any_legal_basis_under_Article_6_1_GDPR_as_the_claimant_was_not_a_customer_and_no_justification_was_provided_for_charging_invoices_to_their_bank_account,raw_q36,Other,categorical,1.0,0.0026595744680851063,0.002652501131733817,,,
raw_q36_Defendant_processed_claimant_s_personal_data_without_any_legal_basis_sending_electronic_invoice_notifications_after_data_deletion_request_and_previous_sanctions_for_same_conduct_violating_Article_6_1_GDPR,raw_q36,Other,categorical,1.0,0.0026595744680851063,0.002652501131733817,,,
raw_q36_Defendant_processed_claimant_s_personal_data_without_legal_basis_after_identity_theft_led_to_fraudulent_loan_application_failed_to_verify_contractor_identity_or_prove_legitimacy_of_processing,raw_q36,Other,categorical,1.0,0.0026595744680851063,0.002652501131733817,,,
raw_q36_Defendant_processed_claimant_s_personal_data_without_legal_basis_due_to_identity_theft_in_service_contracting_violating_Article_6_1_GDPR,raw_q36,Other,categorical,1.0,0.0026595744680851063,0.002652501131733817,,,
raw_q36_Defendant_processed_claimant_s_personal_data_without_legal_basis_under_Article_6_1_GDPR_as_claimant_did_not_consent_to_or_have_a_contract_for_one_policy_where_they_were_listed_as_policyholder,raw_q36,Other,categorical,1.0,0.0026595744680851063,0.002652501131733817,,,
raw_q36_Defendant_processed_claimant_s_personal_data_without_valid_consent_for_mobile_line_and_bank_details_failing_to_prove_legitimacy_for_change_of_ownership_and_direct_debit_authorization,raw_q36,Other,categorical,1.0,0.0026595744680851063,0.002652501131733817,,,
raw_q36_Defendant_processed_complainant_s_bank_data_without_legal_basis_charging_fees_without_consent_after_employment_ended_violating_Article_6_1_GDPR,raw_q36,Other,categorical,1.0,0.0026595744680851063,0.002652501131733817,,,
raw_q36_Defendant_processed_complainant_s_data_without_legal_basis_failed_to_prove_consent_or_contract_for_January_2022_processing_after_complainant_had_withdrawn_from_services,raw_q36,Other,categorical,1.0,0.0026595744680851063,0.002652501131733817,,,
raw_q36_Defendant_processed_complainant_s_personal_data_by_forging_signatures_on_consent_documents_for_commercial_purposes_and_profiling_violating_Article_6_1_GDPR_lawfulness_principle,raw_q36,Other,categorical,1.0,0.0026595744680851063,0.002652501131733817,,,
raw_q36_Defendant_processed_complainant_s_personal_data_for_advertising_without_legal_basis_violating_Article_6_1_GDPR_by_lacking_consent_or_other_lawful_grounds,raw_q36,Other,categorical,1.0,0.0026595744680851063,0.002652501131733817,,,
raw_q36_Defendant_processed_complainant_s_personal_data_without_legal_basis_by_transferring_it_to_Iberdrola_Clientes_due_to_a_salesperson_error_violating_Article_6_GDPR_lawfulness_principle,raw_q36,Other,categorical,1.0,0.0026595744680851063,0.002652501131733817,,,
raw_q36_Defendant_processed_complainant_s_phone_number_in_WhatsApp_group_without_consent_or_any_other_lawful_basis_under_Article_6_GDPR_violating_lawfulness_principle,raw_q36,Other,categorical,1.0,0.0026595744680851063,0.002652501131733817,,,
raw_q36_Defendant_processed_criminal_record_data_without_legal_authorization_under_Article_10_GDPR_relying_on_invalid_consent_and_legitimate_interests_DPA_found_no_legal_basis_justified_the_processing_of_such_sensitive_data,raw_q36,Other,categorical,1.0,0.0026595744680851063,0.002652501131733817,,,
raw_q36_Defendant_processed_health_data_without_valid_legal_basis_under_Article_9_GDPR_relying_incorrectly_on_Regulation_2021_953_and_vital_interests_Also_violated_Article_13_by_failing_to_provide_required_information_to_data_subjects_during_data_collection,raw_q36,Other,categorical,1.0,0.0026595744680851063,0.002652501131733817,,,
raw_q36_Defendant_processed_personal_data_names_and_photographs_without_legal_basis_under_Article_6_GDPR_No_valid_consent_or_legitimate_interests_justification_was_established_for_publishing_identifiable_data_of_three_individuals_in_a_brochure,raw_q36,Other,categorical,1.0,0.0026595744680851063,0.002652501131733817,,,
raw_q36_Defendant_processed_personal_data_without_a_valid_legal_basis_under_Article_6_1_GDPR_specifically_failing_to_satisfy_the_legitimate_interest_test_as_data_subjects_rights_prevailed_over_the_defendant_s_interests,raw_q36,Other,categorical,1.0,0.0026595744680851063,0.002652501131733817,,,
raw_q36_Defendant_processed_personal_data_without_any_legal_basis_under_Article_6_1_GDPR_failing_to_verify_identity_during_fraudulent_mobile_line_contracts,raw_q36,Other,categorical,1.0,0.0026595744680851063,0.002652501131733817,,,
raw_q36_Defendant_processed_personal_data_without_consent_and_failed_to_provide_adequate_privacy_policy_information_violating_Articles_6_and_13_GDPR,raw_q36,Other,categorical,1.0,0.0026595744680851063,0.002652501131733817,,,
raw_q36_Defendant_processed_personal_data_without_lawful_basis_under_Article_6_GDPR_by_issuing_SIM_card_duplicate_without_consent_or_contract_Failed_to_implement_data_protection_by_design_measures_under_Article_25_GDPR_to_prevent_unauthorized_SIM_duplication,raw_q36,Other,categorical,1.0,0.0026595744680851063,0.002652501131733817,,,
raw_q36_Defendant_processed_personal_data_without_legal_basis_after_data_subject_withdrew_consent_and_requested_deletion_violating_Article_6_1_GDPR,raw_q36,Other,categorical,1.0,0.0026595744680851063,0.002652501131733817,,,
raw_q36_Defendant_processed_personal_data_without_legal_basis_by_providing_duplicate_eSIM_to_impersonator_without_verifying_identity_violating_Article_6_1_GDPR,raw_q36,Other,categorical,1.0,0.0026595744680851063,0.002652501131733817,,,
raw_q36_Defendant_processed_personal_data_without_legal_basis_by_sending_marketing_emails_to_a_complainant_registered_on_the_Robinson_list_and_failed_to_respond_to_deletion_requests_violating_Articles_6_and_17_GDPR_The_defendant_also_failed_to_have_proper_contracts_with_insurance_agents_as_required_by_Article_28_GDPR,raw_q36,Other,categorical,1.0,0.0026595744680851063,0.002652501131733817,,,
raw_q36_Defendant_processed_personal_data_without_legal_basis_under_Article_6_GDPR_by_failing_to_verify_identity_during_portability_request_violating_lawfulness_principle,raw_q36,Other,categorical,1.0,0.0026595744680851063,0.002652501131733817,,,
raw_q36_Defendant_processed_personal_data_without_legal_basis_modifying_policyholder_and_account_details_without_consent_or_contract_necessity_violating_Article_6_1_GDPR,raw_q36,Other,categorical,1.0,0.0026595744680851063,0.002652501131733817,,,
raw_q36_Defendant_processed_personal_data_without_valid_consent_specifically_by_executing_a_phone_line_portability_without_the_data_subject_s_unambiguous_consent_due_to_procedural_failure_and_incorrect_verification,raw_q36,Other,categorical,1.0,0.0026595744680851063,0.002652501131733817,,,
raw_q36_Defendant_published_employee_photos_on_website_claiming_consent_but_failed_to_provide_adequate_information_or_obtain_unambiguous_consent_as_required_by_GDPR_Article_6,raw_q36,Other,categorical,1.0,0.0026595744680851063,0.002652501131733817,,,
raw_q36_Defendant_published_personal_data_on_social_media_without_any_lawful_basis_under_Article_6_GDPR_violating_the_principle_of_lawfulness,raw_q36,Other,categorical,1.0,0.0026595744680851063,0.002652501131733817,,,
raw_q36_Defendant_published_victim_s_voice_recording_without_distortion_violating_data_minimization_principle_by_processing_excessive_personal_data,raw_q36,Other,categorical,1.0,0.0026595744680851063,0.002652501131733817,,,
raw_q36_Defendant_recorded_and_disseminated_images_of_a_minor_being_attacked_without_any_legal_basis_under_Article_6_GDPR_violating_the_principle_of_lawfulness,raw_q36,Other,categorical,1.0,0.0026595744680851063,0.002652501131733817,,,
raw_q36_Defendant_relied_on_invalid_consent_for_data_verification_with_TGSS_consent_was_not_freely_given_specific_or_informed_violating_Article_6_1_GDPR,raw_q36,Other,categorical,1.0,0.0026595744680851063,0.002652501131733817,,,
raw_q36_Defendant_relied_on_invalid_consent_via_entrance_poster_consent_was_not_informed_specific_free_or_unequivocal_as_required_by_GDPR_violating_Articles_6_1_and_7,raw_q36,Other,categorical,1.0,0.0026595744680851063,0.002652501131733817,,,
raw_q36_Defendant_required_consent_for_TGSS_data_verification_via_non_negotiable_clause_in_account_opening_process_violating_GDPR_consent_requirements_legal_obligation_basis_was_insufficient_as_AML_regulations_did_not_mandate_TGSS_verification_specifically,raw_q36,Other,categorical,1.0,0.0026595744680851063,0.002652501131733817,,,
raw_q36_Defendant_required_consent_for_advertising_and_image_processing_as_condition_for_event_attendance_violating_Article_7_4_GDPR_by_bundling_consent_with_contract_performance,raw_q36,Other,categorical,1.0,0.0026595744680851063,0.002652501131733817,,,
raw_q36_Defendant_required_users_to_upload_scanned_copies_of_ID_documents_for_identity_verification_violating_data_minimization_principle_as_less_intrusive_alternatives_exist,raw_q36,Other,categorical,1.0,0.0026595744680851063,0.002652501131733817,,,
raw_q36_Defendant_sent_employee_ID_copies_without_legal_basis_violating_lawfulness_and_transparency_failed_to_ensure_security_leading_to_unauthorized_data_disclosure_via_employee_actions,raw_q36,Other,categorical,1.0,0.0026595744680851063,0.002652501131733817,,,
raw_q36_Defendant_sent_unsolicited_marketing_texts_without_valid_consent_bundling_consent_with_service_requirements_and_failing_to_provide_specific_informed_choices,raw_q36,Other,categorical,1.0,0.0026595744680851063,0.002652501131733817,,,
raw_q36_Defendant_transferred_personal_data_to_a_third_party_without_any_legal_basis_violating_Article_6_1_GDPR,raw_q36,Other,categorical,1.0,0.0026595744680851063,0.002652501131733817,,,
raw_q36_Defendant_unlawfully_processed_personal_data_by_including_claimant_s_data_in_credit_information_system_without_legal_basis_as_the_debt_was_not_true_overdue_or_enforceable_violating_Article_6_1_GDPR,raw_q36,Other,categorical,1.0,0.0026595744680851063,0.002652501131733817,,,
raw_q36_Defendant_unlawfully_published_claimant_s_home_address_on_Twitter_without_legal_basis_violating_confidentiality_and_lawfulness_principles,raw_q36,Other,categorical,1.0,0.0026595744680851063,0.002652501131733817,,,
raw_q36_Defendant_used_claimant_s_images_without_ownership_to_create_fake_profiles_on_Tinder_and_WhatsApp_for_deceptive_purposes_violating_Article_5_1_a_GDPR_lawfulness_principle,raw_q36,Other,categorical,1.0,0.0026595744680851063,0.002652501131733817,,,
raw_q36_Defendant_used_claimant_s_wedding_photo_for_advertising_without_consent_violating_Article_6_GDPR_by_lacking_lawful_basis_for_processing,raw_q36,Other,categorical,1.0,0.0026595744680851063,0.002652501131733817,,,
raw_q36_Defendant_violated_Article_12_by_requiring_excessive_identity_verification_copy_of_ID_and_signature_via_post_for_deletion_requests_failing_to_facilitate_data_subject_rights_and_ensure_appropriate_security,raw_q36,Other,categorical,1.0,0.0026595744680851063,0.002652501131733817,,,
raw_q36_Defendant_violated_Article_13_GDPR_by_lacking_a_privacy_policy_on_its_website_failing_to_provide_required_information_to_data_subjects_Also_violated_LSSI_Article_22_2_by_not_having_a_cookies_policy_or_obtaining_consent_for_cookies,raw_q36,Other,categorical,1.0,0.0026595744680851063,0.002652501131733817,,,
raw_q36_Defendant_violated_Article_14_GDPR_by_failing_to_provide_complete_information_to_data_subjects_when_obtaining_data_from_third_parties_though_processing_was_deemed_lawful_under_legitimate_interests,raw_q36,Other,categorical,1.0,0.0026595744680851063,0.002652501131733817,,,
raw_q36_Defendant_violated_Article_28_2_GDPR_by_failing_to_inform_the_data_controller_of_subcontractor_changes_despite_prior_general_authorization_specifically_for_contracts_signed_post_GDPR_implementation,raw_q36,Other,categorical,1.0,0.0026595744680851063,0.002652501131733817,,,
raw_q36_Defendant_violated_Article_32_GDPR_by_sending_an_email_without_blind_copy_to_multiple_recipients_exposing_personal_data_Also_violated_Article_5_1_f_GDPR_principle_of_integrity_and_confidentiality,raw_q36,Other,categorical,1.0,0.0026595744680851063,0.002652501131733817,,,
raw_q36_Defendant_violated_Article_5_1_f_security_principle_by_failing_to_ensure_proper_technical_measures_for_data_deletion_Consent_withdrawal_was_not_fully_honored_due_to_technical_issues_with_third_party_platforms,raw_q36,Other,categorical,1.0,0.0026595744680851063,0.002652501131733817,,,
raw_q36_Defendant_violated_Article_5_1_f_GDPR_by_failing_to_ensure_adequate_security_resulting_in_a_third_party_receiving_the_claimant_s_invoice_containing_personal_data,raw_q36,Other,categorical,1.0,0.0026595744680851063,0.002652501131733817,,,
raw_q36_Defendant_violated_Article_5_1_c_GDPR_by_processing_excessive_personal_data_beyond_what_was_necessary_for_the_purpose_specifically_sending_an_email_attachment_containing_unnecessary_data_like_phone_numbers_emails_and_addresses_to_all_participants_in_a_solar_energy_project,raw_q36,Other,categorical,1.0,0.0026595744680851063,0.002652501131733817,,,
raw_q36_Defendant_violated_Article_5_1_c_GDPR_by_publishing_voices_of_minors_in_a_news_video_without_distortion_failing_data_minimization_principle_The_balancing_test_favored_data_subject_interests_over_legitimate_interests_due_to_minors_vulnerability_and_availability_of_less_intrusive_alternatives,raw_q36,Other,categorical,1.0,0.0026595744680851063,0.002652501131733817,,,
raw_q36_Defendant_violated_Article_5_1_d_GDPR_by_sending_a_contract_containing_inaccurate_personal_data_claimant_s_new_address_to_the_claimant_s_old_address_due_to_a_failure_to_update_customer_records,raw_q36,Other,categorical,1.0,0.0026595744680851063,0.002652501131733817,,,
raw_q36_Defendant_violated_Article_5_1_f_GDPR_by_failing_to_ensure_confidentiality_of_personal_data_in_a_mediation_report_and_Article_32_GDPR_by_lacking_appropriate_security_measures_to_prevent_unauthorized_disclosure,raw_q36,Other,categorical,1.0,0.0026595744680851063,0.002652501131733817,,,
raw_q36_Defendant_violated_Article_5_1_f_GDPR_by_publicly_exposing_personal_data_on_a_notice_board_failing_to_ensure_confidentiality_and_security_of_data,raw_q36,Other,categorical,1.0,0.0026595744680851063,0.002652501131733817,,,
raw_q36_Defendant_violated_Article_5_1_f_GDPR_by_sending_electoral_roll_containing_personal_data_via_email_to_multiple_recipients_without_adequate_security_measures_compromising_data_confidentiality_and_integrity,raw_q36,Other,categorical,1.0,0.0026595744680851063,0.002652501131733817,,,
raw_q36_Defendant_violated_Article_5_1_f_GDPR_security_principle_by_improper_configuration_allowing_unauthorized_access_to_health_data_and_failing_to_conduct_required_risk_analysis_and_impact_assessment,raw_q36,Other,categorical,1.0,0.0026595744680851063,0.002652501131733817,,,
raw_q36_Defendant_violated_Article_5_1_f_integrity_and_confidentiality_principle_by_transferring_claimant_s_data_to_a_neighbor_without_consent_and_violated_Article_32_by_failing_to_implement_adequate_security_measures,raw_q36,Other,categorical,1.0,0.0026595744680851063,0.002652501131733817,,,
raw_q36_Defendant_violated_GDPR_by_failing_to_ensure_processors_provided_sufficient_guarantees_implement_proper_technical_organizational_measures_and_conduct_adequate_oversight_of_marketing_data_processing_activities,raw_q36,Other,categorical,1.0,0.0026595744680851063,0.002652501131733817,,,
raw_q36_Defendant_violated_accuracy_principle_by_maintaining_incorrect_address_data_and_failed_to_comply_with_data_erasure_request_under_Article_17,raw_q36,Other,categorical,1.0,0.0026595744680851063,0.002652501131733817,,,
raw_q36_Defendant_violated_confidentiality_principle_by_publishing_student_parent_lists_on_school_facade_visible_from_outside_and_on_unrestricted_website_failing_to_implement_adequate_security_measures_to_prevent_indiscriminate_access_by_non_interested_third_parties,raw_q36,Other,categorical,1.0,0.0026595744680851063,0.002652501131733817,,,
raw_q36_Defendant_violated_data_minimization_and_storage_limitation_by_excessively_collecting_and_storing_personal_data_including_scanned_documents_beyond_necessity_failed_to_properly_manage_erasure_requests_and_provide_adequate_responses,raw_q36,Other,categorical,1.0,0.0026595744680851063,0.002652501131733817,,,
raw_q36_Defendant_violated_data_minimization_principle_by_collecting_excessive_ID_copies_and_failed_to_provide_adequate_information_under_Article_13_GDPR,raw_q36,Other,categorical,1.0,0.0026595744680851063,0.002652501131733817,,,
raw_q36_Defendant_violated_data_minimization_principle_by_collecting_unnecessary_personal_data_and_violated_Article_9_1_GDPR_by_processing_special_category_data_without_legal_basis,raw_q36,Other,categorical,1.0,0.0026595744680851063,0.002652501131733817,,,
raw_q36_Defendant_violated_data_minimization_principle_by_disclosing_excessive_health_and_email_data_to_a_public_entity_for_defense_purposes_exceeding_what_was_necessary,raw_q36,Other,categorical,1.0,0.0026595744680851063,0.002652501131733817,,,
raw_q36_Defendant_violated_data_minimization_principle_by_publishing_victim_s_identifiable_voice_recording_without_necessity_for_journalistic_purpose_exceeding_limits_of_freedom_of_information,raw_q36,Other,categorical,1.0,0.0026595744680851063,0.002652501131733817,,,
raw_q36_Defendant_violated_data_minimization_principle_by_requiring_excessive_ID_images_for_check_in_Also_failed_to_provide_complete_privacy_information_as_required_by_Article_13,raw_q36,Other,categorical,1.0,0.0026595744680851063,0.002652501131733817,,,
raw_q36_Defendant_violated_data_minimization_principle_by_requiring_travelers_to_provide_full_photograph_copy_of_ID_documents_which_contained_excessive_personal_data_beyond_what_was_legally_required_for_traveler_registration_under_RD_933_2021,raw_q36,Other,categorical,1.0,0.0026595744680851063,0.002652501131733817,,,
raw_q36_Defendant_violated_storage_limitation_principle_by_retaining_complainant_s_data_for_nearly_16_years_after_mortgage_contract_cancellation_processing_data_without_valid_legal_basis,raw_q36,Other,categorical,1.0,0.0026595744680851063,0.002652501131733817,,,
raw_q36_Defendant_s_video_surveillance_cameras_captured_excessive_public_space_and_private_space_of_third_parties_violating_data_minimization_principle_Article_5_1_c_GDPR,raw_q36,Other,categorical,1.0,0.0026595744680851063,0.002652501131733817,,,
raw_q36_Defendant_s_video_surveillance_cameras_were_oriented_towards_public_space_without_justification_violating_data_minimization_principle_under_Article_5_1_c_GDPR,raw_q36,Other,categorical,1.0,0.0026595744680851063,0.002652501131733817,,,
raw_q36_Defendant_s_video_surveillance_system_captured_excessive_public_space_violating_data_minimization_principle_under_Article_5_1_c_GDPR,raw_q36,Other,categorical,1.0,0.0026595744680851063,0.002652501131733817,,,
raw_q36_Defendant_s_video_surveillance_system_captured_images_of_public_space_violating_data_minimization_principle_under_Article_5_1_c_GDPR_by_processing_unnecessary_third_party_data,raw_q36,Other,categorical,1.0,0.0026595744680851063,0.002652501131733817,,,
raw_q36_Defendant_s_website_privacy_policy_lacked_required_information_under_Article_13_GDPR_including_details_on_data_subject_rights_and_complaint_procedures,raw_q36,Other,categorical,1.0,0.0026595744680851063,0.002652501131733817,,,
raw_q36_Easylife_unlawfully_processed_special_category_health_data_by_inferring_health_conditions_from_purchase_history_without_a_valid_legal_basis_relying_incorrectly_on_legitimate_interests_instead_of_obtaining_explicit_consent_and_failed_to_inform_data_subjects_transparently_about_this_profiling,raw_q36,Other,categorical,1.0,0.0026595744680851063,0.002652501131733817,,,
raw_q36_Excessive_GPS_monitoring_of_employee_without_proper_information_legal_basis_or_less_intrusive_alternatives_data_stored_beyond_legal_period_and_used_for_unauthorized_purposes,raw_q36,Other,categorical,1.0,0.0026595744680851063,0.002652501131733817,,,
raw_q36_Google_LLC_failed_to_respond_timely_to_a_data_subject_s_erasure_request_regarding_URL_deindexation_violating_Article_5_security_principle_by_not_ensuring_proper_handling_of_rights_requests,raw_q36,Other,categorical,1.0,0.0026595744680851063,0.002652501131733817,,,
raw_q36_Google_s_search_engine_processing_of_personal_data_was_found_to_violate_storage_limitation_principles_by_continuing_to_link_claimant_s_name_to_outdated_URLs_after_Constitutional_Court_anonymization_outweighing_Google_s_legitimate_interests_claim,raw_q36,Other,categorical,1.0,0.0026595744680851063,0.002652501131733817,,,
raw_q36_INDECEMI_violated_Article_5_1_f_GDPR_by_failing_to_ensure_adequate_security_resulting_in_unauthorized_disclosure_of_personal_data_via_email_to_wrong_recipient,raw_q36,Other,categorical,1.0,0.0026595744680851063,0.002652501131733817,,,
raw_q36_Illegal_processing_of_patient_data_in_a_video_without_legal_basis_violating_principles_of_lawfulness_purpose_limitation_data_minimisation_security_and_accountability,raw_q36,Other,categorical,1.0,0.0026595744680851063,0.002652501131733817,,,
raw_q36_Insufficient_information_provided_to_data_subjects_invalidating_consent_biometric_data_processing_lacked_transparency_and_free_informed_consent_violating_Article_5_principles,raw_q36,Other,categorical,1.0,0.0026595744680851063,0.002652501131733817,,,
raw_q36_KRY_violated_Article_5_1_f_and_2_and_Article_32_1_and_2_by_failing_to_conduct_adequate_needs_and_risk_analyses_and_not_restricting_user_access_permissions_to_only_what_is_necessary_for_healthcare_tasks_lacking_appropriate_security_measures_and_accountability,raw_q36,Other,categorical,1.0,0.0026595744680851063,0.002652501131733817,,,
raw_q36_Klarna_failed_to_provide_transparent_information_on_processing_purposes_legal_bases_data_sharing_storage_periods_data_subject_rights_and_automated_decision_making_violating_Articles_5_1_a_5_2_12_13_and_14_GDPR,raw_q36,Other,categorical,1.0,0.0026595744680851063,0.002652501131733817,,,
raw_q36_MISSING,raw_q36,Other,categorical,1.0,0.034574468085106384,0.03337907424173835,,,
raw_q36_Mermaids_failed_to_implement_appropriate_security_measures_for_an_internal_email_group_resulting_in_unauthorized_access_to_personal_data_including_special_category_data_and_data_concerning_children,raw_q36,Other,categorical,1.0,0.0026595744680851063,0.002652501131733817,,,
raw_q36_NOT_DISCUSSED,raw_q36,Other,categorical,1.0,0.005319148936170213,0.00529085559076505,,,
raw_q36_NOT_MENTIONED,raw_q36,Other,categorical,1.0,0.0026595744680851063,0.002652501131733817,,,
raw_q36_No_infringement_determination_made_due_to_inability_to_identify_defendant_case_filed_without_substantive_findings_on_processing_principles_or_legal_basis,raw_q36,Other,categorical,1.0,0.0026595744680851063,0.002652501131733817,,,
raw_q36_No_violations_found_images_were_removed_promptly_and_no_infringing_party_could_be_identified,raw_q36,Other,categorical,1.0,0.0026595744680851063,0.002652501131733817,,,
raw_q36_Privacy_policy_provided_only_in_English_violated_transparency_requirements_under_Article_13_GDPR_Cookie_policy_lacked_proper_consent_mechanism_and_information,raw_q36,Other,categorical,1.0,0.0026595744680851063,0.002652501131733817,,,
raw_q36_STRING,raw_q36,Other,categorical,1.0,0.18085106382978725,0.14814395654142143,,,
raw_q36_STRING_Saga_sent_28_5_million_unsolicited_marketing_messages_without_valid_consent_violating_Article_5_1_a_lawfulness_principle,raw_q36,Other,categorical,1.0,0.0026595744680851063,0.002652501131733817,,,
raw_q36_STRING_The_defendant_stated_incorrect_legal_basis_consent_on_its_website_while_actually_relying_on_contract_or_legitimate_interests_violating_Article_13_1_c_transparency_obligation,raw_q36,Other,categorical,1.0,0.0026595744680851063,0.002652501131733817,,,
raw_q36_School_processed_student_personal_data_via_surveys_without_legal_basis_under_Article_6_1_c_violating_Article_5_1_a_lawfulness_principle,raw_q36,Other,categorical,1.0,0.0026595744680851063,0.002652501131733817,,,
raw_q36_The_Cabinet_Office_violated_Article_5_1_f_by_failing_to_ensure_appropriate_security_of_personal_data_and_Article_32_1_by_lacking_appropriate_technical_and_organizational_measures_for_the_2020_New_Year_Honours_List_processing,raw_q36,Other,categorical,1.0,0.0026595744680851063,0.002652501131733817,,,
raw_q36_The_City_Council_failed_to_implement_adequate_security_measures_to_prevent_unauthorized_access_to_municipal_registry_data_by_a_council_member_violating_Article_5_1_f_GDPR_The_case_was_archived_due_to_statute_of_limitations,raw_q36,Other,categorical,1.0,0.0026595744680851063,0.002652501131733817,,,
raw_q36_The_City_Council_processed_personal_data_without_a_legal_basis_under_Article_6_GDPR_by_communicating_a_third_party_s_debt_to_the_claimant_and_requesting_his_data_from_INSS_failing_to_verify_the_marital_property_regime_beforehand,raw_q36,Other,categorical,1.0,0.0026595744680851063,0.002652501131733817,,,
raw_q36_The_Council_failed_to_respond_to_251_out_of_511_subject_access_requests_within_statutory_deadlines_violating_Articles_12_3_15_1_and_15_3_of_the_UK_GDPR,raw_q36,Other,categorical,1.0,0.0026595744680851063,0.002652501131733817,,,
raw_q36_The_DPA_assessed_international_tax_treaties_for_GDPR_compliance_finding_they_lack_necessary_safeguards_for_data_transfers_to_third_countries_like_the_US_particularly_under_Article_46_requirements,raw_q36,Other,categorical,1.0,0.0026595744680851063,0.002652501131733817,,,
raw_q36_The_DPA_expressed_concerns_about_whether_the_planned_data_processing_involves_personal_data_rather_than_anonymized_data_emphasizing_the_need_for_a_proper_legal_basis_if_personal_data_is_processed_and_highlighted_risks_related_to_electronic_communications_and_location_data_anonymization,raw_q36,Other,categorical,1.0,0.0026595744680851063,0.002652501131733817,,,
raw_q36_The_DPA_found_no_GDPR_violation_as_the_processing_fell_under_the_household_exemption_Article_2_2_c_being_exclusively_personal_domestic_activity_by_a_natural_person,raw_q36,Other,categorical,1.0,0.0026595744680851063,0.002652501131733817,,,
raw_q36_The_DPA_found_no_GDPR_violation_concluding_that_taking_a_photograph_of_an_ID_with_an_official_police_mobile_phone_during_COVID_19_perimeter_control_complied_with_Article_32_security_measures_and_was_justified_under_public_security_laws,raw_q36,Other,categorical,1.0,0.0026595744680851063,0.002652501131733817,,,
raw_q36_The_DPA_found_no_GDPR_violations_as_the_claimant_s_access_request_was_deemed_excessive_and_abusive_under_Article_12_5_with_the_defendant_properly_requesting_specification_of_the_request,raw_q36,Other,categorical,1.0,0.0026595744680851063,0.002652501131733817,,,
raw_q36_The_DPA_found_no_GDPR_violations_as_the_controller_had_adequate_security_measures_promptly_notified_the_breach_and_took_appropriate_mitigating_actions_The_breach_resulted_from_human_error_by_a_processor_s_employee,raw_q36,Other,categorical,1.0,0.0026595744680851063,0.002652501131733817,,,
raw_q36_The_DPA_found_no_evidence_of_coercion_or_unlawful_processing_data_collection_was_voluntary_informed_and_based_on_consent_and_legal_obligations_for_public_health_purposes,raw_q36,Other,categorical,1.0,0.0026595744680851063,0.002652501131733817,,,
raw_q36_The_DPA_found_no_evidence_of_infringement_RAE_ceased_Google_Analytics_use_promptly_after_Schrems_II_and_claimed_public_interest_legal_basis_under_Article_6_1_e,raw_q36,Other,categorical,1.0,0.0026595744680851063,0.002652501131733817,,,
raw_q36_The_DPA_found_no_processing_of_personal_data_occurred_as_temperature_measurements_were_not_linked_to_identified_or_identifiable_persons_thus_no_GDPR_principles_were_violated,raw_q36,Other,categorical,1.0,0.0026595744680851063,0.002652501131733817,,,
raw_q36_The_DPA_found_no_violation_of_Article_13_as_the_defendant_provided_adequate_information_to_employees_about_the_fingerprint_system_implementation_including_purpose_legal_basis_and_data_protection_details_before_data_collection,raw_q36,Other,categorical,1.0,0.0026595744680851063,0.002652501131733817,,,
raw_q36_The_DPA_found_no_violation_of_Article_5_principles_Regarding_Article_6_the_defendant_relied_on_legitimate_interests_and_the_balancing_test_concluded_that_legitimate_interests_prevailed_over_the_data_subject_s_rights_due_to_the_public_interest_in_accessing_professional_information,raw_q36,Other,categorical,1.0,0.0026595744680851063,0.002652501131733817,,,
raw_q36_The_DPA_found_no_violation_of_Article_5_1_c_data_minimization_as_the_cameras_were_limited_to_private_property_with_proper_signage_and_no_evidence_of_public_space_capture,raw_q36,Other,categorical,1.0,0.0026595744680851063,0.002652501131733817,,,
raw_q36_The_DPA_found_no_violation_of_Article_6_as_Niantic_obtained_consent_through_pop_up_windows_and_provided_accessible_privacy_policies_and_terms_of_service,raw_q36,Other,categorical,1.0,0.0026595744680851063,0.002652501131733817,,,
raw_q36_The_DPA_found_no_violations_of_Article_5_principles_The_defendant_relied_on_public_task_as_legal_basis_for_traffic_surveillance_drone_operations,raw_q36,Other,categorical,1.0,0.0026595744680851063,0.002652501131733817,,,
raw_q36_The_DPA_found_that_Nordea_complied_with_the_complainant_s_access_request_by_providing_a_transcript_and_edited_audio_file_satisfying_Article_15_requirements_without_violating_data_subject_rights,raw_q36,Other,categorical,1.0,0.0026595744680851063,0.002652501131733817,,,
raw_q36_The_DPA_found_that_the_defendant_had_valid_consent_through_a_signed_image_rights_assignment_contract_thus_no_violation_of_Article_6_occurred,raw_q36,Other,categorical,1.0,0.0026595744680851063,0.002652501131733817,,,
raw_q36_The_DPA_found_that_the_defendant_was_legitimized_to_process_the_claimant_s_personal_data_based_on_contract_execution_vehicle_purchase_not_consent_and_therefore_no_violation_of_Article_6_occurred,raw_q36,Other,categorical,1.0,0.0026595744680851063,0.002652501131733817,,,
raw_q36_The_DPA_found_that_the_video_surveillance_camera_installation_complied_with_data_minimization_principles_capturing_only_necessary_public_space_for_security_purposes_and_no_violation_of_Article_5_was_established,raw_q36,Other,categorical,1.0,0.0026595744680851063,0.002652501131733817,,,
raw_q36_The_DPA_found_the_defendant_violated_Article_35_by_failing_to_conduct_a_data_protection_impact_assessment_for_biometric_data_processing_The_legal_basis_of_consent_was_invalid_due_to_power_imbalance_in_employment_context,raw_q36,Other,categorical,1.0,0.0026595744680851063,0.002652501131733817,,,
raw_q36_The_DPA_found_the_defendant_violated_Article_6_GDPR_by_processing_employee_images_without_a_legal_basis_The_installation_of_a_video_surveillance_camera_in_a_staff_rest_area_was_deemed_disproportionate_and_violated_the_prohibition_in_Article_89_2_LOPDGDD,raw_q36,Other,categorical,1.0,0.0026595744680851063,0.002652501131733817,,,
raw_q36_The_DPA_found_violations_of_Article_5_1_a_due_to_unfairness_in_monitoring_employees_changing_in_alarm_stands_without_masking_and_Article_5_1_c_due_to_excessive_24_7_real_time_surveillance_beyond_necessary_purposes_Legal_basis_under_Article_6_1_e_was_upheld_for_public_task_necessity,raw_q36,Other,categorical,1.0,0.0026595744680851063,0.002652501131733817,,,
raw_q36_The_DPA_found_violations_of_data_minimisation_under_Article_5_1_c_due_to_unnecessary_publication_of_sensitive_personal_data_beyond_names_of_public_figures_and_security_under_Article_32_due_to_inadequate_redaction_allowing_easy_access_to_hidden_data_Freedom_of_expression_prevailed_for_publishing_names_of_high_ranking_bank_officials_in_a_public_interest_story_on_bank_recapitalization_but_not_for_other_data,raw_q36,Other,categorical,1.0,0.0026595744680851063,0.002652501131733817,,,
raw_q36_The_DPA_opined_that_legal_obligation_under_Article_6_1_c_is_the_appropriate_basis_for_processing_student_data_in_distance_education_not_consent_and_emphasized_adherence_to_data_minimization_and_security_principles,raw_q36,Other,categorical,1.0,0.0026595744680851063,0.002652501131733817,,,
raw_q36_The_controller_violated_Article_32_by_failing_to_implement_adequate_technical_and_organizational_measures_leading_to_unauthorized_disclosure_and_access_to_personal_data_including_special_category_health_data,raw_q36,Other,categorical,1.0,0.0026595744680851063,0.002652501131733817,,,
raw_q36_The_decision_addresses_a_violation_of_Article_21_of_the_LSSI_for_sending_commercial_communications_without_consent_not_GDPR_Articles_5_or_6,raw_q36,Other,categorical,1.0,0.0026595744680851063,0.002652501131733817,,,
raw_q36_The_decision_addresses_a_violation_of_the_right_to_object_under_Article_21_GDPR_in_the_context_of_unsolicited_commercial_calls_No_detailed_analysis_of_Article_5_or_6_principles_is_provided_beyond_linking_to_legitimate_interests_for_marketing,raw_q36,Other,categorical,1.0,0.0026595744680851063,0.002652501131733817,,,
raw_q36_The_decision_addresses_violation_of_Article_5_1_b_GDPR_due_to_retention_of_personal_data_for_over_16_years_after_the_data_subject_ceased_being_a_client_without_any_ongoing_products_or_services_Bankia_blocked_the_data_but_failed_to_delete_it_as_required_under_storage_limitation_and_purpose_limitation_principles,raw_q36,Other,categorical,1.0,0.0026595744680851063,0.002652501131733817,,,
raw_q36_The_decision_clarifies_that_data_on_self_employed_persons_in_culture_related_to_their_registered_activity_are_not_protected_as_personal_data_under_GDPR_as_they_are_considered_business_entity_data_under_Slovenian_law,raw_q36,Other,categorical,1.0,0.0026595744680851063,0.002652501131733817,,,
raw_q36_The_decision_did_not_find_violations_of_GDPR_Articles_5_or_6_as_the_website_in_question_no_longer_existed_and_redirected_to_a_different_entity_s_site_making_the_original_complaint_moot,raw_q36,Other,categorical,1.0,0.0026595744680851063,0.002652501131733817,,,
raw_q36_The_decision_discusses_potential_violation_of_Article_5_1_c_data_minimisation_due_to_alleged_video_surveillance_cameras_oriented_towards_complainant_s_home_but_the_procedure_was_archived_as_the_responsible_party_could_not_be_identified,raw_q36,Other,categorical,1.0,0.0026595744680851063,0.002652501131733817,,,
raw_q36_The_decision_discusses_processing_under_Article_6_1_c_for_legal_obligations_under_anti_money_laundering_laws_noting_the_bank_must_have_appropriate_procedures_but_IP_is_not_competent_to_assess_adequacy,raw_q36,Other,categorical,1.0,0.0026595744680851063,0.002652501131733817,,,
raw_q36_The_decision_does_not_discuss_GDPR_Article_5_or_6_principles_it_focuses_on_LSSI_cookie_consent_violations,raw_q36,Other,categorical,1.0,0.0026595744680851063,0.002652501131733817,,,
raw_q36_The_decision_does_not_discuss_GDPR_Article_5_or_6_principles_it_focuses_solely_on_LSSI_violations_regarding_cookie_consent_mechanisms,raw_q36,Other,categorical,1.0,0.0026595744680851063,0.002652501131733817,,,
raw_q36_The_decision_does_not_discuss_GDPR_Article_5_or_6_violations_focusing_instead_on_Spanish_LSSI_cookie_law_violations_regarding_inadequate_cookie_banner_information_and_lack_of_rejection_mechanism,raw_q36,Other,categorical,1.0,0.0026595744680851063,0.002652501131733817,,,
raw_q36_The_decision_finds_a_violation_of_Article_37_GDPR_due_to_failure_to_appoint_a_DPO_as_required_for_public_authorities_No_other_Article_5_or_6_principles_are_discussed,raw_q36,Other,categorical,1.0,0.0026595744680851063,0.002652501131733817,,,
raw_q36_The_decision_finds_a_violation_of_Article_6_1_a_GDPR_due_to_processing_personal_data_without_consent_or_any_lawful_basis_No_other_Article_5_or_6_principles_are_explicitly_discussed_beyond_lawfulness,raw_q36,Other,categorical,1.0,0.0026595744680851063,0.002652501131733817,,,
raw_q36_The_decision_focuses_on_LSSI_violations_regarding_commercial_communications_not_GDPR_Article_5_6_principles,raw_q36,Other,categorical,1.0,0.0026595744680851063,0.002652501131733817,,,
raw_q36_The_decision_focuses_on_jurisdictional_issues_regarding_cross_border_processing_and_the_identification_of_the_lead_supervisory_authority_not_substantive_Article_5_6_violations,raw_q36,Other,categorical,1.0,0.0026595744680851063,0.002652501131733817,,,
raw_q36_The_decision_focuses_on_violation_of_Article_37_GDPR_regarding_DPO_appointment_not_on_Articles_5_or_6_principles_or_legal_bases,raw_q36,Other,categorical,1.0,0.0026595744680851063,0.002652501131733817,,,
raw_q36_The_decision_focuses_solely_on_violations_of_cooperation_obligations_with_the_DPA_under_Articles_31_and_58_1_e_of_the_GDPR_not_on_substantive_processing_principles_or_legal_bases,raw_q36,Other,categorical,1.0,0.0026595744680851063,0.002652501131733817,,,
raw_q36_The_decision_found_a_violation_of_Article_12_3_regarding_timely_response_to_access_requests_but_did_not_discuss_Article_5_principles_or_Article_6_legal_bases,raw_q36,Other,categorical,1.0,0.0026595744680851063,0.002652501131733817,,,
raw_q36_The_decision_found_a_violation_of_Article_5_1_f_security_principle_due_to_inadequate_technical_and_organizational_measures_No_Article_6_legal_bases_were_discussed,raw_q36,Other,categorical,1.0,0.0026595744680851063,0.002652501131733817,,,
raw_q36_The_decision_found_no_GDPR_violations_it_focused_on_LSSI_compliance_regarding_cookies_concluding_the_website_s_cookie_policy_was_not_contradictory_to_Article_22_2_LSSI_after_verification,raw_q36,Other,categorical,1.0,0.0026595744680851063,0.002652501131733817,,,
raw_q36_The_decision_found_no_violation_of_Article_5_or_6_principles_as_the_defendant_ultimately_complied_with_the_erasure_request_during_proceedings,raw_q36,Other,categorical,1.0,0.0026595744680851063,0.002652501131733817,,,
raw_q36_The_decision_found_violations_of_Article_32_1_b_32_2_and_32_4_GDPR_due_to_inadequate_technical_and_organizational_measures_ensuring_employees_process_data_only_on_instructions_leading_to_unauthorized_access_and_disclosure_of_five_passengers_data_No_Article_5_or_6_principles_beyond_security_were_discussed,raw_q36,Other,categorical,1.0,0.0026595744680851063,0.002652501131733817,,,
raw_q36_The_decision_identifies_violations_of_Article_5_1_f_on_integrity_and_confidentiality_and_Article_5_2_on_accountability_due_to_failure_to_implement_appropriate_technical_and_organizational_measures_Processing_was_based_on_contract_performance_and_legal_obligations_under_telecommunications_law_with_no_issues_in_legal_basis_but_deficiencies_in_security_implementation_leading_to_a_data_breach,raw_q36,Other,categorical,1.0,0.0026595744680851063,0.002652501131733817,,,
raw_q36_The_decision_provides_a_non_binding_opinion_clarifying_the_right_to_access_personal_data_under_Article_15_GDPR_and_applicable_Slovenian_laws_particularly_for_police_data_processing_under_national_security_exemptions,raw_q36,Other,categorical,1.0,0.0026595744680851063,0.002652501131733817,,,
raw_q36_The_decision_provides_a_non_binding_opinion_on_drone_use_jurisdiction_clarifying_the_Information_Commissioner_s_role_in_monitoring_data_protection_compliance_and_impact_assessments_with_no_findings_of_violations,raw_q36,Other,categorical,1.0,0.0026595744680851063,0.002652501131733817,,,
raw_q36_The_defendant_disclosed_personal_and_health_data_of_a_former_employee_to_a_third_party_without_a_legal_basis_violating_principles_of_lawfulness_purpose_limitation_security_and_accountability,raw_q36,Other,categorical,1.0,0.0026595744680851063,0.002652501131733817,,,
raw_q36_The_defendant_disclosed_personal_data_including_ethnic_origin_without_legal_basis_and_failed_to_implement_adequate_security_measures_for_video_surveillance_data,raw_q36,Other,categorical,1.0,0.0026595744680851063,0.002652501131733817,,,
raw_q36_The_defendant_failed_to_adapt_its_privacy_policy_to_GDPR_requirements_and_lacked_a_Data_Protection_Officer_until_after_the_procedure_began_violating_transparency_and_accountability_principles,raw_q36,Other,categorical,1.0,0.0026595744680851063,0.002652501131733817,,,
raw_q36_The_defendant_failed_to_adequately_inform_workers_about_the_processing_of_biometric_data_for_time_control_violating_Article_13_GDPR_by_not_providing_complete_clear_and_concise_information_at_the_time_of_data_collection,raw_q36,Other,categorical,1.0,0.0026595744680851063,0.002652501131733817,,,
raw_q36_The_defendant_failed_to_comply_with_a_prior_resolution_ordering_compliance_with_a_data_subject_s_access_right_constituting_a_violation_of_Article_58_2_GDPR,raw_q36,Other,categorical,1.0,0.0026595744680851063,0.002652501131733817,,,
raw_q36_The_defendant_failed_to_conduct_required_needs_and_risk_analyses_before_granting_access_permissions_and_did_not_restrict_user_access_to_only_what_was_necessary_for_their_duties_violating_security_and_accountability_principles_under_Article_5_1_f_and_5_2,raw_q36,Other,categorical,1.0,0.0026595744680851063,0.002652501131733817,,,
raw_q36_The_defendant_failed_to_cooperate_with_the_DPA_by_not_providing_requested_information_necessary_for_the_investigation_violating_accountability_under_Article_5,raw_q36,Other,categorical,1.0,0.0026595744680851063,0.002652501131733817,,,
raw_q36_The_defendant_failed_to_implement_adequate_security_measures_using_HTTP_instead_of_HTTPS_and_did_not_provide_proper_privacy_information_compliant_with_GDPR_Article_13_referencing_outdated_legislation,raw_q36,Other,categorical,1.0,0.0026595744680851063,0.002652501131733817,,,
raw_q36_The_defendant_failed_to_implement_appropriate_technical_and_organizational_measures_to_ensure_security_of_sensitive_personal_data_sent_via_email_violating_Article_32_1_GDPR,raw_q36,Other,categorical,1.0,0.0026595744680851063,0.002652501131733817,,,
raw_q36_The_defendant_failed_to_properly_define_its_role_as_a_joint_controller_with_service_users_violating_accountability_principles_under_Article_5_2_GDPR_by_not_establishing_a_transparent_agreement_as_required_by_Article_26,raw_q36,Other,categorical,1.0,0.0026595744680851063,0.002652501131733817,,,
raw_q36_The_defendant_failed_to_properly_respond_to_a_data_subject_s_access_request_regarding_recordings_from_a_job_selection_process_violating_Article_15_GDPR_by_not_providing_the_data_or_a_valid_refusal,raw_q36,Other,categorical,1.0,0.0026595744680851063,0.002652501131733817,,,
raw_q36_The_defendant_failed_to_provide_a_complete_and_adequate_response_to_the_data_subject_s_access_request_violating_the_accountability_principle_under_Article_5_2_GDPR_by_not_fully_complying_with_Article_15_access_rights,raw_q36,Other,categorical,1.0,0.0026595744680851063,0.002652501131733817,,,
raw_q36_The_defendant_failed_to_provide_complete_information_required_by_Article_13_GDPR_at_the_time_of_data_collection_and_did_not_implement_appropriate_technical_and_organizational_measures_to_ensure_confidentiality_violating_Articles_13_and_25_1_GDPR,raw_q36,Other,categorical,1.0,0.0026595744680851063,0.002652501131733817,,,
raw_q36_The_defendant_failed_to_provide_necessary_information_to_the_claimant_when_scanning_their_ID_for_money_laundering_compliance_violating_Article_13_GDPR_by_not_informing_about_the_legal_basis_and_purpose_immediately,raw_q36,Other,categorical,1.0,0.0026595744680851063,0.002652501131733817,,,
raw_q36_The_defendant_failed_to_provide_requested_information_to_the_DPA_during_an_investigation_into_unsolicited_SMS_complaints_violating_Article_58_1_obligations,raw_q36,Other,categorical,1.0,0.0026595744680851063,0.002652501131733817,,,
raw_q36_The_defendant_failed_to_respond_to_a_data_subject_s_access_request_within_the_legal_timeframe_but_eventually_provided_the_required_information_during_the_procedure_restoring_the_data_subject_s_rights,raw_q36,Other,categorical,1.0,0.0026595744680851063,0.002652501131733817,,,
raw_q36_The_defendant_failed_to_respond_to_a_data_subject_s_erasure_request_within_the_required_timeframe_and_did_not_provide_proof_of_addressing_the_request_properly,raw_q36,Other,categorical,1.0,0.0026595744680851063,0.002652501131733817,,,
raw_q36_The_defendant_failed_to_respond_to_information_requests_from_the_DPA_violating_Article_58_1_GDPR_investigative_powers,raw_q36,Other,categorical,1.0,0.0026595744680851063,0.002652501131733817,,,
raw_q36_The_defendant_failed_to_respond_to_information_requests_from_the_Spanish_DPA_violating_Article_58_1_GDPR_investigative_powers_not_Articles_5_or_6,raw_q36,Other,categorical,1.0,0.0026595744680851063,0.002652501131733817,,,
raw_q36_The_defendant_failed_to_respond_to_repeated_access_requests_and_did_not_cooperate_with_the_DPA_s_investigation_violating_accountability_principles_under_Article_5,raw_q36,Other,categorical,1.0,0.0026595744680851063,0.002652501131733817,,,
raw_q36_The_defendant_implemented_a_biometric_fingerprint_system_for_stadium_access_without_necessity_proportionality_or_valid_legal_basis_violating_data_minimization_and_processing_principles_Failures_included_lack_of_prior_DPIA_invalid_consent_and_inadequate_information_to_data_subjects,raw_q36,Other,categorical,1.0,0.0026595744680851063,0.002652501131733817,,,
raw_q36_The_defendant_installed_a_video_surveillance_camera_capturing_images_of_third_parties_in_a_transit_area_without_justification_violating_the_data_minimization_principle_under_Article_5_1_c_GDPR_by_processing_data_beyond_what_is_necessary,raw_q36,Other,categorical,1.0,0.0026595744680851063,0.002652501131733817,,,
raw_q36_The_defendant_installed_audio_recording_microphones_in_workplace_areas_including_an_office_and_dining_area_without_legitimate_basis_under_Article_6_GDPR_violating_lawfulness_principle_as_recording_conversations_was_disproportionate_and_intrusive_for_security_and_labor_control_purposes,raw_q36,Other,categorical,1.0,0.0026595744680851063,0.002652501131733817,,,
raw_q36_The_defendant_made_an_unsolicited_commercial_call_to_a_data_subject_registered_on_the_Robinson_list_without_proper_legal_basis_violating_the_right_to_object_under_Article_21_GDPR_and_national_telecommunications_law,raw_q36,Other,categorical,1.0,0.0026595744680851063,0.002652501131733817,,,
raw_q36_The_defendant_processed_a_minor_s_image_without_parental_consent_violating_Article_6_1_a_GDPR_No_lawful_basis_for_processing_was_established,raw_q36,Other,categorical,1.0,0.0026595744680851063,0.002652501131733817,,,
raw_q36_The_defendant_processed_biometric_data_without_a_valid_legal_basis_under_Article_9_GDPR_and_violated_the_principle_of_lawfulness_under_Article_5_1_a_by_using_fingerprint_recognition_for_time_control_without_proper_authorization,raw_q36,Other,categorical,1.0,0.0026595744680851063,0.002652501131733817,,,
raw_q36_The_defendant_processed_biometric_data_without_a_valid_legal_basis_under_Article_9_violating_lawfulness_principles_They_also_failed_to_provide_adequate_information_to_data_subjects_and_lacked_proper_contracts_with_processors,raw_q36,Other,categorical,1.0,0.0026595744680851063,0.002652501131733817,,,
raw_q36_The_defendant_processed_employee_data_via_audio_video_surveillance_without_proving_compliance_with_any_legal_basis_under_Article_6_1_and_violated_the_principle_of_lawfulness_fairness_and_transparency_under_Article_5_1_a,raw_q36,Other,categorical,1.0,0.0026595744680851063,0.002652501131733817,,,
raw_q36_The_defendant_processed_inaccurate_personal_data_by_associating_a_personal_shipment_with_a_company_account_issuing_an_invoice_to_the_company_containing_the_claimant_s_personal_data_violating_Article_5_1_d_accuracy_principle,raw_q36,Other,categorical,1.0,0.0026595744680851063,0.002652501131733817,,,
raw_q36_The_defendant_processed_personal_data_without_a_valid_legal_basis_under_Article_6_relying_incorrectly_on_contract_execution_The_security_protocol_under_Article_32_was_inadequate_as_it_failed_to_verify_proper_representation,raw_q36,Other,categorical,1.0,0.0026595744680851063,0.002652501131733817,,,
raw_q36_The_defendant_processed_personal_data_without_consent_violating_Article_6_1_a_GDPR_and_failed_to_provide_clear_cookie_information_and_rejection_mechanisms,raw_q36,Other,categorical,1.0,0.0026595744680851063,0.002652501131733817,,,
raw_q36_The_defendant_processed_personal_data_without_proper_identity_verification_and_adequate_security_measures_violating_Article_32_2_GDPR_by_failing_to_implement_appropriate_technical_and_organizational_measures,raw_q36,Other,categorical,1.0,0.0026595744680851063,0.002652501131733817,,,
raw_q36_The_defendant_processed_voice_data_without_a_lawful_basis_under_Article_6_GDPR_as_recording_conversations_for_labor_control_was_found_disproportionate_and_not_justified_by_legitimate_interests_violating_the_lawfulness_principle,raw_q36,Other,categorical,1.0,0.0026595744680851063,0.002652501131733817,,,
raw_q36_The_defendant_published_lists_of_debtor_and_non_debtor_owners_on_community_bulletin_boards_including_personal_data_violating_Article_5_1_f_GDPR_due_to_inadequate_security_measures_exposing_data_to_unauthorized_viewing,raw_q36,Other,categorical,1.0,0.0026595744680851063,0.002652501131733817,,,
raw_q36_The_defendant_published_personal_data_online_without_a_lawful_basis_violating_principles_of_lawfulness_fairness_transparency_and_security,raw_q36,Other,categorical,1.0,0.0026595744680851063,0.002652501131733817,,,
raw_q36_The_defendant_repeatedly_disclosed_lists_of_debtors_by_apartment_number_via_email_and_on_a_bulletin_board_violating_confidentiality_under_Article_5_1_f_GDPR_as_this_was_not_done_under_the_specific_circumstances_permitted_by_the_Horizontal_Property_Law,raw_q36,Other,categorical,1.0,0.0026595744680851063,0.002652501131733817,,,
raw_q36_The_defendant_responded_to_the_data_subject_s_access_and_deletion_requests_providing_information_and_reasonably_denying_deletion_based_on_an_outstanding_enforceable_debt_thus_no_violations_of_Articles_5_or_6_were_found,raw_q36,Other,categorical,1.0,0.0026595744680851063,0.002652501131733817,,,
raw_q36_The_defendant_violated_Article_12_and_15_by_failing_to_provide_complete_access_to_personal_data_and_necessary_information_and_not_facilitating_the_exercise_of_data_subject_rights,raw_q36,Other,categorical,1.0,0.0026595744680851063,0.002652501131733817,,,
raw_q36_The_defendant_violated_Article_15_GDPR_by_failing_to_respond_to_a_data_subject_access_request_within_the_required_timeframe_taking_nearly_four_months_instead_of_one_month_to_provide_the_requested_information,raw_q36,Other,categorical,1.0,0.0026595744680851063,0.002652501131733817,,,
raw_q36_The_defendant_violated_Article_25_1_and_Article_32_1_b_d_and_2_by_failing_to_implement_adequate_technical_and_organizational_measures_for_data_security_leading_to_unauthorized_disclosure_of_personal_data,raw_q36,Other,categorical,1.0,0.0026595744680851063,0.002652501131733817,,,
raw_q36_The_defendant_violated_Article_32_GDPR_by_failing_to_implement_adequate_security_measures_leading_to_unauthorized_access_and_transmission_of_health_data_via_email_scanning_and_sharing,raw_q36,Other,categorical,1.0,0.0026595744680851063,0.002652501131733817,,,
raw_q36_The_defendant_violated_Article_32_by_failing_to_implement_adequate_technical_and_organizational_measures_to_ensure_security_leading_to_unauthorized_disclosure_of_personal_data_via_WhatsApp,raw_q36,Other,categorical,1.0,0.0026595744680851063,0.002652501131733817,,,
raw_q36_The_defendant_violated_Article_32_by_failing_to_implement_adequate_technical_and_organizational_security_measures_leading_to_unauthorized_disclosure_of_personal_data_via_email,raw_q36,Other,categorical,1.0,0.0026595744680851063,0.002652501131733817,,,
raw_q36_The_defendant_violated_Article_32_security_obligations_by_failing_to_ensure_employees_only_process_personal_data_at_the_operator_s_request_leading_to_unauthorized_access_and_disclosure,raw_q36,Other,categorical,1.0,0.0026595744680851063,0.002652501131733817,,,
raw_q36_The_defendant_violated_Article_32_1_GDPR_by_failing_to_implement_appropriate_security_measures_for_its_merge_customer_process_allowing_unauthorized_access_to_purchase_and_return_history_through_publicly_available_information,raw_q36,Other,categorical,1.0,0.0026595744680851063,0.002652501131733817,,,
raw_q36_The_defendant_violated_Article_32_1_GDPR_by_failing_to_implement_adequate_security_measures_leading_to_an_incident_where_data_of_one_daughter_was_provided_when_information_about_another_daughter_was_requested_without_proper_identity_verification,raw_q36,Other,categorical,1.0,0.0026595744680851063,0.002652501131733817,,,
raw_q36_The_defendant_violated_Article_32_1_GDPR_by_failing_to_implement_adequate_security_measures_resulting_in_the_abandonment_of_confidential_medical_data_of_workers_in_a_public_area_compromising_data_integrity_and_confidentiality,raw_q36,Other,categorical,1.0,0.0026595744680851063,0.002652501131733817,,,
raw_q36_The_defendant_violated_Article_32_1_GDPR_by_failing_to_implement_adequate_technical_and_organizational_security_measures_leading_to_unauthorized_access_to_personal_data_The_breach_involved_external_cyberattack_and_inadequate_protection_of_customer_bank_card_information,raw_q36,Other,categorical,1.0,0.0026595744680851063,0.002652501131733817,,,
raw_q36_The_defendant_violated_Article_5_security_and_accountability_principles_by_failing_to_properly_respond_to_data_subject_access_requests_within_the_required_timeframe_and_not_cooperating_fully_with_the_DPA_investigation,raw_q36,Other,categorical,1.0,0.0026595744680851063,0.002652501131733817,,,
raw_q36_The_defendant_violated_Article_5_1_f_GDPR_by_failing_to_ensure_appropriate_security_of_personal_data_including_lack_of_multi_factor_authentication_inadequate_patch_management_and_failure_to_encrypt_data_which_rendered_systems_vulnerable_to_a_ransomware_attack,raw_q36,Other,categorical,1.0,0.0026595744680851063,0.002652501131733817,,,
raw_q36_The_defendant_violated_Article_5_1_f_GDPR_by_failing_to_implement_adequate_security_measures_leading_to_unauthorized_access_and_data_breach_affecting_40_individuals,raw_q36,Other,categorical,1.0,0.0026595744680851063,0.002652501131733817,,,
raw_q36_The_defendant_violated_Article_5_1_f_and_Article_32_1_by_failing_to_ensure_adequate_security_of_personal_data_including_protection_against_unauthorized_access_across_multiple_subsystems_of_the_School_Platform,raw_q36,Other,categorical,1.0,0.0026595744680851063,0.002652501131733817,,,
raw_q36_The_defendant_violated_Article_5_1_f_security_principle_by_disclosing_land_register_numbers_No_lawful_basis_under_Article_6_was_established_for_this_processing,raw_q36,Other,categorical,1.0,0.0026595744680851063,0.002652501131733817,,,
raw_q36_The_defendant_violated_Article_5_1_f_GDPR_by_failing_to_implement_appropriate_technical_and_organizational_measures_to_ensure_security_and_confidentiality_leading_to_a_cyberattack_breach_exposing_health_data_of_2_622_patients,raw_q36,Other,categorical,1.0,0.0026595744680851063,0.002652501131733817,,,
raw_q36_The_defendant_violated_Article_5_1_a_GDPR_by_using_dark_patterns_overloading_and_hiding_in_cookie_consent_interfaces_making_consent_not_freely_given_specific_or_informed_They_also_violated_Article_13_GDPR_by_failing_to_provide_clear_information_on_purposes_legal_bases_legitimate_interests_of_third_parties_and_international_data_transfers_in_their_privacy_policy,raw_q36,Other,categorical,1.0,0.0026595744680851063,0.002652501131733817,,,
raw_q36_The_defendant_violated_Article_5_1_c_GDPR_by_collecting_excessive_personal_data_photocopy_of_ID_beyond_what_was_necessary_for_age_verification_They_also_violated_Article_13_GDPR_by_providing_outdated_privacy_information_and_insufficient_details_about_data_processing,raw_q36,Other,categorical,1.0,0.0026595744680851063,0.002652501131733817,,,
raw_q36_The_defendant_violated_Article_5_1_c_GDPR_by_publishing_an_individual_s_image_and_voice_without_anonymization_which_was_deemed_unnecessary_for_the_journalistic_purpose_The_DPA_found_the_processing_excessive_and_not_justified_by_legitimate_interests_balancing,raw_q36,Other,categorical,1.0,0.0026595744680851063,0.002652501131733817,,,
raw_q36_The_defendant_violated_Article_5_1_f_GDPR_by_failing_to_ensure_confidentiality_resulting_in_unauthorized_disclosure_of_complainant_s_personal_data_name_address_phone_number_on_a_package_label_delivered_to_a_third_party,raw_q36,Other,categorical,1.0,0.0026595744680851063,0.002652501131733817,,,
raw_q36_The_defendant_violated_Article_5_1_f_GDPR_by_sending_emails_without_using_blind_copy_disseminating_recipients_email_addresses_and_sometimes_names_surnames_failing_to_ensure_confidentiality,raw_q36,Other,categorical,1.0,0.0026595744680851063,0.002652501131733817,,,
raw_q36_The_defendant_violated_Article_5_1_f_integrity_and_confidentiality_by_publicly_displaying_the_claimant_s_personal_data_name_surname_and_debt_amount_on_a_community_notice_board_without_adequate_security_measures,raw_q36,Other,categorical,1.0,0.0026595744680851063,0.002652501131733817,,,
raw_q36_The_defendant_violated_Article_5_1_f_GDPR_by_disclosing_a_claimant_s_loan_amortization_table_to_a_third_party_breaching_confidentiality_No_Article_6_legal_basis_was_discussed_as_the_processing_was_unauthorized,raw_q36,Other,categorical,1.0,0.0026595744680851063,0.002652501131733817,,,
raw_q36_The_defendant_violated_Article_5_1_f_GDPR_by_failing_to_ensure_adequate_security_leading_to_a_confidentiality_breach_and_violated_Article_32_GDPR_by_not_implementing_appropriate_technical_and_organizational_security_measures_to_prevent_the_cyberattack,raw_q36,Other,categorical,1.0,0.0026595744680851063,0.002652501131733817,,,
raw_q36_The_defendant_violated_Article_5_1_f_GDPR_by_failing_to_ensure_adequate_security_of_personal_data_leading_to_unauthorized_exposure_of_identification_data_through_a_programming_error_in_the_vaccination_appointment_system,raw_q36,Other,categorical,1.0,0.0026595744680851063,0.002652501131733817,,,
raw_q36_The_defendant_violated_Article_5_1_f_GDPR_by_improperly_disseminating_personal_data_through_WhatsApp_breaching_confidentiality_They_also_violated_Article_32_GDPR_by_lacking_adequate_security_measures_to_prevent_unauthorized_disclosure,raw_q36,Other,categorical,1.0,0.0026595744680851063,0.002652501131733817,,,
raw_q36_The_defendant_violated_Article_5_1_f_GDPR_by_publicly_displaying_meeting_minutes_containing_personal_data_names_surnames_addresses_debts_in_a_building_display_case_for_an_excessive_duration_failing_to_ensure_adequate_security_and_confidentiality,raw_q36,Other,categorical,1.0,0.0026595744680851063,0.002652501131733817,,,
raw_q36_The_defendant_violated_Article_5_1_f_GDPR_by_sending_individualized_heating_consumption_data_to_all_community_members_via_email_resulting_in_loss_of_confidentiality_The_claimed_legitimate_interest_basis_was_insufficient_as_data_subject_interests_prevailed,raw_q36,Other,categorical,1.0,0.0026595744680851063,0.002652501131733817,,,
raw_q36_The_defendant_violated_Article_5_1_f_by_failing_to_ensure_confidentiality_of_health_data_body_temperature_as_the_measurement_result_was_visible_to_unauthorized_third_parties_in_the_clinic_s_waiting_reception_area_The_processing_was_based_on_legal_obligation_for_health_safety_during_COVID_19,raw_q36,Other,categorical,1.0,0.0026595744680851063,0.002652501131733817,,,
raw_q36_The_defendant_violated_Articles_12_and_13_by_failing_to_provide_complete_and_accurate_information_about_data_processing_and_imposing_excessive_conditions_for_exercising_data_subject_rights,raw_q36,Other,categorical,1.0,0.0026595744680851063,0.002652501131733817,,,
raw_q36_The_defendant_violated_Articles_5_1_f_and_32_1_by_sending_sensitive_health_data_unencrypted_via_email_and_storing_it_in_Outlook_failing_to_implement_appropriate_technical_and_organizational_security_measures,raw_q36,Other,categorical,1.0,0.0026595744680851063,0.002652501131733817,,,
raw_q36_The_defendant_violated_GDPR_Article_28_by_subcontracting_without_proper_contracts_and_authorizations_failing_to_ensure_sufficient_guarantees_for_data_processing_security_and_accountability,raw_q36,Other,categorical,1.0,0.0026595744680851063,0.002652501131733817,,,
raw_q36_The_defendant_violated_accountability_principles_by_failing_to_respond_to_the_DPA_s_information_requests_and_not_complying_with_a_remedial_order,raw_q36,Other,categorical,1.0,0.0026595744680851063,0.002652501131733817,,,
raw_q36_The_defendant_violated_the_security_principle_under_Article_5_1_f_by_failing_to_prevent_unauthorized_access_to_personal_data_through_a_technical_failure_in_their_customer_portal,raw_q36,Other,categorical,1.0,0.0026595744680851063,0.002652501131733817,,,
raw_q36_The_defendant_was_accused_of_processing_personal_data_image_and_voice_without_consent_but_the_appeal_was_upheld_due_to_lack_of_evidence_proving_authorship_of_the_alleged_violation,raw_q36,Other,categorical,1.0,0.0026595744680851063,0.002652501131733817,,,
raw_q36_The_defendant_s_camera_system_disproportionately_captured_images_of_public_space_violating_the_data_minimization_principle_under_Article_5_1_c_GDPR_by_collecting_excessive_personal_data_without_justification,raw_q36,Other,categorical,1.0,0.0026595744680851063,0.002652501131733817,,,
raw_q36_The_defendant_s_privacy_policies_were_found_compliant_with_Article_13_GDPR_but_cookie_consent_mechanisms_were_inadequate_lacking_clear_information_and_granular_control_options,raw_q36,Other,categorical,1.0,0.0026595744680851063,0.002652501131733817,,,
raw_q36_The_defendant_s_video_surveillance_was_found_to_violate_purpose_limitation_and_data_minimization_principles_as_cameras_recorded_beyond_necessary_areas_like_the_entire_bar_and_terrace_not_just_specific_high_value_property_areas_and_lacked_a_valid_legal_basis_under_legitimate_interests_for_such_broad_recording,raw_q36,Other,categorical,1.0,0.0026595744680851063,0.002652501131733817,,,
raw_q36_The_entity_violated_Article_5_1_c_GDPR_by_scanning_clients_full_DNI_documents_during_check_in_as_this_exceeds_the_data_minimization_principle_Only_specific_data_fields_from_the_ID_are_required_for_legal_registration_obligations_under_Organic_Law_4_2015,raw_q36,Other,categorical,1.0,0.0026595744680851063,0.002652501131733817,,,
raw_q36_The_operator_failed_to_implement_adequate_technical_and_organizational_measures_to_ensure_data_security_violating_Article_32_1_b_and_d_and_2_GDPR,raw_q36,Other,categorical,1.0,0.0026595744680851063,0.002652501131733817,,,
raw_q36_The_operator_failed_to_implement_appropriate_technical_and_organizational_security_measures_leading_to_unauthorized_disclosure_of_personal_data_following_a_cyber_attack,raw_q36,Other,categorical,1.0,0.0026595744680851063,0.002652501131733817,,,
raw_q36_The_opinion_clarifies_that_employers_may_process_employee_sick_leave_data_under_Article_6_1_c_based_on_Employment_Relationships_Act_obligations_but_diagnosis_data_requires_specific_legal_basis_and_doctors_are_not_obliged_to_provide_information_to_employers_or_detectives,raw_q36,Other,categorical,1.0,0.0026595744680851063,0.002652501131733817,,,
raw_q36_The_opinion_discusses_mandatory_employee_participation_in_video_recording_for_marketing_purposes_concluding_consent_is_required_but_unlikely_valid_due_to_power_imbalance_and_mandatory_nature_Legal_bases_under_employment_law_are_limited_to_rights_obligations_arising_from_employment_relationship,raw_q36,Other,categorical,1.0,0.0026595744680851063,0.002652501131733817,,,
raw_q36_The_opinion_discusses_potential_issues_with_legal_basis_for_processing_health_data_emphasizing_that_consent_in_employment_relationships_is_problematic_due_to_power_imbalance_and_that_purpose_limitation_and_data_minimization_principles_must_be_observed,raw_q36,Other,categorical,1.0,0.0026595744680851063,0.002652501131733817,,,
raw_q36_The_opinion_discusses_whether_handwritten_signatures_constitute_personal_data_and_examines_potential_legal_bases_for_disclosure_but_does_not_determine_violations_as_it_is_a_non_binding_opinion_outside_an_inspection_procedure,raw_q36,Other,categorical,1.0,0.0026595744680851063,0.002652501131733817,,,
raw_q36_The_privacy_policy_complies_with_Article_13_GDPR_requirements_for_information_provision_The_cookie_policy_violates_LSSI_Article_22_2_due_to_lack_of_easy_rejection_mechanism_for_all_cookies,raw_q36,Other,categorical,1.0,0.0026595744680851063,0.002652501131733817,,,
raw_q36_The_school_failed_to_ensure_appropriate_security_of_personal_data_including_special_category_data_due_to_inadequate_policies_and_procedures_leading_to_unauthorized_disclosure_in_a_classroom_environment,raw_q36,Other,categorical,1.0,0.0026595744680851063,0.002652501131733817,,,
raw_q36_Ticketmaster_failed_to_ensure_appropriate_security_of_personal_data_by_not_implementing_adequate_technical_and_organizational_measures_to_protect_against_unauthorized_processing_specifically_by_including_a_third_party_chat_bot_on_payment_pages_without_sufficient_security_controls,raw_q36,Other,categorical,1.0,0.0026595744680851063,0.002652501131733817,,,
raw_q36_Trygg_Hansa_violated_Article_5_1f_and_32_1_by_failing_to_implement_appropriate_security_measures_allowing_unauthorized_access_to_sensitive_customer_data_over_an_extended_period,raw_q36,Other,categorical,1.0,0.0026595744680851063,0.002652501131733817,,,
raw_q36_UNCLEAR,raw_q36,Other,categorical,1.0,0.0026595744680851063,0.002652501131733817,,,
raw_q36_Unauthorized_disclosure_of_personal_data_by_publishing_termination_decisions_online_without_legal_basis_Violation_of_lawfulness_fairness_transparency_security_and_accountability_principles,raw_q36,Other,categorical,1.0,0.0026595744680851063,0.002652501131733817,,,
raw_q36_Violation_of_Article_12_3_for_failing_to_inform_complainant_of_deletion_outcome_without_undue_delay_no_violation_of_Article_17_deletion_obligation_found,raw_q36,Other,categorical,1.0,0.0026595744680851063,0.002652501131733817,,,
raw_q36_Violation_of_Article_12_3_for_failing_to_respond_timely_to_data_subject_s_erasure_request_under_Article_17_No_other_Article_5_or_6_principles_discussed,raw_q36,Other,categorical,1.0,0.0026595744680851063,0.002652501131733817,,,
raw_q36_Violation_of_Article_13_1_a_GDPR_for_not_displaying_operator_identity_information_on_website_Violation_of_national_law_for_installing_cookies_without_consent,raw_q36,Other,categorical,1.0,0.0026595744680851063,0.002652501131733817,,,
raw_q36_Violation_of_Article_32_due_to_inadequate_technical_and_organizational_measures_for_security_leading_to_unauthorized_access_and_data_deletion_from_a_cyber_attack,raw_q36,Other,categorical,1.0,0.0026595744680851063,0.002652501131733817,,,
raw_q36_Violation_of_Article_32_security_obligations_due_to_inadequate_technical_and_organizational_measures_including_failure_to_ensure_authorized_personnel_only_process_data_upon_request,raw_q36,Other,categorical,1.0,0.0026595744680851063,0.002652501131733817,,,
raw_q36_Violation_of_Article_32_security_obligations_due_to_inadequate_technical_and_organizational_measures_leading_to_unauthorized_disclosure_access_of_personal_data,raw_q36,Other,categorical,1.0,0.0026595744680851063,0.002652501131733817,,,
raw_q36_Violation_of_Article_32_security_obligations_due_to_inadequate_technical_and_organizational_measures_specifically_failure_to_test_configuration_changes_and_ensure_confidentiality_integrity_and_resilience_of_processing_systems,raw_q36,Other,categorical,1.0,0.0026595744680851063,0.002652501131733817,,,
raw_q36_Violation_of_Article_32_1_b_and_2_GDPR_due_to_inadequate_security_measures_leading_to_unauthorized_disclosure_of_personal_data_including_children_s_data_in_a_contest_platform,raw_q36,Other,categorical,1.0,0.0026595744680851063,0.002652501131733817,,,
raw_q36_Violation_of_Article_32_4_due_to_inadequate_security_measures_leading_to_unauthorized_data_disclosure_violation_of_Article_34_for_failing_to_notify_data_subjects_of_the_breach,raw_q36,Other,categorical,1.0,0.0026595744680851063,0.002652501131733817,,,
raw_q36_Violation_of_Article_5_f_security_principle_and_Article_32_due_to_insufficient_technical_and_organizational_measures_leading_to_unauthorized_disclosure_of_personal_data_via_email_and_social_media,raw_q36,Other,categorical,1.0,0.0026595744680851063,0.002652501131733817,,,
raw_q36_Violation_of_Article_5_1_f_security_principle_due_to_inadequate_technical_and_organizational_measures_leading_to_unauthorized_access_and_loss_of_data_integrity_and_confidentiality,raw_q36,Other,categorical,1.0,0.0026595744680851063,0.002652501131733817,,,
raw_q36_Violation_of_Article_83_5_e_for_failure_to_communicate_requested_information_to_the_DPA_no_specific_Article_5_or_6_principles_discussed,raw_q36,Other,categorical,1.0,0.0026595744680851063,0.002652501131733817,,,
raw_q36_Violation_of_confidentiality_and_accountability_principles_due_to_inadequate_security_measures_specifically_failure_to_implement_regular_testing_and_validation_in_IT_systems_leading_to_unauthorized_access,raw_q36,Other,categorical,1.0,0.0026595744680851063,0.002652501131733817,,,
raw_q36_Violation_of_lawful_processing_and_security_principles_no_valid_consent_obtained_for_filming_and_posting_patient_data_online,raw_q36,Other,categorical,1.0,0.0026595744680851063,0.002652501131733817,,,
raw_q36_Violations_found_in_data_subject_rights_handling_under_Articles_12_15_and_17_but_no_Article_5_or_6_principles_were_discussed_or_violated,raw_q36,Other,categorical,1.0,0.0026595744680851063,0.002652501131733817,,,
raw_q36_Violations_of_Article_32_security_requirements_found_due_to_lack_of_MFA_and_inadequate_organizational_measures_for_cloud_server_protection_leading_to_data_breach_exposing_sensitive_criminal_and_special_category_data,raw_q36,Other,categorical,1.0,0.0026595744680851063,0.002652501131733817,,,
raw_q36_Violations_of_Article_5_1_d_and_f_and_2_for_inaccurate_data_processing_and_inadequate_security_and_Article_17_for_failure_to_comply_with_erasure_requests,raw_q36,Other,categorical,1.0,0.0026595744680851063,0.002652501131733817,,,
raw_q36_Violations_of_lawfulness_fairness_transparency_purpose_limitation_and_security_principles_due_to_lack_of_valid_consent_for_marketing_SMS_and_failure_to_honor_deletion_objection_requests,raw_q36,Other,categorical,1.0,0.0026595744680851063,0.002652501131733817,,,
raw_q36_Vodafone_violated_Article_5_1_f_GDPR_by_failing_to_ensure_adequate_security_of_personal_data_resulting_in_a_confidentiality_breach_where_a_customer_s_invoice_was_sent_to_a_neighbor_s_address_with_mixed_personal_details,raw_q36,Other,categorical,1.0,0.0026595744680851063,0.002652501131733817,,,
raw_q36_Website_lacked_proper_privacy_policy_referencing_outdated_law_and_collected_personal_data_without_proper_legal_basis_or_information_to_users_Personal_image_was_published_without_consent_or_other_legitimization,raw_q36,Other,categorical,1.0,0.0026595744680851063,0.002652501131733817,,,
raw_q37_0,raw_q37,Other,categorical,1.0,0.2712765957446808,0.19768560434585786,,,
raw_q37_1000,raw_q37,Other,categorical,1.0,0.018617021276595744,0.01827042779538253,,,
raw_q37_10000,raw_q37,Other,categorical,1.0,0.015957446808510637,0.015702806699864187,,,
raw_q37_100000,raw_q37,Other,categorical,1.0,0.005319148936170213,0.0052908555907650485,,,
raw_q37_11000,raw_q37,Other,categorical,1.0,0.0026595744680851063,0.002652501131733817,,,
raw_q37_1200,raw_q37,Other,categorical,1.0,0.013297872340425532,0.01312103893164328,,,
raw_q37_12000,raw_q37,Other,categorical,1.0,0.007978723404255319,0.007915063377093707,,,
raw_q37_120000,raw_q37,Other,categorical,1.0,0.007978723404255319,0.007915063377093709,,,
raw_q37_1200000,raw_q37,Other,categorical,1.0,0.005319148936170213,0.0052908555907650485,,,
raw_q37_1250000,raw_q37,Other,categorical,1.0,0.0026595744680851063,0.002652501131733817,,,
raw_q37_1350000,raw_q37,Other,categorical,1.0,0.0026595744680851063,0.002652501131733817,,,
raw_q37_150,raw_q37,Other,categorical,1.0,0.0026595744680851063,0.002652501131733817,,,
raw_q37_1500,raw_q37,Other,categorical,1.0,0.010638297872340425,0.010525124490719785,,,
raw_q37_15000,raw_q37,Other,categorical,1.0,0.005319148936170213,0.00529085559076505,,,
raw_q37_150000,raw_q37,Other,categorical,1.0,0.005319148936170213,0.00529085559076505,,,
raw_q37_1599395,raw_q37,Other,categorical,1.0,0.0026595744680851063,0.002652501131733817,,,
raw_q37_1600,raw_q37,Other,categorical,1.0,0.007978723404255319,0.007915063377093709,,,
raw_q37_16000,raw_q37,Other,categorical,1.0,0.0026595744680851063,0.002652501131733817,,,
raw_q37_1600000,raw_q37,Other,categorical,1.0,0.005319148936170213,0.0052908555907650485,,,
raw_q37_17000,raw_q37,Other,categorical,1.0,0.0026595744680851063,0.002652501131733817,,,
raw_q37_1800,raw_q37,Other,categorical,1.0,0.005319148936170213,0.005290855590765051,,,
raw_q37_18000,raw_q37,Other,categorical,1.0,0.005319148936170213,0.005290855590765049,,,
raw_q37_18192,raw_q37,Other,categorical,1.0,0.0026595744680851063,0.002652501131733817,,,
raw_q37_2000,raw_q37,Other,categorical,1.0,0.04521276595744681,0.043168571751923936,,,
raw_q37_20000,raw_q37,Other,categorical,1.0,0.005319148936170213,0.00529085559076505,,,
raw_q37_200000,raw_q37,Other,categorical,1.0,0.005319148936170213,0.0052908555907650485,,,
raw_q37_2000000,raw_q37,Other,categorical,1.0,0.0026595744680851063,0.002652501131733817,,,
raw_q37_2100000,raw_q37,Other,categorical,1.0,0.0026595744680851063,0.002652501131733817,,,
raw_q37_2310000,raw_q37,Other,categorical,1.0,0.0026595744680851063,0.002652501131733817,,,
raw_q37_2400,raw_q37,Other,categorical,1.0,0.0026595744680851063,0.002652501131733817,,,
raw_q37_24000,raw_q37,Other,categorical,1.0,0.013297872340425532,0.013121038931643274,,,
raw_q37_2500,raw_q37,Other,categorical,1.0,0.005319148936170213,0.00529085559076505,,,
raw_q37_25000,raw_q37,Other,categorical,1.0,0.005319148936170213,0.0052908555907650485,,,
raw_q37_250000,raw_q37,Other,categorical,1.0,0.0026595744680851063,0.002652501131733817,,,
raw_q37_300,raw_q37,Other,categorical,1.0,0.0026595744680851063,0.002652501131733817,,,
raw_q37_3000,raw_q37,Other,categorical,1.0,0.05053191489361702,0.04797844047080126,,,
raw_q37_30000,raw_q37,Other,categorical,1.0,0.013297872340425532,0.013121038931643278,,,
raw_q37_300000,raw_q37,Other,categorical,1.0,0.007978723404255319,0.007915063377093707,,,
raw_q37_350000,raw_q37,Other,categorical,1.0,0.0026595744680851063,0.002652501131733817,,,
raw_q37_3500000,raw_q37,Other,categorical,1.0,0.005319148936170213,0.00529085559076505,,,
raw_q37_35000000,raw_q37,Other,categorical,1.0,0.0026595744680851063,0.002652501131733817,,,
raw_q37_4000,raw_q37,Other,categorical,1.0,0.010638297872340425,0.010525124490719785,,,
raw_q37_40000,raw_q37,Other,categorical,1.0,0.005319148936170213,0.005290855590765049,,,
raw_q37_4000000,raw_q37,Other,categorical,1.0,0.0026595744680851063,0.002652501131733817,,,
raw_q37_42000,raw_q37,Other,categorical,1.0,0.005319148936170213,0.005290855590765049,,,
raw_q37_45000,raw_q37,Other,categorical,1.0,0.005319148936170213,0.00529085559076505,,,
raw_q37_460000,raw_q37,Other,categorical,1.0,0.0026595744680851063,0.002652501131733817,,,
raw_q37_48000,raw_q37,Other,categorical,1.0,0.005319148936170213,0.005290855590765049,,,
raw_q37_500,raw_q37,Other,categorical,1.0,0.0026595744680851063,0.002652501131733817,,,
raw_q37_5000,raw_q37,Other,categorical,1.0,0.034574468085106384,0.033379074241738346,,,
raw_q37_50000,raw_q37,Other,categorical,1.0,0.007978723404255319,0.007915063377093709,,,
raw_q37_500000,raw_q37,Other,categorical,1.0,0.005319148936170213,0.0052908555907650485,,,
raw_q37_55000,raw_q37,Other,categorical,1.0,0.0026595744680851063,0.002652501131733817,,,
raw_q37_600,raw_q37,Other,categorical,1.0,0.005319148936170213,0.005290855590765049,,,
raw_q37_6000,raw_q37,Other,categorical,1.0,0.015957446808510637,0.01570280669986419,,,
raw_q37_60000,raw_q37,Other,categorical,1.0,0.010638297872340425,0.010525124490719785,,,
raw_q37_600000,raw_q37,Other,categorical,1.0,0.0026595744680851063,0.002652501131733817,,,
raw_q37_6000000,raw_q37,Other,categorical,1.0,0.0026595744680851063,0.002652501131733817,,,
raw_q37_7000,raw_q37,Other,categorical,1.0,0.0026595744680851063,0.002652501131733817,,,
raw_q37_70000,raw_q37,Other,categorical,1.0,0.015957446808510637,0.015702806699864187,,,
raw_q37_72000,raw_q37,Other,categorical,1.0,0.0026595744680851063,0.002652501131733817,,,
raw_q37_75000,raw_q37,Other,categorical,1.0,0.005319148936170213,0.005290855590765049,,,
raw_q37_7500000,raw_q37,Other,categorical,1.0,0.0026595744680851063,0.002652501131733817,,,
raw_q37_8000,raw_q37,Other,categorical,1.0,0.007978723404255319,0.007915063377093709,,,
raw_q37_80000,raw_q37,Other,categorical,1.0,0.0026595744680851063,0.002652501131733817,,,
raw_q37_8150000,raw_q37,Other,categorical,1.0,0.0026595744680851063,0.002652501131733817,,,
raw_q37_900,raw_q37,Other,categorical,1.0,0.0026595744680851063,0.002652501131733817,,,
raw_q37_9000,raw_q37,Other,categorical,1.0,0.0026595744680851063,0.002652501131733817,,,
raw_q37_90000,raw_q37,Other,categorical,1.0,0.0026595744680851063,0.002652501131733817,,,
raw_q37_98000,raw_q37,Other,categorical,1.0,0.0026595744680851063,0.002652501131733817,,,
raw_q37_MISSING,raw_q37,Other,categorical,1.0,0.034574468085106384,0.03337907424173835,,,
raw_q37_NOT_DISCUSSED,raw_q37,Other,categorical,1.0,0.0026595744680851063,0.002652501131733817,,,
raw_q37_NUMBER,raw_q37,Other,categorical,1.0,0.047872340425531915,0.04558057944771389,,,
raw_q37_NUMBER_0,raw_q37,Other,categorical,1.0,0.0398936170212766,0.0383021163422363,,,
raw_q37_NUMBER_10000,raw_q37,Other,categorical,1.0,0.0026595744680851063,0.002652501131733817,,,
raw_q37_NUMBER_12000,raw_q37,Other,categorical,1.0,0.0026595744680851063,0.002652501131733817,,,
raw_q37_NUMBER_1500,raw_q37,Other,categorical,1.0,0.007978723404255319,0.007915063377093709,,,
raw_q37_NUMBER_20000,raw_q37,Other,categorical,1.0,0.007978723404255319,0.007915063377093709,,,
raw_q37_NUMBER_24000,raw_q37,Other,categorical,1.0,0.0026595744680851063,0.002652501131733817,,,
raw_q37_NUMBER_240000,raw_q37,Other,categorical,1.0,0.0026595744680851063,0.002652501131733817,,,
raw_q37_NUMBER_300,raw_q37,Other,categorical,1.0,0.0026595744680851063,0.002652501131733817,,,
raw_q37_NUMBER_3000,raw_q37,Other,categorical,1.0,0.015957446808510637,0.015702806699864187,,,
raw_q37_NUMBER_300000,raw_q37,Other,categorical,1.0,0.0026595744680851063,0.002652501131733817,,,
raw_q37_NUMBER_360000,raw_q37,Other,categorical,1.0,0.0026595744680851063,0.002652501131733817,,,
raw_q37_NUMBER_4000,raw_q37,Other,categorical,1.0,0.007978723404255319,0.007915063377093709,,,
raw_q37_NUMBER_480,raw_q37,Other,categorical,1.0,0.0026595744680851063,0.002652501131733817,,,
raw_q37_NUMBER_500,raw_q37,Other,categorical,1.0,0.0026595744680851063,0.002652501131733817,,,
raw_q37_NUMBER_5000,raw_q37,Other,categorical,1.0,0.005319148936170213,0.00529085559076505,,,
raw_q37_NUMBER_50000,raw_q37,Other,categorical,1.0,0.005319148936170213,0.00529085559076505,,,
raw_q37_NUMBER_56000,raw_q37,Other,categorical,1.0,0.0026595744680851063,0.002652501131733817,,,
raw_q37_NUMBER_6000,raw_q37,Other,categorical,1.0,0.005319148936170213,0.00529085559076505,,,
raw_q37_NUMBER_6255,raw_q37,Other,categorical,1.0,0.0026595744680851063,0.002652501131733817,,,
raw_q37_NUMBER_70000,raw_q37,Other,categorical,1.0,0.0026595744680851063,0.002652501131733817,,,
raw_q37_NUMBER_75000,raw_q37,Other,categorical,1.0,0.0026595744680851063,0.002652501131733817,,,
raw_q37_NUMBER_8000,raw_q37,Other,categorical,1.0,0.0026595744680851063,0.002652501131733817,,,
raw_q37_NUMBER_900,raw_q37,Other,categorical,1.0,0.0026595744680851063,0.002652501131733817,,,
raw_q37_NUMBER_96000,raw_q37,Other,categorical,1.0,0.0026595744680851063,0.002652501131733817,,,
raw_q37_NUMBER_75000_1,raw_q37,Other,categorical,1.0,0.0026595744680851063,0.002652501131733817,,,
raw_q37_NUMBER_0_1,raw_q37,Other,categorical,1.0,0.0026595744680851063,0.002652501131733817,,,
raw_q38_0,raw_q38,Other,categorical,1.0,0.010638297872340425,0.010525124490719785,,,
raw_q38_10093659000,raw_q38,Other,categorical,1.0,0.0026595744680851063,0.002652501131733817,,,
raw_q38_102912000,raw_q38,Other,categorical,1.0,0.0026595744680851063,0.002652501131733817,,,
raw_q38_107746223,raw_q38,Other,categorical,1.0,0.0026595744680851063,0.002652501131733817,,,
raw_q38_1091000000,raw_q38,Other,categorical,1.0,0.0026595744680851063,0.002652501131733817,,,
raw_q38_1310563000,raw_q38,Other,categorical,1.0,0.0026595744680851063,0.002652501131733817,,,
raw_q38_1428000000,raw_q38,Other,categorical,1.0,0.0026595744680851063,0.002652501131733817,,,
raw_q38_1451967,raw_q38,Other,categorical,1.0,0.0026595744680851063,0.002652501131733817,,,
raw_q38_1600000000,raw_q38,Other,categorical,1.0,0.0026595744680851063,0.002652501131733817,,,
raw_q38_168251493,raw_q38,Other,categorical,1.0,0.0026595744680851063,0.002652501131733817,,,
raw_q38_2035000000,raw_q38,Other,categorical,1.0,0.0026595744680851063,0.002652501131733817,,,
raw_q38_2177703000,raw_q38,Other,categorical,1.0,0.0026595744680851063,0.002652501131733817,,,
raw_q38_2367061000,raw_q38,Other,categorical,1.0,0.0026595744680851063,0.002652501131733817,,,
raw_q38_237000000,raw_q38,Other,categorical,1.0,0.0026595744680851063,0.002652501131733817,,,
raw_q38_247757,raw_q38,Other,categorical,1.0,0.0026595744680851063,0.002652501131733817,,,
raw_q38_2928817000,raw_q38,Other,categorical,1.0,0.0026595744680851063,0.002652501131733817,,,
raw_q38_3000001,raw_q38,Other,categorical,1.0,0.0026595744680851063,0.002652501131733817,,,
raw_q38_34816282,raw_q38,Other,categorical,1.0,0.0026595744680851063,0.002652501131733817,,,
raw_q38_400000000,raw_q38,Other,categorical,1.0,0.0026595744680851063,0.002652501131733817,,,
raw_q38_461000000,raw_q38,Other,categorical,1.0,0.0026595744680851063,0.002652501131733817,,,
raw_q38_49848815,raw_q38,Other,categorical,1.0,0.0026595744680851063,0.002652501131733817,,,
raw_q38_4992744,raw_q38,Other,categorical,1.0,0.0026595744680851063,0.002652501131733817,,,
raw_q38_51631296,raw_q38,Other,categorical,1.0,0.0026595744680851063,0.002652501131733817,,,
raw_q38_5201368,raw_q38,Other,categorical,1.0,0.0026595744680851063,0.002652501131733817,,,
raw_q38_54000000000,raw_q38,Other,categorical,1.0,0.0026595744680851063,0.002652501131733817,,,
raw_q38_64855216,raw_q38,Other,categorical,1.0,0.0026595744680851063,0.002652501131733817,,,
raw_q38_698710610,raw_q38,Other,categorical,1.0,0.0026595744680851063,0.002652501131733817,,,
raw_q38_902440,raw_q38,Other,categorical,1.0,0.0026595744680851063,0.002652501131733817,,,
raw_q38_95578126,raw_q38,Other,categorical,1.0,0.0026595744680851063,0.002652501131733817,,,
raw_q38_MISSING,raw_q38,Other,categorical,1.0,0.6728723404255319,0.22011515391579906,,,
raw_q38_NOT_DISCUSSED,raw_q38,Other,categorical,1.0,0.026595744680851064,0.025888411045722048,,,
raw_q38_NOT_MENTIONED,raw_q38,Other,categorical,1.0,0.005319148936170213,0.0052908555907650485,,,
raw_q38_NUMBER,raw_q38,Other,categorical,1.0,0.10372340425531915,0.0929648596650068,,,
raw_q38_NUMBER_11181007,raw_q38,Other,categorical,1.0,0.0026595744680851063,0.002652501131733817,,,
raw_q38_NUMBER_1450000000,raw_q38,Other,categorical,1.0,0.0026595744680851063,0.002652501131733817,,,
raw_q38_NUMBER_16154950,raw_q38,Other,categorical,1.0,0.0026595744680851063,0.002652501131733817,,,
raw_q38_NUMBER_564590423,raw_q38,Other,categorical,1.0,0.0026595744680851063,0.002652501131733817,,,
raw_q38_NUMBER_66551000,raw_q38,Other,categorical,1.0,0.0026595744680851063,0.002652501131733817,,,
raw_q38_NUMBER_null,raw_q38,Other,categorical,1.0,0.08776595744680851,0.0800630941602535,,,
raw_q38_NUMBER_null_1,raw_q38,Other,categorical,1.0,0.0026595744680851063,0.002652501131733817,,,
raw_q38_NUMBER_null_2,raw_q38,Other,categorical,1.0,0.0026595744680851063,0.002652501131733817,,,
raw_q39_BELOW_ALL_CAPS,raw_q39,Other,categorical,1.0,0.6196808510638298,0.23567649388863737,,,
raw_q39_MISSING,raw_q39,Other,categorical,1.0,0.034574468085106384,0.03337907424173835,,,
raw_q39_NOT_APPLICABLE,raw_q39,Other,categorical,1.0,0.32978723404255317,0.22102761430511544,,,
raw_q39_NOT_DISCUSSED,raw_q39,Other,categorical,1.0,0.015957446808510637,0.015702806699864187,,,
raw_q40_DAYS,raw_q40,Other,categorical,1.0,0.05585106382978723,0.05273172249886827,,,
raw_q40_MISSING,raw_q40,Other,categorical,1.0,0.034574468085106384,0.03337907424173835,,,
raw_q40_MONTHS,raw_q40,Other,categorical,1.0,0.19946808510638298,0.15968056813037573,,,
raw_q40_NOT_DISCUSSED,raw_q40,Other,categorical,1.0,0.015957446808510637,0.015702806699864187,,,
raw_q40_NOT_SPECIFIED,raw_q40,Other,categorical,1.0,0.5585106382978723,0.24657650520597554,,,
raw_q40_ONGOING,raw_q40,Other,categorical,1.0,0.04521276595744681,0.043168571751923936,,,
raw_q40_YEARS,raw_q40,Other,categorical,1.0,0.09042553191489362,0.08224875509280216,,,
raw_q41_COOPERATION_WITH_AUTHORITY,raw_q41,Other,categorical,1.0,0.007978723404255319,0.00791506337709371,,,
raw_q41_DATA_CATEGORIES_AFFECTED,raw_q41,Other,categorical,1.0,0.015957446808510637,0.015702806699864187,,,
raw_q41_INTENT_NEGLIGENCE,raw_q41,Other,categorical,1.0,0.031914893617021274,0.030896333182435495,,,
raw_q41_INTENT_NEGLIGENCE_OTHER_CIRCUMSTANCES,raw_q41,Other,categorical,1.0,0.0026595744680851063,0.002652501131733817,,,
raw_q41_INTENT_NEGLIGENCE_DATA_CATEGORIES_AFFECTED,raw_q41,Other,categorical,1.0,0.005319148936170213,0.005290855590765049,,,
raw_q41_INTENT_NEGLIGENCE_DATA_CATEGORIES_AFFECTED_OTHER_CIRCUMSTANCES,raw_q41,Other,categorical,1.0,0.0026595744680851063,0.002652501131733817,,,
raw_q41_INTENT_NEGLIGENCE_MANNER_BECAME_KNOWN,raw_q41,Other,categorical,1.0,0.0026595744680851063,0.002652501131733817,,,
raw_q41_INTENT_NEGLIGENCE_MITIGATION_ACTIONS_TECHNICAL_ORGANIZATIONAL_MEASURES,raw_q41,Other,categorical,1.0,0.0026595744680851063,0.002652501131733817,,,
raw_q41_INTENT_NEGLIGENCE_OTHER_CIRCUMSTANCES_1,raw_q41,Other,categorical,1.0,0.0026595744680851063,0.002652501131733817,,,
raw_q41_INTENT_NEGLIGENCE_PREVIOUS_INFRINGEMENTS,raw_q41,Other,categorical,1.0,0.0026595744680851063,0.002652501131733817,,,
raw_q41_MISSING,raw_q41,Other,categorical,1.0,0.034574468085106384,0.03337907424173835,,,
raw_q41_NATURE_GRAVITY_DURATION,raw_q41,Other,categorical,1.0,0.19414893617021275,0.1564551267541874,,,
raw_q41_NATURE_GRAVITY_DURATION_DATA_CATEGORIES_AFFECTED,raw_q41,Other,categorical,1.0,0.018617021276595744,0.01827042779538253,,,
raw_q41_NATURE_GRAVITY_DURATION_INTENT_NEGLIGENCE,raw_q41,Other,categorical,1.0,0.03723404255319149,0.03584766862833861,,,
raw_q41_NATURE_GRAVITY_DURATION_INTENT_NEGLIGENCE_DATA_CATEGORIES_AFFECTED,raw_q41,Other,categorical,1.0,0.031914893617021274,0.030896333182435495,,,
raw_q41_NATURE_GRAVITY_DURATION_INTENT_NEGLIGENCE_MITIGATION_ACTIONS,raw_q41,Other,categorical,1.0,0.005319148936170213,0.00529085559076505,,,
raw_q41_NATURE_GRAVITY_DURATION_INTENT_NEGLIGENCE_MITIGATION_ACTIONS_COOPERATION_WITH_AUTHORITY,raw_q41,Other,categorical,1.0,0.0026595744680851063,0.002652501131733817,,,
raw_q41_NATURE_GRAVITY_DURATION_INTENT_NEGLIGENCE_OTHER_CIRCUMSTANCES,raw_q41,Other,categorical,1.0,0.0026595744680851063,0.002652501131733817,,,
raw_q41_NATURE_GRAVITY_DURATION_INTENT_NEGLIGENCE_TECHNICAL_ORGANIZATIONAL_MEASURES,raw_q41,Other,categorical,1.0,0.0026595744680851063,0.002652501131733817,,,
raw_q41_NATURE_GRAVITY_DURATION_INTENT_NEGLIGENCE_TECHNICAL_ORGANIZATIONAL_MEASURES_PREVIOUS_INFRINGEMENTS_DATA_CATEGORIES_AFFECTED_MANNER_BECAME_KNOWN_OTHER_CIRCUMSTANCES,raw_q41,Other,categorical,1.0,0.0026595744680851063,0.002652501131733817,,,
raw_q41_NATURE_GRAVITY_DURATION_PREVIOUS_INFRINGEMENTS,raw_q41,Other,categorical,1.0,0.0026595744680851063,0.002652501131733817,,,
raw_q41_NATURE_GRAVITY_DURATION_PREVIOUS_INFRINGEMENTS_DATA_CATEGORIES_AFFECTED,raw_q41,Other,categorical,1.0,0.0026595744680851063,0.002652501131733817,,,
raw_q41_NATURE_GRAVITY_DURATION_CATEGORIES_OF_DATA_AFFECTED,raw_q41,Other,categorical,1.0,0.0026595744680851063,0.002652501131733817,,,
raw_q41_NATURE_GRAVITY_DURATION_COOPERATION_WITH_AUTHORITY,raw_q41,Other,categorical,1.0,0.005319148936170213,0.005290855590765051,,,
raw_q41_NATURE_GRAVITY_DURATION_DATA_CATEGORIES_AFFECTED_1,raw_q41,Other,categorical,1.0,0.023936170212765957,0.02336322996831145,,,
raw_q41_NATURE_GRAVITY_DURATION_INTENT_NEGLIGENCE_1,raw_q41,Other,categorical,1.0,0.06382978723404255,0.05975554549569941,,,
raw_q41_NATURE_GRAVITY_DURATION_INTENT_NEGLIGENCE_CATEGORIES_AFFECTED,raw_q41,Other,categorical,1.0,0.0026595744680851063,0.002652501131733817,,,
raw_q41_NATURE_GRAVITY_DURATION_INTENT_NEGLIGENCE_CONNECTION_ACTIVITY_PROCESSING,raw_q41,Other,categorical,1.0,0.0026595744680851063,0.002652501131733817,,,
raw_q41_NATURE_GRAVITY_DURATION_INTENT_NEGLIGENCE_COOPERATION_WITH_AUTHORITY,raw_q41,Other,categorical,1.0,0.005319148936170213,0.00529085559076505,,,
raw_q41_NATURE_GRAVITY_DURATION_INTENT_NEGLIGENCE_COOPERATION_WITH_AUTHORITY_MANNER_BECAME_KNOWN,raw_q41,Other,categorical,1.0,0.0026595744680851063,0.002652501131733817,,,
raw_q41_NATURE_GRAVITY_DURATION_INTENT_NEGLIGENCE_DATA_CATEGORIES_AFFECTED_1,raw_q41,Other,categorical,1.0,0.061170212765957445,0.05742841783612493,,,
raw_q41_NATURE_GRAVITY_DURATION_INTENT_NEGLIGENCE_DATA_CATEGORIES_AFFECTED_MANNER_BECAME_KNOWN,raw_q41,Other,categorical,1.0,0.007978723404255319,0.007915063377093707,,,
raw_q41_NATURE_GRAVITY_DURATION_INTENT_NEGLIGENCE_DATA_CATEGORIES_AFFECTED_OTHER_CIRCUMSTANCES,raw_q41,Other,categorical,1.0,0.0026595744680851063,0.002652501131733817,,,
raw_q41_NATURE_GRAVITY_DURATION_INTENT_NEGLIGENCE_MITIGATION_ACTIONS_1,raw_q41,Other,categorical,1.0,0.0026595744680851063,0.002652501131733817,,,
raw_q41_NATURE_GRAVITY_DURATION_INTENT_NEGLIGENCE_MITIGATION_ACTIONS_COOPERATION_WITH_AUTHORITY_1,raw_q41,Other,categorical,1.0,0.0026595744680851063,0.002652501131733817,,,
raw_q41_NATURE_GRAVITY_DURATION_INTENT_NEGLIGENCE_MITIGATION_ACTIONS_COOPERATION_WITH_AUTHORITY_PREVIOUS_INFRINGEMENTS,raw_q41,Other,categorical,1.0,0.0026595744680851063,0.002652501131733817,,,
raw_q41_NATURE_GRAVITY_DURATION_INTENT_NEGLIGENCE_PREVIOUS_INFRINGEMENTS,raw_q41,Other,categorical,1.0,0.010638297872340425,0.010525124490719785,,,
raw_q41_NATURE_GRAVITY_DURATION_INTENT_NEGLIGENCE_PREVIOUS_INFRINGEMENTS_MANNER_BECAME_KNOWN_DATA_CATEGORIES_AFFECTED,raw_q41,Other,categorical,1.0,0.0026595744680851063,0.002652501131733817,,,
raw_q41_NATURE_GRAVITY_DURATION_INTENT_NEGLIGENCE_TECHNICAL_ORGANIZATIONAL_MEASURES_1,raw_q41,Other,categorical,1.0,0.010638297872340425,0.010525124490719785,,,
raw_q41_NATURE_GRAVITY_DURATION_INTENT_NEGLIGENCE_TECHNICAL_ORGANIZATIONAL_MEASURES_DATA_CATEGORIES_AFFECTED,raw_q41,Other,categorical,1.0,0.0026595744680851063,0.002652501131733817,,,
raw_q41_NATURE_GRAVITY_DURATION_MANNER_BECAME_KNOWN,raw_q41,Other,categorical,1.0,0.0026595744680851063,0.002652501131733817,,,
raw_q41_NATURE_GRAVITY_DURATION_PREVIOUS_INFRINGEMENTS_1,raw_q41,Other,categorical,1.0,0.015957446808510637,0.015702806699864187,,,
raw_q41_NONE,raw_q41,Other,categorical,1.0,0.32978723404255317,0.22102761430511547,,,
raw_q41_NONE_DISCUSSED,raw_q41,Other,categorical,1.0,0.0026595744680851063,0.002652501131733817,,,
raw_q41_NON_COOPERATION_WITH_AUTHORITY,raw_q41,Other,categorical,1.0,0.0026595744680851063,0.002652501131733817,,,
raw_q41_NOT_DISCUSSED,raw_q41,Other,categorical,1.0,0.007978723404255319,0.007915063377093709,,,
raw_q41_PREVIOUS_INFRINGEMENTS,raw_q41,Other,categorical,1.0,0.007978723404255319,0.007915063377093709,,,
raw_q42_COOPERATION_WITH_AUTHORITY,raw_q42,Other,categorical,1.0,0.06648936170212766,0.06206852648257131,,,
raw_q42_COOPERATION_WITH_AUTHORITY_MITIGATION_ACTIONS,raw_q42,Other,categorical,1.0,0.007978723404255319,0.007915063377093709,,,
raw_q42_COOPERATION_WITH_AUTHORITY_MITIGATION_ACTIONS_1,raw_q42,Other,categorical,1.0,0.034574468085106384,0.03337907424173835,,,
raw_q42_INTENT_NEGLIGENCE_TECHNICAL_ORGANIZATIONAL_MEASURES,raw_q42,Other,categorical,1.0,0.0026595744680851063,0.002652501131733817,,,
raw_q42_MISSING,raw_q42,Other,categorical,1.0,0.034574468085106384,0.03337907424173835,,,
raw_q42_MITIGATION_ACTIONS,raw_q42,Other,categorical,1.0,0.06914893617021277,0.06436736079674057,,,
raw_q42_MITIGATION_ACTIONS_COOPERATION_WITH_AUTHORITY,raw_q42,Other,categorical,1.0,0.034574468085106384,0.03337907424173835,,,
raw_q42_MITIGATION_ACTIONS_COOPERATION_WITH_AUTHORITY_PREVIOUS_INFRINGEMENTS,raw_q42,Other,categorical,1.0,0.0026595744680851063,0.002652501131733817,,,
raw_q42_MITIGATION_ACTIONS_COOPERATION_WITH_AUTHORITY_1,raw_q42,Other,categorical,1.0,0.09042553191489362,0.08224875509280216,,,
raw_q42_MITIGATION_ACTIONS_COOPERATION_WITH_AUTHORITY_PREVIOUS_INFRINGEMENTS_1,raw_q42,Other,categorical,1.0,0.0026595744680851063,0.002652501131733817,,,
raw_q42_MITIGATION_ACTIONS_PREVIOUS_INFRINGEMENTS_COOPERATION_WITH_AUTHORITY,raw_q42,Other,categorical,1.0,0.0026595744680851063,0.002652501131733817,,,
raw_q42_NATURE_GRAVITY_DURATION,raw_q42,Other,categorical,1.0,0.010638297872340425,0.010525124490719783,,,
raw_q42_NATURE_GRAVITY_DURATION_MITIGATION_ACTIONS_COOPERATION_WITH_AUTHORITY_OTHER_CIRCUMSTANCES,raw_q42,Other,categorical,1.0,0.0026595744680851063,0.002652501131733817,,,
raw_q42_NATURE_GRAVITY_DURATION_MITIGATION_ACTIONS_INTENT_NEGLIGENCE,raw_q42,Other,categorical,1.0,0.0026595744680851063,0.002652501131733817,,,
raw_q42_NATURE_GRAVITY_DURATION_COOPERATION_WITH_AUTHORITY,raw_q42,Other,categorical,1.0,0.0026595744680851063,0.002652501131733817,,,
raw_q42_NATURE_GRAVITY_DURATION_COOPERATION_WITH_AUTHORITY_OTHER_CIRCUMSTANCES,raw_q42,Other,categorical,1.0,0.0026595744680851063,0.002652501131733817,,,
raw_q42_NATURE_GRAVITY_DURATION_INTENT_NEGLIGENCE_MITIGATION_ACTIONS,raw_q42,Other,categorical,1.0,0.0026595744680851063,0.002652501131733817,,,
raw_q42_NATURE_GRAVITY_DURATION_MITIGATION_ACTIONS_COOPERATION_WITH_AUTHORITY,raw_q42,Other,categorical,1.0,0.0026595744680851063,0.002652501131733817,,,
raw_q42_NONE,raw_q42,Other,categorical,1.0,0.601063829787234,0.239786102308737,,,
raw_q42_NONE_DISCUSSED,raw_q42,Other,categorical,1.0,0.0026595744680851063,0.002652501131733817,,,
raw_q42_NOT_DISCUSSED,raw_q42,Other,categorical,1.0,0.007978723404255319,0.007915063377093709,,,
raw_q42_NOT_MENTIONED,raw_q42,Other,categorical,1.0,0.0026595744680851063,0.002652501131733817,,,
raw_q42_OTHER_CIRCUMSTANCES,raw_q42,Other,categorical,1.0,0.0026595744680851063,0.002652501131733817,,,
raw_q42_PREVIOUS_INFRINGEMENTS,raw_q42,Other,categorical,1.0,0.0026595744680851063,0.002652501131733817,,,
raw_q42_PREVIOUS_INFRINGEMENTS_OTHER_CIRCUMSTANCES,raw_q42,Other,categorical,1.0,0.0026595744680851063,0.002652501131733817,,,
raw_q42_PREVIOUS_INFRINGEMENTS_COOPERATION_WITH_AUTHORITY,raw_q42,Other,categorical,1.0,0.0026595744680851063,0.002652501131733817,,,
raw_q43_MISSING,raw_q43,Other,categorical,1.0,0.034574468085106384,0.03337907424173835,,,
raw_q43_NOT_DISCUSSED,raw_q43,Other,categorical,1.0,0.574468085106383,0.24445450430058852,,,
raw_q43_NO_HARM_DOCUMENTED,raw_q43,Other,categorical,1.0,0.19946808510638298,0.15968056813037576,,,
raw_q43_YES_BOTH_TYPES,raw_q43,Other,categorical,1.0,0.0026595744680851063,0.002652501131733817,,,
raw_q43_YES_MATERIAL_HARM,raw_q43,Other,categorical,1.0,0.09840425531914894,0.08872085785423267,,,
raw_q43_YES_NON_MATERIAL_HARM,raw_q43,Other,categorical,1.0,0.09042553191489362,0.08224875509280216,,,
raw_q44_MISSING,raw_q44,Other,categorical,1.0,0.034574468085106384,0.03337907424173835,,,
raw_q44_NOT_DISCUSSED,raw_q44,Other,categorical,1.0,0.7712765957446809,0.176409008601177,,,
raw_q44_NO_BENEFIT,raw_q44,Other,categorical,1.0,0.15691489361702127,0.1322926097781802,,,
raw_q44_YES_MENTIONED_UNQUANTIFIED,raw_q44,Other,categorical,1.0,0.03723404255319149,0.035847668628338616,,,
raw_q45_FULL_COOPERATION,raw_q45,Other,categorical,1.0,0.2978723404255319,0.20914440923494793,,,
raw_q45_MISSING,raw_q45,Other,categorical,1.0,0.034574468085106384,0.03337907424173835,,,
raw_q45_NON_COOPERATIVE,raw_q45,Other,categorical,1.0,0.125,0.109375,,,
raw_q45_NOT_DISCUSSED,raw_q45,Other,categorical,1.0,0.4228723404255319,0.24405132412856498,,,
raw_q45_PARTIAL_COOPERATION,raw_q45,Other,categorical,1.0,0.1196808510638298,0.10535734495246718,,,
raw_q46_CHILDREN,raw_q46,Other,categorical,1.0,0.06648936170212766,0.06206852648257132,,,
raw_q46_CHILDREN_PATIENTS,raw_q46,Other,categorical,1.0,0.0026595744680851063,0.002652501131733817,,,
raw_q46_CHILDREN_FINANCIALLY_VULNERABLE,raw_q46,Other,categorical,1.0,0.0026595744680851063,0.002652501131733817,,,
raw_q46_CHILDREN_PATIENTS_1,raw_q46,Other,categorical,1.0,0.007978723404255319,0.007915063377093709,,,
raw_q46_ELDERLY,raw_q46,Other,categorical,1.0,0.0026595744680851063,0.002652501131733817,,,
raw_q46_ELDERLY_PATIENTS,raw_q46,Other,categorical,1.0,0.0026595744680851063,0.002652501131733817,,,
raw_q46_EMPLOYEES,raw_q46,Other,categorical,1.0,0.09574468085106383,0.08657763693979177,,,
raw_q46_FINANCIALLY_VULNERABLE,raw_q46,Other,categorical,1.0,0.02127659574468085,0.02082390221819828,,,
raw_q46_MISSING,raw_q46,Other,categorical,1.0,0.034574468085106384,0.03337907424173835,,,
raw_q46_NONE_MENTIONED,raw_q46,Other,categorical,1.0,0.43351063829787234,0.2455791647804436,,,
raw_q46_NOT_DISCUSSED,raw_q46,Other,categorical,1.0,0.2898936170212766,0.20585530783159803,,,
raw_q46_PATIENTS,raw_q46,Other,categorical,1.0,0.0398936170212766,0.038302116342236306,,,
raw_q47_COOPERATION_WITH_DPA,raw_q47,Other,categorical,1.0,0.0026595744680851063,0.002652501131733817,,,
raw_q47_DATA_DELETION,raw_q47,Other,categorical,1.0,0.0026595744680851063,0.002652501131733817,,,
raw_q47_IMMEDIATE_CESSATION,raw_q47,Other,categorical,1.0,0.15691489361702127,0.1322926097781802,,,
raw_q47_IMMEDIATE_CESSATION_DATA_DELETION_ORDER,raw_q47,Other,categorical,1.0,0.0026595744680851063,0.002652501131733817,,,
raw_q47_IMMEDIATE_CESSATION_DATA_DELETION_ORDER_POLICY_CHANGES_STAFF_TRAINING,raw_q47,Other,categorical,1.0,0.0026595744680851063,0.002652501131733817,,,
raw_q47_IMMEDIATE_CESSATION_POLICY_CHANGES,raw_q47,Other,categorical,1.0,0.0026595744680851063,0.002652501131733817,,,
raw_q47_IMMEDIATE_CESSATION_SECURITY_IMPROVEMENTS,raw_q47,Other,categorical,1.0,0.0026595744680851063,0.002652501131733817,,,
raw_q47_IMMEDIATE_CESSATION_STAFF_TRAINING,raw_q47,Other,categorical,1.0,0.0026595744680851063,0.002652501131733817,,,
raw_q47_IMMEDIATE_CESSATION_STAFF_TRAINING_POLICY_CHANGES_COMPENSATION_TO_SUBJECTS,raw_q47,Other,categorical,1.0,0.0026595744680851063,0.002652501131733817,,,
raw_q47_IMMEDIATE_CESSATION_SYSTEM_UPGRADES,raw_q47,Other,categorical,1.0,0.005319148936170213,0.005290855590765049,,,
raw_q47_IMMEDIATE_CESSATION_SYSTEM_UPGRADES_POLICY_CHANGES,raw_q47,Other,categorical,1.0,0.0026595744680851063,0.002652501131733817,,,
raw_q47_IMMEDIATE_CESSATION_SYSTEM_UPGRADES_POLICY_CHANGES_STAFF_TRAINING_DPO_APPOINTMENT,raw_q47,Other,categorical,1.0,0.0026595744680851063,0.002652501131733817,,,
raw_q47_IMMEDIATE_CESSATION_SYSTEM_UPGRADES_POLICY_CHANGES_STAFF_TRAINING_EXTERNAL_AUDIT,raw_q47,Other,categorical,1.0,0.0026595744680851063,0.002652501131733817,,,
raw_q47_IMMEDIATE_CESSATION_SYSTEM_UPGRADES_STAFF_TRAINING,raw_q47,Other,categorical,1.0,0.007978723404255319,0.007915063377093709,,,
raw_q47_IMMEDIATE_CESSATION_DATA_DELETION_ORDER_1,raw_q47,Other,categorical,1.0,0.007978723404255319,0.007915063377093709,,,
raw_q47_IMMEDIATE_CESSATION_POLICY_CHANGES_1,raw_q47,Other,categorical,1.0,0.007978723404255319,0.007915063377093709,,,
raw_q47_IMMEDIATE_CESSATION_POLICY_CHANGES_DPO_APPOINTMENT,raw_q47,Other,categorical,1.0,0.0026595744680851063,0.002652501131733817,,,
raw_q47_IMMEDIATE_CESSATION_POLICY_CHANGES_STAFF_TRAINING,raw_q47,Other,categorical,1.0,0.005319148936170213,0.005290855590765049,,,
raw_q47_IMMEDIATE_CESSATION_STAFF_TRAINING_1,raw_q47,Other,categorical,1.0,0.005319148936170213,0.005290855590765049,,,
raw_q47_IMMEDIATE_CESSATION_STAFF_TRAINING_EXTERNAL_AUDIT,raw_q47,Other,categorical,1.0,0.0026595744680851063,0.002652501131733817,,,
raw_q47_IMMEDIATE_CESSATION_SYSTEM_UPGRADES_1,raw_q47,Other,categorical,1.0,0.015957446808510637,0.015702806699864187,,,
raw_q47_IMMEDIATE_CESSATION_SYSTEM_UPGRADES_LEGAL_ADVICE,raw_q47,Other,categorical,1.0,0.0026595744680851063,0.002652501131733817,,,
raw_q47_IMMEDIATE_CESSATION_SYSTEM_UPGRADES_POLICY_CHANGES_1,raw_q47,Other,categorical,1.0,0.005319148936170213,0.0052908555907650485,,,
raw_q47_IMMEDIATE_CESSATION_SYSTEM_UPGRADES_POLICY_CHANGES_STAFF_TRAINING,raw_q47,Other,categorical,1.0,0.013297872340425532,0.013121038931643274,,,
raw_q47_IMMEDIATE_CESSATION_SYSTEM_UPGRADES_POLICY_CHANGES_STAFF_TRAINING_DPO_APPOINTMENT_1,raw_q47,Other,categorical,1.0,0.0026595744680851063,0.002652501131733817,,,
raw_q47_IMMEDIATE_CESSATION_SYSTEM_UPGRADES_POLICY_CHANGES_STAFF_TRAINING_EXTERNAL_AUDIT_1,raw_q47,Other,categorical,1.0,0.007978723404255319,0.007915063377093709,,,
raw_q47_IMMEDIATE_CESSATION_SYSTEM_UPGRADES_STAFF_TRAINING_1,raw_q47,Other,categorical,1.0,0.010638297872340425,0.010525124490719785,,,
raw_q47_IMMEDIATE_CESSATION_VOLUNTARY_PAYMENT,raw_q47,Other,categorical,1.0,0.0026595744680851063,0.002652501131733817,,,
raw_q47_MISSING,raw_q47,Other,categorical,1.0,0.034574468085106384,0.03337907424173835,,,
raw_q47_NONE_DISCUSSED,raw_q47,Other,categorical,1.0,0.0026595744680851063,0.002652501131733817,,,
raw_q47_NONE_MENTIONED,raw_q47,Other,categorical,1.0,0.5053191489361702,0.24997170665459487,,,
raw_q47_NOT_APPLICABLE,raw_q47,Other,categorical,1.0,0.0026595744680851063,0.002652501131733817,,,
raw_q47_NOT_DISCUSSED,raw_q47,Other,categorical,1.0,0.015957446808510637,0.015702806699864187,,,
raw_q47_NOT_MENTIONED,raw_q47,Other,categorical,1.0,0.015957446808510637,0.015702806699864187,,,
raw_q47_POLICY_CHANGES,raw_q47,Other,categorical,1.0,0.02925531914893617,0.028399445450430067,,,
raw_q47_POLICY_CHANGES_STAFF_TRAINING,raw_q47,Other,categorical,1.0,0.007978723404255319,0.007915063377093707,,,
raw_q47_POLICY_CHANGES_STAFF_TRAINING_EXTERNAL_AUDIT,raw_q47,Other,categorical,1.0,0.0026595744680851063,0.002652501131733817,,,
raw_q47_POLICY_CHANGES_DPO_APPOINTMENT,raw_q47,Other,categorical,1.0,0.0026595744680851063,0.002652501131733817,,,
raw_q47_POLICY_CHANGES_STAFF_TRAINING_1,raw_q47,Other,categorical,1.0,0.005319148936170213,0.005290855590765051,,,
raw_q47_SECURITY_IMPROVEMENTS_STAFF_TRAINING_EXTERNAL_AUDIT,raw_q47,Other,categorical,1.0,0.0026595744680851063,0.002652501131733817,,,
raw_q47_STAFF_TRAINING,raw_q47,Other,categorical,1.0,0.005319148936170213,0.0052908555907650485,,,
raw_q47_STAFF_TRAINING_POLICY_CHANGES,raw_q47,Other,categorical,1.0,0.0026595744680851063,0.002652501131733817,,,
raw_q47_STAFF_TRAINING_SECURITY_IMPROVEMENTS,raw_q47,Other,categorical,1.0,0.0026595744680851063,0.002652501131733817,,,
raw_q47_STAFF_TRAINING_SYSTEM_UPGRADES,raw_q47,Other,categorical,1.0,0.0026595744680851063,0.002652501131733817,,,
raw_q47_STAFF_TRAINING_SYSTEM_UPGRADES_POLICY_CHANGES,raw_q47,Other,categorical,1.0,0.0026595744680851063,0.002652501131733817,,,
raw_q47_STAFF_TRAINING_SYSTEM_UPGRADES_POLICY_CHANGES_DPO_APPOINTMENT,raw_q47,Other,categorical,1.0,0.0026595744680851063,0.002652501131733817,,,
raw_q47_SYSTEM_UPGRADES,raw_q47,Other,categorical,1.0,0.007978723404255319,0.007915063377093707,,,
raw_q47_SYSTEM_UPGRADES_POLICY_CHANGES,raw_q47,Other,categorical,1.0,0.005319148936170213,0.00529085559076505,,,
raw_q47_SYSTEM_UPGRADES_POLICY_CHANGES_STAFF_TRAINING,raw_q47,Other,categorical,1.0,0.005319148936170213,0.005290855590765049,,,
raw_q47_SYSTEM_UPGRADES_POLICY_CHANGES_1,raw_q47,Other,categorical,1.0,0.018617021276595744,0.01827042779538253,,,
raw_q47_SYSTEM_UPGRADES_POLICY_CHANGES_EXTERNAL_AUDIT,raw_q47,Other,categorical,1.0,0.005319148936170213,0.00529085559076505,,,
raw_q47_SYSTEM_UPGRADES_POLICY_CHANGES_STAFF_TRAINING_1,raw_q47,Other,categorical,1.0,0.010638297872340425,0.010525124490719785,,,
raw_q47_SYSTEM_UPGRADES_POLICY_CHANGES_STAFF_TRAINING_EXTERNAL_AUDIT,raw_q47,Other,categorical,1.0,0.007978723404255319,0.007915063377093707,,,
raw_q48_MISSING,raw_q48,Other,categorical,1.0,0.034574468085106384,0.03337907424173835,,,
raw_q48_NOT_DISCUSSED,raw_q48,Other,categorical,1.0,0.6196808510638298,0.2356764938886374,,,
raw_q48_NO_REPEAT_OFFENDER,raw_q48,Other,categorical,1.0,0.05585106382978723,0.05273172249886826,,,
raw_q48_UNCLEAR,raw_q48,Other,categorical,1.0,0.07180851063829788,0.06665204843820735,,,
raw_q48_YES_FIRST_TIME,raw_q48,Other,categorical,1.0,0.21808510638297873,0.17052399275690358,,,
raw_q49_MISSING,raw_q49,Other,categorical,1.0,0.034574468085106384,0.03337907424173835,,,
raw_q49_NOT_DISCUSSED,raw_q49,Other,categorical,1.0,0.06648936170212766,0.06206852648257131,,,
raw_q49_NO_SINGLE_JURISDICTION,raw_q49,Other,categorical,1.0,0.8218085106382979,0.14643928248076052,,,
raw_q49_YES_LEAD_AUTHORITY_CASE,raw_q49,Other,categorical,1.0,0.05319148936170213,0.05036215482118606,,,
raw_q49_YES_MULTIPLE_DPAS_INVOLVED,raw_q49,Other,categorical,1.0,0.023936170212765957,0.023363229968311458,,,
raw_q50_COMPLIANCE_ORDER,raw_q50,Other,categorical,1.0,0.30319148936170215,0.21126641014033495,,,
raw_q50_COMPLIANCE_ORDER_AUDIT_REQUIREMENT,raw_q50,Other,categorical,1.0,0.0026595744680851063,0.002652501131733817,,,
raw_q50_COMPLIANCE_ORDER_AUDIT_REQUIREMENT_1,raw_q50,Other,categorical,1.0,0.0026595744680851063,0.002652501131733817,,,
raw_q50_COMPLY_WITH_DATA_SUBJECT_REQUESTS_BRING_PROCESSING_INTO_COMPLIANCE,raw_q50,Other,categorical,1.0,0.0026595744680851063,0.002652501131733817,,,
raw_q50_DATA_DELETION_ORDER,raw_q50,Other,categorical,1.0,0.007978723404255319,0.007915063377093709,,,
raw_q50_DATA_DELETION_ORDER_COMPLIANCE_ORDER,raw_q50,Other,categorical,1.0,0.007978723404255319,0.00791506337709371,,,
raw_q50_DATA_DELETION_ORDER_COMPLIANCE_ORDER_1,raw_q50,Other,categorical,1.0,0.007978723404255319,0.007915063377093709,,,
raw_q50_LIMITATION_PROHIBITION_OF_PROCESSING,raw_q50,Other,categorical,1.0,0.010638297872340425,0.010525124490719785,,,
raw_q50_LIMITATION_PROHIBITION_OF_PROCESSING_COMPLY_WITH_DATA_SUBJECT_REQUESTS_BRING_PROCESSING_INTO_COMPLIANCE,raw_q50,Other,categorical,1.0,0.0026595744680851063,0.002652501131733817,,,
raw_q50_MISSING,raw_q50,Other,categorical,1.0,0.034574468085106384,0.03337907424173835,,,
raw_q50_NONE,raw_q50,Other,categorical,1.0,0.598404255319149,0.24031660253508377,,,
raw_q50_NONE_DISCUSSED,raw_q50,Other,categorical,1.0,0.0026595744680851063,0.002652501131733817,,,
raw_q50_NOT_DISCUSSED,raw_q50,Other,categorical,1.0,0.007978723404255319,0.007915063377093709,,,
raw_q50_PROCESSING_BAN,raw_q50,Other,categorical,1.0,0.0026595744680851063,0.002652501131733817,,,
raw_q50_RECTIFICATION_ERASURE_RESTRICTION,raw_q50,Other,categorical,1.0,0.0026595744680851063,0.002652501131733817,,,
raw_q50_WARNING,raw_q50,Other,categorical,1.0,0.0026595744680851063,0.002652501131733817,,,
raw_q51_ABILITY_TO_PAY_CONSIDERED_REDUCING,raw_q51,Other,categorical,1.0,0.023936170212765957,0.023363229968311458,,,
raw_q51_ABILITY_TO_PAY_NOT_AFFECTING,raw_q51,Other,categorical,1.0,0.007978723404255319,0.007915063377093709,,,
raw_q51_FINANCIAL_DISTRESS_NOTED,raw_q51,Other,categorical,1.0,0.005319148936170213,0.0052908555907650485,,,
raw_q51_MISSING,raw_q51,Other,categorical,1.0,0.034574468085106384,0.03337907424173835,,,
raw_q51_NOT_DISCUSSED,raw_q51,Other,categorical,1.0,0.8829787234042553,0.1033272974196469,,,
raw_q51_SME_CONSIDERATION_APPLIED,raw_q51,Other,categorical,1.0,0.04521276595744681,0.043168571751923936,,,
raw_q52_A_fine_of_2000_EUR_was_imposed_for_security_violations_under_Article_32_considering_the_gravity_of_the_breach_involving_health_data_and_unauthorized_disclosures_with_corrective_measures_ordered_for_compliance,raw_q52,Other,categorical,1.0,0.0026595744680851063,0.002652501131733817,,,
raw_q52_A_fine_of_2000_EUR_was_imposed_for_the_very_serious_infringement_of_Article_5_1_c_GDPR_under_Article_83_5_The_amount_reflects_the_balance_of_circumstances_related_to_the_nature_of_the_violation_involving_excessive_processing_of_personal_data_No_aggravating_or_mitigating_factors_beyond_the_infraction_itself_were_detailed,raw_q52,Other,categorical,1.0,0.0026595744680851063,0.002652501131733817,,,
raw_q52_A_fine_of_2000_EUR_was_imposed_for_violations_of_Articles_12_and_13_specifically_for_inadequate_information_provision_and_excessive_conditions_for_rights_exercise_with_corrective_measures_ordered_to_ensure_future_compliance,raw_q52,Other,categorical,1.0,0.0026595744680851063,0.002652501131733817,,,
raw_q52_A_fine_of_600_was_initially_proposed_for_violating_Article_5_1_f_GDPR_The_defendant_paid_480_using_a_voluntary_payment_reduction_terminating_the_procedure_The_fine_was_below_statutory_caps,raw_q52,Other,categorical,1.0,0.0026595744680851063,0.002652501131733817,,,
raw_q52_A_warning_was_issued_instead_of_a_fine_due_to_the_defendant_being_an_SME_lack_of_prior_infringements_and_prompt_remedial_actions_to_update_information_practices,raw_q52,Other,categorical,1.0,0.0026595744680851063,0.002652501131733817,,,
raw_q52_Fine_based_on_gravity_of_breach_involving_special_category_data_and_harm_caused_mitigated_by_immediate_deletion_action,raw_q52,Other,categorical,1.0,0.0026595744680851063,0.002652501131733817,,,
raw_q52_Fine_based_on_nature_of_data_criminal_convictions_duration_negligence_and_lack_of_legal_basis_Aggravated_by_data_category_and_number_affected_mitigated_by_cooperation_Amount_set_at_2M_considering_turnover_but_below_caps,raw_q52,Other,categorical,1.0,0.0026595744680851063,0.002652501131733817,,,
raw_q52_Fine_based_on_nature_gravity_duration_of_violations_negligence_repeat_offenses_high_turnover_large_scale_of_processing_200M_actions_and_failure_to_implement_adequate_controls_despite_prior_sanctions_Total_fine_8_15M_for_multiple_infringements_under_GDPR_LSSICE_and_LGT,raw_q52,Other,categorical,1.0,0.0026595744680851063,0.002652501131733817,,,
raw_q52_Fine_based_on_nature_gravity_duration_intentional_non_compliance_after_DPA_notification_previous_infringements_and_categories_of_data_Amount_reflects_public_sector_cap_under_national_law,raw_q52,Other,categorical,1.0,0.0026595744680851063,0.002652501131733817,,,
raw_q52_Fine_based_on_violation_of_Article_6_1_GDPR_with_aggravating_factors_including_scope_of_data_processed_link_to_business_activity_and_continued_nature_of_infringement_no_mitigating_factors_applied,raw_q52,Other,categorical,1.0,0.0026595744680851063,0.002652501131733817,,,
raw_q52_Fine_calculated_based_on_nature_gravity_duration_of_infringement_and_negligence_10_000_for_access_violation_5_000_for_erasure_violation_Aggravating_factors_included_high_data_processing_activity_and_lack_of_diligence_mitigating_factor_was_partial_response_to_requests,raw_q52,Other,categorical,1.0,0.0026595744680851063,0.002652501131733817,,,
raw_q52_Fine_calculated_based_on_nature_gravity_duration_of_infringement_intentional_conduct_large_volume_of_affected_data_subjects_and_entity_s_size_Aggravating_factors_included_design_of_financial_product_conditioning_consent_on_fee_exemption_while_cooperation_and_remedial_actions_were_mitigating,raw_q52,Other,categorical,1.0,0.0026595744680851063,0.002652501131733817,,,
raw_q52_Fine_calculated_based_on_nature_gravity_of_infringements_duration_negligence_previous_infringements_and_cooperation_Article_6_violation_200_000_Article_25_violation_1_000_000_Aggravating_factors_included_systematic_issues_affecting_all_customers,raw_q52,Other,categorical,1.0,0.0026595744680851063,0.002652501131733817,,,
raw_q52_Fine_calculated_based_on_negligent_action_duration_of_violation_and_impact_on_data_subject_rights_Two_separate_fines_imposed_for_Article_5_1_d_and_Article_17_violations_totaling_100_000,raw_q52,Other,categorical,1.0,0.0026595744680851063,0.002652501131733817,,,
raw_q52_Fine_calculated_based_on_seriousness_of_infringements_high_sensitivity_of_genetic_data_and_number_of_affected_subjects_Adjusted_downward_due_to_defendant_s_financial_distress_and_partial_cooperation_but_increased_for_aggravating_factors_like_delayed_breach_notification,raw_q52,Other,categorical,1.0,0.0026595744680851063,0.002652501131733817,,,
raw_q52_Fine_for_transparency_violation_2M_EUR_considers_severity_duration_negligence_high_data_volume_and_business_link_fine_for_legality_violation_4M_EUR_factors_in_nature_scope_responsibility_benefits_and_damages_total_6M_EUR_below_caps_no_mitigations_sufficient,raw_q52,Other,categorical,1.0,0.0026595744680851063,0.002652501131733817,,,
raw_q52_Fine_imposed_for_Article_32_security_violations_due_to_employee_misconduct_causing_unauthorized_data_access_and_disclosure_over_several_years_considering_the_nature_gravity_and_duration_of_infringements,raw_q52,Other,categorical,1.0,0.0026595744680851063,0.002652501131733817,,,
raw_q52_Fine_imposed_for_Article_32_violations_due_to_inadequate_security_measures_considered_aggravating_factors_of_nature_gravity_and_negligence_mitigated_by_cooperation_and_remedial_actions_amount_reflects_proportionality,raw_q52,Other,categorical,1.0,0.0026595744680851063,0.002652501131733817,,,
raw_q52_Fine_imposed_for_GDPR_violations_including_unauthorized_data_processing_and_lack_of_legal_basis_Corrective_measure_ordered_for_data_anonymization,raw_q52,Other,categorical,1.0,0.0026595744680851063,0.002652501131733817,,,
raw_q52_Fine_imposed_for_breach_of_Article_32_security_obligations_due_to_inadequate_measures_against_cyber_attack_resulting_in_data_deletion_and_unavailability,raw_q52,Other,categorical,1.0,0.0026595744680851063,0.002652501131733817,,,
raw_q52_Fine_imposed_for_breach_of_Article_32_security_obligations_due_to_unauthorized_data_transmission_via_WhatsApp_amount_based_on_violation_severity,raw_q52,Other,categorical,1.0,0.0026595744680851063,0.002652501131733817,,,
raw_q52_Fine_imposed_for_failure_to_communicate_information_to_DPA_amount_based_on_violation_severity_without_detailed_calculation_factors_discussed,raw_q52,Other,categorical,1.0,0.0026595744680851063,0.002652501131733817,,,
raw_q52_Fine_imposed_for_failure_to_cooperate_with_DPA_investigation_amount_set_at_4_000_based_on_violation_severity_and_lack_of_response,raw_q52,Other,categorical,1.0,0.0026595744680851063,0.002652501131733817,,,
raw_q52_Fine_imposed_for_illegal_processing_of_special_category_data_aggravating_factors_included_nature_gravity_and_data_categories_corrective_measure_ordered_for_compliance,raw_q52,Other,categorical,1.0,0.0026595744680851063,0.002652501131733817,,,
raw_q52_Fine_imposed_for_lack_of_cooperation_and_failure_to_provide_information_considered_serious_and_continuous_amount_set_at_EUR_5000_equivalent_based_on_estimated_company_size_and_activity_scale_using_average_exchange_rate,raw_q52,Other,categorical,1.0,0.0026595744680851063,0.002652501131733817,,,
raw_q52_Fine_imposed_for_lack_of_legal_basis_in_data_sharing_and_security_failures_warning_for_inadequate_technical_measures_corrective_orders_issued_for_compliance_and_training,raw_q52,Other,categorical,1.0,0.0026595744680851063,0.002652501131733817,,,
raw_q52_Fine_imposed_for_non_cooperation_with_DPA_investigation_no_specific_calculation_details_provided_beyond_the_fixed_amount_for_the_violation,raw_q52,Other,categorical,1.0,0.0026595744680851063,0.002652501131733817,,,
raw_q52_Fine_imposed_for_security_breach_and_failure_to_notify_data_subjects_aggravating_factors_included_nature_of_violation_and_data_categories_affected,raw_q52,Other,categorical,1.0,0.0026595744680851063,0.002652501131733817,,,
raw_q52_Fine_imposed_for_security_breach_due_to_inadequate_measures_amount_based_on_violation_severity_and_corrective_order_for_security_plan_implementation,raw_q52,Other,categorical,1.0,0.0026595744680851063,0.002652501131733817,,,
raw_q52_Fine_imposed_for_security_breach_involving_children_s_data_cooperation_and_mitigation_considered_amount_based_on_violation_gravity_and_specific_protection_needed_for_minors,raw_q52,Other,categorical,1.0,0.0026595744680851063,0.002652501131733817,,,
raw_q52_Fine_imposed_for_security_breaches_under_GDPR_and_national_law_totaling_1500_EUR_equivalent_due_to_inadequate_measures_leading_to_unauthorized_data_access,raw_q52,Other,categorical,1.0,0.0026595744680851063,0.002652501131733817,,,
raw_q52_Fine_imposed_for_security_violation_due_to_inadequate_measures_amount_based_on_breach_severity_and_negligence_with_compliance_order_to_implement_measures_within_30_days,raw_q52,Other,categorical,1.0,0.0026595744680851063,0.002652501131733817,,,
raw_q52_Fine_imposed_for_security_violations_under_Article_32_specifically_inadequate_measures_and_unauthorized_data_processing_via_personal_devices,raw_q52,Other,categorical,1.0,0.0026595744680851063,0.002652501131733817,,,
raw_q52_Fine_imposed_for_security_violations_under_Articles_5_f_and_32_considering_moral_and_economic_damages_to_data_subjects_lack_of_sufficient_measures_and_inefficiency_of_employee_training,raw_q52,Other,categorical,1.0,0.0026595744680851063,0.002652501131733817,,,
raw_q52_Fine_imposed_for_unlawful_processing_of_minor_s_image_without_consent_Aggravating_factors_included_nature_of_violation_and_involvement_of_child_data_No_mitigating_factors_identified,raw_q52,Other,categorical,1.0,0.0026595744680851063,0.002652501131733817,,,
raw_q52_Fine_imposed_for_violating_Article_5_1_a_and_Article_6_1_due_to_unlawful_processing_via_audio_video_surveillance_without_legal_basis_amount_based_on_nature_and_gravity_of_infringement,raw_q52,Other,categorical,1.0,0.0026595744680851063,0.002652501131733817,,,
raw_q52_Fine_imposed_for_violation_of_Article_28_3_due_to_lack_of_documented_instructions_to_processor_amount_based_on_nature_of_infringement_without_detailed_calculation_reasoning_provided,raw_q52,Other,categorical,1.0,0.0026595744680851063,0.002652501131733817,,,
raw_q52_Fine_imposed_for_violation_of_Article_32_2_GDPR_due_to_inadequate_security_measures_leading_to_unauthorized_processing_amount_based_on_criteria_in_Article_83_considering_the_nature_and_duration_of_the_violation,raw_q52,Other,categorical,1.0,0.0026595744680851063,0.002652501131733817,,,
raw_q52_Fine_imposed_for_violation_of_Article_5_1_c_GDPR_due_to_excessive_data_processing_aggravating_factor_was_processing_of_special_category_health_data_fine_set_at_50_000,raw_q52,Other,categorical,1.0,0.0026595744680851063,0.002652501131733817,,,
raw_q52_Fine_imposed_for_violations_of_Articles_5_6_9_17_and_32_due_to_unauthorized_data_disclosure_and_inadequate_security_measures_totaling_10_000_EUR,raw_q52,Other,categorical,1.0,0.0026595744680851063,0.002652501131733817,,,
raw_q52_Fine_initially_proposed_at_40_000_reduced_to_24_000_due_to_defendant_s_acknowledgment_of_responsibility_and_voluntary_payment_applying_cumulative_20_reductions,raw_q52,Other,categorical,1.0,0.0026595744680851063,0.002652501131733817,,,
raw_q52_Fine_initially_set_at_75_000_reduced_to_60_000_for_voluntary_payment_and_further_to_45_000_for_acknowledgment_of_responsibility_considering_aggravating_factors_duration_negligence_data_categories_and_mitigating_factors_cooperation_remedial_actions,raw_q52,Other,categorical,1.0,0.0026595744680851063,0.002652501131733817,,,
raw_q52_Fine_of_10_000_lei_approx_2000_EUR_imposed_for_cookie_violation_under_national_law_Warning_for_GDPR_transparency_violation_No_detailed_calculation_reasoning_provided,raw_q52,Other,categorical,1.0,0.0026595744680851063,0.002652501131733817,,,
raw_q52_Fine_of_1000_EUR_imposed_for_failure_to_respond_to_erasure_request_within_legal_timeframe_No_aggravating_or_mitigating_factors_discussed_Fine_amount_not_linked_to_turnover,raw_q52,Other,categorical,1.0,0.0026595744680851063,0.002652501131733817,,,
raw_q52_Fine_of_3_000_euros_imposed_for_LSSI_violation_related_to_cookie_consent_mechanisms_considering_intentionality_and_duration_of_the_infringement_since_September_2018,raw_q52,Other,categorical,1.0,0.0026595744680851063,0.002652501131733817,,,
raw_q52_Fine_of_5000_EUR_imposed_for_violations_of_data_minimization_and_accountability_principles_processing_was_excessive_and_consent_invalid_in_employer_employee_context,raw_q52,Other,categorical,1.0,0.0026595744680851063,0.002652501131733817,,,
raw_q52_Fine_of_1_000_imposed_for_LSSI_Article_21_violation_due_to_sending_commercial_SMS_after_data_deletion_request_Aggravated_by_lack_of_diligence,raw_q52,Other,categorical,1.0,0.0026595744680851063,0.002652501131733817,,,
raw_q52_Fine_of_1_000_imposed_for_violation_of_Article_5_1_f_GDPR_considering_the_nature_gravity_and_duration_of_the_breach_involving_public_display_of_personal_data_in_meeting_minutes_The_defendant_did_not_cooperate_or_respond_to_the_DPA,raw_q52,Other,categorical,1.0,0.0026595744680851063,0.002652501131733817,,,
raw_q52_Fine_of_1_500_imposed_for_violations_of_Articles_6_and_13_GDPR_with_1_000_for_lack_of_legal_basis_and_500_for_lack_of_information_considering_the_conduct_as_gross_negligence_and_affecting_communal_areas_disproportionately,raw_q52,Other,categorical,1.0,0.0026595744680851063,0.002652501131733817,,,
raw_q52_Fine_of_10_000_imposed_for_violation_of_Article_6_1_GDPR_considering_the_nature_and_gravity_of_the_infringement_intentionality_negligence_and_categories_of_data_affected_No_mitigating_factors_noted,raw_q52,Other,categorical,1.0,0.0026595744680851063,0.002652501131733817,,,
raw_q52_Fine_of_1000_imposed_for_violation_of_Article_5_1_c_GDPR_considering_the_defendant_s_negligent_conduct_and_previous_warning_for_similar_facts_placing_it_at_the_lower_end_of_the_scale,raw_q52,Other,categorical,1.0,0.0026595744680851063,0.002652501131733817,,,
raw_q52_Fine_of_12_000_imposed_for_violation_of_Article_6_1_GDPR_considering_aggravating_factors_including_nature_and_duration_of_infringement_over_a_year_negligence_and_involvement_of_special_category_data_health_related_with_no_mitigating_factors_applied,raw_q52,Other,categorical,1.0,0.0026595744680851063,0.002652501131733817,,,
raw_q52_Fine_of_2_000_proposed_for_violation_of_Article_5_1_c_GDPR_reduced_to_1_600_due_to_voluntary_payment_Considered_lower_scale_penalty_for_this_conduct,raw_q52,Other,categorical,1.0,0.0026595744680851063,0.002652501131733817,,,
raw_q52_Fine_of_20_000_imposed_for_Article_6_violation_due_to_lack_of_legitimate_basis_for_audio_recording_Aggravating_factors_included_duration_since_2018_and_number_of_affected_data_subjects_workers_and_customers_Mitigating_factors_considered_SME_status_and_low_data_processing_linkage,raw_q52,Other,categorical,1.0,0.0026595744680851063,0.002652501131733817,,,
raw_q52_Fine_of_200_000_imposed_for_violation_of_storage_limitation_principle_considering_16_year_duration_previous_infringements_by_defendant_and_defendant_s_large_enterprise_status_with_significant_turnover,raw_q52,Other,categorical,1.0,0.0026595744680851063,0.002652501131733817,,,
raw_q52_Fine_of_2000_imposed_for_GPS_monitoring_violations_including_lack_of_legal_basis_transparency_failures_and_excessive_storage_warnings_issued_for_information_obligation_breaches,raw_q52,Other,categorical,1.0,0.0026595744680851063,0.002652501131733817,,,
raw_q52_Fine_of_2000_imposed_for_violation_of_Article_5_1_c_GDPR_due_to_disproportionate_video_surveillance_capturing_common_areas_and_private_spaces_Considered_aggravating_that_defendant_was_aware_of_illegality_but_did_not_cooperate_No_previous_infringements_noted,raw_q52,Other,categorical,1.0,0.0026595744680851063,0.002652501131733817,,,
raw_q52_Fine_of_25_000_for_Article_5_violation_and_50_000_for_Article_13_violation_Aggravating_factors_included_nature_of_infringement_and_negligence_No_mitigating_factors_applied,raw_q52,Other,categorical,1.0,0.0026595744680851063,0.002652501131733817,,,
raw_q52_Fine_of_250_000_imposed_for_processing_biometric_data_without_legal_basis_under_Article_9_GDPR_considering_nature_gravity_duration_negligence_and_involvement_of_minors_below_statutory_caps,raw_q52,Other,categorical,1.0,0.0026595744680851063,0.002652501131733817,,,
raw_q52_Fine_of_3_000_for_Article_5_1_f_violation_and_2_000_for_Article_32_violation_Mitigated_due_to_limited_affected_individuals_2_and_no_serious_harm_but_aggravated_by_nature_of_security_failure,raw_q52,Other,categorical,1.0,0.0026595744680851063,0.002652501131733817,,,
raw_q52_Fine_of_3_000_imposed_for_LSSI_cookie_violation_based_on_intentionality_and_duration_of_infringement_GDPR_violation_resulted_only_in_a_warning,raw_q52,Other,categorical,1.0,0.0026595744680851063,0.002652501131733817,,,
raw_q52_Fine_of_3_000_imposed_for_violations_of_Article_5_1_c_2_000_and_Article_13_1_000_considering_the_serious_negligence_in_controlling_public_space_and_lack_of_proper_signage_with_no_mitigating_factors_noted,raw_q52,Other,categorical,1.0,0.0026595744680851063,0.002652501131733817,,,
raw_q52_Fine_of_3_000_imposed_under_LSSI_for_cookie_consent_violation_graduated_based_on_intentionality_and_duration_of_infringement_not_GDPR,raw_q52,Other,categorical,1.0,0.0026595744680851063,0.002652501131733817,,,
raw_q52_Fine_of_300_imposed_for_violation_of_Article_5_1_c_GDPR_considering_nature_and_gravity_of_infringement_involving_excessive_data_collection_through_video_surveillance_No_mitigating_factors_applied,raw_q52,Other,categorical,1.0,0.0026595744680851063,0.002652501131733817,,,
raw_q52_Fine_of_4_000_imposed_for_Article_13_violation_based_on_negligence_duration_and_data_categories_affected_warning_issued_for_Article_7_violation_due_to_lack_of_evidence_of_actual_harm_from_invalid_consent_practices,raw_q52,Other,categorical,1.0,0.0026595744680851063,0.002652501131733817,,,
raw_q52_Fine_of_4_000_imposed_for_Article_6_violation_considered_unintentional_negligence_with_basic_identifiers_affected_below_statutory_caps,raw_q52,Other,categorical,1.0,0.0026595744680851063,0.002652501131733817,,,
raw_q52_Fine_of_5_000_imposed_for_violation_of_Article_5_1_f_GDPR_due_to_negligent_public_exposure_of_personal_data_Aggravating_factors_included_negligence_and_basic_data_categories_affected,raw_q52,Other,categorical,1.0,0.0026595744680851063,0.002652501131733817,,,
raw_q52_Fine_of_5_000_imposed_for_violation_of_Article_6_1_GDPR_due_to_lack_of_valid_consent_for_employee_photo_publication_Aggravated_by_defendant_s_professional_link_to_data_processing_SME_status_considered,raw_q52,Other,categorical,1.0,0.0026595744680851063,0.002652501131733817,,,
raw_q52_Fine_of_500_imposed_for_violation_of_Article_6_1_GDPR_considering_the_seriousness_and_impact_on_the_data_subject_lack_of_cooperation_and_absence_of_mitigating_factors,raw_q52,Other,categorical,1.0,0.0026595744680851063,0.002652501131733817,,,
raw_q52_Fine_of_75_000_imposed_for_violation_of_Article_6_GDPR_due_to_lack_of_lawful_basis_for_processing_Aggravating_factors_included_the_nature_gravity_of_the_violation_and_involvement_of_basic_personal_identifiers_The_fine_is_below_statutory_caps,raw_q52,Other,categorical,1.0,0.0026595744680851063,0.002652501131733817,,,
raw_q52_Fine_of_8_000_imposed_for_Article_6_1_violation_publishing_personal_data_without_legal_basis_Aggravating_factors_negligent_action_and_complaint_initiated_discovery_Warning_issued_for_Article_13_violation_outdated_privacy_policy,raw_q52,Other,categorical,1.0,0.0026595744680851063,0.002652501131733817,,,
raw_q52_Fine_of_8_000_imposed_for_LSSI_cookie_violations_across_four_websites_Aggravated_by_intentionality_and_duration_since_first_complaint_in_April_2019_No_mitigating_factors_mentioned,raw_q52,Other,categorical,1.0,0.0026595744680851063,0.002652501131733817,,,
raw_q52_Fine_reduced_by_20_due_to_voluntary_payment_initial_proposed_fine_was_1500_for_violation_of_Article_5_1_c_GDPR_final_amount_1200_aggravating_factor_was_nature_gravity_duration_mitigating_factor_was_cooperation,raw_q52,Other,categorical,1.0,0.0026595744680851063,0.002652501131733817,,,
raw_q52_Fine_reduced_by_40_due_to_voluntary_payment_and_acknowledgment_of_liability_initial_fine_was_1000_based_on_violation_severity_and_cooperation,raw_q52,Other,categorical,1.0,0.0026595744680851063,0.002652501131733817,,,
raw_q52_Fine_reduced_from_250_000_to_150_000_due_to_voluntary_payment_and_acknowledgment_of_responsibility_Aggravating_factors_included_nature_gravity_duration_negligence_and_impact_on_data_subject_s_financial_rights_Mitigating_factor_was_cooperation,raw_q52,Other,categorical,1.0,0.0026595744680851063,0.002652501131733817,,,
raw_q52_Fine_reduced_from_2M_to_1_2M_due_to_recognition_of_responsibility_and_voluntary_payment_aggravating_factors_included_nature_duration_negligence_and_previous_infringements_mitigating_factors_included_cooperation_and_remedial_actions,raw_q52,Other,categorical,1.0,0.0026595744680851063,0.002652501131733817,,,
raw_q52_Fine_reduced_from_50_000_to_30_000_due_to_defendant_s_recognition_of_responsibility_and_voluntary_payment_considered_for_nature_of_violation_involving_sensitive_data_of_rape_victim_and_cooperation,raw_q52,Other,categorical,1.0,0.0026595744680851063,0.002652501131733817,,,
raw_q52_Fine_reduced_from_50_000_to_30_000_due_to_voluntary_payment_and_recognition_of_responsibility_Aggravating_factors_included_nature_of_infringement_negligence_and_sensitive_data_categories_Mitigating_factor_was_cooperation,raw_q52,Other,categorical,1.0,0.0026595744680851063,0.002652501131733817,,,
raw_q52_Fine_reduced_from_70_000_to_42_000_due_to_voluntary_payment_and_acknowledgment_of_responsibility_based_on_violation_of_data_minimization_principle_affecting_99_data_subjects_with_no_intentionality_but_negligence_found,raw_q52,Other,categorical,1.0,0.0026595744680851063,0.002652501131733817,,,
raw_q52_Fine_reduced_on_appeal_due_to_procedural_flaws_considered_nature_gravity_duration_unintentional_negligence_data_categories_PESEL_numbers_high_risk_cooperation_mitigation_actions_no_prior_infringements_and_financial_capacity_1_67_of_turnover,raw_q52,Other,categorical,1.0,0.0026595744680851063,0.002652501131733817,,,
raw_q52_Fine_reduced_to_24_000_due_to_voluntary_payment_and_cooperation_aggravating_factor_was_defendant_s_business_activity_involving_continuous_data_processing_mitigating_factors_included_cooperation_and_data_deletion_measures,raw_q52,Other,categorical,1.0,0.0026595744680851063,0.002652501131733817,,,
raw_q52_Fine_set_at_SEK_300_000_considering_low_seriousness_SME_status_partial_mitigation_measures_like_IP_truncation_and_proportionality_violation_duration_and_data_volume_were_aggravating_factors,raw_q52,Other,categorical,1.0,0.0026595744680851063,0.002652501131733817,,,
raw_q52_Fine_set_at_90_000_based_on_serious_contravention_of_PECR_negligent_failure_to_prevent_breaches_financial_gain_intent_and_ignoring_guidance_mitigated_by_AMEX_s_internal_review_and_process_changes,raw_q52,Other,categorical,1.0,0.0026595744680851063,0.002652501131733817,,,
raw_q52_Fine_set_at_10_000_for_GDPR_violation_due_to_lack_of_diligence_in_handling_erasure_request_and_5_000_for_LSSI_violation_for_sending_unsolicited_advertising_emails_without_consent_totaling_15_000_based_on_aggravating_factors_including_intentionality_and_negligence,raw_q52,Other,categorical,1.0,0.0026595744680851063,0.002652501131733817,,,
raw_q52_Fine_set_at_20_000_based_on_intentionality_negligence_and_previous_infringements_as_aggravating_factors_under_Article_83_2_GDPR_below_statutory_caps,raw_q52,Other,categorical,1.0,0.0026595744680851063,0.002652501131733817,,,
raw_q52_Fine_set_at_200_000_considering_nature_gravity_duration_of_violation_previous_infringements_lack_of_mitigating_factors_and_need_for_proportionality_deterrence,raw_q52,Other,categorical,1.0,0.0026595744680851063,0.002652501131733817,,,
raw_q52_Fine_set_at_2M_initially_reduced_to_1_6M_for_voluntary_payment_aggravating_factors_included_nature_gravity_duration_and_negligence_mitigating_factor_was_cooperation_fine_based_on_violation_of_Article_6_1_GDPR_for_invalid_consent_mechanism,raw_q52,Other,categorical,1.0,0.0026595744680851063,0.002652501131733817,,,
raw_q52_Fine_set_at_3_000_considering_nature_of_infringement_affecting_third_parties_rights_negligence_in_lacking_mandatory_information_posters_no_previous_infringements_and_defendant_being_an_individual_running_a_small_hotel_establishment,raw_q52,Other,categorical,1.0,0.0026595744680851063,0.002652501131733817,,,
raw_q52_Fine_set_at_40_000_initially_reduced_to_24_000_due_to_defendant_s_acknowledgment_of_responsibility_and_voluntary_payment_factors_included_nature_and_gravity_of_violation_affecting_data_legitimacy_principle,raw_q52,Other,categorical,1.0,0.0026595744680851063,0.002652501131733817,,,
raw_q52_Fine_set_at_5_000_for_GDPR_violation_based_on_intentionality_personal_data_nature_and_non_cooperation_3_000_for_LSSI_cookie_violation_due_to_intentional_non_compliance_and_duration,raw_q52,Other,categorical,1.0,0.0026595744680851063,0.002652501131733817,,,
raw_q52_Fine_set_at_50_000_based_on_violation_nature_duration_since_June_2019_and_defendant_s_business_link_to_data_processing_aggravating_factors_included_negligence_and_professional_duty_of_care,raw_q52,Other,categorical,1.0,0.0026595744680851063,0.002652501131733817,,,
raw_q52_Fine_set_at_50_000_initially_reduced_by_40_to_30_000_due_to_voluntary_payment_and_acknowledgment_of_liability_Aggravating_factors_included_nature_of_violation_involving_minors_and_previous_infringement_mitigating_factor_was_full_cooperation,raw_q52,Other,categorical,1.0,0.0026595744680851063,0.002652501131733817,,,
raw_q52_Fine_set_at_500_000_based_on_violation_duration_ongoing_until_inspection_special_category_health_data_involvement_and_defendant_s_role_in_healthcare_processing_represents_0_3_of_turnover_below_2_cap,raw_q52,Other,categorical,1.0,0.0026595744680851063,0.002652501131733817,,,
raw_q52_Fine_set_at_60_000_reduced_to_48_000_for_voluntary_payment_aggravating_factors_were_intentionality_negligence_and_hindering_DPA_supervision_no_mitigating_factors_applied,raw_q52,Other,categorical,1.0,0.0026595744680851063,0.002652501131733817,,,
raw_q52_Fine_set_at_70_000_considering_SME_status_and_business_activity_link_to_data_processing_aggravating_factor_applied_due_to_nature_and_duration_of_violation_without_mitigating_factors,raw_q52,Other,categorical,1.0,0.0026595744680851063,0.002652501131733817,,,
raw_q52_Fine_set_at_75_000_based_on_aggravating_factors_including_duration_of_violation_negligence_and_processing_of_basic_personal_identifiers_The_amount_reflects_the_serious_nature_of_processing_without_legal_basis,raw_q52,Other,categorical,1.0,0.0026595744680851063,0.002652501131733817,,,
raw_q52_Fines_imposed_for_multiple_GDPR_violations_3000_EUR_for_unlawful_processing_and_lack_of_transparency_2000_EUR_for_excessive_storage_total_5000_EUR_reflecting_severity_and_negligence,raw_q52,Other,categorical,1.0,0.0026595744680851063,0.002652501131733817,,,
raw_q52_Fines_imposed_for_specific_violations_1000_EUR_for_art_17_and_21_3_1000_EUR_for_art_5_1_a_b_warning_for_art_15_1_with_art_12_corrective_measures_for_compliance_and_procedures,raw_q52,Other,categorical,1.0,0.0026595744680851063,0.002652501131733817,,,
raw_q52_Fines_imposed_for_violations_of_Article_5_1_f_50_000_and_Article_32_20_000_aggravated_by_defendant_s_role_in_personal_data_processing_activities,raw_q52,Other,categorical,1.0,0.0026595744680851063,0.002652501131733817,,,
raw_q52_Fines_imposed_for_violations_of_Article_9_10_000_and_Article_13_7_000_GDPR_Aggravating_factor_considered_was_nature_gravity_and_duration_of_infringement_No_mitigating_factors_applied,raw_q52,Other,categorical,1.0,0.0026595744680851063,0.002652501131733817,,,
raw_q52_Fines_imposed_for_violations_of_Articles_5_1_a_and_f_and_6_1_a_totaling_150_EUR_based_on_the_gravity_and_unauthorized_disclosure_affecting_383_persons,raw_q52,Other,categorical,1.0,0.0026595744680851063,0.002652501131733817,,,
raw_q52_Fines_imposed_for_violations_of_Articles_6_5000_and_13_4000_GDPR_totaling_9000_Aggravating_factors_included_nature_of_violation_and_basic_personal_identifiers_affected,raw_q52,Other,categorical,1.0,0.0026595744680851063,0.002652501131733817,,,
raw_q52_Fines_imposed_for_violations_of_accuracy_security_and_erasure_obligations_aggravating_factors_included_nature_and_negligence_while_mitigation_included_cooperation_and_remedial_actions,raw_q52,Other,categorical,1.0,0.0026595744680851063,0.002652501131733817,,,
raw_q52_Fines_set_at_1_000_for_Article_5_1_c_violation_and_500_for_Article_13_violation_based_on_aggravating_factors_including_nature_of_offense_negligence_lack_of_cooperation_and_prior_warnings_with_total_fine_of_1_500_being_proportionate_and_dissuasive,raw_q52,Other,categorical,1.0,0.0026595744680851063,0.002652501131733817,,,
raw_q52_Fines_were_calculated_based_on_negligence_entity_size_and_link_to_data_processing_activities_with_aggravating_factors_outweighing_mitigating_ones,raw_q52,Other,categorical,1.0,0.0026595744680851063,0.002652501131733817,,,
raw_q52_Fines_were_imposed_for_specific_violations_of_Articles_12_and_15_totaling_11_000_EUR_with_corrective_measures_ordered_to_ensure_compliance_with_data_subject_access_rights,raw_q52,Other,categorical,1.0,0.0026595744680851063,0.002652501131733817,,,
raw_q52_Fines_were_imposed_for_violations_of_Articles_6_17_and_28_GDPR_totaling_300_000_The_violations_were_considered_negligent_and_continuous_with_aggravating_factors_including_the_nature_and_duration_of_the_infringements_and_the_defendant_s_professional_activity_involving_personal_data_processing,raw_q52,Other,categorical,1.0,0.0026595744680851063,0.002652501131733817,,,
raw_q52_Fines_were_set_at_50_000_for_Article_5_1_f_violation_and_20_000_for_Article_32_1_violation_considering_the_gravity_negligence_and_the_defendant_s_large_scale_No_reductions_applied_due_to_late_responsibility_recognition,raw_q52,Other,categorical,1.0,0.0026595744680851063,0.002652501131733817,,,
raw_q52_Infringements_deemed_minor_reprimand_issued_instead_of_fine_due_to_improvements_made_cooperation_and_no_previous_infringements,raw_q52,Other,categorical,1.0,0.0026595744680851063,0.002652501131733817,,,
raw_q52_Initial_fine_of_100_000_reduced_by_40_to_60_000_due_to_acknowledgment_of_liability_and_voluntary_payment_factors_included_nature_of_breach_data_categories_affected_and_cooperation,raw_q52,Other,categorical,1.0,0.0026595744680851063,0.002652501131733817,,,
raw_q52_Initial_fine_of_1000_reduced_by_20_for_responsibility_recognition_and_another_20_for_voluntary_payment_resulting_in_600_Cooperation_and_acknowledgment_considered_mitigating,raw_q52,Other,categorical,1.0,0.0026595744680851063,0.002652501131733817,,,
raw_q52_Initial_fine_of_200_000_reduced_by_40_to_120_000_due_to_voluntary_payment_and_acknowledgment_of_liability_aggravating_factors_included_severity_of_identity_forgery_and_previous_infringements_while_mitigation_included_cooperation_and_remedial_actions,raw_q52,Other,categorical,1.0,0.0026595744680851063,0.002652501131733817,,,
raw_q52_Initial_fine_of_3000_reduced_by_40_to_1800_due_to_voluntary_payment_and_acknowledgment_of_responsibility_under_Article_85_LPACAP,raw_q52,Other,categorical,1.0,0.0026595744680851063,0.002652501131733817,,,
raw_q52_Initial_fine_of_4000_proposed_for_GDPR_and_LSSI_violations_Reduced_by_20_for_voluntary_payment_and_20_for_recognition_of_responsibility_resulting_in_2400_Aggravating_factors_included_nature_of_data_and_complaint_initiation,raw_q52,Other,categorical,1.0,0.0026595744680851063,0.002652501131733817,,,
raw_q52_Initial_fine_of_5_000_was_reduced_by_20_for_voluntary_payment_and_another_20_for_acknowledgment_of_responsibility_resulting_in_3_000_aggravating_factors_included_negligence_duration_and_data_categories_while_mitigation_included_cooperation_and_remedial_actions,raw_q52,Other,categorical,1.0,0.0026595744680851063,0.002652501131733817,,,
raw_q52_Initial_fine_of_50_000_reduced_to_40_000_due_to_voluntary_payment_Aggravating_factor_negligence_in_identity_verification_Mitigating_factor_immediate_cancellation_of_services_and_debt_payment,raw_q52,Other,categorical,1.0,0.0026595744680851063,0.002652501131733817,,,
raw_q52_Initial_fine_proposed_at_50_000_reduced_to_30_000_due_to_acknowledgment_of_responsibility_and_voluntary_payment_Aggravating_factors_negligent_action_affecting_basic_identifiers_Mitigating_cooperation_and_remedial_measures,raw_q52,Other,categorical,1.0,0.0026595744680851063,0.002652501131733817,,,
raw_q52_Initial_fine_proposed_was_10_000_reduced_to_6_000_due_to_recognition_of_responsibility_and_voluntary_payment_Aggravating_factors_included_negligence_mitigating_factors_included_cooperation_and_data_deletion,raw_q52,Other,categorical,1.0,0.0026595744680851063,0.002652501131733817,,,
raw_q52_Initial_fine_proposed_was_10_000_reduced_to_6_000_due_to_voluntary_payment_and_acknowledgment_of_responsibility_aggravating_factor_was_serious_lack_of_diligence_mitigating_factors_included_local_scope_and_non_significant_harm,raw_q52,Other,categorical,1.0,0.0026595744680851063,0.002652501131733817,,,
raw_q52_Initial_fine_proposed_was_2000_for_Article_6_violation_Defendant_paid_1600_voluntarily_with_20_reduction_under_LPACAP_Article_85_terminating_procedure_without_admission_of_responsibility,raw_q52,Other,categorical,1.0,0.0026595744680851063,0.002652501131733817,,,
raw_q52_Initial_fine_set_at_100_000_for_Article_5_1_d_violation_reduced_to_80_000_for_voluntary_payment_and_further_to_60_000_for_acknowledgment_of_responsibility_applying_cumulative_20_reductions_per_Spanish_administrative_procedure_law,raw_q52,Other,categorical,1.0,0.0026595744680851063,0.002652501131733817,,,
raw_q52_Initial_fine_set_at_100_000_reduced_to_60_000_due_to_acknowledgment_of_liability_and_voluntary_payment_considered_serious_due_to_scope_and_negligence_but_mitigated_by_cooperation_and_immediate_correction,raw_q52,Other,categorical,1.0,0.0026595744680851063,0.002652501131733817,,,
raw_q52_Initial_fine_set_at_100_000_reduced_to_80_000_due_to_voluntary_payment_Aggravated_by_previous_infringements_mitigated_by_effective_incident_resolution,raw_q52,Other,categorical,1.0,0.0026595744680851063,0.002652501131733817,,,
raw_q52_Initial_fine_set_at_2_000_for_deliberate_use_of_another_s_image_for_deception_reduced_to_1_200_due_to_voluntary_payment_and_recognition_of_responsibility_applying_cumulative_20_reductions,raw_q52,Other,categorical,1.0,0.0026595744680851063,0.002652501131733817,,,
raw_q52_Initial_fine_set_at_200_000_for_violation_of_Article_6_1_GDPR_considering_nature_duration_previous_infringements_and_link_to_data_processing_activities_Reduced_to_120_000_due_to_voluntary_payment_and_recognition_of_responsibility,raw_q52,Other,categorical,1.0,0.0026595744680851063,0.002652501131733817,,,
raw_q52_Initial_fine_set_at_40_000_for_lack_of_diligence_in_verifying_identity_reduced_to_24_000_due_to_voluntary_payment_and_acknowledgment_of_responsibility_within_hearing_period,raw_q52,Other,categorical,1.0,0.0026595744680851063,0.002652501131733817,,,
raw_q52_Initial_fine_set_at_5_000_considering_basic_identifiers_affected_as_aggravating_factor_Reduced_to_4_000_due_to_voluntary_payment_though_defendant_did_not_acknowledge_responsibility_Cooperation_in_remedying_violation_was_noted_as_mitigating,raw_q52,Other,categorical,1.0,0.0026595744680851063,0.002652501131733817,,,
raw_q52_Initial_fine_set_at_75_000_for_Article_6_violation_reduced_to_60_000_for_acknowledgment_of_responsibility_and_further_to_45_000_for_voluntary_payment_aggravating_factors_included_negligence_and_basic_personal_data_affected_mitigating_factors_included_cooperation_and_remedial_measures,raw_q52,Other,categorical,1.0,0.0026595744680851063,0.002652501131733817,,,
raw_q52_Initial_fine_30_000_reduced_to_18_000_due_to_voluntary_payment_and_acknowledgment_of_responsibility_Aggravated_by_negligence_and_basic_data_categories_mitigated_by_cooperation,raw_q52,Other,categorical,1.0,0.0026595744680851063,0.002652501131733817,,,
raw_q52_Initial_fines_of_3000_for_Article_5_1_c_and_2000_for_Article_13_were_reduced_to_3000_total_due_to_recognition_of_responsibility_and_voluntary_payment_Aggravating_factors_included_sensitive_data_categories_mitigating_factors_included_cooperation_and_remedial_actions,raw_q52,Other,categorical,1.0,0.0026595744680851063,0.002652501131733817,,,
raw_q52_Initial_fines_set_at_50_000_for_Article_5_1_f_violation_and_30_000_for_Article_32_violation_totaling_80_000_Reduced_by_20_for_voluntary_payment_and_20_for_acknowledgment_of_responsibility_resulting_in_a_final_fine_of_48_000_Aggravating_factors_included_nature_gravity_duration_and_lack_of_adequate_measures_mitigating_factors_included_cooperation_and_remediation,raw_q52,Other,categorical,1.0,0.0026595744680851063,0.002652501131733817,,,
raw_q52_Initial_proposed_fine_of_2000_reduced_by_20_for_voluntary_payment_and_another_20_for_acknowledgment_of_responsibility_resulting_in_1200_final_fine_aggravating_factors_included_nature_gravity_and_negligence_mitigating_factors_included_cooperation_and_corrective_actions,raw_q52,Other,categorical,1.0,0.0026595744680851063,0.002652501131733817,,,
raw_q52_Initial_proposed_fine_of_2000_reduced_by_40_to_1200_due_to_voluntary_payment_and_acknowledgment_of_liability_Fine_calculated_based_on_violation_of_Article_13_GDPR,raw_q52,Other,categorical,1.0,0.0026595744680851063,0.002652501131733817,,,
raw_q52_Initial_proposed_fine_was_10_000_for_Article_5_1_f_violation_Reduced_by_20_to_8_000_for_voluntary_payment_and_further_20_to_6_000_for_recognition_of_responsibility_No_fine_for_Article_32_violation_only_warning,raw_q52,Other,categorical,1.0,0.0026595744680851063,0.002652501131733817,,,
raw_q52_MISSING,raw_q52,Other,categorical,1.0,0.034574468085106384,0.03337907424173835,,,
raw_q52_NOT_DISCUSSED,raw_q52,Other,categorical,1.0,0.005319148936170213,0.00529085559076505,,,
raw_q52_NOT_MENTIONED,raw_q52,Other,categorical,1.0,0.0026595744680851063,0.002652501131733817,,,
raw_q52_No_fine_imposed_as_no_GDPR_violation_was_found_case_archived_due_to_household_exemption_applicability,raw_q52,Other,categorical,1.0,0.0026595744680851063,0.002652501131733817,,,
raw_q52_No_fine_imposed_as_this_is_a_non_binding_opinion_not_an_enforcement_decision,raw_q52,Other,categorical,1.0,0.0026595744680851063,0.002652501131733817,,,
raw_q52_No_fine_imposed_due_to_Spanish_law_prohibiting_fines_for_public_entities_violations_addressed_through_warnings_and_corrective_orders_including_risk_analysis_impact_assessment_and_compliance_audit_within_six_months,raw_q52,Other,categorical,1.0,0.0026595744680851063,0.002652501131733817,,,
raw_q52_No_fine_imposed_due_to_defendant_being_a_minor_a_warning_was_issued_instead_considering_the_disproportionate_burden_a_fine_would_impose_along_with_an_order_to_cease_processing_without_legal_basis,raw_q52,Other,categorical,1.0,0.0026595744680851063,0.002652501131733817,,,
raw_q52_No_fine_imposed_due_to_defendant_being_public_sector_body_only_warnings_and_compliance_order_issued,raw_q52,Other,categorical,1.0,0.0026595744680851063,0.002652501131733817,,,
raw_q52_No_fine_imposed_due_to_minor_infringement_affecting_one_person_with_non_sensitive_data_no_prior_infringements_and_defendant_improved_information_and_cooperated,raw_q52,Other,categorical,1.0,0.0026595744680851063,0.002652501131733817,,,
raw_q52_No_fine_imposed_due_to_minor_infringement_affecting_one_person_occurred_far_back_in_time_human_error_factor_no_prior_infringements_and_remedial_actions_taken_reprimand_issued_instead,raw_q52,Other,categorical,1.0,0.0026595744680851063,0.002652501131733817,,,
raw_q52_No_fine_imposed_due_to_minor_nature_of_infringement_lack_of_recidivism_and_defendant_s_cooperation_warning_issued_instead_with_compliance_order_to_rectify_consent_mechanisms,raw_q52,Other,categorical,1.0,0.0026595744680851063,0.002652501131733817,,,
raw_q52_No_fine_imposed_due_to_minor_violation_mitigating_factors_including_cooperation_and_remedial_actions_and_violations_occurring_far_back_in_time,raw_q52,Other,categorical,1.0,0.0026595744680851063,0.002652501131733817,,,
raw_q52_No_fine_imposed_due_to_mitigating_factors_including_COVID_19_impact_and_remedial_steps_taken_reprimand_issued_with_compliance_order_requiring_improvement_within_six_months,raw_q52,Other,categorical,1.0,0.0026595744680851063,0.002652501131733817,,,
raw_q52_No_fine_imposed_due_to_mitigating_factors_serious_post_Schrems_II_analysis_extensive_measures_taken_IP_truncation_cookie_hashing_and_cooperation_Violation_deemed_serious_but_gap_in_legal_clarity_considered,raw_q52,Other,categorical,1.0,0.0026595744680851063,0.002652501131733817,,,
raw_q52_No_fine_imposed_due_to_public_sector_body_status_only_a_warning_issued_under_Article_77_2_LOPDGDD_considering_the_infringement_and_subsequent_corrective_measures_taken,raw_q52,Other,categorical,1.0,0.0026595744680851063,0.002652501131733817,,,
raw_q52_No_fine_imposed_due_to_public_sector_status_under_Article_83_7_GDPR_and_LOPDGDD_Article_77_resulting_in_a_warning_instead_Sanction_graded_as_serious_infringement_under_LOPDGDD_Article_73_v_for_failing_to_appoint_DPO_Requirement_to_appoint_DPO_within_one_month,raw_q52,Other,categorical,1.0,0.0026595744680851063,0.002652501131733817,,,
raw_q52_No_fine_imposed_due_to_public_sector_status_warning_issued_instead_Corrective_measures_ordered_to_implement_technical_organizational_measures_ensuring_confidentiality_including_using_internal_notice_boards_and_restricting_website_access_to_interested_parties_only,raw_q52,Other,categorical,1.0,0.0026595744680851063,0.002652501131733817,,,
raw_q52_No_fine_imposed_due_to_qualified_decrease_in_guilt_under_Article_45_5_LOPD_Factors_included_absence_of_recidivism_no_damage_documented_and_lack_of_connection_between_defendant_s_activity_and_data_processing_A_warning_and_compliance_order_were_issued_instead,raw_q52,Other,categorical,1.0,0.0026595744680851063,0.002652501131733817,,,
raw_q52_No_fine_imposed_due_to_remedial_actions_taken_MFA_implementation_contract_reviews_system_upgrades_and_consideration_of_breach_circumstances_though_security_failures_were_significant_aggravating_factors,raw_q52,Other,categorical,1.0,0.0026595744680851063,0.002652501131733817,,,
raw_q52_No_fine_imposed_DPA_considered_defendant_s_cooperation_mitigation_efforts_and_external_factors_beyond_defendant_s_control_META_s_non_response_as_mitigating_factors_Violation_was_ongoing_but_partially_addressed,raw_q52,Other,categorical,1.0,0.0026595744680851063,0.002652501131733817,,,
raw_q52_No_fine_imposed_a_reprimand_was_issued_due_to_the_public_sector_status_of_the_defendant_with_a_compliance_order_to_implement_information_legends_within_one_month,raw_q52,Other,categorical,1.0,0.0026595744680851063,0.002652501131733817,,,
raw_q52_No_fine_imposed_a_warning_was_issued_instead_due_to_the_minor_nature_of_the_infringement_immediate_remedial_actions_taken_full_cooperation_and_no_prior_infringements_considering_it_a_slight_violation_under_Article_83_2_GDPR,raw_q52,Other,categorical,1.0,0.0026595744680851063,0.002652501131733817,,,
raw_q52_No_fine_imposed_case_archived_due_to_lack_of_evidence_of_infringement_after_RAE_ceased_data_processing,raw_q52,Other,categorical,1.0,0.0026595744680851063,0.002652501131733817,,,
raw_q52_No_fine_imposed_case_closed_without_action_due_to_oversight_reason_and_remedial_measures_taken,raw_q52,Other,categorical,1.0,0.0026595744680851063,0.002652501131733817,,,
raw_q52_No_fine_imposed_case_filed_as_no_infringing_party_identified_and_content_removed,raw_q52,Other,categorical,1.0,0.0026595744680851063,0.002652501131733817,,,
raw_q52_No_fine_imposed_case_filed_due_to_inability_to_identify_defendant_through_tax_identification_preventing_sanctioning_actions_despite_potential_infringements,raw_q52,Other,categorical,1.0,0.0026595744680851063,0.002652501131733817,,,
raw_q52_No_fine_imposed_case_resolved_through_administrative_procedure_without_penalty_due_to_lack_of_response_and_cooperation_from_defendant,raw_q52,Other,categorical,1.0,0.0026595744680851063,0.002652501131733817,,,
raw_q52_No_fine_imposed_corrective_measures_focused_on_compliance_orders_rather_than_financial_penalties_due_to_the_nature_of_the_violation_and_procedural_context,raw_q52,Other,categorical,1.0,0.0026595744680851063,0.002652501131733817,,,
raw_q52_No_fine_imposed_only_a_warning_and_compliance_order_issued_for_failure_to_provide_adequate_privacy_policy_information_under_Article_13_GDPR,raw_q52,Other,categorical,1.0,0.0026595744680851063,0.002652501131733817,,,
raw_q52_No_fine_imposed_only_corrective_measures_ordered,raw_q52,Other,categorical,1.0,0.0026595744680851063,0.002652501131733817,,,
raw_q52_No_fine_imposed_only_reprimand_and_compliance_order_due_to_violation_of_consent_requirements_under_Article_7_GDPR,raw_q52,Other,categorical,1.0,0.0026595744680851063,0.002652501131733817,,,
raw_q52_No_fine_imposed_only_warning_and_corrective_measures_due_to_lack_of_legal_basis_for_body_camera_data_processing_with_order_to_cease_processing_and_delete_collected_data,raw_q52,Other,categorical,1.0,0.0026595744680851063,0.002652501131733817,,,
raw_q52_No_fine_imposed_provisional_measures_ordered_to_suspend_processing_due_to_imminent_GDPR_violations_and_risks_to_data_subjects_rights,raw_q52,Other,categorical,1.0,0.0026595744680851063,0.002652501131733817,,,
raw_q52_No_fine_imposed_reprimand_issued_due_to_failure_to_conduct_DPIA_and_invalid_consent_with_mitigating_factors_including_remedial_actions_taken,raw_q52,Other,categorical,1.0,0.0026595744680851063,0.002652501131733817,,,
raw_q52_No_fine_imposed_resolution_focuses_on_compliance_order_requiring_defendant_to_respond_to_access_request_within_10_business_days_with_potential_penalties_for_non_compliance_under_Article_72_1_m_LOPDGDD,raw_q52,Other,categorical,1.0,0.0026595744680851063,0.002652501131733817,,,
raw_q52_No_fine_imposed_temporary_limitation_ordered_due_to_high_risk_to_fundamental_rights_especially_for_minors_and_vulnerable_individuals_with_irreparable_damage_potential_from_biometric_data_processing_violations,raw_q52,Other,categorical,1.0,0.0026595744680851063,0.002652501131733817,,,
raw_q52_No_fine_imposed_violations_deemed_minor_due_to_affecting_only_two_data_subjects_occurring_in_2020_and_defendant_having_since_implemented_system_upgrades_A_reprimand_was_issued_instead,raw_q52,Other,categorical,1.0,0.0026595744680851063,0.002652501131733817,,,
raw_q52_No_fine_imposed_warning_issued_due_to_unintentional_nature_immediate_corrective_actions_no_harm_and_first_time_violation,raw_q52,Other,categorical,1.0,0.0026595744680851063,0.002652501131733817,,,
raw_q52_No_fine_was_imposed_as_no_infringement_was_found_the_camera_installation_was_deemed_compliant_with_data_protection_principles,raw_q52,Other,categorical,1.0,0.0026595744680851063,0.002652501131733817,,,
raw_q52_No_fine_was_imposed_as_no_infringement_was_found_the_case_was_archived_due_to_lack_of_evidence_of_violations,raw_q52,Other,categorical,1.0,0.0026595744680851063,0.002652501131733817,,,
raw_q52_No_fine_was_imposed_as_no_infringement_was_found_the_case_was_archived_due_to_lack_of_evidence,raw_q52,Other,categorical,1.0,0.0026595744680851063,0.002652501131733817,,,
raw_q52_No_fine_was_imposed_as_no_infringement_was_found_the_case_was_filed_due_to_lack_of_evidence_of_GDPR_violation,raw_q52,Other,categorical,1.0,0.0026595744680851063,0.002652501131733817,,,
raw_q52_No_fine_was_imposed_as_the_DPA_found_no_GDPR_violations_and_closed_the_case_determining_the_claimant_s_request_was_abusive_and_excessive,raw_q52,Other,categorical,1.0,0.0026595744680851063,0.002652501131733817,,,
raw_q52_No_fine_was_imposed_as_the_DPA_found_no_infringement_of_Article_13_GDPR_concluding_the_defendant_had_provided_sufficient_information_and_complied_with_transparency_obligations_regarding_the_biometric_data_processing_for_access_control,raw_q52,Other,categorical,1.0,0.0026595744680851063,0.002652501131733817,,,
raw_q52_No_fine_was_imposed_as_the_DPA_found_no_infringement_of_GDPR_regulations,raw_q52,Other,categorical,1.0,0.0026595744680851063,0.002652501131733817,,,
raw_q52_No_fine_was_imposed_as_the_DPA_found_no_violation_and_closed_the_case_without_further_action,raw_q52,Other,categorical,1.0,0.0026595744680851063,0.002652501131733817,,,
raw_q52_No_fine_was_imposed_as_the_DPA_found_no_violation_of_GDPR_Article_6_concluding_the_defendant_was_legitimized_to_process_data_based_on_contract_execution_for_the_vehicle_purchase,raw_q52,Other,categorical,1.0,0.0026595744680851063,0.002652501131733817,,,
raw_q52_No_fine_was_imposed_as_the_DPA_found_the_processing_compliant_with_data_protection_regulations_after_the_defendant_conducted_a_required_impact_assessment_and_implemented_appropriate_measures,raw_q52,Other,categorical,1.0,0.0026595744680851063,0.002652501131733817,,,
raw_q52_No_fine_was_imposed_as_the_appeal_overturned_the_resolution_due_to_insufficient_evidence_of_the_defendant_s_involvement_in_the_alleged_data_processing_violation,raw_q52,Other,categorical,1.0,0.0026595744680851063,0.002652501131733817,,,
raw_q52_No_fine_was_imposed_as_the_case_was_archived_due_to_the_statute_of_limitations_expiring_before_the_initiation_of_the_sanctioning_procedure,raw_q52,Other,categorical,1.0,0.0026595744680851063,0.002652501131733817,,,
raw_q52_No_fine_was_imposed_as_the_case_was_archived_with_no_violations_found,raw_q52,Other,categorical,1.0,0.0026595744680851063,0.002652501131733817,,,
raw_q52_No_fine_was_imposed_as_the_case_was_dismissed_due_to_the_website_no_longer_existing_and_the_complaint_being_moot_the_decision_upheld_the_prior_archiving_resolution,raw_q52,Other,categorical,1.0,0.0026595744680851063,0.002652501131733817,,,
raw_q52_No_fine_was_imposed_as_the_case_was_filed_due_to_proven_lawful_processing_based_on_consent,raw_q52,Other,categorical,1.0,0.0026595744680851063,0.002652501131733817,,,
raw_q52_No_fine_was_imposed_as_the_case_was_resolved_amicably_through_deletion_of_the_webpage_before_formal_proceedings_concluded,raw_q52,Other,categorical,1.0,0.0026595744680851063,0.002652501131733817,,,
raw_q52_No_fine_was_imposed_as_the_case_was_resolved_formally_Google_LLC_eventually_complied_by_responding_to_the_erasure_request_though_late_restoring_the_data_subject_s_rights_without_further_sanctions,raw_q52,Other,categorical,1.0,0.0026595744680851063,0.002652501131733817,,,
raw_q52_No_fine_was_imposed_as_the_case_was_resolved_through_formal_procedures_rather_than_sanctions_The_DPA_considered_the_delayed_but_eventual_compliance_and_restoration_of_data_subject_rights_as_sufficient_remedy,raw_q52,Other,categorical,1.0,0.0026595744680851063,0.002652501131733817,,,
raw_q52_No_fine_was_imposed_as_the_claim_was_dismissed_with_no_administrative_responsibilities_found_to_be_purged_in_this_case,raw_q52,Other,categorical,1.0,0.0026595744680851063,0.002652501131733817,,,
raw_q52_No_fine_was_imposed_as_the_claim_was_dismissed_the_defendant_complied_with_data_subject_rights_by_responding_to_access_and_deletion_requests_and_providing_reasoned_denial_for_deletion_based_on_valid_debt,raw_q52,Other,categorical,1.0,0.0026595744680851063,0.002652501131733817,,,
raw_q52_No_fine_was_imposed_as_the_controller_complied_with_breach_notification_requirements_had_adequate_security_measures_and_took_appropriate_remedial_actions_The_DPA_found_no_GDPR_violations_warranting_a_penalty,raw_q52,Other,categorical,1.0,0.0026595744680851063,0.002652501131733817,,,
raw_q52_No_fine_was_imposed_as_the_defendant_complied_during_proceedings_resolving_the_complaint,raw_q52,Other,categorical,1.0,0.0026595744680851063,0.002652501131733817,,,
raw_q52_No_fine_was_imposed_as_the_defendant_eventually_complied_with_the_access_request_though_extemporaneously_and_no_additional_actions_were_required,raw_q52,Other,categorical,1.0,0.0026595744680851063,0.002652501131733817,,,
raw_q52_No_fine_was_imposed_as_the_defendant_is_a_public_sector_body_instead_a_reprimand_was_issued_Aggravating_factors_included_the_nature_and_duration_of_violations_while_mitigating_factors_included_immediate_cessation_and_cooperation,raw_q52,Other,categorical,1.0,0.0026595744680851063,0.002652501131733817,,,
raw_q52_No_fine_was_imposed_as_the_procedure_was_archived_due_to_inability_to_identify_the_responsible_party,raw_q52,Other,categorical,1.0,0.0026595744680851063,0.002652501131733817,,,
raw_q52_No_fine_was_imposed_as_the_processing_was_found_lawful_under_national_law_the_opinion_provided_non_binding_clarification_without_enforcement_action,raw_q52,Other,categorical,1.0,0.0026595744680851063,0.002652501131733817,,,
raw_q52_No_fine_was_imposed_as_this_is_a_non_binding_advisory_opinion_regarding_lawful_processing_of_employee_sick_leave_data_under_GDPR_Article_6_1_c_and_national_employment_law,raw_q52,Other,categorical,1.0,0.0026595744680851063,0.002652501131733817,,,
raw_q52_No_fine_was_imposed_as_this_is_a_non_binding_advisory_opinion_not_an_enforcement_decision,raw_q52,Other,categorical,1.0,0.0026595744680851063,0.002652501131733817,,,
raw_q52_No_fine_was_imposed_as_this_is_a_non_binding_opinion_response_to_a_query_not_an_enforcement_decision,raw_q52,Other,categorical,1.0,0.0026595744680851063,0.002652501131733817,,,
raw_q52_No_fine_was_imposed_as_this_is_a_non_binding_opinion_not_an_enforcement_decision,raw_q52,Other,categorical,1.0,0.007978723404255319,0.007915063377093707,,,
raw_q52_No_fine_was_imposed_as_this_is_an_advisory_opinion_on_a_proposed_data_processing_activity_not_an_enforcement_decision,raw_q52,Other,categorical,1.0,0.0026595744680851063,0.002652501131733817,,,
raw_q52_No_fine_was_imposed_as_this_is_an_advisory_opinion_without_enforcement_actions_or_violations_found,raw_q52,Other,categorical,1.0,0.0026595744680851063,0.002652501131733817,,,
raw_q52_No_fine_was_imposed_as_this_was_an_advisory_opinion_on_legal_compliance_rather_than_an_enforcement_action_against_specific_violations,raw_q52,Other,categorical,1.0,0.0026595744680851063,0.002652501131733817,,,
raw_q52_No_fine_was_imposed_as_this_was_an_inspection_supervision_procedure_focused_on_corrective_measures_rather_than_sanctions_The_decision_emphasized_ensuring_compliance_with_GDPR_security_and_minimisation_principles_through_rectification_Separate_misdemeanor_proceedings_handle_any_sanctions,raw_q52,Other,categorical,1.0,0.0026595744680851063,0.002652501131733817,,,
raw_q52_No_fine_was_imposed_due_to_KRY_s_cooperation_mitigation_efforts_and_the_DPA_s_assessment_that_an_order_for_compliance_was_proportionate_aggravating_factors_included_the_nature_of_violations_and_sensitive_data_while_mitigating_factors_included_KRY_s_actions_to_improve,raw_q52,Other,categorical,1.0,0.0026595744680851063,0.002652501131733817,,,
raw_q52_No_fine_was_imposed_due_to_the_public_sector_status_of_the_defendant_corrective_measures_were_ordered_instead_considering_the_nature_of_the_violations_and_the_defendant_s_cooperation_and_mitigation_actions,raw_q52,Other,categorical,1.0,0.0026595744680851063,0.002652501131733817,,,
raw_q52_No_fine_was_imposed_a_reprimand_was_issued_due_to_the_nature_of_the_breach_mitigating_factors_including_cooperation_and_remedial_actions_and_the_lack_of_documented_harm_to_data_subjects,raw_q52,Other,categorical,1.0,0.0026595744680851063,0.002652501131733817,,,
raw_q52_No_fine_was_imposed_a_reprimand_was_issued_due_to_the_security_breach_caused_by_a_technical_failure_with_mitigating_actions_taken_by_the_defendant,raw_q52,Other,categorical,1.0,0.0026595744680851063,0.002652501131733817,,,
raw_q52_No_fine_was_imposed_a_reprimand_was_issued_instead_due_to_the_minor_nature_of_the_infringement_involving_delayed_response_to_an_access_request,raw_q52,Other,categorical,1.0,0.0026595744680851063,0.002652501131733817,,,
raw_q52_No_fine_was_imposed_a_warning_was_issued_under_Article_77_LOPDGDD_due_to_the_defendant_being_a_public_sector_body_with_mitigating_factors_including_immediate_cessation_data_deletion_and_cooperation,raw_q52,Other,categorical,1.0,0.0026595744680851063,0.002652501131733817,,,
raw_q52_No_fine_was_imposed_corrective_measures_were_ordered_to_adjust_camera_angles_to_limit_recording_to_necessary_areas_only_based_on_violations_of_data_minimization_and_purpose_limitation_principles_without_aggravating_financial_factors_discussed,raw_q52,Other,categorical,1.0,0.0026595744680851063,0.002652501131733817,,,
raw_q52_No_fine_was_imposed_corrective_measures_were_ordered_to_cease_biometric_processing_and_implement_an_alternative_system_with_compliance_required_within_two_months,raw_q52,Other,categorical,1.0,0.0026595744680851063,0.002652501131733817,,,
raw_q52_No_fine_was_imposed_only_a_reprimand_was_issued_as_corrective_measures_had_already_been_implemented_by_the_defendant_upon_learning_of_the_procedure,raw_q52,Other,categorical,1.0,0.0026595744680851063,0.002652501131733817,,,
raw_q52_No_fine_was_imposed_only_a_warning_and_compliance_order_were_issued_for_LSSI_cookie_violations_considering_the_defendant_was_a_natural_person,raw_q52,Other,categorical,1.0,0.0026595744680851063,0.002652501131733817,,,
raw_q52_No_fine_was_imposed_only_a_warning_and_compliance_order_were_issued_for_the_violation_of_Article_5_1_f_GDPR,raw_q52,Other,categorical,1.0,0.0026595744680851063,0.002652501131733817,,,
raw_q52_No_fine_was_imposed_the_decision_focused_on_corrective_measures_requiring_the_defendant_to_establish_joint_controller_agreements_within_60_days_to_ensure_compliance_with_GDPR_accountability_and_transparency_obligations,raw_q52,Other,categorical,1.0,0.0026595744680851063,0.002652501131733817,,,
raw_q52_No_fine_was_imposed_the_procedure_was_archived_as_no_violation_of_LSSI_Article_22_2_was_found_after_verification_that_cookies_were_technical_and_necessary_and_the_website_complied_with_regulations,raw_q52,Other,categorical,1.0,0.0026595744680851063,0.002652501131733817,,,
raw_q52_No_fine_was_imposed_the_resolution_focused_on_compliance_orders_requiring_Google_to_delist_specific_URLs_from_search_results_where_personal_data_was_no_longer_relevant_or_publicly_available,raw_q52,Other,categorical,1.0,0.0026595744680851063,0.002652501131733817,,,
raw_q52_No_fine_was_imposed_the_resolution_focused_on_compliance_orders_to_address_the_erasure_request_properly_within_ten_business_days,raw_q52,Other,categorical,1.0,0.0026595744680851063,0.002652501131733817,,,
raw_q52_No_fine_was_imposed_the_resolution_focused_on_ordering_compliance_with_the_access_request_within_10_working_days_emphasizing_corrective_measures_rather_than_financial_penalties,raw_q52,Other,categorical,1.0,0.0026595744680851063,0.002652501131733817,,,
raw_q52_No_fine_was_imposed_the_resolution_focused_on_ordering_compliance_with_the_access_request_within_ten_business_days_emphasizing_restoration_of_rights_rather_than_punitive_measures,raw_q52,Other,categorical,1.0,0.0026595744680851063,0.002652501131733817,,,
raw_q52_No_fine_was_imposed_the_resolution_focused_on_ordering_compliance_with_the_data_subject_s_access_request_within_ten_days,raw_q52,Other,categorical,1.0,0.0026595744680851063,0.002652501131733817,,,
raw_q52_No_monetary_fine_imposed_due_to_public_sector_status_under_LOPDGDD_Article_77_only_warning_issued_Violation_duration_from_GDPR_applicability_in_2018_Mitigating_factors_include_contracting_external_service_in_2020_but_DPO_not_appointed_or_notified,raw_q52,Other,categorical,1.0,0.0026595744680851063,0.002652501131733817,,,
raw_q52_Penalty_based_on_serious_contravention_of_PECR_sending_752_425_unsolicited_marketing_texts_without_valid_consent_over_6_months_targeting_vulnerable_individuals_with_no_significant_mitigation,raw_q52,Other,categorical,1.0,0.0026595744680851063,0.002652501131733817,,,
raw_q52_Proposed_fine_of_3000_EUR_for_LSSI_Article_22_2_violation_reduced_by_20_for_liability_acknowledgment_and_another_20_for_voluntary_payment_resulting_in_1800_EUR_paid_Factors_considered_include_intentionality_and_duration_since_October_2019_complaint_Procedure_terminated_upon_payment,raw_q52,Other,categorical,1.0,0.0026595744680851063,0.002652501131733817,,,
raw_q52_STRING,raw_q52,Other,categorical,1.0,0.18085106382978725,0.14814395654142143,,,
raw_q52_STRING_Fine_imposed_for_sending_28_5_million_unsolicited_marketing_messages_without_valid_consent_Amount_reflects_scale_and_nature_of_infringement,raw_q52,Other,categorical,1.0,0.0026595744680851063,0.002652501131733817,,,
raw_q52_STRING_No_fine_imposed_due_to_minor_violation_nature_Factors_considered_immediate_remediation_limited_scope_1372_customers_unintentional_error_during_GDPR_implementation_no_serious_consequences_to_data_subjects,raw_q52,Other,categorical,1.0,0.0026595744680851063,0.002652501131733817,,,
raw_q52_The_DPA_imposed_warnings_instead_of_fines_due_to_the_defendant_being_a_public_sector_body_under_Spanish_law_considering_the_violations_of_Articles_5_1_f_25_32_and_33_GDPR_with_aggravating_factors_including_negligence_and_mitigating_factors_including_post_incident_security_improvements,raw_q52,Other,categorical,1.0,0.0026595744680851063,0.002652501131733817,,,
raw_q52_The_DPA_issued_a_warning_instead_of_a_fine_due_to_the_unintentional_and_negligent_nature_of_the_breach_the_defendant_s_eventual_cooperation_and_mitigating_circumstances_like_illness_and_COVID_19_considering_it_sufficient_and_proportionate,raw_q52,Other,categorical,1.0,0.0026595744680851063,0.002652501131733817,,,
raw_q52_The_decision_did_not_impose_a_fine_it_resolved_jurisdictional_issues_by_identifying_BayLDA_as_the_lead_supervisory_authority_and_referring_the_case,raw_q52,Other,categorical,1.0,0.0026595744680851063,0.002652501131733817,,,
raw_q52_The_fine_for_Article_6_violation_is_set_at_3_000_EUR_considering_local_scope_number_of_affected_individuals_lack_of_preventive_measures_negligence_no_prior_sanctions_and_defendant_s_status_as_a_natural_person_Factors_under_Article_83_2_are_weighed_for_proportionality_No_fine_for_Article_13_due_to_potential_disproportionality_given_the_other_sanction,raw_q52,Other,categorical,1.0,0.0026595744680851063,0.002652501131733817,,,
raw_q52_The_fine_of_2_000_EUR_was_imposed_for_violating_Article_32_and_Article_5_1_f_due_to_a_data_breach_affecting_1_300_users_No_detailed_calculation_reasoning_provided_beyond_the_violation_facts,raw_q52,Other,categorical,1.0,0.0026595744680851063,0.002652501131733817,,,
raw_q52_The_fine_of_3_000_EUR_was_imposed_for_multiple_violations_1_000_EUR_for_Article_32_GDPR_security_1_000_EUR_for_Article_13_GDPR_privacy_information_and_1_000_EUR_for_LSSI_Article_22_2_cookies_Aggravating_factors_included_negligence_lack_of_mitigation_and_non_cooperation,raw_q52,Other,categorical,1.0,0.0026595744680851063,0.002652501131733817,,,
raw_q52_The_fine_of_460_000_EUR_was_set_under_Article_83_5_a_for_violations_of_basic_processing_principles_in_Article_5_considering_the_high_gravity_number_of_affected_persons_over_114_000_gross_negligence_and_long_duration_as_aggravating_factors_Mitigating_factors_included_full_cooperation_quick_remedial_actions_like_system_fixes_and_ISO_certifications_The_amount_is_proportionate_to_the_company_s_revenues_and_below_statutory_caps_to_ensure_effectiveness_without_financial_distress,raw_q52,Other,categorical,1.0,0.0026595744680851063,0.002652501131733817,,,
raw_q52_The_fine_of_5_000_EUR_was_imposed_for_violations_of_Article_32_GDPR_due_to_failure_to_implement_adequate_measures_against_unauthorized_employee_access_affecting_five_passengers_data_Mitigating_factors_included_the_defendant_s_notification_and_cooperation_No_aggravating_factors_were_explicitly_noted_and_the_small_scale_influenced_the_amount,raw_q52,Other,categorical,1.0,0.0026595744680851063,0.002652501131733817,,,
raw_q52_The_fine_of_PLN_18_192_EUR_4_000_equivalent_was_imposed_for_lack_of_cooperation_with_the_DPA_considering_the_intentional_continuous_nature_of_the_breach_lack_of_mitigation_and_estimated_company_size_it_was_set_below_statutory_caps_as_effective_proportionate_and_dissuasive,raw_q52,Other,categorical,1.0,0.0026595744680851063,0.002652501131733817,,,
raw_q52_The_fine_of_SEK_350_000_was_imposed_for_violations_of_Articles_5_and_32_considering_the_systematic_long_term_surveillance_of_employees_in_privacy_sensitive_situations_lack_of_masking_and_absence_of_guidelines_Aggravating_factors_included_gravity_and_duration_mitigating_factors_included_cooperation_and_cessation_of_surveillance,raw_q52,Other,categorical,1.0,0.0026595744680851063,0.002652501131733817,,,
raw_q52_The_fine_of_SEK_4_000_000_was_imposed_for_multiple_security_violations_involving_sensitive_data_of_over_100_000_data_subjects_primarily_children_with_aggravating_factors_including_the_nature_of_data_and_duration_and_mitigating_factors_for_remediation_actions,raw_q52,Other,categorical,1.0,0.0026595744680851063,0.002652501131733817,,,
raw_q52_The_fine_of_10_000_was_imposed_for_an_accuracy_violation_under_Article_5_1_d_GDPR_considering_the_nature_of_the_infringement_and_the_defendant_s_business_involving_regular_data_processing_with_no_cooperation_or_mitigation_noted,raw_q52,Other,categorical,1.0,0.0026595744680851063,0.002652501131733817,,,
raw_q52_The_fine_of_10_000_was_based_on_the_very_serious_nature_of_the_infringement_causing_loss_of_control_over_personal_data_negligence_despite_professionalism_and_sensitivity_of_image_voice_data_It_was_set_below_statutory_caps_considering_company_size_and_business_volume,raw_q52,Other,categorical,1.0,0.0026595744680851063,0.002652501131733817,,,
raw_q52_The_fine_of_2_000_was_imposed_for_violation_of_Article_5_1_f_GDPR_due_to_repeated_unauthorized_disclosures_of_debtor_lists_via_email_and_bulletin_board_postings_considering_the_nature_and_duration_of_the_infringement,raw_q52,Other,categorical,1.0,0.0026595744680851063,0.002652501131733817,,,
raw_q52_The_fine_of_2000_was_imposed_for_violating_Article_5_1_c_GDPR_considering_the_nature_of_the_offense_intentionality_due_to_a_prior_infringement_and_mitigating_factors_like_being_a_small_establishment_with_limited_data_protection_knowledge,raw_q52,Other,categorical,1.0,0.0026595744680851063,0.002652501131733817,,,
raw_q52_The_fine_of_3_000_was_imposed_for_a_security_breach_involving_sensitive_medical_data_of_29_workers_considering_the_entity_s_SME_status_lack_of_cooperation_and_failure_to_implement_adequate_measures_but_below_the_2_turnover_cap,raw_q52,Other,categorical,1.0,0.0026595744680851063,0.002652501131733817,,,
raw_q52_The_fine_of_50_000_was_imposed_for_a_security_breach_under_Article_5_1_f_GDPR_considering_the_nature_and_negligence_of_the_violation_the_link_to_Vodafone_s_data_processing_activities_and_its_status_as_a_large_enterprise_while_noting_only_two_data_subjects_were_affected_with_non_material_harm,raw_q52,Other,categorical,1.0,0.0026595744680851063,0.002652501131733817,,,
raw_q52_The_fine_of_6_000_was_set_considering_aggravating_factors_like_intentionality_and_lack_of_adequate_procedures_and_mitigating_factors_including_the_defendant_s_status_as_a_microenterprise_low_data_volume_and_limited_number_of_affected_data_subjects,raw_q52,Other,categorical,1.0,0.0026595744680851063,0.002652501131733817,,,
raw_q52_The_fine_of_70_000_was_based_on_the_intentional_nature_and_gravity_of_the_violation_considering_the_defendant_s_status_as_a_large_company_Aggravating_factors_included_intentionality_and_the_connection_to_data_processing_activities_Mitigating_factors_included_the_limited_number_of_affected_data_subjects,raw_q52,Other,categorical,1.0,0.0026595744680851063,0.002652501131733817,,,
raw_q52_The_fine_of_70_000_was_based_on_the_nature_and_severity_of_the_confidentiality_breach_negligence_in_following_internal_protocols_and_the_defendant_s_connection_to_data_processing_activities_Aggravating_factors_included_the_breach_s_impact_and_lack_of_due_diligence,raw_q52,Other,categorical,1.0,0.0026595744680851063,0.002652501131733817,,,
raw_q52_The_fine_was_based_on_the_seriousness_and_duration_of_violations_the_large_scale_of_processing_and_sensitive_financial_data_involved_Mitigation_considered_improvements_during_supervision_The_amount_is_SEK_7_5_million_below_the_4_turnover_cap,raw_q52,Other,categorical,1.0,0.0026595744680851063,0.002652501131733817,,,
raw_q52_The_fine_was_based_on_the_systematic_and_long_term_nature_of_the_violation_involving_sensitive_health_data_sent_unencrypted_internally_mitigated_by_encryption_of_transmission_and_cessation_of_processing_upon_discovery,raw_q52,Other,categorical,1.0,0.0026595744680851063,0.002652501131733817,,,
raw_q52_The_fine_was_based_on_the_systematic_and_long_term_nature_of_the_violations_involving_sensitive_health_data_sent_unencrypted_and_stored_insecurely_Aggravating_factors_included_duration_large_volume_of_data_and_violation_of_internal_guidelines_Mitigation_considered_the_implementation_of_encryption_solutions_in_September_2019,raw_q52,Other,categorical,1.0,0.0026595744680851063,0.002652501131733817,,,
raw_q52_The_fine_was_calculated_based_on_a_starting_point_of_3_25_of_turnover_considering_the_nature_gravity_and_duration_of_the_infringement_sensitive_data_involved_and_negligent_security_practices_Mitigating_factors_included_cooperation_and_remedial_actions_but_no_financial_gain_was_identified,raw_q52,Other,categorical,1.0,0.0026595744680851063,0.002652501131733817,,,
raw_q52_The_fine_was_calculated_based_on_multiple_GDPR_violations_including_lack_of_DPIA_unlawful_processing_of_biometric_data_and_data_minimization_failures_Reductions_were_applied_for_voluntary_payment_and_recognition_of_responsibility_resulting_in_a_total_fine_of_120_000,raw_q52,Other,categorical,1.0,0.0026595744680851063,0.002652501131733817,,,
raw_q52_The_fine_was_calculated_based_on_the_nature_gravity_and_duration_of_the_infringements_the_number_of_affected_data_subjects_1_35_million_negligence_in_security_measures_and_mitigating_actions_taken_The_total_fine_of_3_5_million_reflects_the_serious_breaches_of_Articles_5_1_f_and_32_GDPR,raw_q52,Other,categorical,1.0,0.0026595744680851063,0.002652501131733817,,,
raw_q52_The_fine_was_calculated_based_on_the_nature_gravity_and_duration_of_the_violation_affecting_489_000_data_subjects_and_1_5_million_records_Aggravating_factors_included_negligence_external_cause_and_data_categories_affected_Mitigating_factors_included_cooperation_and_remedial_actions,raw_q52,Other,categorical,1.0,0.0026595744680851063,0.002652501131733817,,,
raw_q52_The_fine_was_calculated_based_on_the_negligence_of_the_defendant_in_modifying_a_contract_without_proper_verification_considering_the_nature_and_gravity_of_the_infringements_under_Articles_6_and_32_GDPR_with_aggravating_factors_applied,raw_q52,Other,categorical,1.0,0.0026595744680851063,0.002652501131733817,,,
raw_q52_The_fine_was_calculated_based_on_the_serious_nature_of_violating_confidentiality_of_health_data_negligence_given_the_defendant_s_experience_high_number_of_affected_data_subjects_all_clinic_visitors_during_the_period_and_the_specific_aggravating_factors_under_Article_83_2_The_total_fine_combines_20_000_for_Article_5_1_f_violation_and_10_000_for_Article_32_violation,raw_q52,Other,categorical,1.0,0.0026595744680851063,0.002652501131733817,,,
raw_q52_The_fine_was_calculated_using_a_five_step_process_considering_the_seriousness_of_processing_special_category_data_of_145_400_individuals_negligence_previous_infringements_and_mitigating_actions_The_initial_850_000_was_increased_to_1_350_000_to_ensure_it_was_effective_proportionate_and_dissuasive_considering_the_company_s_financial_situation_and_the_need_for_deterrence,raw_q52,Other,categorical,1.0,0.0026595744680851063,0.002652501131733817,,,
raw_q52_The_fine_was_graduated_based_on_GDPR_Article_83_2_criteria_2_000_for_Article_5_1_f_violation_and_1_000_for_Article_32_violation_considering_the_nature_gravity_and_lack_of_security_measures_Total_fine_is_3_000,raw_q52,Other,categorical,1.0,0.0026595744680851063,0.002652501131733817,,,
raw_q52_The_fine_was_imposed_for_disclosing_sensitive_data_without_legal_basis_considering_the_nature_and_gravity_of_the_violation_and_the_categories_of_data_affected,raw_q52,Other,categorical,1.0,0.0026595744680851063,0.002652501131733817,,,
raw_q52_The_fine_was_imposed_for_non_cooperation_with_the_DPA_s_investigation_and_failure_to_comply_with_a_prior_remedial_order_reflecting_the_seriousness_of_obstructing_supervisory_authority_actions,raw_q52,Other,categorical,1.0,0.0026595744680851063,0.002652501131733817,,,
raw_q52_The_fine_was_imposed_for_violation_of_Article_32_due_to_inadequate_security_measures_against_cyber_attack_resulting_in_unauthorized_data_disclosure,raw_q52,Other,categorical,1.0,0.0026595744680851063,0.002652501131733817,,,
raw_q52_The_fine_was_imposed_for_violations_of_Articles_25_and_32_due_to_inadequate_security_measures_leading_to_a_data_breach_affecting_564_individuals_with_the_amount_reflecting_the_gravity_of_the_infringement,raw_q52,Other,categorical,1.0,0.0026595744680851063,0.002652501131733817,,,
raw_q52_The_fine_was_initially_proposed_at_1_500_but_reduced_to_900_due_to_the_defendant_s_acknowledgment_of_responsibility_and_voluntary_payment_considering_it_a_small_family_business_with_prior_cooperation_and_no_previous_sanctions,raw_q52,Other,categorical,1.0,0.0026595744680851063,0.002652501131733817,,,
raw_q52_The_fine_was_initially_proposed_at_5_000_for_LSSI_violations_reduced_to_3_000_due_to_voluntary_payment_and_acknowledgment_of_responsibility_terminating_the_procedure,raw_q52,Other,categorical,1.0,0.0026595744680851063,0.002652501131733817,,,
raw_q52_The_fine_was_initially_set_at_1_5M_based_on_the_severity_and_duration_of_the_breach_but_reduced_to_1_25M_due_to_COVID_19_financial_impact_considerations_Factors_included_negligence_high_number_of_affected_data_subjects_and_sensitive_data_involved_mitigated_by_cooperation_and_remedial_actions,raw_q52,Other,categorical,1.0,0.0026595744680851063,0.002652501131733817,,,
raw_q52_The_fine_was_initially_set_at_120_000_for_two_violations_but_reduced_to_72_000_due_to_the_defendant_s_recognition_of_responsibility_and_voluntary_payment_considering_SME_status_and_cooperation,raw_q52,Other,categorical,1.0,0.0026595744680851063,0.002652501131733817,,,
raw_q52_The_fine_was_initially_set_at_40_000_for_non_compliance_with_a_prior_resolution_It_was_reduced_to_24_000_due_to_the_defendant_s_recognition_of_responsibility_and_voluntary_payment_applying_cumulative_20_reductions,raw_q52,Other,categorical,1.0,0.0026595744680851063,0.002652501131733817,,,
raw_q52_The_fine_was_initially_set_at_70_000_based_on_the_nature_and_gravity_of_the_breach_involving_health_data_then_reduced_by_40_to_42_000_due_to_the_defendant_s_acknowledgment_of_liability_and_voluntary_payment_with_cooperation_and_mitigation_actions_considered,raw_q52,Other,categorical,1.0,0.0026595744680851063,0.002652501131733817,,,
raw_q52_The_fine_was_reduced_by_40_due_to_voluntary_payment_and_recognition_of_responsibility_Initial_fines_were_13_000_for_data_minimization_violation_and_7_000_for_information_obligation_violation_totaling_20_000_before_reductions_The_defendant_s_SME_status_and_cooperation_were_considered,raw_q52,Other,categorical,1.0,0.0026595744680851063,0.002652501131733817,,,
raw_q52_The_fine_was_reduced_from_600_000_to_500_000_considering_the_Cabinet_Office_s_cooperation_mitigation_actions_and_the_short_duration_of_the_breach_but_remained_significant_due_to_the_serious_nature_of_the_security_failures_and_the_need_for_deterrence_given_the_defendant_s_resources_and_profile,raw_q52,Other,categorical,1.0,0.0026595744680851063,0.002652501131733817,,,
raw_q52_The_fine_was_reduced_from_2000_to_1600_due_to_voluntary_payment_aggravating_factors_included_intentionality_and_duration_while_mitigation_included_proactive_compliance_efforts,raw_q52,Other,categorical,1.0,0.0026595744680851063,0.002652501131733817,,,
raw_q52_The_fine_was_reduced_to_500_due_to_mitigating_factors_no_prior_infringements_full_recognition_and_remediation_of_the_violation_cooperation_with_the_authority_measures_taken_to_mitigate_harm_including_apologies_and_the_exceptional_context_of_the_COVID_19_pandemic_preventing_a_regular_meeting,raw_q52,Other,categorical,1.0,0.0026595744680851063,0.002652501131733817,,,
raw_q52_The_fine_was_set_at_SEK_3_5_million_based_on_the_gravity_and_duration_of_the_violations_the_large_scale_of_processing_sensitive_health_data_and_the_defendant_s_prior_infringement_history_The_amount_is_below_the_statutory_cap_but_deemed_effective_and_proportionate,raw_q52,Other,categorical,1.0,0.0026595744680851063,0.002652501131733817,,,
raw_q52_The_fine_was_set_at_SEK_35_million_considering_the_violation_s_severity_duration_and_sensitive_data_involved_but_reduced_due_to_proportionality_focusing_on_the_branch_s_specific_turnover_rather_than_the_full_parent_company_turnover,raw_q52,Other,categorical,1.0,0.0026595744680851063,0.002652501131733817,,,
raw_q52_The_fine_was_set_at_25_000_considering_the_charity_s_financial_situation_the_nature_of_the_data_breach_involving_vulnerable_individuals_the_duration_of_the_violation_and_the_prompt_remedial_actions_taken_by_Mermaids_The_Commissioner_balanced_the_need_for_a_deterrent_effect_with_the_charity_s_ability_to_continue_operations,raw_q52,Other,categorical,1.0,0.0026595744680851063,0.002652501131733817,,,
raw_q52_The_fine_was_set_at_20_000_reduced_to_16_000_for_voluntary_payment_Aggravating_factors_included_nature_gravity_affecting_500_employees_negligence_in_not_conducting_DPIA_and_lack_of_organizational_measures_No_mitigating_factors_were_applied,raw_q52,Other,categorical,1.0,0.0026595744680851063,0.002652501131733817,,,
raw_q52_The_fine_was_set_at_25_000_considering_aggravating_factors_nature_and_gravity_of_the_security_breach_negligence_involvement_of_minors_data_and_the_defendant_s_large_business_volume_No_mitigating_factors_were_applied,raw_q52,Other,categorical,1.0,0.0026595744680851063,0.002652501131733817,,,
raw_q52_The_fine_was_set_at_3_000_based_on_aggravating_factors_number_affected_duration_and_mitigating_factors_lack_of_intent_security_measures_A_40_reduction_was_applied_for_acknowledgment_of_responsibility_and_voluntary_payment_resulting_in_1_800_paid,raw_q52,Other,categorical,1.0,0.0026595744680851063,0.002652501131733817,,,
raw_q52_The_fine_was_set_at_5_000_initially_reduced_to_3_000_due_to_voluntary_payment_and_acknowledgment_of_responsibility_considering_aggravating_factors_like_lack_of_cooperation_and_mitigating_factors_like_internal_measures_taken,raw_q52,Other,categorical,1.0,0.0026595744680851063,0.002652501131733817,,,
raw_q52_The_infringement_was_considered_minor_due_to_negligence_affecting_only_one_person_no_sensitive_data_involved_immediate_mitigation_actions_taken_and_no_previous_infringements_A_reprimand_was_issued_instead_of_a_fine,raw_q52,Other,categorical,1.0,0.0026595744680851063,0.002652501131733817,,,
raw_q52_The_infringement_was_minor_and_corrected_post_complaint_a_reprimand_was_issued_instead_of_a_fine_due_to_negligence_lack_of_intent_cooperation_and_remedial_actions_taken_considering_it_a_one_off_error_without_similar_records,raw_q52,Other,categorical,1.0,0.0026595744680851063,0.002652501131733817,,,
raw_q52_The_initial_proposed_fine_was_1_500_reduced_to_1_200_due_to_voluntary_payment_the_reduction_was_applied_for_ceasing_the_offending_activity_and_cooperation_though_no_acknowledgment_of_liability_was_made,raw_q52,Other,categorical,1.0,0.0026595744680851063,0.002652501131733817,,,
raw_q52_The_initial_proposed_fine_was_10_000_reduced_to_8_000_due_to_voluntary_payment_The_DPA_considered_the_duration_of_the_violation_as_aggravating_but_noted_the_defendant_s_cooperation_and_eventual_compliance_as_mitigating_factors,raw_q52,Other,categorical,1.0,0.0026595744680851063,0.002652501131733817,,,
raw_q52_The_penalty_was_initially_calculated_at_36_750_based_on_seriousness_and_turnover_adjustment_but_reduced_to_18_000_due_to_financial_hardship_considerations_The_infringements_involved_high_risk_processing_of_sensitive_data_with_negligent_security_failures_and_a_29_month_breach_notification_delay,raw_q52,Other,categorical,1.0,0.0026595744680851063,0.002652501131733817,,,
raw_q52_The_procedure_was_initiated_for_violation_of_Article_5_1_b_GDPR_on_storage_limitation_Aggravating_factor_was_the_long_duration_of_over_16_years_No_fine_details_provided_as_procedure_terminated_voluntarily,raw_q52,Other,categorical,1.0,0.0026595744680851063,0.002652501131733817,,,
raw_q52_The_proposed_fine_was_10_000_EUR_for_a_minor_infringement_under_LGT_related_to_Article_21_GDPR_Reductions_of_20_for_acknowledgment_of_responsibility_and_another_20_for_voluntary_payment_resulted_in_6_000_EUR_The_amount_considered_the_economic_situation_but_no_specific_factors_beyond_procedure_termination,raw_q52,Other,categorical,1.0,0.0026595744680851063,0.002652501131733817,,,
raw_q52_The_total_fine_of_12_000_was_imposed_for_three_violations_2_000_for_Article_13_GDPR_breach_inadequate_privacy_policy_information_5_000_for_Article_5_1_a_GDPR_breach_dark_patterns_affecting_lawfulness_and_fairness_and_5_000_for_LSSI_Article_22_2_breach_cookie_policy_deficiencies_Aggravating_factors_included_the_nature_gravity_and_duration_of_the_violations_and_intentionality_or_negligence,raw_q52,Other,categorical,1.0,0.0026595744680851063,0.002652501131733817,,,
raw_q52_Total_fine_of_40_000_EUR_imposed_for_violations_of_Articles_5_6_7_and_12_17_split_equally_between_two_infringement_categories_aggravating_factors_included_nature_gravity_duration_and_negligence_no_mitigating_factors_mentioned,raw_q52,Other,categorical,1.0,0.0026595744680851063,0.002652501131733817,,,
raw_q52_UNCLEAR,raw_q52,Other,categorical,1.0,0.0026595744680851063,0.002652501131733817,,,
raw_q52_Warning_imposed_due_to_public_sector_body_status_under_LOPDGDD_Article_77_violations_of_Articles_5_1_f_25_32_and_34_GDPR_aggravating_factor_from_previous_similar_infringements,raw_q52,Other,categorical,1.0,0.0026595744680851063,0.002652501131733817,,,
raw_q52_Warning_issued_instead_of_fine_due_to_immediate_removal_no_prior_sanctions_no_intent_to_harm_and_full_cooperation_Violation_was_minor_and_quickly_corrected,raw_q52,Other,categorical,1.0,0.0026595744680851063,0.002652501131733817,,,
raw_q53_ADMINISTRATIVE_FINE,raw_q53,Other,categorical,1.0,0.3484042553191489,0.2270187301946582,,,
raw_q53_ADMINISTRATIVE_FINE_BRING_PROCESSING_INTO_COMPLIANCE,raw_q53,Other,categorical,1.0,0.010638297872340425,0.010525124490719785,,,
raw_q53_ADMINISTRATIVE_FINE_BRING_PROCESSING_INTO_COMPLIANCE_LIMITATION_PROHIBITION_OF_PROCESSING_RECTIFICATION_ERASURE_RESTRICTION,raw_q53,Other,categorical,1.0,0.0026595744680851063,0.002652501131733817,,,
raw_q53_ADMINISTRATIVE_FINE_COMPLY_WITH_DATA_SUBJECT_REQUESTS,raw_q53,Other,categorical,1.0,0.02127659574468085,0.02082390221819828,,,
raw_q53_ADMINISTRATIVE_FINE_COMPLY_WITH_DATA_SUBJECT_REQUESTS_BRING_PROCESSING_INTO_COMPLIANCE,raw_q53,Other,categorical,1.0,0.026595744680851064,0.025888411045722048,,,
raw_q53_ADMINISTRATIVE_FINE_BRING_PROCESSING_INTO_COMPLIANCE_1,raw_q53,Other,categorical,1.0,0.007978723404255319,0.007915063377093709,,,
raw_q53_ADMINISTRATIVE_FINE_COMPLY_WITH_DATA_SUBJECT_REQUESTS_1,raw_q53,Other,categorical,1.0,0.02925531914893617,0.028399445450430057,,,
raw_q53_ADMINISTRATIVE_FINE_COMPLY_WITH_DATA_SUBJECT_REQUESTS_BRING_PROCESSING_INTO_COMPLIANCE_1,raw_q53,Other,categorical,1.0,0.07446808510638298,0.06892258940697146,,,
raw_q53_ADMINISTRATIVE_FINE_COMPLY_WITH_DATA_SUBJECT_REQUESTS_BRING_PROCESSING_INTO_COMPLIANCE_LIMITATION_PROHIBITION_OF_PROCESSING,raw_q53,Other,categorical,1.0,0.0026595744680851063,0.002652501131733817,,,
raw_q53_ADMINISTRATIVE_FINE_COMPLY_WITH_DATA_SUBJECT_REQUESTS_BRING_PROCESSING_INTO_COMPLIANCE_RECTIFICATION_ERASURE_RESTRICTION,raw_q53,Other,categorical,1.0,0.0026595744680851063,0.002652501131733817,,,
raw_q53_ADMINISTRATIVE_FINE_DATA_DELETION_ORDER,raw_q53,Other,categorical,1.0,0.0026595744680851063,0.002652501131733817,,,
raw_q53_ADMINISTRATIVE_FINE_LIMITATION_PROHIBITION_OF_PROCESSING,raw_q53,Other,categorical,1.0,0.005319148936170213,0.0052908555907650485,,,
raw_q53_ADMINISTRATIVE_FINE_REPRIMAND_COMPLY_WITH_DATA_SUBJECT_REQUESTS_BRING_PROCESSING_INTO_COMPLIANCE,raw_q53,Other,categorical,1.0,0.0026595744680851063,0.002652501131733817,,,
raw_q53_BRING_PROCESSING_INTO_COMPLIANCE_LIMITATION_PROHIBITION_OF_PROCESSING,raw_q53,Other,categorical,1.0,0.0026595744680851063,0.002652501131733817,,,
raw_q53_BRING_PROCESSING_INTO_COMPLIANCE_RECTIFICATION_ERASURE_RESTRICTION,raw_q53,Other,categorical,1.0,0.0026595744680851063,0.002652501131733817,,,
raw_q53_COMPLY_WITH_DATA_SUBJECT_REQUESTS,raw_q53,Other,categorical,1.0,0.018617021276595744,0.01827042779538253,,,
raw_q53_COMPLY_WITH_DATA_SUBJECT_REQUESTS_BRING_PROCESSING_INTO_COMPLIANCE_ADMINISTRATIVE_FINE,raw_q53,Other,categorical,1.0,0.005319148936170213,0.00529085559076505,,,
raw_q53_COMPLY_WITH_DATA_SUBJECT_REQUESTS_BRING_PROCESSING_INTO_COMPLIANCE,raw_q53,Other,categorical,1.0,0.013297872340425532,0.013121038931643278,,,
raw_q53_COMPLY_WITH_DATA_SUBJECT_REQUESTS_BRING_PROCESSING_INTO_COMPLIANCE_LIMITATION_PROHIBITION_OF_PROCESSING,raw_q53,Other,categorical,1.0,0.0026595744680851063,0.002652501131733817,,,
raw_q53_LIMITATION_PROHIBITION_OF_PROCESSING,raw_q53,Other,categorical,1.0,0.007978723404255319,0.007915063377093707,,,
raw_q53_MISSING,raw_q53,Other,categorical,1.0,0.034574468085106384,0.03337907424173835,,,
raw_q53_NONE,raw_q53,Other,categorical,1.0,0.1356382978723404,0.11724055002263468,,,
raw_q53_NONE_DISCUSSED,raw_q53,Other,categorical,1.0,0.0026595744680851063,0.002652501131733817,,,
raw_q53_NOT_DISCUSSED,raw_q53,Other,categorical,1.0,0.007978723404255319,0.007915063377093709,,,
raw_q53_REPRIMAND,raw_q53,Other,categorical,1.0,0.05319148936170213,0.05036215482118605,,,
raw_q53_REPRIMAND_ADMINISTRATIVE_FINE,raw_q53,Other,categorical,1.0,0.0026595744680851063,0.002652501131733817,,,
raw_q53_REPRIMAND_ADMINISTRATIVE_FINE_BRING_PROCESSING_INTO_COMPLIANCE,raw_q53,Other,categorical,1.0,0.007978723404255319,0.007915063377093709,,,
raw_q53_REPRIMAND_ADMINISTRATIVE_FINE_COMPLY_WITH_DATA_SUBJECT_REQUESTS,raw_q53,Other,categorical,1.0,0.0026595744680851063,0.002652501131733817,,,
raw_q53_REPRIMAND_ADMINISTRATIVE_FINE_COMPLY_WITH_DATA_SUBJECT_REQUESTS_BRING_PROCESSING_INTO_COMPLIANCE,raw_q53,Other,categorical,1.0,0.010638297872340425,0.010525124490719785,,,
raw_q53_REPRIMAND_BRING_PROCESSING_INTO_COMPLIANCE,raw_q53,Other,categorical,1.0,0.005319148936170213,0.0052908555907650485,,,
raw_q53_REPRIMAND_COMPLY_WITH_DATA_SUBJECT_REQUESTS_BRING_PROCESSING_INTO_COMPLIANCE,raw_q53,Other,categorical,1.0,0.0026595744680851063,0.002652501131733817,,,
raw_q53_REPRIMAND_COMPLY_WITH_DATA_SUBJECT_REQUESTS_BRING_PROCESSING_INTO_COMPLIANCE_ADMINISTRATIVE_FINE,raw_q53,Other,categorical,1.0,0.013297872340425532,0.013121038931643278,,,
raw_q53_REPRIMAND_COMPLY_WITH_DATA_SUBJECT_REQUESTS_BRING_PROCESSING_INTO_COMPLIANCE_LIMITATION_PROHIBITION_OF_PROCESSING_ADMINISTRATIVE_FINE,raw_q53,Other,categorical,1.0,0.005319148936170213,0.005290855590765049,,,
raw_q53_REPRIMAND_COMPLY_WITH_DATA_SUBJECT_REQUESTS_BRING_PROCESSING_INTO_COMPLIANCE_LIMITATION_PROHIBITION_OF_PROCESSING_RECTIFICATION_ERASURE_RESTRICTION_ADMINISTRATIVE_FINE,raw_q53,Other,categorical,1.0,0.0026595744680851063,0.002652501131733817,,,
raw_q53_REPRIMAND_ADMINISTRATIVE_FINE_BRING_PROCESSING_INTO_COMPLIANCE_1,raw_q53,Other,categorical,1.0,0.005319148936170213,0.00529085559076505,,,
raw_q53_REPRIMAND_BRING_PROCESSING_INTO_COMPLIANCE_1,raw_q53,Other,categorical,1.0,0.0026595744680851063,0.002652501131733817,,,
raw_q53_REPRIMAND_COMPLY_WITH_DATA_SUBJECT_REQUESTS_BRING_PROCESSING_INTO_COMPLIANCE_1,raw_q53,Other,categorical,1.0,0.010638297872340425,0.010525124490719785,,,
raw_q53_REPRIMAND_COMPLY_WITH_DATA_SUBJECT_REQUESTS_BRING_PROCESSING_INTO_COMPLIANCE_ADMINISTRATIVE_FINE_1,raw_q53,Other,categorical,1.0,0.005319148936170213,0.005290855590765051,,,
raw_q53_WARNING,raw_q53,Other,categorical,1.0,0.02925531914893617,0.028399445450430067,,,
raw_q53_WARNING_ADMINISTRATIVE_FINE,raw_q53,Other,categorical,1.0,0.0026595744680851063,0.002652501131733817,,,
raw_q53_WARNING_REPRIMAND_BRING_PROCESSING_INTO_COMPLIANCE_ADMINISTRATIVE_FINE,raw_q53,Other,categorical,1.0,0.0026595744680851063,0.002652501131733817,,,
raw_q53_WARNING_REPRIMAND_COMPLY_WITH_DATA_SUBJECT_REQUESTS_BRING_PROCESSING_INTO_COMPLIANCE,raw_q53,Other,categorical,1.0,0.0026595744680851063,0.002652501131733817,,,
raw_q53_WARNING_REPRIMAND_COMPLY_WITH_DATA_SUBJECT_REQUESTS_BRING_PROCESSING_INTO_COMPLIANCE_ADMINISTRATIVE_FINE,raw_q53,Other,categorical,1.0,0.005319148936170213,0.005290855590765049,,,
raw_q53_WARNING_REPRIMAND_LIMITATION_PROHIBITION_OF_PROCESSING_RECTIFICATION_ERASURE_RESTRICTION,raw_q53,Other,categorical,1.0,0.0026595744680851063,0.002652501131733817,,,
raw_q53_WARNING_ADMINISTRATIVE_FINE_1,raw_q53,Other,categorical,1.0,0.0026595744680851063,0.002652501131733817,,,
raw_q53_WARNING_ADMINISTRATIVE_FINE_COMPLY_WITH_DATA_SUBJECT_REQUESTS_BRING_PROCESSING_INTO_COMPLIANCE,raw_q53,Other,categorical,1.0,0.005319148936170213,0.00529085559076505,,,
raw_q53_WARNING_BRING_PROCESSING_INTO_COMPLIANCE,raw_q53,Other,categorical,1.0,0.0026595744680851063,0.002652501131733817,,,
raw_q53_WARNING_COMPLY_WITH_DATA_SUBJECT_REQUESTS_BRING_PROCESSING_INTO_COMPLIANCE,raw_q53,Other,categorical,1.0,0.013297872340425532,0.013121038931643278,,,
raw_q53_WARNING_REPRIMAND,raw_q53,Other,categorical,1.0,0.010638297872340425,0.010525124490719785,,,
raw_q53_WARNING_REPRIMAND_ADMINISTRATIVE_FINE_COMPLY_WITH_DATA_SUBJECT_REQUESTS,raw_q53,Other,categorical,1.0,0.0026595744680851063,0.002652501131733817,,,
raw_q53_WARNING_REPRIMAND_BRING_PROCESSING_INTO_COMPLIANCE,raw_q53,Other,categorical,1.0,0.010638297872340425,0.010525124490719785,,,
raw_q53_WARNING_REPRIMAND_COMPLY_WITH_DATA_SUBJECT_REQUESTS_BRING_PROCESSING_INTO_COMPLIANCE_1,raw_q53,Other,categorical,1.0,0.005319148936170213,0.00529085559076505,,,
raw_q54_COMPLETE_PROCESSING_BAN,raw_q54,Other,categorical,1.0,0.007978723404255319,0.007915063377093709,,,
raw_q54_DATA_CATEGORY_LIMITATION,raw_q54,Other,categorical,1.0,0.0026595744680851063,0.002652501131733817,,,
raw_q54_MISSING,raw_q54,Other,categorical,1.0,0.034574468085106384,0.03337907424173835,,,
raw_q54_NOT_APPLICABLE,raw_q54,Other,categorical,1.0,0.9175531914893617,0.07564933227704844,,,
raw_q54_NOT_DISCUSSED,raw_q54,Other,categorical,1.0,0.007978723404255319,0.007915063377093709,,,
raw_q54_SPECIFIC_PURPOSE_LIMITATION,raw_q54,Other,categorical,1.0,0.015957446808510637,0.015702806699864187,,,
raw_q54_SPECIFIC_PURPOSE_LIMITATION_DATA_CATEGORY_LIMITATION,raw_q54,Other,categorical,1.0,0.0026595744680851063,0.002652501131733817,,,
raw_q54_SPECIFIC_PURPOSE_LIMITATION_DATA_CATEGORY_LIMITATION_1,raw_q54,Other,categorical,1.0,0.0026595744680851063,0.002652501131733817,,,
raw_q54_SPECIFIC_PURPOSE_LIMITATION_GEOGRAPHICAL_LIMITATION,raw_q54,Other,categorical,1.0,0.0026595744680851063,0.002652501131733817,,,
raw_q54_TEMPORAL_LIMITATION,raw_q54,Other,categorical,1.0,0.005319148936170213,0.00529085559076505,,,
raw_q55_1_TO_6_MONTHS,raw_q55,Other,categorical,1.0,0.0398936170212766,0.0383021163422363,,,
raw_q55_IMMEDIATE,raw_q55,Other,categorical,1.0,0.05319148936170213,0.05036215482118606,,,
raw_q55_MISSING,raw_q55,Other,categorical,1.0,0.034574468085106384,0.03337907424173835,,,
raw_q55_NOT_APPLICABLE,raw_q55,Other,categorical,1.0,0.6382978723404256,0.23087369850611136,,,
raw_q55_NOT_DISCUSSED,raw_q55,Other,categorical,1.0,0.007978723404255319,0.007915063377093709,,,
raw_q55_NO_DEADLINE_SPECIFIED,raw_q55,Other,categorical,1.0,0.047872340425531915,0.045580579447713904,,,
raw_q55_WITHIN_MONTH,raw_q55,Other,categorical,1.0,0.17819148936170212,0.14643928248076052,,,
raw_q56_ACCESS,raw_q56,Other,categorical,1.0,0.07180851063829788,0.06665204843820735,,,
raw_q56_ACCESS_ERASURE_INFORMATION_OBLIGATIONS,raw_q56,Other,categorical,1.0,0.005319148936170213,0.00529085559076505,,,
raw_q56_ACCESS_ERASURE_OBJECTION_INFORMATION_OBLIGATIONS,raw_q56,Other,categorical,1.0,0.0026595744680851063,0.002652501131733817,,,
raw_q56_ACCESS_INFORMATION_OBLIGATIONS,raw_q56,Other,categorical,1.0,0.007978723404255319,0.00791506337709371,,,
raw_q56_ACCESS_RECTIFICATION_ERASURE_RESTRICTION_OF_PROCESSING_DATA_PORTABILITY_OBJECTION_INFORMATION_OBLIGATIONS,raw_q56,Other,categorical,1.0,0.0026595744680851063,0.002652501131733817,,,
raw_q56_ACCESS_RECTIFICATION_ERASURE_RESTRICTION_OF_PROCESSING_OBJECTION_INFORMATION_OBLIGATIONS,raw_q56,Other,categorical,1.0,0.0026595744680851063,0.002652501131733817,,,
raw_q56_ACCESS_ERASURE,raw_q56,Other,categorical,1.0,0.005319148936170213,0.0052908555907650485,,,
raw_q56_ACCESS_ERASURE_INFORMATION_OBLIGATIONS_1,raw_q56,Other,categorical,1.0,0.0026595744680851063,0.002652501131733817,,,
raw_q56_ACCESS_OBJECTION_INFORMATION_OBLIGATIONS,raw_q56,Other,categorical,1.0,0.0026595744680851063,0.002652501131733817,,,
raw_q56_ACCESS_RECTIFICATION_ERASURE_RESTRICTION_OF_PROCESSING_DATA_PORTABILITY_OBJECTION_AUTOMATED_DECISION_MAKING_INFORMATION_OBLIGATIONS,raw_q56,Other,categorical,1.0,0.0026595744680851063,0.002652501131733817,,,
raw_q56_ERASURE,raw_q56,Other,categorical,1.0,0.04521276595744681,0.04316857175192394,,,
raw_q56_ERASURE_INFORMATION_OBLIGATIONS,raw_q56,Other,categorical,1.0,0.005319148936170213,0.005290855590765049,,,
raw_q56_ERASURE_INFORMATION_OBLIGATIONS_1,raw_q56,Other,categorical,1.0,0.015957446808510637,0.01570280669986419,,,
raw_q56_INFORMATION_OBLIGATIONS,raw_q56,Other,categorical,1.0,0.3670212765957447,0.23231665912177452,,,
raw_q56_INFORMATION_OBLIGATIONS_OBJECTION,raw_q56,Other,categorical,1.0,0.0026595744680851063,0.002652501131733817,,,
raw_q56_MISSING,raw_q56,Other,categorical,1.0,0.034574468085106384,0.03337907424173835,,,
raw_q56_NONE_DISCUSSED,raw_q56,Other,categorical,1.0,0.2978723404255319,0.20914440923494793,,,
raw_q56_NOT_APPLICABLE,raw_q56,Other,categorical,1.0,0.02127659574468085,0.02082390221819828,,,
raw_q56_NOT_DISCUSSED,raw_q56,Other,categorical,1.0,0.06648936170212766,0.0620685264825713,,,
raw_q56_NOT_MENTIONED,raw_q56,Other,categorical,1.0,0.023936170212765957,0.02336322996831146,,,
raw_q56_OBJECTION,raw_q56,Other,categorical,1.0,0.005319148936170213,0.005290855590765049,,,
raw_q56_OBJECTION_INFORMATION_OBLIGATIONS,raw_q56,Other,categorical,1.0,0.0026595744680851063,0.002652501131733817,,,
raw_q56_RECTIFICATION,raw_q56,Other,categorical,1.0,0.0026595744680851063,0.002652501131733817,,,
raw_q56_RECTIFICATION_INFORMATION_OBLIGATIONS,raw_q56,Other,categorical,1.0,0.0026595744680851063,0.002652501131733817,,,
raw_q57_ACCESS,raw_q57,Other,categorical,1.0,0.04521276595744681,0.04316857175192394,,,
raw_q57_ACCESS_ERASURE_INFORMATION_OBLIGATIONS,raw_q57,Other,categorical,1.0,0.007978723404255319,0.007915063377093709,,,
raw_q57_ACCESS_ERASURE_OBJECTION,raw_q57,Other,categorical,1.0,0.0026595744680851063,0.002652501131733817,,,
raw_q57_ACCESS_INFORMATION_OBLIGATIONS,raw_q57,Other,categorical,1.0,0.007978723404255319,0.00791506337709371,,,
raw_q57_ACCESS_ERASURE,raw_q57,Other,categorical,1.0,0.0026595744680851063,0.002652501131733817,,,
raw_q57_ERASURE,raw_q57,Other,categorical,1.0,0.034574468085106384,0.03337907424173835,,,
raw_q57_ERASURE_INFORMATION_OBLIGATIONS,raw_q57,Other,categorical,1.0,0.013297872340425532,0.013121038931643278,,,
raw_q57_INFORMATION_OBLIGATIONS,raw_q57,Other,categorical,1.0,0.2765957446808511,0.20009053870529647,,,
raw_q57_INFORMATION_OBLIGATIONS_OBJECTION,raw_q57,Other,categorical,1.0,0.0026595744680851063,0.002652501131733817,,,
raw_q57_MISSING,raw_q57,Other,categorical,1.0,0.034574468085106384,0.03337907424173835,,,
raw_q57_NONE_DISCUSSED,raw_q57,Other,categorical,1.0,0.04521276595744681,0.043168571751923936,,,
raw_q57_NONE_VIOLATED,raw_q57,Other,categorical,1.0,0.34574468085106386,0.22620529651425983,,,
raw_q57_NOT_APPLICABLE,raw_q57,Other,categorical,1.0,0.02127659574468085,0.02082390221819828,,,
raw_q57_NOT_DETERMINED,raw_q57,Other,categorical,1.0,0.06648936170212766,0.06206852648257131,,,
raw_q57_NOT_DISCUSSED,raw_q57,Other,categorical,1.0,0.061170212765957445,0.057428417836124936,,,
raw_q57_NOT_MENTIONED,raw_q57,Other,categorical,1.0,0.018617021276595744,0.01827042779538253,,,
raw_q57_OBJECTION,raw_q57,Other,categorical,1.0,0.007978723404255319,0.007915063377093709,,,
raw_q57_OBJECTION_INFORMATION_OBLIGATIONS,raw_q57,Other,categorical,1.0,0.0026595744680851063,0.002652501131733817,,,
raw_q57_RECTIFICATION_INFORMATION_OBLIGATIONS,raw_q57,Other,categorical,1.0,0.0026595744680851063,0.002652501131733817,,,
raw_q58_EXCESSIVE_DELAY,raw_q58,Other,categorical,1.0,0.018617021276595744,0.01827042779538253,,,
raw_q58_EXCESSIVE_DELAY_INADEQUATE_RESPONSE,raw_q58,Other,categorical,1.0,0.02127659574468085,0.02082390221819828,,,
raw_q58_EXCESSIVE_DELAY_INADEQUATE_RESPONSE_1,raw_q58,Other,categorical,1.0,0.023936170212765957,0.023363229968311458,,,
raw_q58_EXCESSIVE_DELAY_INADEQUATE_RESPONSE_SCOPE_LIMITATIONS,raw_q58,Other,categorical,1.0,0.0026595744680851063,0.002652501131733817,,,
raw_q58_INADEQUATE_RESPONSE,raw_q58,Other,categorical,1.0,0.023936170212765957,0.023363229968311458,,,
raw_q58_INADEQUATE_RESPONSE_SCOPE_LIMITATIONS,raw_q58,Other,categorical,1.0,0.0026595744680851063,0.002652501131733817,,,
raw_q58_INADEQUATE_RESPONSE_IDENTITY_VERIFICATION_ISSUES,raw_q58,Other,categorical,1.0,0.0026595744680851063,0.002652501131733817,,,
raw_q58_MISSING,raw_q58,Other,categorical,1.0,0.034574468085106384,0.03337907424173835,,,
raw_q58_NOT_APPLICABLE,raw_q58,Other,categorical,1.0,0.8563829787234043,0.12299117247623358,,,
raw_q58_NOT_DISCUSSED,raw_q58,Other,categorical,1.0,0.007978723404255319,0.007915063377093709,,,
raw_q58_NO_ISSUES_FOUND,raw_q58,Other,categorical,1.0,0.005319148936170213,0.005290855590765049,,,
raw_q59_MISSING,raw_q59,Other,categorical,1.0,0.034574468085106384,0.03337907424173835,,,
raw_q59_NOT_APPLICABLE,raw_q59,Other,categorical,1.0,0.9521276595744681,0.04558057944771389,,,
raw_q59_NOT_DISCUSSED,raw_q59,Other,categorical,1.0,0.007978723404255319,0.007915063377093709,,,
raw_q59_NO_EXPLANATION_PROVIDED,raw_q59,Other,categorical,1.0,0.0026595744680851063,0.002652501131733817,,,
raw_q59_PROFILING_WITHOUT_CONSENT_NO_EXPLANATION_PROVIDED,raw_q59,Other,categorical,1.0,0.0026595744680851063,0.002652501131733817,,,
raw_q60_MISSING,raw_q60,Other,categorical,1.0,0.034574468085106384,0.03337907424173835,,,
raw_q60_NOT_DISCUSSED,raw_q60,Other,categorical,1.0,0.898936170212766,0.090849932095971,,,
raw_q60_NO_REQUIREMENT,raw_q60,Other,categorical,1.0,0.013297872340425532,0.013121038931643274,,,
raw_q60_YES_REQUIRED_AND_APPOINTED,raw_q60,Other,categorical,1.0,0.031914893617021274,0.030896333182435495,,,
raw_q60_YES_REQUIRED_NOT_APPOINTED,raw_q60,Other,categorical,1.0,0.018617021276595744,0.01827042779538253,,,
raw_q60_YES_VOLUNTARY_APPOINTMENT,raw_q60,Other,categorical,1.0,0.0026595744680851063,0.002652501131733817,,,
raw_q61_INADEQUATE_INVOLVEMENT,raw_q61,Other,categorical,1.0,0.005319148936170213,0.0052908555907650485,,,
raw_q61_MISSING,raw_q61,Other,categorical,1.0,0.034574468085106384,0.03337907424173835,,,
raw_q61_NOT_APPLICABLE,raw_q61,Other,categorical,1.0,0.9042553191489362,0.08657763693979177,,,
raw_q61_NOT_DISCUSSED,raw_q61,Other,categorical,1.0,0.007978723404255319,0.007915063377093709,,,
raw_q61_NO_DPO_APPOINTED,raw_q61,Other,categorical,1.0,0.013297872340425532,0.01312103893164328,,,
raw_q61_NO_DPO_APPOINTED_INADEQUATE_INVOLVEMENT,raw_q61,Other,categorical,1.0,0.0026595744680851063,0.002652501131733817,,,
raw_q61_NO_DPO_APPOINTED_LACK_OF_RESOURCES,raw_q61,Other,categorical,1.0,0.0026595744680851063,0.002652501131733817,,,
raw_q61_NO_ISSUES_FOUND,raw_q61,Other,categorical,1.0,0.02925531914893617,0.028399445450430067,,,
raw_q62_CONCERNED_AUTHORITY_CASE,raw_q62,Other,categorical,1.0,0.010638297872340425,0.010525124490719785,,,
raw_q62_LEAD_SUPERVISORY_AUTHORITY_CASE,raw_q62,Other,categorical,1.0,0.06648936170212766,0.0620685264825713,,,
raw_q62_MISSING,raw_q62,Other,categorical,1.0,0.034574468085106384,0.03337907424173835,,,
raw_q62_NOT_DISCUSSED,raw_q62,Other,categorical,1.0,0.007978723404255319,0.007915063377093709,,,
raw_q62_SINGLE_JURISDICTION_DOMESTIC,raw_q62,Other,categorical,1.0,0.8643617021276596,0.1172405500226347,,,
raw_q62_UNCLEAR,raw_q62,Other,categorical,1.0,0.015957446808510637,0.015702806699864184,,,
raw_q63_MISSING,raw_q63,Other,categorical,1.0,0.034574468085106384,0.03337907424173835,,,
raw_q63_NOT_DISCUSSED,raw_q63,Other,categorical,1.0,0.9308510638297872,0.06436736079674059,,,
raw_q63_YES_COMPLIANT_TRANSFERS,raw_q63,Other,categorical,1.0,0.0026595744680851063,0.002652501131733817,,,
raw_q63_YES_MENTIONED_NO_ASSESSMENT,raw_q63,Other,categorical,1.0,0.02127659574468085,0.02082390221819828,,,
raw_q63_YES_VIOLATIONS_FOUND,raw_q63,Other,categorical,1.0,0.010638297872340425,0.010525124490719785,,,
raw_q64_MISSING,raw_q64,Other,categorical,1.0,0.034574468085106384,0.03337907424173835,,,
raw_q64_NOT_APPLICABLE,raw_q64,Other,categorical,1.0,0.9468085106382979,0.05036215482118604,,,
raw_q64_NOT_DISCUSSED,raw_q64,Other,categorical,1.0,0.007978723404255319,0.007915063377093709,,,
raw_q64_NO_ADEQUATE_SAFEGUARDS,raw_q64,Other,categorical,1.0,0.007978723404255319,0.007915063377093709,,,
raw_q64_NO_ADEQUATE_SAFEGUARDS_SCHREMS_II_ISSUES,raw_q64,Other,categorical,1.0,0.0026595744680851063,0.002652501131733817,,,
raw_q65_MISSING,raw_q65,Other,categorical,1.0,0.034574468085106384,0.03337907424173835,,,
raw_q65_NOT_DISCUSSED,raw_q65,Other,categorical,1.0,0.007978723404255319,0.007915063377093709,,,
raw_q65_ROUTINE_APPLICATION,raw_q65,Other,categorical,1.0,0.9228723404255319,0.07117898370303304,,,
raw_q65_UNCLEAR,raw_q65,Other,categorical,1.0,0.015957446808510637,0.015702806699864184,,,
raw_q65_YES_CLARIFIES_EXISTING_LAW,raw_q65,Other,categorical,1.0,0.018617021276595744,0.01827042779538253,,,
raw_q66_MISSING,raw_q66,Other,categorical,1.0,0.034574468085106384,0.03337907424173835,,,
raw_q66_NOT_DISCUSSED,raw_q66,Other,categorical,1.0,0.010638297872340425,0.010525124490719785,,,
raw_q66_NO_REFERENCES,raw_q66,Other,categorical,1.0,0.598404255319149,0.24031660253508375,,,
raw_q66_UNCLEAR,raw_q66,Other,categorical,1.0,0.010638297872340425,0.010525124490719785,,,
raw_q66_YES_EXTENSIVE_REFERENCES,raw_q66,Other,categorical,1.0,0.005319148936170213,0.00529085559076505,,,
raw_q66_YES_SOME_REFERENCES,raw_q66,Other,categorical,1.0,0.3404255319148936,0.22453598913535538,,,
raw_q67_ARTICLE_29_Guidelines_on_Data_Protection_Impact_Assessment_DPIA_wp248rev_01,raw_q67,Other,categorical,1.0,0.0026595744680851063,0.002652501131733817,,,
raw_q67_Answer_68_AEPD_initiated_sanctioning_procedure_based_on_Torrevieja_Municipal_Police_inspection_of_UNIQUE_HOTEL_APARTMENT_S_L_on_15_05_2023_revealing_scanned_client_DNI_documents_in_registration_book_without_numerical_annotations_or_reporting_to_security_forces_Violation_of_GDPR_Article_5_1_c_data_minimisation_confirmed_as_full_ID_scans_exceed_requirements_under_Organic_Law_4_2015_and_Order_INT_1922_2003_for_traveler_registration_Fine_of_2000_EUR_imposed_under_Article_83_5_entity_ordered_to_adapt_client_data_management_within_one_month,raw_q67,Other,categorical,1.0,0.0026595744680851063,0.002652501131733817,,,
raw_q67_Answer_68_AMEX_sent_4M_marketing_emails_without_consent_over_12_months_misclassifying_them_as_servicing_ICO_fined_90k_for_PECR_breach_citing_negligence_and_financial_benefit_with_mitigation_for_corrective_actions,raw_q67,Other,categorical,1.0,0.0026595744680851063,0.002652501131733817,,,
raw_q67_Answer_68_BBVA_bank_employee_erroneously_attached_a_third_party_s_account_contract_to_a_customer_via_app_chat_exposing_personal_data_Spanish_DPA_found_violations_of_GDPR_Articles_5_1_f_and_32_imposing_a_80_000_fine_reduced_to_48_000_due_to_voluntary_payment_and_acknowledgment_of_responsibility_Case_terminated_upon_payment,raw_q67,Other,categorical,1.0,0.0026595744680851063,0.002652501131733817,,,
raw_q67_Answer_68_Banco_Cetelem_processed_complainant_s_bank_account_data_without_lawful_basis_charged_debts_to_wrong_account_over_multiple_months_failed_to_fully_erase_data_after_request_and_transferred_data_to_third_party_Fined_150_000_for_Article_6_and_17_violations_with_compliance_order_to_rectify_processing_within_3_months,raw_q67,Other,categorical,1.0,0.0026595744680851063,0.002652501131733817,,,
raw_q67_Answer_68_Claimant_alleged_Niantic_violated_GDPR_by_sharing_location_data_with_players_using_GPS_spoofing_Spanish_DPA_investigated_and_archived_the_case_finding_Niantic_obtained_proper_consent_and_had_mechanisms_to_address_cheating_with_no_GDPR_violations_identified,raw_q67,Other,categorical,1.0,0.0026595744680851063,0.002652501131733817,,,
raw_q67_Answer_68_Claimant_filed_complaint_on_May_21_2020_against_Burgos_City_Council_for_lacking_DPO_AEPD_initiated_sanctioning_procedure_November_17_2020_for_Article_37_GDPR_violation_council_contracted_external_service_August_18_2020_but_failed_to_appoint_and_notify_DPO_AEPD_issued_warning_and_ordered_DPO_appointment_within_2_months_citing_public_body_rules_under_LOPDGDD_Article_77_allowing_non_monetary_sanctions,raw_q67,Other,categorical,1.0,0.0026595744680851063,0.002652501131733817,,,
raw_q67_Answer_68_Claimant_reported_manipulated_images_of_minor_daughter_on_pornographic_site_AEPD_investigated_but_could_not_identify_infringing_party_content_removed_promptly_case_filed_with_no_violations_found,raw_q67,Other,categorical,1.0,0.0026595744680851063,0.002652501131733817,,,
raw_q67_Answer_68_Clyde_Valley_Housing_Association_reprimanded_for_a_security_breach_when_a_customer_portal_exposed_residents_personal_data_due_to_a_technical_failure_data_was_accessible_for_5_days_after_initial_report_until_suspension,raw_q67,Other,categorical,1.0,0.0026595744680851063,0.002652501131733817,,,
raw_q67_Answer_68_Complaint_against_clinic_for_using_surgeon_s_image_without_consent_DPA_found_valid_consent_via_signed_contract_case_filed_with_no_violation_or_fine,raw_q67,Other,categorical,1.0,0.0026595744680851063,0.002652501131733817,,,
raw_q67_Answer_68_Curenerg_a_unlawfully_transferred_complainant_s_personal_data_to_Iberdrola_Clientes_without_legal_basis_due_to_salesperson_error_DPA_imposed_60_000_fine_after_reductions_for_acknowledgment_and_payment_citing_violation_of_Article_6_GDPR,raw_q67,Other,categorical,1.0,0.0026595744680851063,0.002652501131733817,,,
raw_q67_Answer_68_EasyJet_violated_Article_15_GDPR_by_failing_to_respond_to_a_data_subject_access_request_within_the_required_one_month_period_taking_nearly_four_months_The_Spanish_DPA_imposed_an_8_000_fine_after_a_voluntary_payment_reduction_citing_the_violation_duration_as_aggravating_but_cooperation_and_compliance_as_mitigating,raw_q67,Other,categorical,1.0,0.0026595744680851063,0.002652501131733817,,,
raw_q67_Answer_68_Enel_Energie_Muntenia_SA_fined_3000_for_Article_32_violation_inadequate_security_measures_led_to_email_disclosure_of_client_data_to_wrong_recipient_compliance_order_issued_to_implement_measures_within_30_days,raw_q67,Other,categorical,1.0,0.0026595744680851063,0.002652501131733817,,,
raw_q67_Answer_68_Farmacia_Ardealul_SRL_fined_2_500_for_GDPR_Article_32_security_breach_due_to_malware_on_website_compromising_customer_bank_data_corrective_order_to_implement_security_testing_plan,raw_q67,Other,categorical,1.0,0.0026595744680851063,0.002652501131733817,,,
raw_q67_Answer_68_ING_Bank_Bucharest_Branch_fined_3000_for_GDPR_Article_32_violation_after_unauthorized_WhatsApp_transmission_of_customer_data_file_lacking_adequate_security_measures,raw_q67,Other,categorical,1.0,0.0026595744680851063,0.002652501131733817,,,
raw_q67_Answer_68_Iberdrola_Clientes_SAU_violated_GDPR_Article_5_1_f_security_principle_when_a_third_party_received_claimant_s_invoice_with_personal_data_fine_reduced_to_24_000_after_acknowledgment_and_payment,raw_q67,Other,categorical,1.0,0.0026595744680851063,0.002652501131733817,,,
raw_q67_Answer_68_Iberia_airline_fined_20_000_for_processing_personal_data_without_legal_basis_after_data_subject_withdrew_consent_and_requested_deletion_with_aggravating_factors_of_negligence_and_previous_similar_infringement,raw_q67,Other,categorical,1.0,0.0026595744680851063,0.002652501131733817,,,
raw_q67_Answer_68_Klarna_Bank_AB_received_two_cross_border_access_requests_one_was_delayed_over_5_months_violating_Article_12_3_IMY_issued_a_reprimand_under_Article_58_2_b_considering_it_a_minor_infringement_with_no_fine_imposed,raw_q67,Other,categorical,1.0,0.0026595744680851063,0.002652501131733817,,,
raw_q67_Answer_68_Law_firm_LVCENTVM_LEGAL_S_L_obtained_personal_data_via_court_order_for_IP_infringement_claims_but_failed_to_fully_inform_data_subjects_per_Article_14_GDPR_DPA_issued_a_warning_considering_SME_status_and_remediation,raw_q67,Other,categorical,1.0,0.0026595744680851063,0.002652501131733817,,,
raw_q67_Answer_68_Norfolk_County_Council_failed_to_respond_to_251_of_511_subject_access_requests_within_statutory_deadlines_over_one_year_ICO_issued_reprimand_due_to_COVID_19_mitigating_factors_and_remedial_actions_requiring_compliance_improvements_within_six_months,raw_q67,Other,categorical,1.0,0.0026595744680851063,0.002652501131733817,,,
raw_q67_Answer_68_Orange_Espa_a_processed_claimant_s_phone_line_portability_without_verifying_identity_enabling_fraud_leading_to_unauthorized_bank_transfers_AEPD_found_Article_6_violation_imposed_30_000_fine_after_reductions_for_acknowledgment_and_payment,raw_q67,Other,categorical,1.0,0.0026595744680851063,0.002652501131733817,,,
raw_q67_Answer_68_Orange_Romania_SA_fined_40_000_EUR_for_GDPR_violations_failed_to_properly_handle_data_erasure_requests_Art_12_17_and_excessively_collected_stored_personal_data_including_identity_documents_beyond_necessity_Art_5_6_7_Corrective_measures_included_immediate_data_deletion_and_compliance_improvements,raw_q67,Other,categorical,1.0,0.0026595744680851063,0.002652501131733817,,,
raw_q67_Answer_68_Polish_DPA_UODO_investigated_telecom_firm_V_M_P_Sp_z_o_o_after_self_reported_Dec_2019_breach_where_vulnerability_in_prepaid_registration_system_allowed_unauthorized_access_to_114_963_subscribers_data_names_PESEL_IDs_phone_numbers_Violations_of_Arts_5_1_f_5_2_25_1_32_1_b_d_32_2_due_to_inadequate_security_measures_lack_of_regular_testing_evaluation_superficial_risk_analysis_and_failure_to_verify_system_validation_enabling_external_cyber_attack_Imposed_460_000_EUR_fine_for_gross_negligence_and_high_risk_to_data_subjects_mitigated_by_cooperation_notifications_and_post_breach_ISO_27001_27701_certifications_with_system_fixes,raw_q67,Other,categorical,1.0,0.0026595744680851063,0.002652501131733817,,,
raw_q67_Answer_68_Raiffeisen_Bank_S_A_fined_20_000_for_GDPR_Article_32_security_violations_after_employees_illegally_accessed_and_disclosed_customer_data_over_years_leading_to_financial_harm_corrective_orders_include_implementing_procedural_plans_and_employee_training,raw_q67,Other,categorical,1.0,0.0026595744680851063,0.002652501131733817,,,
raw_q67_Answer_68_Romanian_DPA_fined_AG_BROKER_ASIGURARE_S_R_L_5_000_EUR_for_Article_32_security_violation_after_a_cyber_attack_exposed_customer_personal_data_due_to_inadequate_network_storage_access_controls,raw_q67,Other,categorical,1.0,0.0026595744680851063,0.002652501131733817,,,
raw_q67_Answer_68_Romanian_DPA_fined_BCR_5000_EUR_for_Article_32_security_violations_inadequate_measures_led_to_employee_using_personal_phone_and_WhatsApp_to_collect_and_transmit_customer_ID_copies_including_minors_data,raw_q67,Other,categorical,1.0,0.0026595744680851063,0.002652501131733817,,,
raw_q67_Answer_68_Romanian_DPA_fined_Modaone_SRL_2000_EUR_for_violating_Articles_12_and_13_by_failing_to_provide_complete_data_processing_information_and_imposing_excessive_conditions_for_rights_exercise_with_corrective_orders_to_obtain_consent_for_marketing_and_update_website_terms,raw_q67,Other,categorical,1.0,0.0026595744680851063,0.002652501131733817,,,
raw_q67_Answer_68_Romanian_DPA_fined_S_C_Type_Top_Food_Industry_5000_EUR_for_excessive_video_surveillance_of_employees_in_locker_rooms_and_dining_area_under_theft_prevention_purpose_violated_data_minimization_and_accountability_principles_consent_invalid_due_to_employer_power_imbalance_no_other_legal_basis_ordered_compliance_measures_to_limit_camera_angles_and_ensure_data_minimization,raw_q67,Other,categorical,1.0,0.0026595744680851063,0.002652501131733817,,,
raw_q67_Answer_68_Romanian_DPA_fined_Sector_1_of_Bucharest_Municipality_10_000_lei_approx_2_000_EUR_for_failing_to_respond_to_information_requests_and_comply_with_a_remedial_order_violating_Article_58_1_a_and_e_GDPR_due_to_non_cooperation_during_an_investigation_into_a_local_energy_program_s_data_handling,raw_q67,Other,categorical,1.0,0.0026595744680851063,0.002652501131733817,,,
raw_q67_Answer_68_Romanian_DPA_investigated_TAROM_airline_after_breach_notification_found_Article_32_GDPR_violations_for_inadequate_measures_allowing_unauthorized_employee_access_to_five_passengers_data_causing_confidentiality_loss_and_disclosure_Imposed_5_000_EUR_fine_and_ordered_review_update_of_measures_procedures_and_employee_training,raw_q67,Other,categorical,1.0,0.0026595744680851063,0.002652501131733817,,,
raw_q67_Answer_68_Slovenian_Information_Commissioner_issued_non_binding_opinion_on_employer_processing_of_employee_sick_leave_data_confirming_Article_6_1_c_legal_basis_under_national_employment_law_for_limited_information_movement_regimen_absence_duration_but_not_medical_diagnosis_with_reference_to_existing_guidelines,raw_q67,Other,categorical,1.0,0.0026595744680851063,0.002652501131733817,,,
raw_q67_Answer_68_Slovenian_Information_Commissioner_issued_non_binding_opinion_regarding_municipality_s_refusal_to_disclose_objectors_signatures_in_land_sale_process_confirmed_signatures_are_personal_data_but_did_not_assess_legality_of_processing_due_to_lack_of_inspection_procedure,raw_q67,Other,categorical,1.0,0.0026595744680851063,0.002652501131733817,,,
raw_q67_Answer_68_Spanish_DPA_archived_case_against_AUTOMOVILES_FERSAN_S_A_after_finding_no_GDPR_violation_defendant_used_claimant_s_data_legitimately_under_contract_basis_for_vehicle_purchase_where_claimant_was_co_owner_not_as_unauthorized_guarantor,raw_q67,Other,categorical,1.0,0.0026595744680851063,0.002652501131733817,,,
raw_q67_Answer_68_Spanish_DPA_archived_case_against_Cacabelos_City_Council_for_unauthorized_access_to_municipal_registry_data_by_a_council_member_in_early_2019_finding_security_violations_under_Article_5_1_f_GDPR_but_dismissing_due_to_statute_of_limitations_expiring_before_procedure_initiation,raw_q67,Other,categorical,1.0,0.0026595744680851063,0.002652501131733817,,,
raw_q67_Answer_68_Spanish_DPA_dismissed_complaint_against_local_police_for_photographing_ID_during_COVID_19_perimeter_control_finding_the_action_justified_under_public_security_laws_and_compliant_with_GDPR_security_requirements_using_official_equipment_with_subsequent_deletion,raw_q67,Other,categorical,1.0,0.0026595744680851063,0.002652501131733817,,,
raw_q67_Answer_68_Spanish_DPA_fined_AD735_DATA_MEDIA_ADVERTISING_S_L_15_000_for_failing_to_delete_complainant_s_data_after_erasure_request_under_GDPR_Article_17_and_sending_unsolicited_advertising_emails_without_consent_under_LSSI_Article_21_citing_lack_of_diligence_and_intentionality_as_aggravating_factors,raw_q67,Other,categorical,1.0,0.0026595744680851063,0.002652501131733817,,,
raw_q67_Answer_68_Spanish_DPA_fined_B_B_B_9000_for_publishing_claimant_s_photos_without_consent_Article_6_violation_and_inadequate_privacy_policy_Article_13_violation_Defendant_failed_to_respond_to_claims_or_provide_required_information,raw_q67,Other,categorical,1.0,0.0026595744680851063,0.002652501131733817,,,
raw_q67_Answer_68_Spanish_DPA_fined_CANARYCLICK_CONSULTING_SL_8_000_for_LSSI_cookie_violations_on_four_websites_lacking_proper_consent_mechanisms_and_imposed_warning_for_GDPR_Article_7_violation_due_to_generic_consent_collection_for_commercial_purposes_unrelated_to_contract_Defendant_required_to_comply_within_one_month,raw_q67,Other,categorical,1.0,0.0026595744680851063,0.002652501131733817,,,
raw_q67_Answer_68_Spanish_DPA_fined_CASER_24_000_for_modifying_insurance_policy_data_without_legal_basis_after_complaint_defendant_acknowledged_responsibility_and_paid_voluntarily_terminating_the_procedure,raw_q67,Other,categorical,1.0,0.0026595744680851063,0.002652501131733817,,,
raw_q67_Answer_68_Spanish_DPA_fined_FOURTH_PARTY_LOGISTICS_72_000_for_GDPR_Article_28_violations_subcontracting_without_proper_contracts_and_authorizations_as_a_processor_reduced_due_to_cooperation_and_voluntary_payment,raw_q67,Other,categorical,1.0,0.0026595744680851063,0.002652501131733817,,,
raw_q67_Answer_68_Spanish_DPA_fined_HAZTEOIR_ORG_4_000_for_publishing_brochure_with_names_photos_of_three_individuals_without_legal_basis_under_Article_6_GDPR_Defendant_removed_data_promptly_but_denied_responsibility_fine_reduced_via_voluntary_payment_procedure_Violation_involved_lack_of_transparency_and_lawful_processing_justification,raw_q67,Other,categorical,1.0,0.0026595744680851063,0.002652501131733817,,,
raw_q67_Answer_68_Spanish_DPA_fined_HIGHCLIFFE_ESTATES_MARBELLA_8_000_for_publishing_personal_data_without_legal_basis_Article_6_1_GDPR_and_issued_warning_for_outdated_privacy_policy_referencing_repealed_law_Article_13_Violations_discovered_via_complaint_Defendant_failed_to_cooperate_or_respond_to_proceedings,raw_q67,Other,categorical,1.0,0.0026595744680851063,0.002652501131733817,,,
raw_q67_Answer_68_Spanish_DPA_fined_INDECEMI_5_000_total_for_GDPR_security_breaches_3_000_for_Article_5_1_f_violation_confidentiality_principle_and_2_000_for_Article_32_violation_inadequate_security_measures_after_emailing_claimant_s_personal_data_to_wrong_recipient_affecting_two_individuals_defendant_did_not_cooperate_during_investigation,raw_q67,Other,categorical,1.0,0.0026595744680851063,0.002652501131733817,,,
raw_q67_Answer_68_Spanish_DPA_fined_JOKER_PREMIUM_INVEX_6_000_for_processing_personal_data_without_legal_basis_in_advertising_campaign_defendant_acknowledged_responsibility_cooperated_deleted_data_and_paid_voluntarily,raw_q67,Other,categorical,1.0,0.0026595744680851063,0.002652501131733817,,,
raw_q67_Answer_68_Spanish_DPA_fined_JUST_LANDED_S_L_3_000_for_LSSI_cookie_violations_no_consent_mechanism_and_issued_warning_for_GDPR_Article_13_violation_English_only_privacy_policy_Compliance_orders_required_Spanish_translation_and_proper_cookie_consent_within_one_month,raw_q67,Other,categorical,1.0,0.0026595744680851063,0.002652501131733817,,,
raw_q67_Answer_68_Spanish_DPA_fined_TOUR_PEOPLE_MAX_S_L_1_200_for_making_an_unsolicited_commercial_call_to_a_Robinson_list_registrant_without_consent_violating_GDPR_Article_21_the_company_paid_voluntarily_terminating_the_procedure,raw_q67,Other,categorical,1.0,0.0026595744680851063,0.002652501131733817,,,
raw_q67_Answer_68_Spanish_DPA_fined_XFERA_M_VILES_3_000_for_sending_unsolicited_commercial_SMS_to_a_customer_who_had_objected_violating_LSSI_Article_21_case_terminated_after_voluntary_payment_and_acknowledgment,raw_q67,Other,categorical,1.0,0.0026595744680851063,0.002652501131733817,,,
raw_q67_Answer_68_Spanish_DPA_fined_a_gym_chain_3_000_for_failing_to_provide_adequate_information_to_data_subjects_under_Article_13_GDPR_after_repeated_complaints_and_delayed_compliance_the_defendant_acknowledged_responsibility_and_paid_voluntarily,raw_q67,Other,categorical,1.0,0.0026595744680851063,0.002652501131733817,,,
raw_q67_Answer_68_Spanish_DPA_issued_warning_and_compliance_order_to_natural_person_website_owner_for_LSSI_cookie_violations_inadequate_first_layer_banner_information_and_missing_cookie_rejection_mechanism_based_on_complaint_about_wedding_event_company_s_website_No_GDPR_fines_imposed,raw_q67,Other,categorical,1.0,0.0026595744680851063,0.002652501131733817,,,
raw_q67_Answer_68_Spanish_DPA_received_complaint_against_Facebook_Ireland_for_unauthorized_profile_creation_with_incorrect_data_Arts_6_17_GDPR_Case_transferred_to_Irish_DPC_as_lead_authority_Facebook_deleted_the_webpage_amicably_Claimant_did_not_respond_to_resolution_notification_Case_filed_without_fine,raw_q67,Other,categorical,1.0,0.0026595744680851063,0.002652501131733817,,,
raw_q67_Answer_68_Spanish_DPA_sanctioned_ATPSA_for_emailing_electoral_roll_with_personal_data_to_multiple_recipients_without_security_violating_GDPR_Article_5_1_f_no_fine_imposed_only_reprimand_and_compliance_orders_due_to_lack_of_cooperation_and_initial_procedural_closure_overturned_on_appeal,raw_q67,Other,categorical,1.0,0.0026595744680851063,0.002652501131733817,,,
raw_q67_Answer_68_Spanish_dental_clinic_failed_to_respond_to_patient_s_GDPR_access_request_for_medical_records_AEPD_ordered_compliance_within_10_days_citing_violation_of_Article_15_and_security_accountability_principles_with_no_fine_issued,raw_q67,Other,categorical,1.0,0.0026595744680851063,0.002652501131733817,,,
raw_q67_Answer_68_Spanish_law_firm_LOSADA_ADVOCATS_S_L_sent_email_without_blind_copy_exposing_recipients_email_addresses_AEPD_found_violations_of_Article_5_1_f_and_Article_32_GDPR_Defendant_paid_reduced_6_000_fine_voluntarily_accepting_responsibility_Case_terminated,raw_q67,Other,categorical,1.0,0.0026595744680851063,0.002652501131733817,,,
raw_q67_Answer_68_Spanish_restaurant_added_complainant_s_phone_number_to_promotional_WhatsApp_group_without_consent_DPA_found_violation_of_Article_6_1_GDPR_lawfulness_imposed_500_fine_due_to_seriousness_lack_of_cooperation_and_no_lawful_basis,raw_q67,Other,categorical,1.0,0.0026595744680851063,0.002652501131733817,,,
raw_q67_Answer_68_Swedish_DPA_fined_Sahlgrenska_University_Hospital_SEK_3_5M_for_failing_to_conduct_needs_and_risk_analyses_before_granting_system_access_permissions_and_not_restricting_user_access_to_necessary_data_only_violating_Articles_5_1_f_5_2_and_32_of_GDPR_with_aggravating_factors_including_prior_infringement_and_large_scale_of_sensitive_health_data_processing,raw_q67,Other,categorical,1.0,0.0026595744680851063,0.002652501131733817,,,
raw_q67_Answer_68_Telef_nica_Espa_a_processed_complainant_s_phone_data_without_legal_basis_for_internal_testing_campaigns_resulting_in_247_nuisance_calls_DPA_imposed_75_000_fine_reduced_to_45_000_via_voluntary_payment_and_acknowledgment_violation_of_Article_6_GDPR_due_to_lack_of_consent_or_other_lawful_basis,raw_q67,Other,categorical,1.0,0.0026595744680851063,0.002652501131733817,,,
raw_q67_Answer_68_Telef_nica_M_viles_Espa_a_charged_invoices_to_a_non_customer_s_bank_account_without_legal_basis_violating_Article_6_1_GDPR_The_Spanish_DPA_imposed_a_75_000_fine_due_to_negligence_duration_and_processing_of_personal_banking_data,raw_q67,Other,categorical,1.0,0.0026595744680851063,0.002652501131733817,,,
raw_q67_Answer_68_The_Madrid_Ministry_of_Health_failed_to_secure_its_COVID_19_vaccination_appointment_website_exposing_personal_data_due_to_a_programming_error_and_did_not_notify_the_DPA_of_the_breach_the_Spanish_DPA_issued_warnings_for_violations_of_GDPR_Articles_5_1_f_25_32_and_33_citing_inadequate_security_measures_and_breach_notification_failure,raw_q67,Other,categorical,1.0,0.0026595744680851063,0.002652501131733817,,,
raw_q67_Answer_68_Two_Romanian_insurance_operators_fined_1500_EUR_and_1000_EUR_for_GDPR_Article_32_security_breaches_after_configuration_changes_to_web_apps_led_to_unauthorized_data_access_affecting_2_persons_each_DPA_cited_lack_of_testing_and_inadequate_measures_ordering_compliance_improvements,raw_q67,Other,categorical,1.0,0.0026595744680851063,0.002652501131733817,,,
raw_q67_Answer_68_UK_ICO_fined_The_Money_Hive_Limited_50_000_for_sending_752_425_unsolicited_marketing_texts_without_valid_consent_over_6_months_bundling_consent_with_loan_applications_affecting_financially_vulnerable_individuals,raw_q67,Other,categorical,1.0,0.0026595744680851063,0.002652501131733817,,,
raw_q67_Answer_68_UK_charity_Mermaids_fined_25_000_for_GDPR_security_breach_internal_email_group_with_personal_data_of_550_individuals_including_children_and_special_category_health_data_was_publicly_accessible_via_search_engines_from_May_2018_to_June_2019_due_to_inadequate_security_settings_DPA_found_negligent_organizational_failures_but_noted_prompt_cooperation_and_remediation,raw_q67,Other,categorical,1.0,0.0026595744680851063,0.002652501131733817,,,
raw_q67_Answer_68_UK_law_firm_breached_Article_32_security_requirements_when_external_threat_actor_accessed_cloud_server_via_compromised_credentials_exposing_8_234_subjects_sensitive_criminal_special_category_data_ICO_issued_reprimand_due_to_lack_of_MFA_and_inadequate_organizational_measures_but_no_fine_imposed_considering_remedial_actions_taken,raw_q67,Other,categorical,1.0,0.0026595744680851063,0.002652501131733817,,,
raw_q67_Answer_68_Uppsala_Region_sent_sensitive_patient_data_unencrypted_via_email_internally_from_May_2018_to_May_2019_violating_Article_32_GDPR_security_requirements_fined_SEK_300_000_due_to_systematic_handling_high_data_sensitivity_and_internal_policy_breach_mitigated_by_encrypted_transmission_and_immediate_cessation,raw_q67,Other,categorical,1.0,0.0026595744680851063,0.002652501131733817,,,
raw_q67_Answer_68_Vodafone_Espa_a_sent_electronic_invoice_notifications_to_former_customer_without_legal_basis_after_multiple_data_deletion_requests_and_prior_sanctions_violating_Article_6_1_GDPR_DPA_initiated_procedure_based_on_complaint_set_200_000_fine_reduced_to_120_000_due_to_voluntary_payment_and_responsibility_recognition_terminating_the_case,raw_q67,Other,categorical,1.0,0.0026595744680851063,0.002652501131733817,,,
raw_q67_Answer_68_Vodafone_Romania_fined_1500_EUR_for_GDPR_Article_32_security_violations_due_to_inadequate_measures_causing_unauthorized_data_access_for_70_individuals_over_months_initiated_via_breach_notifications,raw_q67,Other,categorical,1.0,0.0026595744680851063,0.002652501131733817,,,
raw_q67_Answer_68_Vodafone_Spain_processed_personal_data_without_legal_basis_after_fraudulent_mobile_line_contracts_using_claimant_s_identity_DPA_found_Article_6_1_violation_due_to_lack_of_diligence_in_identity_verification_50_000_fine_reduced_to_40_000_via_voluntary_payment,raw_q67,Other,categorical,1.0,0.0026595744680851063,0.002652501131733817,,,
raw_q67_Article_29_Working_Group_Opinion_06_2014,raw_q67,Other,categorical,1.0,0.0026595744680851063,0.002652501131733817,,,
raw_q67_Article_29_Working_Party_Guidelines_on_administrative_fines,raw_q67,Other,categorical,1.0,0.0026595744680851063,0.002652501131733817,,,
raw_q67_Article_29_Working_Party_Opinion_06_2014_on_legitimate_interests,raw_q67,Other,categorical,1.0,0.0026595744680851063,0.002652501131733817,,,
raw_q67_Article_29_Working_Party_guidelines_on_application_and_determination_of_administrative_fines_2017,raw_q67,Other,categorical,1.0,0.0026595744680851063,0.002652501131733817,,,
raw_q67_C_487_21,raw_q67,Other,categorical,1.0,0.0026595744680851063,0.002652501131733817,,,
raw_q67_CJEU_Case_C_101_01_Lindqvist,raw_q67,Other,categorical,1.0,0.0026595744680851063,0.002652501131733817,,,
raw_q67_CJEU_Judgment_of_May_13_2014,raw_q67,Other,categorical,1.0,0.0026595744680851063,0.002652501131733817,,,
raw_q67_CJEU_judgment_of_13_May_2014_Google_Spain,raw_q67,Other,categorical,1.0,0.0026595744680851063,0.002652501131733817,,,
raw_q67_CNS_opinion_63_2018,raw_q67,Other,categorical,1.0,0.0026595744680851063,0.002652501131733817,,,
raw_q67_EDPB_Guidelines_01_2022_on_data_subject_rights_Right_of_access,raw_q67,Other,categorical,1.0,0.0026595744680851063,0.002652501131733817,,,
raw_q67_EDPB_Guidelines_04_2022_on_calculation_of_fines,raw_q67,Other,categorical,1.0,0.0026595744680851063,0.002652501131733817,,,
raw_q67_EDPB_Guidelines_05_2020_on_consent,raw_q67,Other,categorical,1.0,0.0026595744680851063,0.002652501131733817,,,
raw_q67_EDPB_Guidelines_05_2020_on_consent_EDPB_Guidelines_03_2022_on_misleading_design_patterns_Cookie_Banner_Taskforce_report,raw_q67,Other,categorical,1.0,0.0026595744680851063,0.002652501131733817,,,
raw_q67_EDPB_Guidelines_05_2020_on_consent_WP29_Guidelines_on_transparency_WP29_Opinion_6_2014_on_legitimate_interest,raw_q67,Other,categorical,1.0,0.0026595744680851063,0.002652501131733817,,,
raw_q67_EDPB_Guidelines_05_2022_on_facial_recognition_EDPB_Guidelines_3_2019_on_video_devices,raw_q67,Other,categorical,1.0,0.0026595744680851063,0.002652501131733817,,,
raw_q67_EDPB_Guidelines_07_2020_on_controller_and_processor_concepts_EDPB_Guidelines_05_2022_on_facial_recognition_in_law_enforcement,raw_q67,Other,categorical,1.0,0.0026595744680851063,0.002652501131733817,,,
raw_q67_EDPB_Guidelines_07_2020_on_the_concepts_of_controller_and_processor,raw_q67,Other,categorical,1.0,0.0026595744680851063,0.002652501131733817,,,
raw_q67_EDPB_Guidelines_07_2020_on_the_concepts_of_controller_and_processor_in_the_GDPR,raw_q67,Other,categorical,1.0,0.0026595744680851063,0.002652501131733817,,,
raw_q67_EDPB_Guidelines_4_2019_on_Article_25,raw_q67,Other,categorical,1.0,0.0026595744680851063,0.002652501131733817,,,
raw_q67_EDPB_Guidelines_4_2019_on_Article_25_Data_Protection_by_Design_and_by_Default_EDPB_Guidelines_04_2022_on_calculation_of_administrative_fines,raw_q67,Other,categorical,1.0,0.0026595744680851063,0.002652501131733817,,,
raw_q67_EDPB_Guidelines_No_4_2019_on_Article_25_Data_protection_by_design_and_by_default,raw_q67,Other,categorical,1.0,0.0026595744680851063,0.002652501131733817,,,
raw_q67_EDPB_Guidelines_on_Data_Protection_Impact_Assessment_Article_29_Working_Party_Opinion_3_2012_on_biometric_technologies,raw_q67,Other,categorical,1.0,0.0026595744680851063,0.002652501131733817,,,
raw_q67_EDPB_Guidelines_on_administrative_fines_calculation_04_2022_v2_1_2017_guidelines,raw_q67,Other,categorical,1.0,0.0026595744680851063,0.002652501131733817,,,
raw_q67_EDPB_Guidelines_on_dark_patterns_in_social_media_interfaces,raw_q67,Other,categorical,1.0,0.0026595744680851063,0.002652501131733817,,,
raw_q67_EDPB_Opinion_04_2024_Guidelines_for_identifying_a_controller_or_processor_s_lead_supervisory_authority,raw_q67,Other,categorical,1.0,0.0026595744680851063,0.002652501131733817,,,
raw_q67_EDPB_Opinion_on_Anonymization_Techniques_and_Methods,raw_q67,Other,categorical,1.0,0.0026595744680851063,0.002652501131733817,,,
raw_q67_EDPB_Recommendations_01_2020_on_measures_to_complement_transfer_tools,raw_q67,Other,categorical,1.0,0.0026595744680851063,0.002652501131733817,,,
raw_q67_EDPB_Recommendations_01_2020_on_supplementary_measures_for_data_transfers,raw_q67,Other,categorical,1.0,0.0026595744680851063,0.002652501131733817,,,
raw_q67_EDPB_Statement_No_04_2021_Guidelines_No_2_2020_on_Articles_46_2_a_46_3_b,raw_q67,Other,categorical,1.0,0.0026595744680851063,0.002652501131733817,,,
raw_q67_EDPB_guidelines_01_2022_on_the_right_of_access,raw_q67,Other,categorical,1.0,0.0026595744680851063,0.002652501131733817,,,
raw_q67_EDPB_guidelines_04_2022_on_calculation_of_administrative_fines,raw_q67,Other,categorical,1.0,0.0026595744680851063,0.002652501131733817,,,
raw_q67_EDPB_guidelines_not_referenced_ICO_guidance_and_industry_standards_ISO27000_NIST_NCSC_cited,raw_q67,Other,categorical,1.0,0.0026595744680851063,0.002652501131733817,,,
raw_q67_EDPB_guidelines_on_consent_as_a_legal_basis_for_processing_personal_data_in_employment_relationships,raw_q67,Other,categorical,1.0,0.0026595744680851063,0.002652501131733817,,,
raw_q67_EDPB_guidelines_on_consent_transparency_and_children_s_data_protection_referenced_implicitly_through_GDPR_articles,raw_q67,Other,categorical,1.0,0.0026595744680851063,0.002652501131733817,,,
raw_q67_EDPB_guidelines_on_impact_assessment_WP248_rev_01,raw_q67,Other,categorical,1.0,0.0026595744680851063,0.002652501131733817,,,
raw_q67_EDPB_guidelines_on_special_category_data_and_legitimate_interests,raw_q67,Other,categorical,1.0,0.0026595744680851063,0.002652501131733817,,,
raw_q67_Guide_on_Cookies,raw_q67,Other,categorical,1.0,0.0026595744680851063,0.002652501131733817,,,
raw_q67_Guidelines_05_2020_on_consent,raw_q67,Other,categorical,1.0,0.005319148936170213,0.0052908555907650485,,,
raw_q67_Guidelines_05_2020_on_consent_under_Regulation_2016_679,raw_q67,Other,categorical,1.0,0.0026595744680851063,0.002652501131733817,,,
raw_q67_Guidelines_07_2020_on_concepts_of_controller_and_processor,raw_q67,Other,categorical,1.0,0.0026595744680851063,0.002652501131733817,,,
raw_q67_Guidelines_07_2020_on_concepts_of_data_controller_and_processor,raw_q67,Other,categorical,1.0,0.0026595744680851063,0.002652501131733817,,,
raw_q67_Guidelines_2_2019_on_the_processing_of_personal_data_under_Article_6_1_b_GDPR,raw_q67,Other,categorical,1.0,0.0026595744680851063,0.002652501131733817,,,
raw_q67_Guidelines_3_2019_on_processing_of_personal_data_through_video_devices,raw_q67,Other,categorical,1.0,0.0026595744680851063,0.002652501131733817,,,
raw_q67_Guidelines_5_2020,raw_q67,Other,categorical,1.0,0.0026595744680851063,0.002652501131733817,,,
raw_q67_Guidelines_5_2020_on_consent,raw_q67,Other,categorical,1.0,0.0026595744680851063,0.002652501131733817,,,
raw_q67_Guidelines_5_2020_on_consent_under_Regulation_EU_2016_679,raw_q67,Other,categorical,1.0,0.0026595744680851063,0.002652501131733817,,,
raw_q67_Guidelines_on_the_application_and_setting_of_administrative_fines_for_the_purposes_of_Regulation_2016_679,raw_q67,Other,categorical,1.0,0.0026595744680851063,0.002652501131733817,,,
raw_q67_Guidelines_on_the_implementation_of_the_Court_of_Justice_of_the_European_Union_Judgment_on_Google_Spain_and_inc_v_AEPD_and_Mario_Costeja_C_131_12,raw_q67,Other,categorical,1.0,0.0026595744680851063,0.002652501131733817,,,
raw_q67_ICO_Guidance_on_Data_Security_NCSC_guidance_on_passwords_and_logging,raw_q67,Other,categorical,1.0,0.0026595744680851063,0.002652501131733817,,,
raw_q67_Instruction_1_2006_AEPD,raw_q67,Other,categorical,1.0,0.0026595744680851063,0.002652501131733817,,,
raw_q67_Judgment_of_the_Court_of_Justice_of_the_European_Union_of_5_December_2023_in_Case_C_807_21_Deutsche_Wohnen,raw_q67,Other,categorical,1.0,0.0026595744680851063,0.002652501131733817,,,
raw_q67_Judgment_of_the_Court_of_Justice_of_the_European_Union_of_May_13_2014,raw_q67,Other,categorical,1.0,0.0026595744680851063,0.002652501131733817,,,
raw_q67_Judgment_of_the_Court_of_Justice_of_the_European_Union_case_C_807_21_Deutsche_Wohnen,raw_q67,Other,categorical,1.0,0.0026595744680851063,0.002652501131733817,,,
raw_q67_MISSING,raw_q67,Other,categorical,1.0,0.061170212765957445,0.05742841783612494,,,
raw_q67_NONE,raw_q67,Other,categorical,1.0,0.007978723404255319,0.007915063377093709,,,
raw_q67_NOT_APPLICABLE,raw_q67,Other,categorical,1.0,0.0026595744680851063,0.002652501131733817,,,
raw_q67_NOT_DISCUSSED,raw_q67,Other,categorical,1.0,0.19148936170212766,0.1548211860570394,,,
raw_q67_NOT_MENTIONED,raw_q67,Other,categorical,1.0,0.07180851063829788,0.06665204843820735,,,
raw_q67_None_mentioned,raw_q67,Other,categorical,1.0,0.0026595744680851063,0.002652501131733817,,,
raw_q67_Not_explicitly_mentioned,raw_q67,Other,categorical,1.0,0.0026595744680851063,0.002652501131733817,,,
raw_q67_Not_explicitly_referenced_but_CJEU_case_law_Lindqvist_C_212_2013_and_GDPR_recitals_mentioned,raw_q67,Other,categorical,1.0,0.0026595744680851063,0.002652501131733817,,,
raw_q67_Not_mentioned,raw_q67,Other,categorical,1.0,0.007978723404255319,0.007915063377093709,,,
raw_q67_Opinion_3_2012_on_biometric_technologies_Opinion_2_2017_on_data_processing_at_work_CEPD_Guide_3_2019_on_video_devices,raw_q67,Other,categorical,1.0,0.0026595744680851063,0.002652501131733817,,,
raw_q67_Opinion_3_2012_on_the_evolution_of_biometric_technologies,raw_q67,Other,categorical,1.0,0.0026595744680851063,0.002652501131733817,,,
raw_q67_Opinion_4_2007_on_concept_of_personal_data_Opinion_06_2014_on_legitimate_interests,raw_q67,Other,categorical,1.0,0.0026595744680851063,0.002652501131733817,,,
raw_q67_Opinion_4_2007_on_the_concept_of_personal_data_by_the_Article_29_Working_Party,raw_q67,Other,categorical,1.0,0.0026595744680851063,0.002652501131733817,,,
raw_q67_Opinion_4_2007_on_the_concept_of_personal_data_of_the_Group_of_Article_29,raw_q67,Other,categorical,1.0,0.0026595744680851063,0.002652501131733817,,,
raw_q67_Recitals_39_75_76_83_of_GDPR,raw_q67,Other,categorical,1.0,0.0026595744680851063,0.002652501131733817,,,
raw_q67_Recitals_39_75_76_83_148_of_the_GDPR,raw_q67,Other,categorical,1.0,0.0026595744680851063,0.002652501131733817,,,
raw_q67_Regulation_EU_2016_679_GDPR_Organic_Law_3_2018_LOPDGDD_Law_41_2002_Patient_Autonomy_Law,raw_q67,Other,categorical,1.0,0.0026595744680851063,0.002652501131733817,,,
raw_q67_STRING,raw_q67,Other,categorical,1.0,0.2898936170212766,0.20585530783159803,,,
raw_q67_STRING_None_mentioned,raw_q67,Other,categorical,1.0,0.0026595744680851063,0.002652501131733817,,,
raw_q67_Schrems_II_ruling_C_311_18,raw_q67,Other,categorical,1.0,0.0026595744680851063,0.002652501131733817,,,
raw_q67_UNCLEAR,raw_q67,Other,categorical,1.0,0.0026595744680851063,0.002652501131733817,,,
raw_q67_WP248_Guidelines_on_Data_Protection_Impact_Assessment,raw_q67,Other,categorical,1.0,0.0026595744680851063,0.002652501131733817,,,
raw_q67_WP250_Guidelines_on_personal_data_breach_notification_Guidelines_01_2021_on_examples_of_personal_data_breach_notification,raw_q67,Other,categorical,1.0,0.0026595744680851063,0.002652501131733817,,,
raw_q67_WP260_rev_01_WP251_rev_01,raw_q67,Other,categorical,1.0,0.0026595744680851063,0.002652501131733817,,,
raw_q67_WP29_Guidelines_on_Personal_Data_Breach_Notification,raw_q67,Other,categorical,1.0,0.0026595744680851063,0.002652501131733817,,,
raw_q68_A_Catalan_high_school_used_facial_fingerprint_recognition_for_student_attendance_since_2011_without_valid_legal_basis_under_Article_9_inadequate_information_provision_and_no_processor_contract_The_DPA_issued_a_reprimand_but_no_fine_due_to_public_sector_status_noting_cooperation_and_system_dismantlement,raw_q68,Other,categorical,1.0,0.0026595744680851063,0.002652501131733817,,,
raw_q68_A_Spanish_cafe_bar_was_fined_2000_for_installing_a_video_surveillance_camera_that_captured_images_of_third_parties_in_a_transit_area_without_justification_violating_GDPR_Article_5_1_c_on_data_minimization_with_aggravating_factors_including_prior_infringement_and_lack_of_cooperation,raw_q68,Other,categorical,1.0,0.0026595744680851063,0.002652501131733817,,,
raw_q68_A_Spanish_owners_community_published_lists_of_debtor_and_non_debtor_residents_with_personal_data_on_bulletin_boards_accessible_to_outsiders_violating_GDPR_Article_5_1_f_security_principle_The_DPA_imposed_a_500_fine_reduced_due_to_full_cooperation_remediation_no_prior_infringements_and_the_COVID_19_pandemic_context,raw_q68,Other,categorical,1.0,0.0026595744680851063,0.002652501131733817,,,
raw_q68_A_company_used_a_video_surveillance_system_with_audio_recording_to_monitor_an_employee_leading_to_dismissal_the_Spanish_DPA_found_no_lawful_basis_under_Article_6_GDPR_for_voice_data_processing_imposed_a_6_000_fine_and_ordered_compliance_within_one_month_citing_disproportionality_and_Constitutional_Court_doctrine,raw_q68,Other,categorical,1.0,0.0026595744680851063,0.002652501131733817,,,
raw_q68_A_complaint_alleged_unauthorized_power_increase_in_an_electricity_contract_The_Spanish_DPA_found_the_defendant_violated_Article_6_GDPR_by_processing_without_valid_legal_basis_and_Article_32_GDPR_due_to_an_inadequate_security_protocol_imposing_fines_totaling_150_000_for_negligence_in_verifying_representation,raw_q68,Other,categorical,1.0,0.0026595744680851063,0.002652501131733817,,,
raw_q68_A_data_subject_complained_to_the_Spanish_DPA_about_a_municipal_transport_company_s_failure_to_respond_adequately_to_an_access_request_for_job_selection_process_recordings_The_DPA_found_the_company_violated_Article_15_GDPR_by_not_providing_the_data_or_a_proper_refusal_ordering_compliance_within_ten_days_without_imposing_a_fine,raw_q68,Other,categorical,1.0,0.0026595744680851063,0.002652501131733817,,,
raw_q68_A_data_subject_complained_to_the_Spanish_DPA_that_CaixaBank_failed_to_adequately_respond_to_her_access_request_under_Article_15_GDPR_The_DPA_upheld_the_complaint_finding_the_bank_s_response_incomplete_and_ordered_compliance_within_10_days_emphasizing_the_right_to_access_personal_data_and_related_information_without_resolving_contractual_disputes,raw_q68,Other,categorical,1.0,0.0026595744680851063,0.002652501131733817,,,
raw_q68_A_homeowners_association_posted_debtor_lists_by_apartment_number_on_a_bulletin_board_and_emailed_them_to_all_members_repeatedly_outside_legal_exceptions_violating_GDPR_Article_5_1_f_confidentiality_fined_2_000,raw_q68,Other,categorical,1.0,0.0026595744680851063,0.002652501131733817,,,
raw_q68_A_homeowners_association_sent_individualized_heating_consumption_data_to_all_members_via_email_violating_GDPR_confidentiality_The_Spanish_DPA_overturned_an_initial_dismissal_imposed_a_480_fine_and_ordered_compliance_measures_within_one_month_The_defendant_paid_voluntarily_terminating_the_procedure,raw_q68,Other,categorical,1.0,0.0026595744680851063,0.002652501131733817,,,
raw_q68_A_medical_clinic_used_a_laser_thermometer_at_its_entrance_during_COVID_19_making_body_temperature_results_visible_to_others_in_the_waiting_area_violating_GDPR_confidentiality_principles_The_Spanish_DPA_imposed_a_30_000_fine_for_breaches_of_Articles_5_1_f_and_32_citing_negligence_and_health_data_sensitivity_despite_the_defendant_s_claim_that_no_data_processing_occurred,raw_q68,Other,categorical,1.0,0.0026595744680851063,0.002652501131733817,,,
raw_q68_A_minor_recorded_and_disseminated_images_of_another_minor_being_attacked_without_legal_basis_under_Article_6_GDPR_DPA_issued_a_warning_and_compliance_order_considering_a_fine_disproportionate,raw_q68,Other,categorical,1.0,0.0026595744680851063,0.002652501131733817,,,
raw_q68_A_mother_filed_a_complaint_against_CaixaBank_for_failing_to_provide_requested_account_information_of_her_minor_daughter_and_improperly_disclosing_data_of_another_daughter_The_Spanish_DPA_found_a_violation_of_Article_32_1_GDPR_due_to_inadequate_security_measures_imposing_a_25_000_fine_and_a_compliance_order_to_prevent_future_incidents,raw_q68,Other,categorical,1.0,0.0026595744680851063,0.002652501131733817,,,
raw_q68_A_notary_office_scanned_a_claimant_s_ID_for_money_laundering_compliance_without_immediate_Article_13_GDPR_information_leading_to_a_reprimand_and_compliance_order_due_to_delayed_response_and_lack_of_transparency_mitigated_by_cooperation_and_public_sector_status,raw_q68,Other,categorical,1.0,0.0026595744680851063,0.002652501131733817,,,
raw_q68_A_package_delivery_company_delivered_a_mobile_phone_to_a_wrong_address_exposing_complainant_s_personal_data_on_the_label_The_Spanish_DPA_found_a_breach_of_Article_5_1_f_GDPR_due_to_lack_of_confidentiality_and_imposed_a_70_000_fine_plus_compliance_measures_citing_negligence_and_failure_to_follow_internal_protocols,raw_q68,Other,categorical,1.0,0.0026595744680851063,0.002652501131733817,,,
raw_q68_AEPD_initiated_procedure_PS_00100_2020_against_ARANOW_PACKAGING_MACHINERY_S_L_following_complaint_on_03_10_2019_about_missing_privacy_and_cookie_policies_on_website_Privacy_policy_found_compliant_with_GDPR_Article_13_cookie_policy_violated_LSSI_Article_22_2_for_lacking_easy_rejection_mechanism_Proposed_3000_EUR_fine_reduced_to_1800_EUR_via_voluntary_payment_on_22_06_2020_terminating_procedure,raw_q68,Other,categorical,1.0,0.0026595744680851063,0.002652501131733817,,,
raw_q68_AEPD_issued_provisional_measures_against_Meta_Platforms_Ireland_Limited_to_suspend_implementation_of_Election_Day_Information_and_Voter_Information_Unit_features_in_Spain_citing_lack_of_legal_basis_under_Article_6_excessive_data_processing_and_imminent_risks_to_data_subjects_rights_ahead_of_EU_parliamentary_elections,raw_q68,Other,categorical,1.0,0.0026595744680851063,0.002652501131733817,,,
raw_q68_AEPD_sanctions_CAIXABANK_6M_EUR_for_transparency_2M_and_legality_4M_violations_in_client_data_processing_non_uniform_vague_info_on_categories_purposes_bases_invalid_consents_lacking_specificity_freedom_unjustified_legitimate_interests_illegal_group_data_sharing_without_basis_requires_compliance_within_6_months,raw_q68,Other,categorical,1.0,0.0026595744680851063,0.002652501131733817,,,
raw_q68_ANPC_used_body_cameras_to_record_controls_without_legal_basis_processing_personal_data_unlawfully_DPA_issued_warning_and_ordered_cessation_of_processing_and_data_deletion_citing_violation_of_Article_5_1_a_and_lack_of_Article_6_basis,raw_q68,Other,categorical,1.0,0.0026595744680851063,0.002652501131733817,,,
raw_q68_ATG_processed_personal_data_without_valid_consent_due_to_cookie_banner_making_withdrawal_harder_than_giving_consent_and_using_misleading_design_colors_contrast_favoring_acceptance_Swedish_DPA_issued_reprimand_no_fine_as_minor_infringement_with_mitigating_factors_improvements_made_cooperation_no_prior_violations_Cross_border_case_with_Austrian_DPA_as_concerned_authority,raw_q68,Other,categorical,1.0,0.0026595744680851063,0.002652501131733817,,,
raw_q68_Air_Europa_suffered_a_cyberattack_from_May_to_August_2018_compromising_489_000_customers_bank_card_data_The_Spanish_DPA_found_violations_of_Articles_32_1_inadequate_security_measures_and_33_late_breach_notification_imposing_fines_of_500_000_and_100_000_respectively_citing_negligence_and_failure_to_protect_data_adequately,raw_q68,Other,categorical,1.0,0.0026595744680851063,0.002652501131733817,,,
raw_q68_Amazon_Spain_subsidiary_required_job_applicants_to_provide_criminal_record_certificates_without_legal_basis_under_Article_10_GDPR_DPA_fined_2M_for_unlawful_processing_rejecting_consent_and_legitimate_interest_claims_and_ordered_compliance_measures,raw_q68,Other,categorical,1.0,0.0026595744680851063,0.002652501131733817,,,
raw_q68_Appeal_by_A_A_A_via_IMI_Austria_against_Spanish_DPA_s_archiving_of_complaint_against_Turner_Broadcasting_System_Espa_a_for_LSSI_violations_website_redirected_to_different_entity_making_complaint_moot_appeal_dismissed_upholding_original_resolution,raw_q68,Other,categorical,1.0,0.0026595744680851063,0.002652501131733817,,,
raw_q68_Appeal_upheld_overturning_a_2_000_fine_against_G_G_G_for_alleged_GDPR_Article_6_violation_due_to_insufficient_evidence_linking_the_defendant_to_the_dissemination_of_a_video_on_pacot_es_investigation_revealed_unreliable_IP_data_and_lack_of_proof_of_authorship,raw_q68,Other,categorical,1.0,0.0026595744680851063,0.002652501131733817,,,
raw_q68_BBVA_bank_employee_forged_complainant_s_signature_on_data_protection_consent_documents_for_commercial_purposes_and_profiling_AEPD_imposed_120_000_fine_for_violating_Article_6_1_GDPR_reduced_from_200_000_due_to_acknowledgment_and_payment,raw_q68,Other,categorical,1.0,0.0026595744680851063,0.002652501131733817,,,
raw_q68_BBVA_consulted_complainant_s_credit_data_without_valid_contract_DPA_found_Article_6_1_violation_due_to_lack_of_lawfulness_30_000_fine_reduced_to_18_000_after_voluntary_payment_and_responsibility_acknowledgment,raw_q68,Other,categorical,1.0,0.0026595744680851063,0.002652501131733817,,,
raw_q68_BBVA_disclosed_a_lawyer_s_private_address_to_their_client_during_a_claim_process_violating_GDPR_Articles_5_1_b_5_1_f_and_32_resulting_in_a_70_000_fine_for_negligence_and_inadequate_security_measures,raw_q68,Other,categorical,1.0,0.0026595744680851063,0.002652501131733817,,,
raw_q68_BODY_LINE_SRL_fined_10_000_EUR_for_posting_customer_audio_video_on_social_media_revealing_ethnic_origin_without_legal_basis_failing_to_delete_data_upon_request_and_inadequate_security_measures_for_surveillance_data_corrective_orders_issued_for_compliance_and_deletion,raw_q68,Other,categorical,1.0,0.0026595744680851063,0.002652501131733817,,,
raw_q68_Banca_Comercial_Rom_n_SA_fined_2_000_for_GDPR_violations_under_Articles_25_and_32_after_a_technical_error_caused_emails_with_personal_data_of_564_customers_to_be_sent_to_wrong_recipients_involving_financial_and_identity_data_DPA_found_inadequate_security_measures,raw_q68,Other,categorical,1.0,0.0026595744680851063,0.002652501131733817,,,
raw_q68_Banca_Transilvania_SA_fined_100_000_for_violating_GDPR_Articles_5_f_and_32_after_employee_mishandling_led_to_public_disclosure_of_client_and_employee_personal_data_via_email_and_social_media_causing_moral_and_economic_harm,raw_q68,Other,categorical,1.0,0.0026595744680851063,0.002652501131733817,,,
raw_q68_Banco_Santander_disclosed_a_claimant_s_mortgage_loan_amortization_table_to_a_third_party_due_to_human_error_violating_GDPR_Articles_5_1_f_and_32_1_The_Spanish_DPA_imposed_fines_totaling_70_000_and_a_compliance_order_citing_negligence_and_the_entity_s_large_scale_with_no_fine_reductions_due_to_late_responsibility_acknowledgment,raw_q68,Other,categorical,1.0,0.0026595744680851063,0.002652501131733817,,,
raw_q68_Bankia_now_CaixaBank_conditioned_consent_for_marketing_data_processing_on_exemption_from_account_fees_for_ON_product_customers_violating_GDPR_Article_7_4_Spanish_DPA_imposed_2_1M_fine_for_non_free_consent_and_pre_ticked_boxes_during_online_registrations_considering_intentionality_large_scale_and_entity_cooperation,raw_q68,Other,categorical,1.0,0.0026595744680851063,0.002652501131733817,,,
raw_q68_CDON_AB_violated_GDPR_Articles_5_1c_12_2_and_12_6_by_imposing_burdensome_identity_verification_for_erasure_requests_requiring_excessive_personal_data_without_justification_IMY_issued_a_reprimand_due_to_minor_violation_cooperation_and_improved_routines,raw_q68,Other,categorical,1.0,0.0026595744680851063,0.002652501131733817,,,
raw_q68_CNPD_initially_ordered_Worldcoin_Foundation_to_halt_biometric_data_collection_in_Portugal_for_90_days_Worldcoin_appealed_claiming_BayLDA_was_lead_authority_due_to_its_German_establishment_ZipCode_GmbH_CNPD_determined_ZipCode_was_Worldcoin_s_sole_EU_establishment_making_BayLDA_the_lead_supervisory_authority_under_GDPR_one_stop_shop_mechanism_CNPD_referred_the_case_to_BayLDA_and_revoked_its_prior_order,raw_q68,Other,categorical,1.0,0.0026595744680851063,0.002652501131733817,,,
raw_q68_CNPD_ordered_Worldcoin_Foundation_to_temporarily_halt_biometric_data_collection_in_Portugal_for_90_days_due_to_invalid_consent_insufficient_information_inability_to_erase_data_and_processing_of_minors_data_without_legal_consent_citing_high_risks_to_fundamental_rights,raw_q68,Other,categorical,1.0,0.0026595744680851063,0.002652501131733817,,,
raw_q68_CaixaBank_processed_client_data_for_anti_money_laundering_checks_via_TGSS_without_valid_consent_Spanish_DPA_found_consent_not_free_specific_or_informed_fining_1_2M_after_reductions_for_cooperation_and_payment,raw_q68,Other,categorical,1.0,0.0026595744680851063,0.002652501131733817,,,
raw_q68_Catalan_DPA_found_La_Canonja_City_Council_violated_GDPR_Articles_5_and_35_by_using_fingerprint_biometrics_for_employee_time_tracking_without_legal_basis_or_impact_assessment_ordered_cessation_and_alternative_system_implementation_within_two_months_with_no_fine_imposed,raw_q68,Other,categorical,1.0,0.0026595744680851063,0.002652501131733817,,,
raw_q68_City_Council_of_Jerez_de_la_Frontera_processed_claimant_s_and_spouse_s_personal_data_without_legal_basis_by_assuming_community_property_regime_without_verification_leading_to_unauthorized_debt_communication_and_data_requests_DPA_issued_warning_under_Article_77_2_LOPDGDD_for_Article_6_GDPR_violation,raw_q68,Other,categorical,1.0,0.0026595744680851063,0.002652501131733817,,,
raw_q68_Civil_Guard_refers_complaint_against_self_employed_gas_installer_A_A_A_for_leaving_behind_a_Dietario_Perpetuo_diary_containing_names_surnames_IDs_addresses_and_phones_of_clients_without_consent_or_information_AEPD_initiates_proceedings_for_Article_6_1_a_and_Article_13_GDPR_violations_finds_unlawful_processing_of_personal_data_lacking_lawful_basis_and_failure_to_inform_data_subjects_Imposes_3_000_EUR_fine_for_Article_6_breach_warning_for_Article_13_and_orders_compliance_with_information_duties_within_one_month_citing_local_scope_negligence_and_no_prior_infringements,raw_q68,Other,categorical,1.0,0.0026595744680851063,0.002652501131733817,,,
raw_q68_Claimant_alleged_failure_to_respond_to_access_and_deletion_requests_regarding_a_debt_Spanish_DPA_found_defendant_provided_access_and_reasoned_deletion_denial_based_on_enforceable_debt_dismissed_claim_with_no_violations_or_fine,raw_q68,Other,categorical,1.0,0.0026595744680851063,0.002652501131733817,,,
raw_q68_Claimant_filed_access_request_against_university_DPA_found_request_excessive_abusive_under_Article_12_5_GDPR_no_violations_by_defendant_case_closed_without_fine,raw_q68,Other,categorical,1.0,0.0026595744680851063,0.002652501131733817,,,
raw_q68_Claimant_filed_complaint_on_May_4_2020_against_City_Council_of_Mejora_del_Campo_for_lacking_DPO_AEPD_initiated_sanctioning_procedure_on_September_30_2020_for_Article_37_1_GDPR_violation_defendant_did_not_respond_Issued_warning_and_ordered_DPO_appointment_within_one_month_no_fine_due_to_public_body_status,raw_q68,Other,categorical,1.0,0.0026595744680851063,0.002652501131733817,,,
raw_q68_Claimant_requested_deletion_of_nine_URLs_from_Google_search_results_citing_personal_data_without_consent_AEPD_dismissed_the_claim_finding_URLs_related_to_professional_activity_e_g_public_exams_BORME_publications_were_of_public_interest_with_legitimate_interests_prevailing_under_Article_17_3_a_GDPR_for_freedom_of_expression_No_violations_or_fines_imposed,raw_q68,Other,categorical,1.0,0.0026595744680851063,0.002652501131733817,,,
raw_q68_Claimant_sought_delisting_of_personal_data_from_Google_search_results_linking_to_Constitutional_Court_ruling_AEPD_upheld_claim_against_Google_for_one_URL_where_data_was_outdated_dismissed_against_Constitutional_Court_citing_jurisdictional_limits_no_fine_imposed_compliance_order_issued,raw_q68,Other,categorical,1.0,0.0026595744680851063,0.002652501131733817,,,
raw_q68_Complainant_A_A_A_filed_complaint_against_Bankia_S_A_on_20_Sep_2019_for_retaining_personal_data_16_years_after_ceasing_client_status_discovered_during_re_onboarding_AEPD_initiated_sanction_procedure_PS_00076_2020_on_8_Jun_2020_for_Article_5_1_b_GDPR_violation_on_storage_limitation_Bankia_claimed_data_blocked_per_retention_policy_but_procedure_terminated_voluntarily_via_decision_R_00387_2020,raw_q68,Other,categorical,1.0,0.0026595744680851063,0.002652501131733817,,,
raw_q68_Complainant_on_Robinson_List_received_unsolicited_marketing_call_from_Iberdrola_client_s_telesales_collaborator_on_June_19_2020_due_to_human_error_AEPD_initiated_sanctioning_procedure_for_violation_of_Article_21_GDPR_right_to_object_proposing_10_000_EUR_fine_under_LGT_minor_infringement_Procedure_terminated_after_voluntary_payment_of_6_000_EUR_with_reductions_for_responsibility_acknowledgment_and_cooperation,raw_q68,Other,categorical,1.0,0.0026595744680851063,0.002652501131733817,,,
raw_q68_Complaint_about_access_to_recorded_phone_conversation_Nordea_provided_transcript_and_edited_audio_file_DPA_found_compliance_with_Article_15_and_closed_case_without_action,raw_q68,Other,categorical,1.0,0.0026595744680851063,0.002652501131733817,,,
raw_q68_Complaint_against_BBB_for_video_surveillance_cameras_oriented_towards_public_space_DPA_found_violation_of_Article_5_1_c_GDPR_data_minimization_as_system_captured_unnecessary_third_party_data_defendant_paid_reduced_fine_of_1200_after_acknowledging_responsibility_and_voluntary_payment,raw_q68,Other,categorical,1.0,0.0026595744680851063,0.002652501131733817,,,
raw_q68_Complaint_against_Google_LLC_for_delayed_response_to_erasure_request_under_GDPR_Article_17_Spanish_DPA_found_violation_due_to_untimely_handling_but_no_fine_imposed_as_rights_were_restored_post_complaint,raw_q68,Other,categorical,1.0,0.0026595744680851063,0.002652501131733817,,,
raw_q68_Complaint_against_Google_for_failure_to_comply_with_erasure_request_regarding_a_Google_My_Business_review_during_proceedings_Google_removed_the_content_resolving_the_issue_without_fine_or_further_action,raw_q68,Other,categorical,1.0,0.0026595744680851063,0.002652501131733817,,,
raw_q68_Complaint_against_SAGE_SPAIN_SL_for_failure_to_respond_to_data_subject_access_request_within_legal_timeframe_defendant_eventually_complied_during_procedure_resolving_the_issue_without_fine_or_corrective_measures,raw_q68,Other,categorical,1.0,0.0026595744680851063,0.002652501131733817,,,
raw_q68_Complaint_alleged_LSSI_violation_for_cookie_policy_on_westwing_es_AEPD_verified_cookies_were_technical_necessary_found_no_infringement_archived_procedure_without_sanction,raw_q68,Other,categorical,1.0,0.0026595744680851063,0.002652501131733817,,,
raw_q68_Complaint_alleged_RAE_transferred_personal_data_to_Google_LLC_via_Google_Analytics_without_adequate_safeguards_post_Schrems_II_DPA_archived_case_finding_no_evidence_of_infringement_as_RAE_ceased_processing_and_claimed_public_interest_basis,raw_q68,Other,categorical,1.0,0.0026595744680851063,0.002652501131733817,,,
raw_q68_Complaint_alleged_unauthorized_data_processing_via_email_from_corporate_account_DPA_archived_case_ruling_processing_was_exclusively_personal_domestic_activity_under_GDPR_Article_2_2_c_thus_outside_GDPR_scope_No_infringement_found,raw_q68,Other,categorical,1.0,0.0026595744680851063,0.002652501131733817,,,
raw_q68_Complaint_alleged_video_surveillance_camera_on_pub_facade_captured_excessive_public_space_Spanish_DPA_investigation_found_no_violation_as_capture_was_minimal_and_necessary_for_security_resulting_in_no_penalty,raw_q68,Other,categorical,1.0,0.0026595744680851063,0.002652501131733817,,,
raw_q68_Complaint_alleged_video_surveillance_cameras_capturing_public_private_spaces_without_authorization_investigation_found_cameras_limited_to_defendant_s_private_property_with_proper_signage_no_evidence_of_public_space_capture_or_GDPR_violation_case_archived,raw_q68,Other,categorical,1.0,0.0026595744680851063,0.002652501131733817,,,
raw_q68_Complaint_filed_regarding_video_surveillance_cameras_allegedly_oriented_towards_complainant_s_home_potentially_violating_data_minimisation_principle_defendant_denied_responsibility_Spanish_DPA_archived_procedure_as_responsible_party_could_not_be_identified_no_sanctions_imposed,raw_q68,Other,categorical,1.0,0.0026595744680851063,0.002652501131733817,,,
raw_q68_Doctor_filmed_patient_without_consent_posted_video_on_Facebook_disclosing_health_data_fined_2000_and_ordered_to_ensure_GDPR_compliance,raw_q68,Other,categorical,1.0,0.0026595744680851063,0.002652501131733817,,,
raw_q68_EDP_Solar_Espa_a_sent_an_email_to_99_solar_project_participants_containing_an_attachment_with_excessive_personal_data_beyond_necessity_violating_GDPR_Article_5_1_c_fined_42_000_after_reductions_for_cooperation_and_acknowledgment_with_a_compliance_order_to_adjust_data_processing_practices,raw_q68,Other,categorical,1.0,0.0026595744680851063,0.002652501131733817,,,
raw_q68_Easylife_Limited_a_UK_mail_order_company_inferred_health_conditions_from_customer_purchase_data_to_target_telemarketing_of_health_supplements_without_lawful_basis_or_transparency_processing_special_category_data_unlawfully_The_ICO_imposed_a_1_35M_fine_for_violating_Article_5_1_a_GDPR_citing_negligence_scale_affecting_145_400_individuals_and_prior_compliance_issues,raw_q68,Other,categorical,1.0,0.0026595744680851063,0.002652501131733817,,,
raw_q68_Ellos_Group_AB_violated_Article_32_1_GDPR_by_insufficient_security_in_its_merge_customer_process_allowing_unauthorized_access_to_purchase_history_via_publicly_available_data_IMY_issued_a_reprimand_considering_it_a_minor_infringement_due_to_negligence_single_affected_person_no_sensitive_data_and_prompt_mitigation_actions,raw_q68,Other,categorical,1.0,0.0026595744680851063,0.002652501131733817,,,
raw_q68_Eulen_as_processor_sent_six_emails_over_three_years_without_blind_copy_exposing_recipients_email_addresses_and_names_to_50_others_each_time_The_Catalan_DPA_found_a_confidentiality_breach_under_Article_5_1_f_GDPR_imposing_a_3_000_fine_reduced_to_1_800_for_cooperation_and_voluntary_payment,raw_q68,Other,categorical,1.0,0.0026595744680851063,0.002652501131733817,,,
raw_q68_Flexicredit_sanctioned_3000_for_GDPR_Article_32_2_violation_inadequate_security_measures_allowed_employee_to_fraudulently_obtain_17_loans_using_falsified_documents_without_proper_identity_verification_processing_personal_data_of_multiple_subjects,raw_q68,Other,categorical,1.0,0.0026595744680851063,0.002652501131733817,,,
raw_q68_Glove_Technology_SRL_fined_5_000_for_processing_employee_data_via_audio_video_surveillance_without_legal_basis_under_Article_6_1_violating_Article_5_1_a_ordered_to_cease_processing_and_delete_data_immediately,raw_q68,Other,categorical,1.0,0.0026595744680851063,0.002652501131733817,,,
raw_q68_Hospital_board_sent_sensitive_health_data_unencrypted_via_email_to_third_countries_and_stored_it_in_Outlook_violating_Articles_5_1_f_and_32_1_IMY_imposed_a_1_6M_SEK_fine_due_to_systematic_long_term_processing_of_high_risk_data_contrary_to_internal_guidelines_with_mitigation_for_post_incident_encryption_implementation,raw_q68,Other,categorical,1.0,0.0026595744680851063,0.002652501131733817,,,
raw_q68_I_DE_a_large_Spanish_electricity_distributor_suffered_a_cyberattack_in_March_2022_exploiting_a_vulnerability_in_its_GEA_web_application_leading_to_unauthorized_access_and_exfiltration_of_personal_data_of_1_35_million_customers_The_Spanish_DPA_found_violations_of_Articles_5_1_f_confidentiality_breach_and_32_inadequate_security_measures_GDPR_imposing_fines_totaling_3_5_million_due_to_the_scale_of_processing_negligence_and_mitigating_actions_taken,raw_q68,Other,categorical,1.0,0.0026595744680851063,0.002652501131733817,,,
raw_q68_IKEA_Romania_SA_fined_1000_for_GDPR_Article_32_security_breach_children_s_contest_data_mistakenly_published_online_for_40_hours_exposing_114_individuals_data_DPA_emphasized_need_for_specific_child_data_protection,raw_q68,Other,categorical,1.0,0.0026595744680851063,0.002652501131733817,,,
raw_q68_IKEA_Romania_fined_1000_EUR_for_failing_to_respond_within_legal_timeframe_to_a_data_subject_s_repeated_erasure_requests_under_Article_17_GDPR_violating_Article_12_3_Corrective_measure_ordered_to_ensure_future_compliance,raw_q68,Other,categorical,1.0,0.0026595744680851063,0.002652501131733817,,,
raw_q68_IMY_reprimanded_Trionic_Sverige_AB_for_unlawfully_disclosing_complainant_s_data_without_legal_basis_under_Article_6_1_and_insufficient_recipient_information_under_Article_13_1_e_considering_it_a_minor_infringement_with_no_fine_due_to_limited_impact_and_cooperation,raw_q68,Other,categorical,1.0,0.0026595744680851063,0.002652501131733817,,,
raw_q68_ING_Spain_fined_1_6M_for_GDPR_Article_6_violation_required_non_freely_given_consent_via_adhesion_clause_for_TGSS_data_verification_in_account_openings_despite_AML_regulations_not_mandating_this_method_DPA_found_consent_invalid_and_ordered_compliance_within_6_months,raw_q68,Other,categorical,1.0,0.0026595744680851063,0.002652501131733817,,,
raw_q68_Individual_A_A_A_repeatedly_posted_complainant_s_resume_containing_personal_data_on_Facebook_groups_without_consent_Spanish_DPA_found_violation_of_consent_principle_Article_6_1_LOPD_GDPR_issued_warning_and_compliance_order_to_remove_data_but_no_fine_due_to_mitigating_factors_including_first_offense_and_no_proven_harm,raw_q68,Other,categorical,1.0,0.0026595744680851063,0.002652501131733817,,,
raw_q68_Individual_A_A_A_used_claimant_B_B_B_s_photos_to_create_fake_Tinder_WhatsApp_profiles_for_deceptive_interactions_Spanish_DPA_found_Article_5_1_a_GDPR_violation_imposed_2_000_fine_reduced_to_1_200_via_voluntary_payment_and_responsibility_recognition_terminating_the_procedure,raw_q68,Other,categorical,1.0,0.0026595744680851063,0.002652501131733817,,,
raw_q68_Individual_B_B_B_published_complainant_s_personal_data_on_Facebook_without_lawful_basis_Spanish_DPA_initiated_procedure_defendant_paid_reduced_600_fine_and_must_delete_data_within_10_days_Violation_of_Article_6_1_GDPR,raw_q68,Other,categorical,1.0,0.0026595744680851063,0.002652501131733817,,,
raw_q68_Individual_defendant_B_B_B_fined_1000_for_violating_GDPR_Article_5_1_c_data_minimization_by_orienting_home_video_surveillance_cameras_to_capture_excessive_public_and_third_party_private_space_despite_prior_warning_ordered_to_mask_cameras_and_remove_any_affecting_transit_areas_within_one_month,raw_q68,Other,categorical,1.0,0.0026595744680851063,0.002652501131733817,,,
raw_q68_Individual_hotel_operator_fined_3_000_for_violating_GDPR_Article_5_1_c_by_installing_video_surveillance_cameras_capturing_disproportionate_public_space_images_without_mandatory_information_posters_DPA_considered_lack_of_previous_infringements_and_small_business_status_in_setting_fine,raw_q68,Other,categorical,1.0,0.0026595744680851063,0.002652501131733817,,,
raw_q68_Individual_installed_video_surveillance_cameras_capturing_neighbor_s_property_images_violating_GDPR_Article_5_1_c_data_minimization_Spanish_DPA_imposed_300_fine_and_compliance_order_to_remove_readjust_cameras_within_10_days,raw_q68,Other,categorical,1.0,0.0026595744680851063,0.002652501131733817,,,
raw_q68_Individual_installed_video_surveillance_cameras_in_common_areas_without_authorization_or_information_signs_violating_GDPR_Articles_6_and_13_fined_1_500_and_ordered_to_remove_cameras_and_provide_proof_within_15_days,raw_q68,Other,categorical,1.0,0.0026595744680851063,0.002652501131733817,,,
raw_q68_Individual_installed_video_surveillance_cameras_on_property_facade_capturing_common_areas_and_neighbors_private_spaces_without_authorization_or_proper_signage_Spanish_DPA_found_violation_of_GDPR_Article_5_1_c_data_minimization_principle_imposed_2000_fine_and_compliance_order_to_rectify_or_remove_system,raw_q68,Other,categorical,1.0,0.0026595744680851063,0.002652501131733817,,,
raw_q68_Insufficient_information_provided_to_summarize_case_facts_issues_or_reasoning,raw_q68,Other,categorical,1.0,0.0026595744680851063,0.002652501131733817,,,
raw_q68_Klarna_Bank_AB_fined_SEK_7_5M_by_Swedish_DPA_for_transparency_violations_in_data_protection_information_from_March_to_June_2020_failing_to_adequately_inform_on_purposes_legal_bases_data_sharing_storage_rights_and_automated_decisions_affecting_millions_of_users,raw_q68,Other,categorical,1.0,0.0026595744680851063,0.002652501131733817,,,
raw_q68_Libra_Internet_Bank_SA_fined_11_000_EUR_for_failing_to_fully_comply_with_a_data_subject_s_access_request_under_Articles_12_and_15_GDPR_including_not_providing_a_copy_of_personal_data_and_necessary_information_corrective_orders_issued_to_facilitate_rights_exercise,raw_q68,Other,categorical,1.0,0.0026595744680851063,0.002652501131733817,,,
raw_q68_MAG_Interactive_AB_violated_Article_12_3_by_delaying_notification_of_deletion_outcome_until_Nov_2020_for_May_2019_request_no_Article_17_violation_found_case_closed_without_action_due_to_oversight_and_implemented_procedural_improvements,raw_q68,Other,categorical,1.0,0.0026595744680851063,0.002652501131733817,,,
raw_q68_MISSING,raw_q68,Other,categorical,1.0,0.2074468085106383,0.16441263014938884,,,
raw_q68_Media_company_published_unaltered_audio_of_rape_victim_s_court_statement_violating_data_minimization_fined_30_000_after_appeal_and_cooperation_DPA_found_voice_identifiable_personal_data_and_freedom_of_information_did_not_justify_unnecessary_disclosure,raw_q68,Other,categorical,1.0,0.0026595744680851063,0.002652501131733817,,,
raw_q68_Media_outlet_CONECTA5_TELECINCO_published_unaltered_victim_voice_recording_in_news_coverage_AEPD_found_violation_of_Article_5_1_c_GDPR_data_minimization_and_ordered_immediate_content_removal_Defendant_argued_voice_wasn_t_personal_data_but_complied_with_removal_order,raw_q68,Other,categorical,1.0,0.0026595744680851063,0.002652501131733817,,,
raw_q68_NOT_DISCUSSED,raw_q68,Other,categorical,1.0,0.005319148936170213,0.00529085559076505,,,
raw_q68_Natural_person_installed_video_surveillance_cameras_on_home_facade_capturing_public_roads_and_private_areas_excessively_without_information_sign_violating_GDPR_Articles_5_1_c_data_minimization_and_13_information_obligations_fined_1_500_total_and_ordered_to_reorient_cameras_and_install_signage_within_10_days_with_aggravating_factors_including_negligence_and_non_cooperation,raw_q68,Other,categorical,1.0,0.0026595744680851063,0.002652501131733817,,,
raw_q68_Natural_person_operated_website_publishing_personal_data_of_383_individuals_without_lawful_basis_fined_150_EUR_for_violating_Articles_5_1_a_f_and_6_1_a_GDPR,raw_q68,Other,categorical,1.0,0.0026595744680851063,0.002652501131733817,,,
raw_q68_Non_binding_opinion_addressing_employer_processing_of_employee_COVID_19_test_data_and_health_card_numbers_discusses_legal_bases_under_GDPR_Article_6_and_9_emphasizes_problematic_consent_in_employment_contexts_references_EDPB_guidelines_and_advises_on_purpose_limitation_and_data_minimization_principles,raw_q68,Other,categorical,1.0,0.0026595744680851063,0.002652501131733817,,,
raw_q68_Non_profit_association_published_claimant_s_home_address_on_Twitter_without_legal_basis_immediate_removal_and_cooperation_led_to_warning_instead_of_fine_under_Article_83_5_a_GDPR_for_violating_Article_6_lawfulness_and_Article_5_confidentiality_principles,raw_q68,Other,categorical,1.0,0.0026595744680851063,0.002652501131733817,,,
raw_q68_Nordax_Bank_AB_failed_to_handle_complainant_s_data_subject_rights_requests_under_Articles_12_15_and_17_IMY_issued_reprimand_and_compliance_orders_due_to_minor_infringement_affecting_one_person_human_error_no_prior_breaches_and_cross_border_cooperation_with_Norway_Denmark_Finland_and_Germany,raw_q68,Other,categorical,1.0,0.0026595744680851063,0.002652501131733817,,,
raw_q68_Orange_Spain_fined_200_000_for_providing_duplicate_eSIM_to_impersonator_without_identity_verification_violating_Article_6_1_GDPR_DPA_found_lack_of_due_diligence_despite_security_measures_with_aggravating_factors_including_previous_similar_infringements,raw_q68,Other,categorical,1.0,0.0026595744680851063,0.002652501131733817,,,
raw_q68_Orange_fined_1_2M_for_GDPR_violations_200K_for_unlawful_SIM_duplicate_processing_Art_6_and_1M_for_inadequate_data_protection_by_design_Art_25_Case_initiated_by_complaint_after_fraudulent_SIM_swap_led_to_9K_theft_DPA_found_Orange_s_measures_insufficient_to_prevent_agent_misuse_with_previous_infringements_noted,raw_q68,Other,categorical,1.0,0.0026595744680851063,0.002652501131733817,,,
raw_q68_Polish_DPA_fined_Chief_National_Surveyor_12_732_for_failing_to_notify_a_48_hour_disclosure_of_land_register_numbers_personal_data_on_its_website_and_not_informing_data_subjects_despite_explicit_DPA_instruction_violations_were_intentional_and_repeat_offenses,raw_q68,Other,categorical,1.0,0.0026595744680851063,0.002652501131733817,,,
raw_q68_Polish_DPA_fined_PNP_Sp_ka_Akcyjna_EUR_5000_for_failing_to_cooperate_and_provide_information_requested_during_complaint_investigation_violating_Articles_31_and_58_1_e_GDPR_violation_was_continuous_from_October_2019_deemed_serious_due_to_hindering_proceedings,raw_q68,Other,categorical,1.0,0.0026595744680851063,0.002652501131733817,,,
raw_q68_Polish_DPA_fined_Pactum_Poland_Sp_z_o_o_PLN_18_192_for_failing_to_cooperate_in_a_complaint_investigation_violating_Articles_31_and_58_1_e_GDPR_by_not_responding_to_multiple_requests_for_information_deemed_intentional_and_ongoing_since_July_2020_with_no_mitigation_or_cooperation,raw_q68,Other,categorical,1.0,0.0026595744680851063,0.002652501131733817,,,
raw_q68_Polish_DPA_fined_Virgin_Mobile_Polska_P4_350k_for_GDPR_security_breaches_inadequate_IT_measures_led_to_unauthorized_access_affecting_114_963_prepaid_subscribers_data_including_PESEL_numbers_Violated_Articles_5_1_f_5_2_25_1_32_1_b_d_32_2_Fine_based_on_negligence_high_risk_but_mitigated_by_cooperation_and_remediation,raw_q68,Other,categorical,1.0,0.0026595744680851063,0.002652501131733817,,,
raw_q68_Polish_DPA_issued_a_warning_to_a_sole_proprietor_for_failing_to_cooperate_in_a_complaint_investigation_by_not_responding_to_information_requests_over_months_citing_illness_and_COVID_19_no_fine_imposed_due_to_eventual_cooperation_and_mitigating_factors,raw_q68,Other,categorical,1.0,0.0026595744680851063,0.002652501131733817,,,
raw_q68_Polish_school_processed_student_data_via_surveys_without_legal_basis_under_Article_6_1_c_violating_Article_5_1_a_DPA_issued_warning_due_to_unintentional_violation_immediate_corrective_actions_no_harm_and_first_time_offense,raw_q68,Other,categorical,1.0,0.0026595744680851063,0.002652501131733817,,,
raw_q68_Profi_Rom_Food_Srl_fined_10_000_for_sharing_employee_ID_data_without_legal_basis_and_warned_for_security_failures_after_employee_leaked_video_data_via_WhatsApp_DPA_ordered_compliance_measures_and_training,raw_q68,Other,categorical,1.0,0.0026595744680851063,0.002652501131733817,,,
raw_q68_Romanian_DPA_fined_Corint_Logistic_SRL_2000_EUR_and_issued_warning_for_GDPR_violations_lack_of_consent_for_marketing_SMS_failure_to_honor_deletion_objection_requests_and_inadequate_response_to_access_requests_corrective_orders_for_compliance_procedures,raw_q68,Other,categorical,1.0,0.0026595744680851063,0.002652501131733817,,,
raw_q68_Romanian_DPA_fined_Global_Ports_s_Services_2000_for_GPS_monitoring_of_employee_without_legal_basis_information_or_storage_limits_issued_warnings_and_compliance_orders_for_transparency_and_storage_violations,raw_q68,Other,categorical,1.0,0.0026595744680851063,0.002652501131733817,,,
raw_q68_Romanian_DPA_fined_Medicover_S_R_L_2000_EUR_for_GDPR_Article_32_security_failures_allowing_unauthorized_access_to_health_and_personal_data_via_email_postal_mishandling_corrective_orders_include_updating_security_measures_and_employee_training,raw_q68,Other,categorical,1.0,0.0026595744680851063,0.002652501131733817,,,
raw_q68_Romanian_DPA_fined_Meedea_Construct_Prest_SRL_2000_for_unlawfully_disclosing_a_former_employee_s_personal_and_health_data_to_a_third_party_violating_GDPR_principles_of_lawfulness_purpose_limitation_security_and_accountability,raw_q68,Other,categorical,1.0,0.0026595744680851063,0.002652501131733817,,,
raw_q68_Romanian_DPA_fined_Pro_Economica_Foundation_1000_for_Article_32_security_violation_after_cyber_attack_deleted_personal_data_from_server_ordered_security_measures_update,raw_q68,Other,categorical,1.0,0.0026595744680851063,0.002652501131733817,,,
raw_q68_Romanian_DPA_fined_RED_WHITE_2022_MANAGEMENT_S_A_5000_for_violating_GDPR_Article_28_3_by_failing_to_provide_documented_instructions_to_its_processor_when_sending_a_crowdfunding_email_to_a_supporter_database,raw_q68,Other,categorical,1.0,0.0026595744680851063,0.002652501131733817,,,
raw_q68_Romanian_DPA_fined_S_C_Apollo_Salon_S_R_L_3_000_for_failing_to_provide_requested_information_during_an_investigation_initiated_by_a_complaint_about_unsolicited_SMS_despite_deletion_requests_violation_under_Article_83_5_e,raw_q68,Other,categorical,1.0,0.0026595744680851063,0.002652501131733817,,,
raw_q68_Romanian_DPA_fined_SC_Nobiotic_Pharma_SRL_2000_for_failing_to_provide_information_during_an_investigation_into_unsolicited_SMS_complaints_violating_Article_58_1_cooperation_obligations,raw_q68,Other,categorical,1.0,0.0026595744680851063,0.002652501131733817,,,
raw_q68_Romanian_DPA_fined_SUDREZIDEN_IAL_Broker_S_R_L_10_000_for_GDPR_violations_inadequate_security_measures_led_to_unauthorized_disclosure_of_personal_data_of_509_subjects_via_an_Excel_file_published_online_and_failure_to_notify_data_subjects_of_the_breach_also_issued_warnings_for_cookie_consent_violations,raw_q68,Other,categorical,1.0,0.0026595744680851063,0.002652501131733817,,,
raw_q68_Romanian_DPA_fined_Sanatatea_Press_Group_SRL_2_000_EUR_on_12_08_2020_for_breaching_Article_32_and_5_1_f_GDPR_Investigation_followed_controller_s_breach_notification_of_erroneous_login_data_transmission_during_online_event_exposing_emails_usernames_of_1_300_users_Violation_due_to_inadequate_security_measures_no_harm_materialized_subjects_notification_not_discussed,raw_q68,Other,categorical,1.0,0.0026595744680851063,0.002652501131733817,,,
raw_q68_Romanian_DPA_fined_Tehnoplus_Industry_SRL_5000_EUR_for_excessive_GPS_monitoring_of_employee_without_proper_legal_basis_information_or_storage_limits_ordered_compliance_reassessment_and_data_limitation,raw_q68,Other,categorical,1.0,0.0026595744680851063,0.002652501131733817,,,
raw_q68_Romanian_DPA_fined_Urban_Home_Development_S_R_L_10_000_lei_approx_2000_EUR_for_installing_cookies_without_consent_under_national_law_and_issued_warning_for_GDPR_transparency_violation_failure_to_display_operator_identity_on_website_Corrective_orders_update_privacy_policy_and_reconfigure_cookie_installation,raw_q68,Other,categorical,1.0,0.0026595744680851063,0.002652501131733817,,,
raw_q68_SC_Grupex_2000_SRL_fined_1000_for_illegally_processing_patient_data_in_a_video_on_its_website_without_legal_basis_violating_Articles_5_and_6_GDPR_corrective_order_issued_for_compliance,raw_q68,Other,categorical,1.0,0.0026595744680851063,0.002652501131733817,,,
raw_q68_SC_Prestige_Media_PHG_SRL_fined_5000_for_publishing_23_employee_termination_decisions_online_without_legal_basis_violating_GDPR_Articles_5_and_6_Ordered_to_anonymize_data,raw_q68,Other,categorical,1.0,0.0026595744680851063,0.002652501131733817,,,
raw_q68_STRING,raw_q68,Other,categorical,1.0,0.18085106382978725,0.14814395654142143,,,
raw_q68_STRING_UK_ICO_fined_Saga_Personal_Finance_Ltd_75_000_for_sending_28_5_million_unsolicited_marketing_messages_without_valid_consent_violating_GDPR_lawfulness_principle_under_Article_5_1_a,raw_q68,Other,categorical,1.0,0.0026595744680851063,0.002652501131733817,,,
raw_q68_STRING_Swedish_DPA_IMY_ex_officio_investigation_into_Expressen_Lifestyle_AB_successor_to_Bonnier_Magazines_for_incorrect_legal_basis_information_on_website_registration_flow_May_2018_June_2019_Website_text_implied_consent_basis_while_company_relied_on_contract_legitimate_interests_Violation_of_Article_13_1_c_Reprimand_issued_due_to_minor_nature_immediate_correction_limited_affected_customers_1372_unintentional_error_during_GDPR_implementation_no_serious_harm,raw_q68,Other,categorical,1.0,0.0026595744680851063,0.002652501131733817,,,
raw_q68_SUPERCOR_installed_a_temporary_video_surveillance_camera_in_an_employee_rest_area_to_investigate_theft_capturing_images_used_to_dismiss_two_employees_The_Spanish_DPA_found_this_violated_Article_6_GDPR_as_processing_lacked_a_legal_basis_was_disproportionate_and_breached_the_explicit_prohibition_in_national_law_against_surveillance_in_rest_areas_A_70_000_fine_was_imposed_considering_the_intentionality_and_the_defendant_s_size,raw_q68,Other,categorical,1.0,0.0026595744680851063,0.002652501131733817,,,
raw_q68_School_used_facial_recognition_for_cashless_catering_without_prior_DPIA_and_relied_on_invalid_opt_out_consent_reprimanded_for_Article_35_1_violation_with_remedial_steps_noted,raw_q68,Other,categorical,1.0,0.0026595744680851063,0.002652501131733817,,,
raw_q68_Slovak_DPA_issued_advisory_opinion_to_Ministry_of_Finance_finding_that_FATCA_related_tax_treaties_lack_GDPR_compliant_safeguards_for_US_data_transfers_referencing_EDPB_guidelines_and_CJEU_Schrems_II_ruling_recommending_pan_European_coordination,raw_q68,Other,categorical,1.0,0.0026595744680851063,0.002652501131733817,,,
raw_q68_Slovenian_DPA_found_a_public_sector_body_failed_to_establish_joint_controller_agreements_with_users_of_its_data_intermediary_service_violating_GDPR_accountability_ordered_compliance_within_60_days_without_a_fine_citing_EDPB_guidelines_and_CJEU_case_law_on_joint_controllership,raw_q68,Other,categorical,1.0,0.0026595744680851063,0.002652501131733817,,,
raw_q68_Slovenian_DPA_initiated_ex_officio_inspection_of_a_bar_s_video_surveillance_system_finding_it_recorded_beyond_necessary_areas_e_g_entire_terrace_and_interior_without_valid_legal_basis_under_legitimate_interests_violating_data_minimization_and_purpose_limitation_ordered_camera_adjustments_to_limit_recording_to_entrance_and_cash_register_only_with_no_fine_imposed,raw_q68,Other,categorical,1.0,0.0026595744680851063,0.002652501131733817,,,
raw_q68_Slovenian_DPA_issued_a_non_binding_advisory_opinion_clarifying_data_access_rights_under_GDPR_Article_15_and_national_laws_specifically_addressing_police_data_processing_exemptions_under_national_security_provisions_without_any_enforcement_actions,raw_q68,Other,categorical,1.0,0.0026595744680851063,0.002652501131733817,,,
raw_q68_Slovenian_DPA_issued_a_non_binding_opinion_in_response_to_a_complaint_about_online_publication_of_a_self_employed_cultural_worker_s_data_concluding_that_such_data_are_not_protected_under_GDPR_as_they_constitute_business_entity_information_under_national_law_based_on_constitutional_case_law_and_specific_acts,raw_q68,Other,categorical,1.0,0.0026595744680851063,0.002652501131733817,,,
raw_q68_Slovenian_DPA_provided_a_non_binding_opinion_on_distance_education_processing_stating_legal_obligation_under_Article_6_1_c_is_the_appropriate_basis_for_schools_not_consent_and_emphasized_data_minimization_and_security_principles,raw_q68,Other,categorical,1.0,0.0026595744680851063,0.002652501131733817,,,
raw_q68_Slovenian_Information_Commissioner_issued_a_non_binding_opinion_clarifying_jurisdictional_roles_for_drone_regulation_IP_monitors_GDPR_compliance_and_impact_assessments_Civil_Aviation_Agency_handles_flight_safety_with_no_enforcement_actions_or_violations_discussed,raw_q68,Other,categorical,1.0,0.0026595744680851063,0.002652501131733817,,,
raw_q68_Slovenian_Information_Commissioner_issued_non_binding_opinion_on_mandatory_employee_video_recording_for_client_greeting_cards_Opinion_states_processing_requires_valid_consent_under_Article_6_1_a_but_consent_is_unlikely_valid_due_to_employment_power_imbalance_and_mandatory_nature_References_EDPB_guidelines_on_consent_in_employment_contexts,raw_q68,Other,categorical,1.0,0.0026595744680851063,0.002652501131733817,,,
raw_q68_Slovenian_Information_Commissioner_provided_a_non_binding_opinion_on_a_complaint_about_a_bank_s_data_request_from_a_politically_exposed_person_confirming_legal_basis_under_Article_6_1_c_for_anti_money_laundering_obligations_but_deferring_adequacy_assessment_to_other_authorities,raw_q68,Other,categorical,1.0,0.0026595744680851063,0.002652501131733817,,,
raw_q68_Slovenian_media_publisher_posted_article_and_PDF_criminal_complaint_on_website_about_bank_recapitalization_with_black_boxes_over_birth_dates_EM_O_IDs_addresses_poorly_redacted_removable_via_copy_paste_or_PDF_tools_exposing_data_of_suspects_Bank_of_Slovenia_officials_and_others_DPA_initiated_ex_officio_inspection_found_violations_of_Art_5_1_c_data_minimisation_unnecessary_data_published_and_Art_32_security_inadequate_protection_but_allowed_names_as_public_figures_under_freedom_of_expression_balancing_ordered_proper_anonymization_deletion_within_5_days_no_fine,raw_q68,Other,categorical,1.0,0.0026595744680851063,0.002652501131733817,,,
raw_q68_Spanish_DPA_archived_complaint_against_University_of_Navarra_alleging_coercion_in_COVID_19_vaccination_data_collection_found_processing_voluntary_informed_consent_based_and_compliant_with_legal_obligations_for_public_health_with_no_evidence_of_infringement,raw_q68,Other,categorical,1.0,0.0026595744680851063,0.002652501131733817,,,
raw_q68_Spanish_DPA_dismissed_claim_against_neuroscience_clinic_for_incomplete_erasure_of_complainant_s_image_data_from_social_media_Defendant_partially_complied_but_faced_technical_barriers_with_META_platforms_DPA_found_security_principle_violation_but_considered_defendant_s_cooperation_and_mitigation_efforts_sufficient_without_fine,raw_q68,Other,categorical,1.0,0.0026595744680851063,0.002652501131733817,,,
raw_q68_Spanish_DPA_dismissed_complaints_against_tax_agency_for_fingerprint_based_access_control_system_finding_no_Article_13_violation_as_employees_were_adequately_informed_pre_data_collection_biometric_processing_deemed_lawful_under_labor_law_exemptions_with_sufficient_safeguards,raw_q68,Other,categorical,1.0,0.0026595744680851063,0.002652501131733817,,,
raw_q68_Spanish_DPA_filed_complaint_against_UK_based_ALDANITI_INTERNATIONAL_NETWORK_LTD_for_unsolicited_marketing_emails_and_cookie_consent_issues_but_case_closed_due_to_inability_to_obtain_defendant_s_tax_identification_preventing_sanctioning_procedure_initiation_despite_cross_border_coordination_via_IMI_system,raw_q68,Other,categorical,1.0,0.0026595744680851063,0.002652501131733817,,,
raw_q68_Spanish_DPA_fined_20_A_OS_DE_M_SICA_A_I_E_3000_for_collecting_excessive_ID_copies_violating_data_minimization_and_inadequate_privacy_information_Defendant_cooperated_admitted_responsibility_paid_reduced_fine_and_implemented_corrective_measures_Case_initiated_by_complaint_regarding_minor_event_authorizations,raw_q68,Other,categorical,1.0,0.0026595744680851063,0.002652501131733817,,,
raw_q68_Spanish_DPA_fined_A_A_A_600_for_GDPR_Article_5_1_c_violation_due_to_excessive_collection_of_ID_copies_for_user_verification_defendant_acknowledged_liability_paid_voluntarily_and_must_implement_compliant_measures_within_3_months,raw_q68,Other,categorical,1.0,0.0026595744680851063,0.002652501131733817,,,
raw_q68_Spanish_DPA_fined_ADNAYA_GREEN_SOLUTIONS_10_000_for_unlawfully_transferring_complainant_s_personal_data_to_a_third_party_without_legal_basis_affecting_approximately_300_400_data_subjects_with_no_cooperation_from_defendant,raw_q68,Other,categorical,1.0,0.0026595744680851063,0.002652501131733817,,,
raw_q68_Spanish_DPA_fined_AIRE_NETWORKS_60_000_for_GDPR_Article_5_1_f_security_breach_due_to_credential_leaks_enabling_SIM_duplication_and_bank_fraud_defendant_acknowledged_liability_and_paid_voluntarily,raw_q68,Other,categorical,1.0,0.0026595744680851063,0.002652501131733817,,,
raw_q68_Spanish_DPA_fined_AUTO_DESGUACES_IGLESIAS_SL_900_for_GDPR_Article_5_1_c_violation_due_to_surveillance_cameras_capturing_excessive_public_space_images_reduced_from_1_500_for_cooperation_acknowledgment_and_SME_status,raw_q68,Other,categorical,1.0,0.0026595744680851063,0.002652501131733817,,,
raw_q68_Spanish_DPA_fined_Atresmedia_30_000_for_violating_GDPR_Article_5_1_c_by_publishing_minors_voices_in_a_news_video_without_distortion_failing_data_minimization_Defendant_acknowledged_liability_and_paid_voluntarily_measures_ordered_to_ensure_future_compliance_and_maintain_provisional_data_processing_suspension,raw_q68,Other,categorical,1.0,0.0026595744680851063,0.002652501131733817,,,
raw_q68_Spanish_DPA_fined_BIROU_GAS_60_000_reduced_to_48_000_for_failing_to_respond_to_information_requests_under_Article_58_1_GDPR_violation_hindered_investigation_aggravating_factors_were_negligence_and_company_size_voluntary_payment_terminated_procedure,raw_q68,Other,categorical,1.0,0.0026595744680851063,0.002652501131733817,,,
raw_q68_Spanish_DPA_fined_BODEGAS_DINASTIA_SL_1600_for_LSSI_cookie_consent_violations_on_two_websites_privacy_policies_were_compliant_but_cookie_banners_lacked_clarity_and_granular_control_resolved_via_voluntary_payment_and_compliance_order,raw_q68,Other,categorical,1.0,0.0026595744680851063,0.002652501131733817,,,
raw_q68_Spanish_DPA_fined_Burgos_CF_120_000_for_implementing_a_biometric_fingerprint_access_system_without_necessity_valid_DPIA_or_legal_basis_violating_Articles_5_9_13_35_GDPR_The_system_processed_special_category_data_disproportionately_the_club_recognized_responsibility_and_paid_the_reduced_fine,raw_q68,Other,categorical,1.0,0.0026595744680851063,0.002652501131733817,,,
raw_q68_Spanish_DPA_fined_CAIXABANK_200_000_for_retaining_ex_customer_s_data_16_years_post_mortgage_cancellation_violating_GDPR_storage_limitation_principle_based_on_complaint_and_appeal_process,raw_q68,Other,categorical,1.0,0.0026595744680851063,0.002652501131733817,,,
raw_q68_Spanish_DPA_fined_CALLESGARCIA_SC_4_000_for_using_claimant_s_wedding_photo_in_advertising_without_consent_violating_Article_6_GDPR_defendant_non_cooperative_fine_based_on_negligence_and_basic_data_affected,raw_q68,Other,categorical,1.0,0.0026595744680851063,0.002652501131733817,,,
raw_q68_Spanish_DPA_fined_CASA_GRACIO_OPERATION_SLU_6_000_for_video_surveillance_capturing_excessive_public_space_violating_GDPR_data_minimization_defendant_paid_voluntarily_acknowledging_responsibility,raw_q68,Other,categorical,1.0,0.0026595744680851063,0.002652501131733817,,,
raw_q68_Spanish_DPA_fined_CHATWITH_IO_WORLDWIDE_S_L_12_000_for_GDPR_and_LSSI_violations_inadequate_privacy_policy_information_Art_13_use_of_dark_patterns_in_cookie_consent_undermining_lawfulness_and_fairness_Art_5_1_a_and_non_compliant_cookie_installation_and_information_LSSI_Art_22_2_The_defendant_failed_to_cooperate_and_corrective_orders_were_issued_to_achieve_compliance_within_one_month,raw_q68,Other,categorical,1.0,0.0026595744680851063,0.002652501131733817,,,
raw_q68_Spanish_DPA_fined_ELECTROTECNIA_BASTIDA_S_L_3_000_for_violating_GDPR_Article_32_1_after_medical_data_of_29_workers_was_found_abandoned_in_a_public_area_citing_lack_of_security_measures_and_non_cooperation_with_SME_status_considered_in_penalty_calculation,raw_q68,Other,categorical,1.0,0.0026595744680851063,0.002652501131733817,,,
raw_q68_Spanish_DPA_fined_Fusiona_Soluciones_Energ_ticas_50_000_for_violating_GDPR_Article_6_1_by_unlawfully_including_claimant_s_data_in_a_credit_file_for_a_non_existent_debt_with_no_cooperation_from_defendant_fine_based_on_violation_duration_and_business_nature,raw_q68,Other,categorical,1.0,0.0026595744680851063,0.002652501131733817,,,
raw_q68_Spanish_DPA_fined_GARANTIZA_AUTOMOCI_N_SL_3_000_euros_for_LSSI_violation_website_lacked_first_layer_cookie_banner_and_management_mechanism_with_infringement_ongoing_since_at_least_September_2018_ordered_compliance_within_one_month,raw_q68,Other,categorical,1.0,0.0026595744680851063,0.002652501131733817,,,
raw_q68_Spanish_DPA_fined_GLOBAL_BUSINESS_TRAVEL_SPAIN_S_L_U_3_000_for_GDPR_Article_32_violation_after_an_employee_scanned_and_emailed_a_claimant_s_health_data_without_authorization_the_defendant_acknowledged_responsibility_and_paid_voluntarily_leading_to_case_termination,raw_q68,Other,categorical,1.0,0.0026595744680851063,0.002652501131733817,,,
raw_q68_Spanish_DPA_fined_GRUPO_NORCONSULTING_15_000_for_failing_to_properly_respond_to_data_subject_s_access_and_erasure_requests_under_Articles_15_and_17_GDPR_The_company_an_SME_in_HR_did_not_provide_complete_information_or_deletion_despite_repeated_requests_showing_negligence_Cross_border_case_with_multiple_concerned_authorities,raw_q68,Other,categorical,1.0,0.0026595744680851063,0.002652501131733817,,,
raw_q68_Spanish_DPA_fined_IMNOVA_RESORT_SL_3_000_under_LSSI_for_installing_cookies_without_valid_consent_mechanism_on_website_required_compliance_within_one_month_No_GDPR_violations_discussed,raw_q68,Other,categorical,1.0,0.0026595744680851063,0.002652501131733817,,,
raw_q68_Spanish_DPA_fined_IZA_OBRAS_Y_PROMOCIONES_S_A_50_000_for_violating_GDPR_Article_5_1_c_by_excessively_disclosing_employee_health_data_and_email_address_to_a_public_entity_during_an_administrative_defense_without_consent_and_beyond_necessity,raw_q68,Other,categorical,1.0,0.0026595744680851063,0.002652501131733817,,,
raw_q68_Spanish_DPA_fined_Iberdrola_100_000_for_maintaining_inaccurate_customer_address_data_and_failing_to_comply_with_erasure_request_violating_Articles_5_1_d_and_17_GDPR_Violation_persisted_for_years_despite_customer_notifications,raw_q68,Other,categorical,1.0,0.0026595744680851063,0.002652501131733817,,,
raw_q68_Spanish_DPA_fined_JAVA_association_5_000_for_publishing_personal_data_without_consent_GDPR_Art_6_1_and_3_000_for_non_compliant_cookie_banner_LSSI_Art_22_2_citing_intentionality_data_sensitivity_and_non_cooperation,raw_q68,Other,categorical,1.0,0.0026595744680851063,0.002652501131733817,,,
raw_q68_Spanish_DPA_fined_LODEJU_S_L_3_000_for_installing_hidden_cameras_recording_public_space_without_proper_signage_violating_GDPR_Articles_5_1_c_data_minimization_and_13_transparency_due_to_serious_negligence_and_lack_of_cooperation,raw_q68,Other,categorical,1.0,0.0026595744680851063,0.002652501131733817,,,
raw_q68_Spanish_DPA_fined_Loro_Parque_250_000_for_processing_biometric_fingerprint_data_without_legal_basis_under_Article_9_GDPR_for_Twin_Ticket_park_access_violating_principles_of_lawfulness_security_and_accountability_and_ordered_cessation_of_processing,raw_q68,Other,categorical,1.0,0.0026595744680851063,0.002652501131733817,,,
raw_q68_Spanish_DPA_fined_MAPFRE_30_000_reduced_to_24_000_for_processing_claimant_s_data_without_legal_basis_under_Article_6_1_GDPR_as_claimant_was_listed_as_policyholder_on_one_policy_without_consent_or_contract_defendant_cooperated_and_deleted_data,raw_q68,Other,categorical,1.0,0.0026595744680851063,0.002652501131733817,,,
raw_q68_Spanish_DPA_fined_MARINA_SALUD_500_000_for_violating_GDPR_Article_28_2_by_failing_to_inform_the_data_controller_Valencian_Health_Ministry_of_subcontractor_changes_post_GDPR_despite_prior_general_authorization_violation_involved_health_data_and_persisted_until_2023_inspection,raw_q68,Other,categorical,1.0,0.0026595744680851063,0.002652501131733817,,,
raw_q68_Spanish_DPA_fined_MARKETING_ACCOMMODATION_SOLUTIONS_75_000_for_GDPR_violations_25_000_for_excessive_data_collection_ID_images_beyond_legal_requirement_under_Article_5_1_c_and_50_000_for_inadequate_privacy_information_under_Article_13_Defendant_a_UAE_based_holiday_rental_provider_did_not_cooperate_with_investigation,raw_q68,Other,categorical,1.0,0.0026595744680851063,0.002652501131733817,,,
raw_q68_Spanish_DPA_fined_MIGUEL_IB_EZ_BEZANILLA_S_L_3_000_EUR_for_GDPR_violations_insecure_HTTP_protocol_outdated_privacy_policy_referencing_old_law_and_non_compliant_cookie_banner_The_entity_failed_to_cooperate_leading_to_aggravated_penalties_and_a_compliance_order,raw_q68,Other,categorical,1.0,0.0026595744680851063,0.002652501131733817,,,
raw_q68_Spanish_DPA_fined_MOURO_PRODUCTIONS_12_000_reduced_from_20_000_for_violating_GDPR_Articles_5_1_c_data_minimization_and_13_information_obligations_by_requiring_photocopies_of_IDs_for_minor_event_access_and_providing_outdated_privacy_information_The_defendant_paid_voluntarily_and_recognized_responsibility_Compliance_orders_were_issued_to_update_policies,raw_q68,Other,categorical,1.0,0.0026595744680851063,0.002652501131733817,,,
raw_q68_Spanish_DPA_fined_NBQ_TECHNOLOGY_24_000_for_processing_personal_data_without_legal_basis_after_identity_theft_led_to_fraudulent_loan_application_defendant_paid_voluntarily_acknowledging_responsibility,raw_q68,Other,categorical,1.0,0.0026595744680851063,0.002652501131733817,,,
raw_q68_Spanish_DPA_fined_ORGANIC_AND_NATUR_03_S_L_4_000_for_failing_to_update_privacy_policy_to_GDPR_standards_Article_13_violation_and_issued_a_warning_for_obtaining_generic_consent_for_data_transfers_and_marketing_without_specific_purposes_Article_7_violation_following_a_complaint_about_non_compliant_contract_clauses,raw_q68,Other,categorical,1.0,0.0026595744680851063,0.002652501131733817,,,
raw_q68_Spanish_DPA_fined_ORI_S_L_1200_for_failing_to_provide_adequate_privacy_information_on_website_forms_Company_acknowledged_liability_and_paid_voluntarily_Required_to_implement_compliance_measures_within_one_month,raw_q68,Other,categorical,1.0,0.0026595744680851063,0.002652501131733817,,,
raw_q68_Spanish_DPA_fined_Quir_n_Prevenci_n_30_000_for_GDPR_breaches_Article_5_1_f_confidentiality_violation_and_Article_32_security_failure_due_to_unredacted_personal_data_in_a_workplace_mediation_report_sent_to_involved_parties_Defendant_paid_voluntarily_admitting_responsibility,raw_q68,Other,categorical,1.0,0.0026595744680851063,0.002652501131733817,,,
raw_q68_Spanish_DPA_fined_SEAN_SERIOS_S_L_12_000_for_publishing_a_reordered_list_of_candidates_names_surnames_and_scores_from_a_public_health_service_selection_process_on_its_website_without_a_valid_legal_basis_under_Article_6_1_GDPR_as_legitimate_interest_did_not_prevail_over_data_subjects_rights_and_the_processing_involved_special_category_data_health_related,raw_q68,Other,categorical,1.0,0.0026595744680851063,0.002652501131733817,,,
raw_q68_Spanish_DPA_fined_Segurcaixa_Adeslas_300_000_for_sending_marketing_emails_without_legal_basis_to_a_complainant_on_the_Robinson_list_failing_to_respond_to_deletion_requests_under_Article_17_GDPR_and_lacking_proper_data_processing_agreements_with_insurance_agents_under_Article_28_GDPR_The_violations_were_continuous_and_negligent,raw_q68,Other,categorical,1.0,0.0026595744680851063,0.002652501131733817,,,
raw_q68_Spanish_DPA_fined_Suministrador_Ib_rico_de_Energ_a_70_000_for_processing_complainant_s_electricity_data_without_legal_basis_after_contract_withdrawal_violation_involved_unauthorized_January_2022_processing_despite_August_2021_cancellation_lacking_consent_or_contract_justification,raw_q68,Other,categorical,1.0,0.0026595744680851063,0.002652501131733817,,,
raw_q68_Spanish_DPA_fined_Telef_nica_75_000_for_unlawful_processing_under_Article_6_GDPR_A_phone_line_portability_was_executed_without_valid_consent_due_to_human_error_in_verification_procedures_causing_loss_of_service_to_the_data_subject_The_DPA_found_no_lawful_basis_for_processing_personal_data,raw_q68,Other,categorical,1.0,0.0026595744680851063,0.002652501131733817,,,
raw_q68_Spanish_DPA_fined_XFERA_M_VILES_24_000_for_failing_to_comply_with_a_prior_resolution_ordering_response_to_a_data_subject_s_access_request_after_the_defendant_recognized_responsibility_and_made_voluntary_payment,raw_q68,Other,categorical,1.0,0.0026595744680851063,0.002652501131733817,,,
raw_q68_Spanish_DPA_fined_a_hunters_association_3_000_for_GDPR_violations_disseminating_a_member_s_personal_data_via_WhatsApp_without_authorization_breaching_Article_5_1_f_confidentiality_and_lacking_adequate_security_measures_Article_32_No_cooperation_from_defendant,raw_q68,Other,categorical,1.0,0.0026595744680851063,0.002652501131733817,,,
raw_q68_Spanish_DPA_fined_a_medical_oncology_foundation_42_000_for_GDPR_Article_5_1_f_security_violation_after_a_cyberattack_breached_health_data_of_2_622_patients_the_defendant_acknowledged_liability_cooperated_and_implemented_post_breach_measures_leading_to_a_reduced_fine,raw_q68,Other,categorical,1.0,0.0026595744680851063,0.002652501131733817,,,
raw_q68_Spanish_DPA_fined_a_plastic_surgery_clinic_2400_for_lacking_privacy_and_cookies_policies_on_its_website_violating_GDPR_Article_13_and_LSSI_Article_22_2_Defendant_paid_voluntarily_admitting_responsibility_leading_to_procedure_termination,raw_q68,Other,categorical,1.0,0.0026595744680851063,0.002652501131733817,,,
raw_q68_Spanish_DPA_fined_a_property_owners_community_1_000_for_violating_GDPR_Article_5_1_f_by_publicly_displaying_meeting_minutes_with_residents_personal_data_names_addresses_debts_in_a_building_entrance_display_case_for_over_8_months_failing_to_ensure_confidentiality_The_defendant_did_not_cooperate_A_compliance_order_was_issued_to_remove_the_minutes_and_prevent_future_displays,raw_q68,Other,categorical,1.0,0.0026595744680851063,0.002652501131733817,,,
raw_q68_Spanish_DPA_fined_beauty_center_1_000_for_LSSI_violation_sent_commercial_SMS_after_data_deletion_request_demonstrating_lack_of_diligence_in_data_management,raw_q68,Other,categorical,1.0,0.0026595744680851063,0.002652501131733817,,,
raw_q68_Spanish_DPA_fined_company_4_000_for_failing_to_respond_to_information_requests_during_investigation_violating_Article_58_1_GDPR_ordered_compliance_within_10_days,raw_q68,Other,categorical,1.0,0.0026595744680851063,0.002652501131733817,,,
raw_q68_Spanish_DPA_fined_cultural_association_3000_for_disseminating_images_of_a_minor_without_parental_consent_via_WeChat_groups_Violation_of_Article_6_1_a_GDPR_due_to_lack_of_lawful_basis_Case_initiated_by_complaint_defendant_non_cooperative,raw_q68,Other,categorical,1.0,0.0026595744680851063,0.002652501131733817,,,
raw_q68_Spanish_DPA_fined_energy_company_60_000_for_sending_a_contract_with_complainant_s_new_address_data_to_their_old_address_due_to_failure_to_update_records_violating_GDPR_accuracy_principle_company_paid_fine_and_acknowledged_responsibility,raw_q68,Other,categorical,1.0,0.0026595744680851063,0.002652501131733817,,,
raw_q68_Spanish_DPA_fined_individual_hotel_owner_1200_reduced_from_1500_for_violating_GDPR_Article_5_1_c_by_requiring_ID_document_copies_photos_during_check_in_processing_excessive_data_beyond_legal_requirements_defendant_paid_voluntarily_and_cooperated_ordered_to_cease_practice_and_prove_compliance_within_2_months,raw_q68,Other,categorical,1.0,0.0026595744680851063,0.002652501131733817,,,
raw_q68_Spanish_DPA_fined_individual_website_owner_1800_for_GDPR_violations_lack_of_consent_mechanism_Art_6_inadequate_privacy_policy_information_Art_13_and_cookie_non_compliance_LSSI_Art_22_2_Case_terminated_after_voluntary_payment_and_acknowledgment,raw_q68,Other,categorical,1.0,0.0026595744680851063,0.002652501131733817,,,
raw_q68_Spanish_DPA_fined_law_firm_5_000_for_publishing_employee_photos_on_website_without_valid_consent_Defendant_claimed_implied_consent_via_email_but_failed_to_provide_required_information_or_unambiguous_consent_Ordered_to_comply_within_3_months,raw_q68,Other,categorical,1.0,0.0026595744680851063,0.002652501131733817,,,
raw_q68_Spanish_DPA_handled_complaint_against_MARIELI_GABRIELA_S_L_for_unauthorized_bank_charges_from_ex_employee_s_account_without_legal_basis_defendant_failed_to_respond_to_inquiries_infringement_of_Article_6_1_found_no_fine_issued_due_to_procedural_resolution,raw_q68,Other,categorical,1.0,0.0026595744680851063,0.002652501131733817,,,
raw_q68_Spanish_DPA_investigated_Fuenlabrada_City_Council_s_drone_traffic_surveillance_after_complaint_about_inadequate_signage_Found_processing_compliant_with_GDPR_after_defendant_conducted_required_impact_assessment_and_provided_information_through_multiple_channels_Case_dismissed_with_no_fine_imposed,raw_q68,Other,categorical,1.0,0.0026595744680851063,0.002652501131733817,,,
raw_q68_Spanish_DPA_investigated_Metro_Bilbao_s_temperature_screening_of_subway_users_during_COVID_19_found_no_personal_data_processing_occurred_as_measurements_weren_t_linked_to_identifiable_individuals_leading_to_case_closure_without_fine_or_corrective_measures,raw_q68,Other,categorical,1.0,0.0026595744680851063,0.002652501131733817,,,
raw_q68_Spanish_DPA_issued_a_warning_to_EDREAMS_for_charging_a_50_fee_to_correct_a_passenger_s_name_error_on_a_flight_booking_violating_GDPR_Article_12_5_on_free_exercise_of_data_subject_rights_no_fine_due_to_minor_nature_immediate_remediation_and_cooperation,raw_q68,Other,categorical,1.0,0.0026595744680851063,0.002652501131733817,,,
raw_q68_Spanish_DPA_issued_a_warning_to_a_community_of_owners_for_violating_GDPR_Article_5_1_f_by_publicly_displaying_a_resident_s_personal_data_name_debt_amount_on_a_notice_board_ordered_compliance_within_one_month,raw_q68,Other,categorical,1.0,0.0026595744680851063,0.002652501131733817,,,
raw_q68_Spanish_DPA_issued_a_warning_to_a_regional_education_authority_for_failing_to_adequately_inform_employees_about_fingerprint_based_time_control_processing_violating_Article_13_GDPR_no_fine_due_to_public_sector_status_and_remedial_actions_taken,raw_q68,Other,categorical,1.0,0.0026595744680851063,0.002652501131733817,,,
raw_q68_Spanish_DPA_issued_reprimand_to_ADD_EVENT_STAFF_SL_for_violating_Article_7_GDPR_by_conditioning_event_attendance_on_consent_for_advertising_and_image_processing_requiring_protocol_adaptation_within_one_month,raw_q68,Other,categorical,1.0,0.0026595744680851063,0.002652501131733817,,,
raw_q68_Spanish_DPA_issued_reprimand_to_GlovoApp_for_failing_to_process_data_erasure_requests_via_chat_violating_Article_12_GDPR_infringement_deemed_minor_due_to_negligence_cooperation_and_corrective_actions_taken_cross_border_case_with_Poland_and_Portugal_as_concerned_authorities,raw_q68,Other,categorical,1.0,0.0026595744680851063,0.002652501131733817,,,
raw_q68_Spanish_DPA_issued_warning_and_compliance_order_to_non_profit_association_for_inadequate_website_privacy_policy_lacking_Article_13_GDPR_information_including_data_subject_rights_and_complaint_procedures_no_fine_imposed,raw_q68,Other,categorical,1.0,0.0026595744680851063,0.002652501131733817,,,
raw_q68_Spanish_DPA_issued_warning_to_Castilla_La_Mancha_Health_Service_for_GDPR_Article_5_1_f_security_breach_involving_431_patients_health_data_due_to_technical_misconfiguration_in_VITROPATH_system_requiring_risk_analysis_impact_assessment_and_audit_within_six_months_no_fine_due_to_public_entity_status,raw_q68,Other,categorical,1.0,0.0026595744680851063,0.002652501131733817,,,
raw_q68_Spanish_DPA_issued_warning_to_Galician_education_authority_for_violating_GDPR_confidentiality_by_publishing_student_admission_lists_on_school_facade_visible_publicly_and_unrestricted_website_without_security_measures_ordering_compliance_within_one_month_to_use_internal_boards_and_restricted_access,raw_q68,Other,categorical,1.0,0.0026595744680851063,0.002652501131733817,,,
raw_q68_Spanish_DPA_issued_warning_to_hospitality_firm_for_invalid_consent_based_on_entrance_poster_for_photographing_and_publishing_customer_images_on_social_media_consent_not_informed_specific_free_or_unequivocal_per_GDPR_Articles_6_1_and_7_with_compliance_order_to_rectify_within_one_month,raw_q68,Other,categorical,1.0,0.0026595744680851063,0.002652501131733817,,,
raw_q68_Spanish_DPA_resolved_a_complaint_against_COFIDIS_S_A_for_failing_to_respond_to_a_data_subject_s_erasure_request_under_Article_17_GDPR_ordered_compliance_within_ten_days_but_imposed_no_fine,raw_q68,Other,categorical,1.0,0.0026595744680851063,0.002652501131733817,,,
raw_q68_Spanish_DPA_terminated_proceedings_against_ITAA_after_a_security_guard_recorded_CCTV_footage_of_an_assault_on_a_mobile_phone_and_shared_it_via_WhatsApp_The_controller_had_adequate_security_measures_notified_the_breach_within_72_hours_and_took_appropriate_actions_No_GDPR_violations_found,raw_q68,Other,categorical,1.0,0.0026595744680851063,0.002652501131733817,,,
raw_q68_Spanish_Handball_Federation_processed_athletes_COVID_19_health_data_without_valid_legal_basis_under_Article_9_GDPR_incorrectly_citing_EU_Regulation_2021_953_and_vital_interests_Also_failed_to_provide_required_information_under_Article_13_Fined_10_000_for_Article_9_violation_and_7_000_for_Article_13_violation,raw_q68,Other,categorical,1.0,0.0026595744680851063,0.002652501131733817,,,
raw_q68_Spanish_Ministry_of_Justice_entity_failed_to_implement_adequate_security_measures_in_nationality_application_causing_repeated_data_breaches_where_36_applicants_personal_data_was_wrongly_disclosed_DPA_issued_warnings_for_violations_of_GDPR_Articles_5_1_f_25_32_and_34_citing_prior_similar_incidents_as_aggravating,raw_q68,Other,categorical,1.0,0.0026595744680851063,0.002652501131733817,,,
raw_q68_Spanish_credit_cooperative_publicly_displayed_members_personal_data_on_a_notice_board_violating_GDPR_confidentiality_AEPD_imposed_5_000_fine_and_compliance_order_citing_negligence_and_basic_data_exposure_as_aggravating_factors,raw_q68,Other,categorical,1.0,0.0026595744680851063,0.002652501131733817,,,
raw_q68_Spanish_law_firm_disclosed_complainant_s_personal_data_name_address_to_third_party_without_consent_in_legal_dispute_context_DPA_found_Article_6_violation_imposed_2000_fine_reduced_to_1600_via_voluntary_payment_without_admission_of_liability_terminating_procedure,raw_q68,Other,categorical,1.0,0.0026595744680851063,0.002652501131733817,,,
raw_q68_Spanish_logistics_company_implemented_fingerprint_timekeeping_system_for_520_employees_without_DPIA_DPA_found_violation_of_Article_35_GDPR_due_to_biometric_data_processing_risks_20_000_fine_imposed_reduced_to_16_000_after_voluntary_payment_Consent_invalid_due_to_employment_context_power_imbalance,raw_q68,Other,categorical,1.0,0.0026595744680851063,0.002652501131733817,,,
raw_q68_Spanish_media_company_fined_10_000_for_violating_data_minimization_principle_by_publishing_identifiable_image_and_voice_of_a_private_individual_in_a_news_article_without_anonymization_despite_viral_social_media_presence_DPA_upheld_fine_on_appeal_rejecting_journalistic_exemption_claims_and_emphasizing_proportionality_requirements_under_GDPR_Article_5_1_c,raw_q68,Other,categorical,1.0,0.0026595744680851063,0.002652501131733817,,,
raw_q68_Spanish_police_failed_to_respond_to_a_data_subject_s_repeated_access_requests_for_photographs_and_fingerprints_the_DPA_ordered_compliance_within_ten_days_due_to_non_cooperation_and_violation_of_accountability_principles_with_no_fine_imposed,raw_q68,Other,categorical,1.0,0.0026595744680851063,0.002652501131733817,,,
raw_q68_Spanish_regional_health_service_failed_to_properly_respond_to_multiple_access_requests_for_a_deceased_patient_s_medical_records_The_DPA_found_violations_of_GDPR_Articles_5_security_accountability_and_15_access_rights_but_accepted_the_belated_compliance_as_restoring_rights_and_issued_only_a_reprimand_without_fine,raw_q68,Other,categorical,1.0,0.0026595744680851063,0.002652501131733817,,,
raw_q68_Spanish_regional_public_body_collected_unnecessary_special_category_data_gender_identity_via_forms_without_legal_basis_DPA_issued_warnings_and_compliance_order_to_cease_processing_and_adjust_procedures_within_six_months,raw_q68,Other,categorical,1.0,0.0026595744680851063,0.002652501131733817,,,
raw_q68_Spanish_restaurant_MUXERS_CONCEPT_installed_hidden_audio_microphones_in_workplace_areas_including_an_office_for_security_and_labor_control_since_2018_DPA_found_no_legitimate_basis_under_Article_6_GDPR_as_recording_conversations_was_disproportionate_and_violated_lawfulness_principle_imposing_20_000_fine_considering_duration_affected_subjects_and_SME_status,raw_q68,Other,categorical,1.0,0.0026595744680851063,0.002652501131733817,,,
raw_q68_Spanish_restaurant_RIPOBRUNA_2007_S_L_fined_1_600_for_video_surveillance_cameras_oriented_toward_public_space_without_justification_violating_GDPR_Article_5_1_c_data_minimization_principle_Case_initiated_via_complaint_defendant_paid_reduced_fine_voluntarily,raw_q68,Other,categorical,1.0,0.0026595744680851063,0.002652501131733817,,,
raw_q68_Spanish_sports_federation_reprimanded_for_lacking_a_DPO_and_outdated_privacy_policy_referencing_repealed_law_corrected_issues_during_procedure_resulting_in_no_fine,raw_q68,Other,categorical,1.0,0.0026595744680851063,0.002652501131733817,,,
raw_q68_Swedish_DPA_IMY_found_Dagens_Industri_violated_Article_44_GDPR_by_transferring_personal_data_to_US_via_Google_Analytics_without_adequate_Chapter_V_safeguards_despite_measures_ordered_compliance_within_one_month_but_no_fine_due_to_mitigating_efforts_and_post_Schrems_II_legal_gap,raw_q68,Other,categorical,1.0,0.0026595744680851063,0.002652501131733817,,,
raw_q68_Swedish_DPA_fined_CDON_AB_SEK_300_000_for_violating_Article_44_GDPR_by_transferring_personal_data_to_the_US_via_Google_Analytics_without_adequate_safeguards_as_data_constituted_personal_data_and_US_surveillance_laws_posed_risks_ordered_compliance_within_one_month,raw_q68,Other,categorical,1.0,0.0026595744680851063,0.002652501131733817,,,
raw_q68_Swedish_DPA_fined_Stockholm_Board_of_Education_SEK_4M_for_GDPR_security_breaches_in_School_Platform_subsystems_allowing_unauthorized_access_to_sensitive_student_data_over_extended_periods_citing_violations_of_Articles_5_1_f_32_1_and_35_with_over_100_000_data_subjects_affected,raw_q68,Other,categorical,1.0,0.0026595744680851063,0.002652501131733817,,,
raw_q68_Swedish_DPA_fined_a_municipal_rescue_service_EUR_350_000_for_24_7_camera_surveillance_at_fire_stations_from_2018_2021_violating_GDPR_Articles_5_1_a_and_c_due_to_unfair_monitoring_of_employees_changing_in_alarm_stands_without_masking_and_excessive_data_collection_and_Article_32_due_to_lack_of_security_guidelines_Legal_basis_under_Article_6_1_e_was_valid_but_principles_were_breached,raw_q68,Other,categorical,1.0,0.0026595744680851063,0.002652501131733817,,,
raw_q68_Swedish_DPA_found_KRY_violated_GDPR_Articles_5_1_f_5_2_32_1_and_32_2_by_failing_to_conduct_adequate_needs_and_risk_analyses_and_not_restricting_user_access_to_patient_data_in_journal_systems_affecting_450_000_patients_no_fine_imposed_due_to_cooperation_and_improvements_but_compliance_order_issued_to_complete_analyses_by_February_2021,raw_q68,Other,categorical,1.0,0.0026595744680851063,0.002652501131733817,,,
raw_q68_Swedish_DPA_reprimanded_Lensway_Group_AB_for_violating_Articles_12_2_and_12_6_by_requiring_excessive_identity_verification_copy_of_ID_and_signature_via_post_for_two_2020_deletion_requests_failing_to_facilitate_rights_and_ensure_security_no_fine_due_to_minor_nature_and_subsequent_system_upgrades,raw_q68,Other,categorical,1.0,0.0026595744680851063,0.002652501131733817,,,
raw_q68_TNT_Spain_inaccurately_processed_a_customer_s_personal_data_by_associating_a_personal_shipment_with_a_company_account_issuing_an_invoice_to_the_company_containing_the_claimant_s_data_violating_GDPR_Article_5_1_d_accuracy_principle_resulting_in_a_10_000_fine_due_to_the_nature_of_the_infringement_and_lack_of_cooperation,raw_q68,Other,categorical,1.0,0.0026595744680851063,0.002652501131733817,,,
raw_q68_Telef_nica_Espa_a_processed_claimant_s_data_without_valid_consent_for_mobile_line_and_bank_details_after_identity_theft_failed_to_prove_authorization_for_ownership_change_or_direct_debit_fined_55_000_for_Article_6_1_violation_with_aggravating_factors,raw_q68,Other,categorical,1.0,0.0026595744680851063,0.002652501131733817,,,
raw_q68_Telef_nica_processed_claimant_s_data_without_legal_basis_after_identity_theft_in_phone_service_contracting_leading_to_debt_and_credit_file_inclusion_DPA_found_Article_6_1_violation_imposed_45_000_fine_after_reductions_for_cooperation_and_responsibility_acknowledgment,raw_q68,Other,categorical,1.0,0.0026595744680851063,0.002652501131733817,,,
raw_q68_Telekom_Romania_Communications_SA_fined_6_000_for_violating_GDPR_Article_5_1_d_f_2_inaccurate_data_and_security_and_Article_17_erasure_request_non_compliance_following_a_complaint_corrective_orders_issued_for_data_accuracy_and_erasure_process_improvements,raw_q68,Other,categorical,1.0,0.0026595744680851063,0.002652501131733817,,,
raw_q68_The_Slovenian_DPA_provided_a_non_binding_opinion_on_a_proposed_COVID_19_data_analysis_system_questioning_whether_the_data_was_truly_anonymized_emphasizing_the_need_for_a_legal_basis_if_personal_data_is_involved_and_citing_constitutional_protections_for_communication_privacy,raw_q68,Other,categorical,1.0,0.0026595744680851063,0.002652501131733817,,,
raw_q68_The_UK_ICO_fined_the_Cabinet_Office_500_000_for_a_data_breach_where_postal_addresses_of_2020_New_Year_Honours_recipients_were_published_online_due_to_inadequate_security_measures_and_human_error_citing_violations_of_GDPR_Articles_5_1_f_and_32_1_with_the_fine_reflecting_the_seriousness_negligence_and_need_for_deterrence_despite_mitigation_efforts,raw_q68,Other,categorical,1.0,0.0026595744680851063,0.002652501131733817,,,
raw_q68_Tiana_City_Council_created_a_WhatsApp_group_for_municipal_communications_without_providing_full_GDPR_Article_13_information_initially_and_failed_to_ensure_data_confidentiality_leading_to_violations_of_Articles_13_and_25_1_GDPR_no_fine_imposed_due_to_public_sector_status_but_reprimand_and_compliance_orders_issued,raw_q68,Other,categorical,1.0,0.0026595744680851063,0.002652501131733817,,,
raw_q68_Ticketmaster_UK_suffered_a_data_breach_from_May_to_June_2018_due_to_a_malicious_script_in_a_third_party_chat_bot_on_payment_pages_exposing_9_4M_EEA_subjects_data_including_payment_details_The_ICO_found_violations_of_Articles_5_1_f_and_32_GDPR_for_inadequate_security_measures_imposing_a_1_25M_fine_reduced_due_to_COVID_19_impact,raw_q68,Other,categorical,1.0,0.0026595744680851063,0.002652501131733817,,,
raw_q68_Trygg_Hansa_Insurance_branch_failed_to_secure_sensitive_customer_data_allowing_unauthorized_access_via_web_vulnerabilities_from_October_2018_to_February_2021_affecting_650_000_customers_Swedish_DPA_imposed_a_SEK_35_million_fine_for_violations_of_Articles_5_1f_and_32_1_considering_the_breach_s_severity_but_reducing_the_amount_based_on_proportionality,raw_q68,Other,categorical,1.0,0.0026595744680851063,0.002652501131733817,,,
raw_q68_UK_ICO_fined_23andMe_2_31M_for_GDPR_security_failures_after_a_credential_stuffing_attack_exposed_genetic_and_health_data_of_155_592_UK_customers_The_company_lacked_MFA_effective_monitoring_and_breach_response_causing_distress_and_non_material_harm,raw_q68,Other,categorical,1.0,0.0026595744680851063,0.002652501131733817,,,
raw_q68_UK_ICO_fined_Tuckers_Solicitors_LLP_98_000_for_GDPR_Article_5_1_f_security_violations_due_to_a_ransomware_attack_exploiting_lack_of_MFA_delayed_patching_and_unencrypted_data_affecting_over_972_000_files_including_sensitive_legal_case_data_negligence_found_but_cooperation_and_remediation_mitigated_the_penalty,raw_q68,Other,categorical,1.0,0.0026595744680851063,0.002652501131733817,,,
raw_q68_UK_charity_Birthlink_destroyed_4_800_manual_adoption_records_containing_irreplaceable_sensitive_data_in_April_2021_without_authorization_or_security_measures_The_ICO_found_violations_of_Articles_5_1_f_5_2_32_and_33_29_month_delayed_breach_report_A_18_000_fine_was_imposed_considering_financial_hardship_with_negligence_cited_due_to_lack_of_GDPR_understanding_and_policies,raw_q68,Other,categorical,1.0,0.0026595744680851063,0.002652501131733817,,,
raw_q68_UK_primary_school_reprimanded_for_GDPR_security_breach_unauthorized_disclosure_of_special_category_data_affecting_four_individuals_including_children_due_to_inadequate_policies_and_procedures_no_fine_issued_due_to_mitigation_and_remedial_actions,raw_q68,Other,categorical,1.0,0.0026595744680851063,0.002652501131733817,,,
raw_q68_UNCLEAR,raw_q68,Other,categorical,1.0,0.0026595744680851063,0.002652501131733817,,,
raw_q68_UPS_Espa_a_delivered_package_to_claimant_s_neighbor_without_consent_violating_GDPR_Articles_5_1_f_and_32_fined_70_000_total_DPA_found_UPS_failed_as_processor_to_ensure_data_confidentiality_and_adequate_security_measures,raw_q68,Other,categorical,1.0,0.0026595744680851063,0.002652501131733817,,,
raw_q68_Vodafone_Espa_a_fined_50_000_for_violating_GDPR_Article_5_1_f_security_principle_after_sending_a_customer_s_invoice_to_a_neighbor_s_address_due_to_a_data_migration_error_with_the_DPA_citing_negligence_and_lack_of_cooperation,raw_q68,Other,categorical,1.0,0.0026595744680851063,0.002652501131733817,,,
raw_q68_Vodafone_Espa_a_sanctioned_8_15M_for_systematic_GDPR_LSSICE_and_LGT_violations_in_marketing_operations_inadequate_processor_controls_insufficient_oversight_international_data_transfer_breaches_and_failure_to_honor_opposition_rights_despite_191_complaints_and_200M_processing_actions_DPA_cited_negligence_repeat_offenses_and_scale_of_infringements,raw_q68,Other,categorical,1.0,0.0026595744680851063,0.002652501131733817,,,
raw_q68_Vodafone_Spain_processed_SIM_duplicate_request_without_verifying_identity_enabling_fraud_fined_80_000_for_Article_6_violation_with_history_of_similar_breaches_cited,raw_q68,Other,categorical,1.0,0.0026595744680851063,0.002652501131733817,,,
q10_org_class_known_LARGE_ENTERPRISE,q10_org_class_known,Other,categorical,1.0,0.1196808510638298,0.10535734495246718,,,
q10_org_class_known_LARGE_ENTERPRISE_MULTINATIONAL,q10_org_class_known,Other,categorical,1.0,0.0797872340425532,0.07342123132639204,,,
q10_org_class_known_LARGE_ENTERPRISE_MULTINATIONAL_NOT_MENTIONED,q10_org_class_known,Other,categorical,1.0,0.0026595744680851063,0.002652501131733817,,,
q10_org_class_known_LARGE_ENTERPRISE_NOT_MENTIONED,q10_org_class_known,Other,categorical,1.0,0.023936170212765957,0.023363229968311458,,,
q10_org_class_known_MISSING,q10_org_class_known,Other,categorical,1.0,0.0425531914893617,0.04074241738343142,,,
q10_org_class_known_MULTINATIONAL,q10_org_class_known,Other,categorical,1.0,0.015957446808510637,0.015702806699864187,,,
q10_org_class_known_MULTINATIONAL_NOT_MENTIONED,q10_org_class_known,Other,categorical,1.0,0.0026595744680851063,0.002652501131733817,,,
q10_org_class_known_NON_PROFIT,q10_org_class_known,Other,categorical,1.0,0.0398936170212766,0.0383021163422363,,,
q10_org_class_known_NON_PROFIT_NOT_MENTIONED,q10_org_class_known,Other,categorical,1.0,0.005319148936170213,0.00529085559076505,,,
q10_org_class_known_NOT_APPLICABLE,q10_org_class_known,Other,categorical,1.0,0.09042553191489362,0.08224875509280216,,,
q10_org_class_known_NOT_MENTIONED,q10_org_class_known,Other,categorical,1.0,0.19946808510638298,0.15968056813037576,,,
q10_org_class_known_PUBLIC_SECTOR_BODY,q10_org_class_known,Other,categorical,1.0,0.13297872340425532,0.11529538252602989,,,
q10_org_class_known_PUBLIC_SECTOR_BODY_NOT_MENTIONED,q10_org_class_known,Other,categorical,1.0,0.0026595744680851063,0.002652501131733817,,,
q10_org_class_known_SME,q10_org_class_known,Other,categorical,1.0,0.0797872340425532,0.07342123132639204,,,
q10_org_class_known_SME_LARGE_ENTERPRISE,q10_org_class_known,Other,categorical,1.0,0.005319148936170213,0.0052908555907650485,,,
q10_org_class_known_SME_LARGE_ENTERPRISE_NOT_MENTIONED_UNCLEAR,q10_org_class_known,Other,categorical,1.0,0.0026595744680851063,0.002652501131733817,,,
q10_org_class_known_SME_NOT_MENTIONED,q10_org_class_known,Other,categorical,1.0,0.14627659574468085,0.12487975328202808,,,
q10_org_class_known_SME_NOT_MENTIONED_UNCLEAR,q10_org_class_known,Other,categorical,1.0,0.007978723404255319,0.007915063377093709,,,
q10_org_class_unknown_MISSING,q10_org_class_unknown,Other,categorical,1.0,0.9920212765957447,0.007915063377093709,,,
q10_org_class_unknown_NOT_DISCUSSED,q10_org_class_unknown,Other,categorical,1.0,0.007978723404255319,0.007915063377093709,,,
q15_case_initiation_known_BREACH_NOTIFICATION,q15_case_initiation_known,Other,categorical,1.0,0.10372340425531915,0.0929648596650068,,,
q15_case_initiation_known_COMPLAINT,q15_case_initiation_known,Other,categorical,1.0,0.75,0.1875,,,
q15_case_initiation_known_EX_OFFICIO_DPA_INITIATIVE,q15_case_initiation_known,Other,categorical,1.0,0.05585106382978723,0.05273172249886827,,,
q15_case_initiation_known_MEDIA_PUBLIC_ATTENTION,q15_case_initiation_known,Other,categorical,1.0,0.0026595744680851063,0.002652501131733817,,,
q15_case_initiation_known_MISSING,q15_case_initiation_known,Other,categorical,1.0,0.04521276595744681,0.04316857175192394,,,
q15_case_initiation_known_NOT_MENTIONED,q15_case_initiation_known,Other,categorical,1.0,0.031914893617021274,0.030896333182435495,,,
q15_case_initiation_known_REFERRAL_FROM_OTHER_AUTHORITY,q15_case_initiation_known,Other,categorical,1.0,0.010638297872340425,0.010525124490719785,,,
q15_case_initiation_unknown_MISSING,q15_case_initiation_unknown,Other,categorical,1.0,0.9893617021276596,0.010525124490719783,,,
q15_case_initiation_unknown_NOT_DISCUSSED,q15_case_initiation_unknown,Other,categorical,1.0,0.010638297872340425,0.010525124490719785,,,
q21_breach_types_known_CYBER_ATTACK,q21_breach_types_known,Breach Facts,categorical,1.0,0.034574468085106384,0.03337907424173835,,,
q21_breach_types_known_CYBER_ATTACK_HUMAN_ERROR,q21_breach_types_known,Breach Facts,categorical,1.0,0.0026595744680851063,0.002652501131733817,,,
q21_breach_types_known_HUMAN_ERROR,q21_breach_types_known,Breach Facts,categorical,1.0,0.05053191489361702,0.04797844047080127,,,
q21_breach_types_known_HUMAN_ERROR_ORGANIZATIONAL_FAILURE,q21_breach_types_known,Breach Facts,categorical,1.0,0.023936170212765957,0.023363229968311458,,,
q21_breach_types_known_MISSING,q21_breach_types_known,Breach Facts,categorical,1.0,0.05053191489361702,0.04797844047080127,,,
q21_breach_types_known_NOT_APPLICABLE,q21_breach_types_known,Breach Facts,categorical,1.0,0.773936170212766,0.1749589746491625,,,
q21_breach_types_known_ORGANIZATIONAL_FAILURE,q21_breach_types_known,Breach Facts,categorical,1.0,0.007978723404255319,0.007915063377093709,,,
q21_breach_types_known_ORGANIZATIONAL_FAILURE_HUMAN_ERROR,q21_breach_types_known,Breach Facts,categorical,1.0,0.018617021276595744,0.01827042779538253,,,
q21_breach_types_known_TECHNICAL_FAILURE,q21_breach_types_known,Breach Facts,categorical,1.0,0.015957446808510637,0.015702806699864187,,,
q21_breach_types_known_TECHNICAL_FAILURE_CYBER_ATTACK,q21_breach_types_known,Breach Facts,categorical,1.0,0.0026595744680851063,0.002652501131733817,,,
q21_breach_types_known_TECHNICAL_FAILURE_ORGANIZATIONAL_FAILURE,q21_breach_types_known,Breach Facts,categorical,1.0,0.018617021276595744,0.01827042779538253,,,
q21_breach_types_unknown_MISSING,q21_breach_types_unknown,Breach Facts,categorical,1.0,0.9840425531914894,0.015702806699864187,,,
q21_breach_types_unknown_NOT_DISCUSSED,q21_breach_types_unknown,Breach Facts,categorical,1.0,0.015957446808510637,0.015702806699864187,,,
q25_sensitive_data_known_ARTICLE_9_SPECIAL_CATEGORY,q25_sensitive_data_known,Sensitive Data,categorical,1.0,0.09042553191489362,0.08224875509280216,,,
q25_sensitive_data_known_ARTICLE_9_SPECIAL_CATEGORY_ARTICLE_10_CRIMINAL,q25_sensitive_data_known,Sensitive Data,categorical,1.0,0.010638297872340425,0.010525124490719785,,,
q25_sensitive_data_known_MISSING,q25_sensitive_data_known,Sensitive Data,categorical,1.0,0.05053191489361702,0.04797844047080127,,,
q25_sensitive_data_known_NEITHER,q25_sensitive_data_known,Sensitive Data,categorical,1.0,0.13297872340425532,0.11529538252602989,,,
q25_sensitive_data_known_NOT_APPLICABLE,q25_sensitive_data_known,Sensitive Data,categorical,1.0,0.7127659574468085,0.20473064735174284,,,
q25_sensitive_data_known_NOT_MENTIONED,q25_sensitive_data_known,Sensitive Data,categorical,1.0,0.0026595744680851063,0.002652501131733817,,,
q25_sensitive_data_unknown_MISSING,q25_sensitive_data_unknown,Sensitive Data,categorical,1.0,0.9840425531914894,0.015702806699864187,,,
q25_sensitive_data_unknown_NOT_DISCUSSED,q25_sensitive_data_unknown,Sensitive Data,categorical,1.0,0.015957446808510637,0.015702806699864187,,,
q28_mitigations_known_COOPERATION_WITH_DPA,q28_mitigations_known,Other,categorical,1.0,0.010638297872340425,0.010525124490719785,,,
q28_mitigations_known_IMMEDIATE_CONTAINMENT,q28_mitigations_known,Other,categorical,1.0,0.023936170212765957,0.023363229968311458,,,
q28_mitigations_known_IMMEDIATE_CONTAINMENT_COOPERATION_WITH_DPA,q28_mitigations_known,Other,categorical,1.0,0.0026595744680851063,0.002652501131733817,,,
q28_mitigations_known_IMMEDIATE_CONTAINMENT_SECURITY_IMPROVEMENTS_COOPERATION_WITH_DPA,q28_mitigations_known,Other,categorical,1.0,0.0026595744680851063,0.002652501131733817,,,
q28_mitigations_known_IMMEDIATE_CONTAINMENT_SECURITY_IMPROVEMENTS_STAFF_TRAINING,q28_mitigations_known,Other,categorical,1.0,0.0026595744680851063,0.002652501131733817,,,
q28_mitigations_known_IMMEDIATE_CONTAINMENT_SECURITY_IMPROVEMENTS_STAFF_TRAINING_COOPERATION_WITH_DPA,q28_mitigations_known,Other,categorical,1.0,0.005319148936170213,0.0052908555907650485,,,
q28_mitigations_known_IMMEDIATE_CONTAINMENT_SECURITY_IMPROVEMENTS_STAFF_TRAINING_EXTERNAL_AUDIT_COOPERATION_WITH_DPA,q28_mitigations_known,Other,categorical,1.0,0.0026595744680851063,0.002652501131733817,,,
q28_mitigations_known_IMMEDIATE_CONTAINMENT_SYSTEM_FIXES,q28_mitigations_known,Other,categorical,1.0,0.005319148936170213,0.0052908555907650485,,,
q28_mitigations_known_IMMEDIATE_CONTAINMENT_SYSTEM_FIXES_COOPERATION_WITH_DPA,q28_mitigations_known,Other,categorical,1.0,0.0026595744680851063,0.002652501131733817,,,
q28_mitigations_known_IMMEDIATE_CONTAINMENT_SYSTEM_FIXES_SECURITY_IMPROVEMENTS,q28_mitigations_known,Other,categorical,1.0,0.007978723404255319,0.007915063377093709,,,
q28_mitigations_known_IMMEDIATE_CONTAINMENT_SYSTEM_FIXES_SECURITY_IMPROVEMENTS_COOPERATION_WITH_DPA,q28_mitigations_known,Other,categorical,1.0,0.005319148936170213,0.00529085559076505,,,
q28_mitigations_known_IMMEDIATE_CONTAINMENT_SYSTEM_FIXES_SECURITY_IMPROVEMENTS_STAFF_TRAINING_COOPERATION_WITH_DPA,q28_mitigations_known,Other,categorical,1.0,0.007978723404255319,0.007915063377093709,,,
q28_mitigations_known_IMMEDIATE_CONTAINMENT_SYSTEM_FIXES_SECURITY_IMPROVEMENTS_STAFF_TRAINING_EXTERNAL_AUDIT,q28_mitigations_known,Other,categorical,1.0,0.0026595744680851063,0.002652501131733817,,,
q28_mitigations_known_IMMEDIATE_CONTAINMENT_SYSTEM_FIXES_SECURITY_IMPROVEMENTS_STAFF_TRAINING_EXTERNAL_AUDIT_COOPERATION_WITH_DPA,q28_mitigations_known,Other,categorical,1.0,0.005319148936170213,0.00529085559076505,,,
q28_mitigations_known_MISSING,q28_mitigations_known,Other,categorical,1.0,0.061170212765957445,0.05742841783612494,,,
q28_mitigations_known_NONE_MENTIONED,q28_mitigations_known,Other,categorical,1.0,0.07712765957446809,0.07117898370303302,,,
q28_mitigations_known_NOT_APPLICABLE,q28_mitigations_known,Other,categorical,1.0,0.7446808510638298,0.19013128112267996,,,
q28_mitigations_known_SECURITY_IMPROVEMENTS_STAFF_TRAINING,q28_mitigations_known,Other,categorical,1.0,0.0026595744680851063,0.002652501131733817,,,
q28_mitigations_known_SECURITY_IMPROVEMENTS_STAFF_TRAINING_COOPERATION_WITH_DPA,q28_mitigations_known,Other,categorical,1.0,0.0026595744680851063,0.002652501131733817,,,
q28_mitigations_known_SECURITY_IMPROVEMENTS_STAFF_TRAINING_EXTERNAL_AUDIT_COOPERATION_WITH_DPA,q28_mitigations_known,Other,categorical,1.0,0.0026595744680851063,0.002652501131733817,,,
q28_mitigations_known_STAFF_TRAINING,q28_mitigations_known,Other,categorical,1.0,0.0026595744680851063,0.002652501131733817,,,
q28_mitigations_known_STAFF_TRAINING_COOPERATION_WITH_DPA,q28_mitigations_known,Other,categorical,1.0,0.005319148936170213,0.0052908555907650485,,,
q28_mitigations_known_STAFF_TRAINING_SECURITY_IMPROVEMENTS,q28_mitigations_known,Other,categorical,1.0,0.0026595744680851063,0.002652501131733817,,,
q28_mitigations_known_STAFF_TRAINING_SECURITY_IMPROVEMENTS_COOPERATION_WITH_DPA,q28_mitigations_known,Other,categorical,1.0,0.0026595744680851063,0.002652501131733817,,,
q28_mitigations_known_SYSTEM_FIXES_SECURITY_IMPROVEMENTS,q28_mitigations_known,Other,categorical,1.0,0.005319148936170213,0.0052908555907650485,,,
q28_mitigations_known_SYSTEM_FIXES_SECURITY_IMPROVEMENTS_EXTERNAL_AUDIT_COOPERATION_WITH_DPA,q28_mitigations_known,Other,categorical,1.0,0.0026595744680851063,0.002652501131733817,,,
q28_mitigations_unknown_DATA_DELETION,q28_mitigations_unknown,Other,categorical,1.0,0.0026595744680851063,0.002652501131733817,,,
q28_mitigations_unknown_DATA_DELETION_ORDER,q28_mitigations_unknown,Other,categorical,1.0,0.0026595744680851063,0.002652501131733817,,,
q28_mitigations_unknown_MISSING,q28_mitigations_unknown,Other,categorical,1.0,0.9680851063829787,0.030896333182435495,,,
q28_mitigations_unknown_NOT_DISCUSSED,q28_mitigations_unknown,Other,categorical,1.0,0.015957446808510637,0.015702806699864187,,,
q28_mitigations_unknown_NOT_MENTIONED,q28_mitigations_unknown,Other,categorical,1.0,0.010638297872340425,0.010525124490719785,,,
q30_discussed_known_ACCOUNTABILITY,q30_discussed_known,Other,categorical,1.0,0.02127659574468085,0.02082390221819828,,,
q30_discussed_known_ACCURACY,q30_discussed_known,Other,categorical,1.0,0.007978723404255319,0.007915063377093709,,,
q30_discussed_known_ACCURACY_SECURITY,q30_discussed_known,Other,categorical,1.0,0.0026595744680851063,0.002652501131733817,,,
q30_discussed_known_ACCURACY_SECURITY_ACCOUNTABILITY,q30_discussed_known,Other,categorical,1.0,0.0026595744680851063,0.002652501131733817,,,
q30_discussed_known_DATA_MINIMISATION,q30_discussed_known,Other,categorical,1.0,0.07712765957446809,0.07117898370303302,,,
q30_discussed_known_DATA_MINIMISATION_ACCOUNTABILITY,q30_discussed_known,Other,categorical,1.0,0.0026595744680851063,0.002652501131733817,,,
q30_discussed_known_DATA_MINIMISATION_ACCOUNTABILITY_SECURITY,q30_discussed_known,Other,categorical,1.0,0.0026595744680851063,0.002652501131733817,,,
q30_discussed_known_DATA_MINIMISATION_SECURITY,q30_discussed_known,Other,categorical,1.0,0.010638297872340425,0.010525124490719785,,,
q30_discussed_known_DATA_MINIMISATION_SECURITY_ACCOUNTABILITY,q30_discussed_known,Other,categorical,1.0,0.005319148936170213,0.005290855590765049,,,
q30_discussed_known_LAWFULNESS_FAIRNESS_TRANSPARENCY,q30_discussed_known,Other,categorical,1.0,0.21010638297872342,0.1659616908103214,,,
q30_discussed_known_LAWFULNESS_FAIRNESS_TRANSPARENCY_ACCURACY_ACCOUNTABILITY,q30_discussed_known,Other,categorical,1.0,0.0026595744680851063,0.002652501131733817,,,
q30_discussed_known_LAWFULNESS_FAIRNESS_TRANSPARENCY_DATA_MINIMISATION_SECURITY,q30_discussed_known,Other,categorical,1.0,0.0026595744680851063,0.002652501131733817,,,
q30_discussed_known_LAWFULNESS_FAIRNESS_TRANSPARENCY_PURPOSE_LIMITATION,q30_discussed_known,Other,categorical,1.0,0.018617021276595744,0.01827042779538253,,,
q30_discussed_known_LAWFULNESS_FAIRNESS_TRANSPARENCY_PURPOSE_LIMITATION_DATA_MINIMISATION,q30_discussed_known,Other,categorical,1.0,0.0026595744680851063,0.002652501131733817,,,
q30_discussed_known_LAWFULNESS_FAIRNESS_TRANSPARENCY_PURPOSE_LIMITATION_DATA_MINIMISATION_ACCURACY_SECURITY,q30_discussed_known,Other,categorical,1.0,0.0026595744680851063,0.002652501131733817,,,
q30_discussed_known_LAWFULNESS_FAIRNESS_TRANSPARENCY_PURPOSE_LIMITATION_DATA_MINIMISATION_ACCURACY_STORAGE_LIMITATION_SECURITY_ACCOUNTABILITY,q30_discussed_known,Other,categorical,1.0,0.007978723404255319,0.007915063377093707,,,
q30_discussed_known_LAWFULNESS_FAIRNESS_TRANSPARENCY_PURPOSE_LIMITATION_DATA_MINIMISATION_SECURITY,q30_discussed_known,Other,categorical,1.0,0.010638297872340425,0.010525124490719785,,,
q30_discussed_known_LAWFULNESS_FAIRNESS_TRANSPARENCY_PURPOSE_LIMITATION_DATA_MINIMISATION_SECURITY_ACCOUNTABILITY,q30_discussed_known,Other,categorical,1.0,0.02925531914893617,0.028399445450430067,,,
q30_discussed_known_LAWFULNESS_FAIRNESS_TRANSPARENCY_PURPOSE_LIMITATION_DATA_MINIMISATION_STORAGE_LIMITATION,q30_discussed_known,Other,categorical,1.0,0.0026595744680851063,0.002652501131733817,,,
q30_discussed_known_LAWFULNESS_FAIRNESS_TRANSPARENCY_PURPOSE_LIMITATION_DATA_MINIMISATION_STORAGE_LIMITATION_ACCOUNTABILITY,q30_discussed_known,Other,categorical,1.0,0.005319148936170213,0.005290855590765049,,,
q30_discussed_known_LAWFULNESS_FAIRNESS_TRANSPARENCY_PURPOSE_LIMITATION_DATA_MINIMISATION_STORAGE_LIMITATION_SECURITY_ACCOUNTABILITY,q30_discussed_known,Other,categorical,1.0,0.0026595744680851063,0.002652501131733817,,,
q30_discussed_known_LAWFULNESS_FAIRNESS_TRANSPARENCY_PURPOSE_LIMITATION_SECURITY,q30_discussed_known,Other,categorical,1.0,0.0026595744680851063,0.002652501131733817,,,
q30_discussed_known_LAWFULNESS_FAIRNESS_TRANSPARENCY_PURPOSE_LIMITATION_SECURITY_ACCOUNTABILITY,q30_discussed_known,Other,categorical,1.0,0.034574468085106384,0.03337907424173835,,,
q30_discussed_known_LAWFULNESS_FAIRNESS_TRANSPARENCY_PURPOSE_LIMITATION_STORAGE_LIMITATION_ACCOUNTABILITY,q30_discussed_known,Other,categorical,1.0,0.0026595744680851063,0.002652501131733817,,,
q30_discussed_known_LAWFULNESS_FAIRNESS_TRANSPARENCY_SECURITY,q30_discussed_known,Other,categorical,1.0,0.031914893617021274,0.030896333182435492,,,
q30_discussed_known_LAWFULNESS_FAIRNESS_TRANSPARENCY_SECURITY_ACCOUNTABILITY,q30_discussed_known,Other,categorical,1.0,0.015957446808510637,0.015702806699864187,,,
q30_discussed_known_MISSING,q30_discussed_known,Other,categorical,1.0,0.047872340425531915,0.045580579447713904,,,
q30_discussed_known_NONE_DISCUSSED,q30_discussed_known,Other,categorical,1.0,0.15159574468085107,0.12861447487550923,,,
q30_discussed_known_PURPOSE_LIMITATION_DATA_MINIMISATION,q30_discussed_known,Other,categorical,1.0,0.0026595744680851063,0.002652501131733817,,,
q30_discussed_known_PURPOSE_LIMITATION_DATA_MINIMISATION_ACCOUNTABILITY,q30_discussed_known,Other,categorical,1.0,0.0026595744680851063,0.002652501131733817,,,
q30_discussed_known_PURPOSE_LIMITATION_DATA_MINIMISATION_SECURITY,q30_discussed_known,Other,categorical,1.0,0.0026595744680851063,0.002652501131733817,,,
q30_discussed_known_PURPOSE_LIMITATION_SECURITY,q30_discussed_known,Other,categorical,1.0,0.0026595744680851063,0.002652501131733817,,,
q30_discussed_known_PURPOSE_LIMITATION_STORAGE_LIMITATION,q30_discussed_known,Other,categorical,1.0,0.0026595744680851063,0.002652501131733817,,,
q30_discussed_known_SECURITY,q30_discussed_known,Other,categorical,1.0,0.2074468085106383,0.16441263014938887,,,
q30_discussed_known_SECURITY_ACCOUNTABILITY,q30_discussed_known,Other,categorical,1.0,0.05053191489361702,0.04797844047080127,,,
q30_discussed_known_SECURITY_STORAGE_LIMITATION_PURPOSE_LIMITATION,q30_discussed_known,Other,categorical,1.0,0.0026595744680851063,0.002652501131733817,,,
q30_discussed_known_STORAGE_LIMITATION,q30_discussed_known,Other,categorical,1.0,0.005319148936170213,0.00529085559076505,,,
q30_discussed_known_STORAGE_LIMITATION_SECURITY_ACCOUNTABILITY,q30_discussed_known,Other,categorical,1.0,0.0026595744680851063,0.002652501131733817,,,
q30_discussed_unknown_ACCESS,q30_discussed_unknown,Other,categorical,1.0,0.0026595744680851063,0.002652501131733817,,,
q30_discussed_unknown_MISSING,q30_discussed_unknown,Other,categorical,1.0,0.9867021276595744,0.01312103893164328,,,
q30_discussed_unknown_NOT_DISCUSSED,q30_discussed_unknown,Other,categorical,1.0,0.010638297872340425,0.010525124490719785,,,
q31_violated_known_ACCOUNTABILITY,q31_violated_known,Other,categorical,1.0,0.026595744680851064,0.025888411045722048,,,
q31_violated_known_ACCURACY,q31_violated_known,Other,categorical,1.0,0.010638297872340425,0.010525124490719783,,,
q31_violated_known_ACCURACY_SECURITY_ACCOUNTABILITY,q31_violated_known,Other,categorical,1.0,0.0026595744680851063,0.002652501131733817,,,
q31_violated_known_DATA_MINIMISATION,q31_violated_known,Other,categorical,1.0,0.0797872340425532,0.07342123132639203,,,
q31_violated_known_DATA_MINIMISATION_ACCOUNTABILITY,q31_violated_known,Other,categorical,1.0,0.0026595744680851063,0.002652501131733817,,,
q31_violated_known_DATA_MINIMISATION_ACCOUNTABILITY_SECURITY,q31_violated_known,Other,categorical,1.0,0.0026595744680851063,0.002652501131733817,,,
q31_violated_known_DATA_MINIMISATION_SECURITY,q31_violated_known,Other,categorical,1.0,0.005319148936170213,0.00529085559076505,,,
q31_violated_known_LAWFULNESS_FAIRNESS_TRANSPARENCY,q31_violated_known,Other,categorical,1.0,0.2154255319148936,0.16901737211407875,,,
q31_violated_known_LAWFULNESS_FAIRNESS_TRANSPARENCY_ACCOUNTABILITY,q31_violated_known,Other,categorical,1.0,0.005319148936170213,0.0052908555907650485,,,
q31_violated_known_LAWFULNESS_FAIRNESS_TRANSPARENCY_ACCURACY_ACCOUNTABILITY,q31_violated_known,Other,categorical,1.0,0.0026595744680851063,0.002652501131733817,,,
q31_violated_known_LAWFULNESS_FAIRNESS_TRANSPARENCY_DATA_MINIMISATION_SECURITY,q31_violated_known,Other,categorical,1.0,0.0026595744680851063,0.002652501131733817,,,
q31_violated_known_LAWFULNESS_FAIRNESS_TRANSPARENCY_DATA_MINIMISATION_STORAGE_LIMITATION_ACCOUNTABILITY,q31_violated_known,Other,categorical,1.0,0.0026595744680851063,0.002652501131733817,,,
q31_violated_known_LAWFULNESS_FAIRNESS_TRANSPARENCY_PURPOSE_LIMITATION,q31_violated_known,Other,categorical,1.0,0.010638297872340425,0.010525124490719785,,,
q31_violated_known_LAWFULNESS_FAIRNESS_TRANSPARENCY_PURPOSE_LIMITATION_DATA_MINIMISATION_SECURITY_ACCOUNTABILITY,q31_violated_known,Other,categorical,1.0,0.013297872340425532,0.01312103893164328,,,
q31_violated_known_LAWFULNESS_FAIRNESS_TRANSPARENCY_PURPOSE_LIMITATION_DATA_MINIMISATION_STORAGE_LIMITATION,q31_violated_known,Other,categorical,1.0,0.005319148936170213,0.00529085559076505,,,
q31_violated_known_LAWFULNESS_FAIRNESS_TRANSPARENCY_PURPOSE_LIMITATION_DATA_MINIMISATION_STORAGE_LIMITATION_ACCOUNTABILITY,q31_violated_known,Other,categorical,1.0,0.005319148936170213,0.005290855590765049,,,
q31_violated_known_LAWFULNESS_FAIRNESS_TRANSPARENCY_PURPOSE_LIMITATION_SECURITY_ACCOUNTABILITY,q31_violated_known,Other,categorical,1.0,0.005319148936170213,0.00529085559076505,,,
q31_violated_known_LAWFULNESS_FAIRNESS_TRANSPARENCY_SECURITY,q31_violated_known,Other,categorical,1.0,0.03723404255319149,0.03584766862833861,,,
q31_violated_known_LAWFULNESS_FAIRNESS_TRANSPARENCY_SECURITY_ACCOUNTABILITY,q31_violated_known,Other,categorical,1.0,0.02127659574468085,0.02082390221819828,,,
q31_violated_known_MISSING,q31_violated_known,Other,categorical,1.0,0.047872340425531915,0.045580579447713904,,,
q31_violated_known_NONE_VIOLATED,q31_violated_known,Other,categorical,1.0,0.18617021276595744,0.15151086464463556,,,
q31_violated_known_NOT_DETERMINED,q31_violated_known,Other,categorical,1.0,0.0425531914893617,0.040742417383431435,,,
q31_violated_known_PURPOSE_LIMITATION_DATA_MINIMISATION,q31_violated_known,Other,categorical,1.0,0.0026595744680851063,0.002652501131733817,,,
q31_violated_known_PURPOSE_LIMITATION_DATA_MINIMISATION_ACCOUNTABILITY,q31_violated_known,Other,categorical,1.0,0.0026595744680851063,0.002652501131733817,,,
q31_violated_known_PURPOSE_LIMITATION_SECURITY,q31_violated_known,Other,categorical,1.0,0.0026595744680851063,0.002652501131733817,,,
q31_violated_known_PURPOSE_LIMITATION_STORAGE_LIMITATION,q31_violated_known,Other,categorical,1.0,0.0026595744680851063,0.002652501131733817,,,
q31_violated_known_SECURITY,q31_violated_known,Other,categorical,1.0,0.21010638297872342,0.1659616908103214,,,
q31_violated_known_SECURITY_ACCOUNTABILITY,q31_violated_known,Other,categorical,1.0,0.03723404255319149,0.03584766862833861,,,
q31_violated_known_STORAGE_LIMITATION,q31_violated_known,Other,categorical,1.0,0.005319148936170213,0.00529085559076505,,,
q31_violated_known_STORAGE_LIMITATION_SECURITY_ACCOUNTABILITY,q31_violated_known,Other,categorical,1.0,0.0026595744680851063,0.002652501131733817,,,
q31_violated_unknown_MISSING,q31_violated_unknown,Other,categorical,1.0,0.9867021276595744,0.01312103893164328,,,
q31_violated_unknown_NONE_DISCUSSED,q31_violated_unknown,Other,categorical,1.0,0.005319148936170213,0.0052908555907650485,,,
q31_violated_unknown_NOT_DISCUSSED,q31_violated_unknown,Other,categorical,1.0,0.007978723404255319,0.007915063377093709,,,
q32_bases_known_CONSENT,q32_bases_known,Other,categorical,1.0,0.125,0.109375,,,
q32_bases_known_CONSENT_CONTRACT,q32_bases_known,Other,categorical,1.0,0.05319148936170213,0.05036215482118604,,,
q32_bases_known_CONSENT_CONTRACT_LEGAL_OBLIGATION,q32_bases_known,Other,categorical,1.0,0.010638297872340425,0.010525124490719785,,,
q32_bases_known_CONSENT_CONTRACT_LEGAL_OBLIGATION_LEGITIMATE_INTERESTS,q32_bases_known,Other,categorical,1.0,0.007978723404255319,0.007915063377093707,,,
q32_bases_known_CONSENT_CONTRACT_LEGAL_OBLIGATION_PUBLIC_TASK_LEGITIMATE_INTERESTS,q32_bases_known,Other,categorical,1.0,0.02127659574468085,0.02082390221819828,,,
q32_bases_known_CONSENT_CONTRACT_LEGAL_OBLIGATION_VITAL_INTERESTS_PUBLIC_TASK_LEGITIMATE_INTERESTS,q32_bases_known,Other,categorical,1.0,0.023936170212765957,0.023363229968311458,,,
q32_bases_known_CONSENT_CONTRACT_LEGITIMATE_INTERESTS,q32_bases_known,Other,categorical,1.0,0.026595744680851064,0.025888411045722048,,,
q32_bases_known_CONSENT_LEGAL_OBLIGATION,q32_bases_known,Other,categorical,1.0,0.005319148936170213,0.005290855590765049,,,
q32_bases_known_CONSENT_LEGAL_OBLIGATION_LEGITIMATE_INTERESTS,q32_bases_known,Other,categorical,1.0,0.007978723404255319,0.007915063377093707,,,
q32_bases_known_CONSENT_LEGAL_OBLIGATION_PUBLIC_TASK,q32_bases_known,Other,categorical,1.0,0.005319148936170213,0.005290855590765049,,,
q32_bases_known_CONSENT_LEGAL_OBLIGATION_PUBLIC_TASK_LEGITIMATE_INTERESTS,q32_bases_known,Other,categorical,1.0,0.0026595744680851063,0.002652501131733817,,,
q32_bases_known_CONSENT_LEGAL_OBLIGATION_VITAL_INTERESTS_PUBLIC_TASK_LEGITIMATE_INTERESTS,q32_bases_known,Other,categorical,1.0,0.0026595744680851063,0.002652501131733817,,,
q32_bases_known_CONSENT_LEGITIMATE_INTERESTS,q32_bases_known,Other,categorical,1.0,0.06914893617021277,0.0643673607967406,,,
q32_bases_known_CONSENT_LEGITIMATE_INTERESTS_PUBLIC_TASK,q32_bases_known,Other,categorical,1.0,0.0026595744680851063,0.002652501131733817,,,
q32_bases_known_CONSENT_PUBLIC_TASK,q32_bases_known,Other,categorical,1.0,0.005319148936170213,0.00529085559076505,,,
q32_bases_known_CONTRACT,q32_bases_known,Other,categorical,1.0,0.007978723404255319,0.007915063377093709,,,
q32_bases_known_CONTRACT_LEGAL_OBLIGATION,q32_bases_known,Other,categorical,1.0,0.0026595744680851063,0.002652501131733817,,,
q32_bases_known_CONTRACT_LEGITIMATE_INTERESTS,q32_bases_known,Other,categorical,1.0,0.0026595744680851063,0.002652501131733817,,,
q32_bases_known_LEGAL_OBLIGATION,q32_bases_known,Other,categorical,1.0,0.015957446808510637,0.015702806699864187,,,
q32_bases_known_LEGAL_OBLIGATION_LEGITIMATE_INTERESTS,q32_bases_known,Other,categorical,1.0,0.0026595744680851063,0.002652501131733817,,,
q32_bases_known_LEGAL_OBLIGATION_PUBLIC_TASK,q32_bases_known,Other,categorical,1.0,0.0026595744680851063,0.002652501131733817,,,
q32_bases_known_LEGITIMATE_INTERESTS,q32_bases_known,Other,categorical,1.0,0.05585106382978723,0.05273172249886827,,,
q32_bases_known_LEGITIMATE_INTERESTS_PUBLIC_TASK,q32_bases_known,Other,categorical,1.0,0.007978723404255319,0.007915063377093707,,,
q32_bases_known_MISSING,q32_bases_known,Other,categorical,1.0,0.2553191489361702,0.19013128112267996,,,
q32_bases_known_NONE_DISCUSSED,q32_bases_known,Other,categorical,1.0,0.26595744680851063,0.1952240832956088,,,
q32_bases_known_PUBLIC_TASK,q32_bases_known,Other,categorical,1.0,0.010638297872340425,0.010525124490719785,,,
q32_bases_unknown_MISSING,q32_bases_unknown,Other,categorical,1.0,0.7792553191489362,0.1720164667270258,,,
q32_bases_unknown_NOT_APPLICABLE,q32_bases_unknown,Other,categorical,1.0,0.05319148936170213,0.05036215482118605,,,
q32_bases_unknown_NOT_DISCUSSED,q32_bases_unknown,Other,categorical,1.0,0.10904255319148937,0.09715227478497059,,,
q32_bases_unknown_NOT_MENTIONED,q32_bases_unknown,Other,categorical,1.0,0.05851063829787234,0.0550871435038479,,,
q41_aggrav_known_COOPERATION_WITH_AUTHORITY,q41_aggrav_known,Other,categorical,1.0,0.007978723404255319,0.00791506337709371,,,
q41_aggrav_known_DATA_CATEGORIES_AFFECTED,q41_aggrav_known,Other,categorical,1.0,0.015957446808510637,0.015702806699864187,,,
q41_aggrav_known_INTENT_NEGLIGENCE,q41_aggrav_known,Other,categorical,1.0,0.031914893617021274,0.030896333182435495,,,
q41_aggrav_known_INTENT_NEGLIGENCE_DATA_CATEGORIES_AFFECTED,q41_aggrav_known,Other,categorical,1.0,0.005319148936170213,0.005290855590765049,,,
q41_aggrav_known_INTENT_NEGLIGENCE_DATA_CATEGORIES_AFFECTED_OTHER_CIRCUMSTANCES,q41_aggrav_known,Other,categorical,1.0,0.0026595744680851063,0.002652501131733817,,,
q41_aggrav_known_INTENT_NEGLIGENCE_MANNER_BECAME_KNOWN,q41_aggrav_known,Other,categorical,1.0,0.0026595744680851063,0.002652501131733817,,,
q41_aggrav_known_INTENT_NEGLIGENCE_MITIGATION_ACTIONS_TECHNICAL_ORGANIZATIONAL_MEASURES,q41_aggrav_known,Other,categorical,1.0,0.0026595744680851063,0.002652501131733817,,,
q41_aggrav_known_INTENT_NEGLIGENCE_OTHER_CIRCUMSTANCES,q41_aggrav_known,Other,categorical,1.0,0.005319148936170213,0.005290855590765049,,,
q41_aggrav_known_INTENT_NEGLIGENCE_PREVIOUS_INFRINGEMENTS,q41_aggrav_known,Other,categorical,1.0,0.0026595744680851063,0.002652501131733817,,,
q41_aggrav_known_MISSING,q41_aggrav_known,Other,categorical,1.0,0.047872340425531915,0.045580579447713904,,,
q41_aggrav_known_NATURE_GRAVITY_DURATION,q41_aggrav_known,Other,categorical,1.0,0.19680851063829788,0.15807492077863286,,,
q41_aggrav_known_NATURE_GRAVITY_DURATION_COOPERATION_WITH_AUTHORITY,q41_aggrav_known,Other,categorical,1.0,0.005319148936170213,0.005290855590765051,,,
q41_aggrav_known_NATURE_GRAVITY_DURATION_DATA_CATEGORIES_AFFECTED,q41_aggrav_known,Other,categorical,1.0,0.0425531914893617,0.040742417383431435,,,
q41_aggrav_known_NATURE_GRAVITY_DURATION_INTENT_NEGLIGENCE,q41_aggrav_known,Other,categorical,1.0,0.10638297872340426,0.09506564056133994,,,
q41_aggrav_known_NATURE_GRAVITY_DURATION_INTENT_NEGLIGENCE_COOPERATION_WITH_AUTHORITY,q41_aggrav_known,Other,categorical,1.0,0.005319148936170213,0.00529085559076505,,,
q41_aggrav_known_NATURE_GRAVITY_DURATION_INTENT_NEGLIGENCE_COOPERATION_WITH_AUTHORITY_MANNER_BECAME_KNOWN,q41_aggrav_known,Other,categorical,1.0,0.0026595744680851063,0.002652501131733817,,,
q41_aggrav_known_NATURE_GRAVITY_DURATION_INTENT_NEGLIGENCE_DATA_CATEGORIES_AFFECTED,q41_aggrav_known,Other,categorical,1.0,0.09308510638297872,0.08442026935264825,,,
q41_aggrav_known_NATURE_GRAVITY_DURATION_INTENT_NEGLIGENCE_DATA_CATEGORIES_AFFECTED_MANNER_BECAME_KNOWN,q41_aggrav_known,Other,categorical,1.0,0.007978723404255319,0.007915063377093707,,,
q41_aggrav_known_NATURE_GRAVITY_DURATION_INTENT_NEGLIGENCE_DATA_CATEGORIES_AFFECTED_OTHER_CIRCUMSTANCES,q41_aggrav_known,Other,categorical,1.0,0.0026595744680851063,0.002652501131733817,,,
q41_aggrav_known_NATURE_GRAVITY_DURATION_INTENT_NEGLIGENCE_MITIGATION_ACTIONS,q41_aggrav_known,Other,categorical,1.0,0.007978723404255319,0.007915063377093709,,,
q41_aggrav_known_NATURE_GRAVITY_DURATION_INTENT_NEGLIGENCE_MITIGATION_ACTIONS_COOPERATION_WITH_AUTHORITY,q41_aggrav_known,Other,categorical,1.0,0.005319148936170213,0.005290855590765049,,,
q41_aggrav_known_NATURE_GRAVITY_DURATION_INTENT_NEGLIGENCE_MITIGATION_ACTIONS_COOPERATION_WITH_AUTHORITY_PREVIOUS_INFRINGEMENTS,q41_aggrav_known,Other,categorical,1.0,0.0026595744680851063,0.002652501131733817,,,
q41_aggrav_known_NATURE_GRAVITY_DURATION_INTENT_NEGLIGENCE_OTHER_CIRCUMSTANCES,q41_aggrav_known,Other,categorical,1.0,0.0026595744680851063,0.002652501131733817,,,
q41_aggrav_known_NATURE_GRAVITY_DURATION_INTENT_NEGLIGENCE_PREVIOUS_INFRINGEMENTS,q41_aggrav_known,Other,categorical,1.0,0.010638297872340425,0.010525124490719785,,,
q41_aggrav_known_NATURE_GRAVITY_DURATION_INTENT_NEGLIGENCE_PREVIOUS_INFRINGEMENTS_MANNER_BECAME_KNOWN_DATA_CATEGORIES_AFFECTED,q41_aggrav_known,Other,categorical,1.0,0.0026595744680851063,0.002652501131733817,,,
q41_aggrav_known_NATURE_GRAVITY_DURATION_INTENT_NEGLIGENCE_TECHNICAL_ORGANIZATIONAL_MEASURES,q41_aggrav_known,Other,categorical,1.0,0.013297872340425532,0.013121038931643278,,,
q41_aggrav_known_NATURE_GRAVITY_DURATION_INTENT_NEGLIGENCE_TECHNICAL_ORGANIZATIONAL_MEASURES_DATA_CATEGORIES_AFFECTED,q41_aggrav_known,Other,categorical,1.0,0.0026595744680851063,0.002652501131733817,,,
q41_aggrav_known_NATURE_GRAVITY_DURATION_INTENT_NEGLIGENCE_TECHNICAL_ORGANIZATIONAL_MEASURES_PREVIOUS_INFRINGEMENTS_DATA_CATEGORIES_AFFECTED_MANNER_BECAME_KNOWN_OTHER_CIRCUMSTANCES,q41_aggrav_known,Other,categorical,1.0,0.0026595744680851063,0.002652501131733817,,,
q41_aggrav_known_NATURE_GRAVITY_DURATION_MANNER_BECAME_KNOWN,q41_aggrav_known,Other,categorical,1.0,0.0026595744680851063,0.002652501131733817,,,
q41_aggrav_known_NATURE_GRAVITY_DURATION_PREVIOUS_INFRINGEMENTS,q41_aggrav_known,Other,categorical,1.0,0.018617021276595744,0.01827042779538253,,,
q41_aggrav_known_NATURE_GRAVITY_DURATION_PREVIOUS_INFRINGEMENTS_DATA_CATEGORIES_AFFECTED,q41_aggrav_known,Other,categorical,1.0,0.0026595744680851063,0.002652501131733817,,,
q41_aggrav_known_NONE,q41_aggrav_known,Other,categorical,1.0,0.32978723404255317,0.22102761430511547,,,
q41_aggrav_known_PREVIOUS_INFRINGEMENTS,q41_aggrav_known,Other,categorical,1.0,0.007978723404255319,0.007915063377093709,,,
q41_aggrav_unknown_CATEGORIES_AFFECTED,q41_aggrav_unknown,Other,categorical,1.0,0.0026595744680851063,0.002652501131733817,,,
q41_aggrav_unknown_CATEGORIES_OF_DATA_AFFECTED,q41_aggrav_unknown,Other,categorical,1.0,0.0026595744680851063,0.002652501131733817,,,
q41_aggrav_unknown_CONNECTION_ACTIVITY_PROCESSING,q41_aggrav_unknown,Other,categorical,1.0,0.0026595744680851063,0.002652501131733817,,,
q41_aggrav_unknown_MISSING,q41_aggrav_unknown,Other,categorical,1.0,0.9787234042553191,0.020823902218198284,,,
q41_aggrav_unknown_NONE_DISCUSSED,q41_aggrav_unknown,Other,categorical,1.0,0.0026595744680851063,0.002652501131733817,,,
q41_aggrav_unknown_NON_COOPERATION_WITH_AUTHORITY,q41_aggrav_unknown,Other,categorical,1.0,0.0026595744680851063,0.002652501131733817,,,
q41_aggrav_unknown_NOT_DISCUSSED,q41_aggrav_unknown,Other,categorical,1.0,0.007978723404255319,0.007915063377093709,,,
q42_mitig_known_COOPERATION_WITH_AUTHORITY,q42_mitig_known,Other,categorical,1.0,0.06648936170212766,0.06206852648257131,,,
q42_mitig_known_COOPERATION_WITH_AUTHORITY_MITIGATION_ACTIONS,q42_mitig_known,Other,categorical,1.0,0.0425531914893617,0.040742417383431435,,,
q42_mitig_known_INTENT_NEGLIGENCE_TECHNICAL_ORGANIZATIONAL_MEASURES,q42_mitig_known,Other,categorical,1.0,0.0026595744680851063,0.002652501131733817,,,
q42_mitig_known_MISSING,q42_mitig_known,Other,categorical,1.0,0.047872340425531915,0.045580579447713904,,,
q42_mitig_known_MITIGATION_ACTIONS,q42_mitig_known,Other,categorical,1.0,0.06914893617021277,0.06436736079674057,,,
q42_mitig_known_MITIGATION_ACTIONS_COOPERATION_WITH_AUTHORITY,q42_mitig_known,Other,categorical,1.0,0.125,0.109375,,,
q42_mitig_known_MITIGATION_ACTIONS_COOPERATION_WITH_AUTHORITY_PREVIOUS_INFRINGEMENTS,q42_mitig_known,Other,categorical,1.0,0.005319148936170213,0.00529085559076505,,,
q42_mitig_known_MITIGATION_ACTIONS_PREVIOUS_INFRINGEMENTS_COOPERATION_WITH_AUTHORITY,q42_mitig_known,Other,categorical,1.0,0.0026595744680851063,0.002652501131733817,,,
q42_mitig_known_NATURE_GRAVITY_DURATION,q42_mitig_known,Other,categorical,1.0,0.010638297872340425,0.010525124490719783,,,
q42_mitig_known_NATURE_GRAVITY_DURATION_COOPERATION_WITH_AUTHORITY,q42_mitig_known,Other,categorical,1.0,0.0026595744680851063,0.002652501131733817,,,
q42_mitig_known_NATURE_GRAVITY_DURATION_COOPERATION_WITH_AUTHORITY_OTHER_CIRCUMSTANCES,q42_mitig_known,Other,categorical,1.0,0.0026595744680851063,0.002652501131733817,,,
q42_mitig_known_NATURE_GRAVITY_DURATION_INTENT_NEGLIGENCE_MITIGATION_ACTIONS,q42_mitig_known,Other,categorical,1.0,0.0026595744680851063,0.002652501131733817,,,
q42_mitig_known_NATURE_GRAVITY_DURATION_MITIGATION_ACTIONS_COOPERATION_WITH_AUTHORITY,q42_mitig_known,Other,categorical,1.0,0.0026595744680851063,0.002652501131733817,,,
q42_mitig_known_NATURE_GRAVITY_DURATION_MITIGATION_ACTIONS_COOPERATION_WITH_AUTHORITY_OTHER_CIRCUMSTANCES,q42_mitig_known,Other,categorical,1.0,0.0026595744680851063,0.002652501131733817,,,
q42_mitig_known_NATURE_GRAVITY_DURATION_MITIGATION_ACTIONS_INTENT_NEGLIGENCE,q42_mitig_known,Other,categorical,1.0,0.0026595744680851063,0.002652501131733817,,,
q42_mitig_known_NONE,q42_mitig_known,Other,categorical,1.0,0.601063829787234,0.239786102308737,,,
q42_mitig_known_OTHER_CIRCUMSTANCES,q42_mitig_known,Other,categorical,1.0,0.0026595744680851063,0.002652501131733817,,,
q42_mitig_known_PREVIOUS_INFRINGEMENTS,q42_mitig_known,Other,categorical,1.0,0.0026595744680851063,0.002652501131733817,,,
q42_mitig_known_PREVIOUS_INFRINGEMENTS_COOPERATION_WITH_AUTHORITY,q42_mitig_known,Other,categorical,1.0,0.0026595744680851063,0.002652501131733817,,,
q42_mitig_known_PREVIOUS_INFRINGEMENTS_OTHER_CIRCUMSTANCES,q42_mitig_known,Other,categorical,1.0,0.0026595744680851063,0.002652501131733817,,,
q42_mitig_unknown_MISSING,q42_mitig_unknown,Other,categorical,1.0,0.9867021276595744,0.01312103893164328,,,
q42_mitig_unknown_NONE_DISCUSSED,q42_mitig_unknown,Other,categorical,1.0,0.0026595744680851063,0.002652501131733817,,,
q42_mitig_unknown_NOT_DISCUSSED,q42_mitig_unknown,Other,categorical,1.0,0.007978723404255319,0.007915063377093709,,,
q42_mitig_unknown_NOT_MENTIONED,q42_mitig_unknown,Other,categorical,1.0,0.0026595744680851063,0.002652501131733817,,,
q46_vuln_known_CHILDREN,q46_vuln_known,Vulnerable Groups,categorical,1.0,0.06648936170212766,0.06206852648257132,,,
q46_vuln_known_CHILDREN_FINANCIALLY_VULNERABLE,q46_vuln_known,Vulnerable Groups,categorical,1.0,0.0026595744680851063,0.002652501131733817,,,
q46_vuln_known_CHILDREN_PATIENTS,q46_vuln_known,Vulnerable Groups,categorical,1.0,0.010638297872340425,0.010525124490719785,,,
q46_vuln_known_ELDERLY,q46_vuln_known,Vulnerable Groups,categorical,1.0,0.0026595744680851063,0.002652501131733817,,,
q46_vuln_known_ELDERLY_PATIENTS,q46_vuln_known,Vulnerable Groups,categorical,1.0,0.0026595744680851063,0.002652501131733817,,,
q46_vuln_known_EMPLOYEES,q46_vuln_known,Vulnerable Groups,categorical,1.0,0.09574468085106383,0.08657763693979177,,,
q46_vuln_known_FINANCIALLY_VULNERABLE,q46_vuln_known,Vulnerable Groups,categorical,1.0,0.02127659574468085,0.02082390221819828,,,
q46_vuln_known_MISSING,q46_vuln_known,Vulnerable Groups,categorical,1.0,0.034574468085106384,0.03337907424173835,,,
q46_vuln_known_NONE_MENTIONED,q46_vuln_known,Vulnerable Groups,categorical,1.0,0.43351063829787234,0.2455791647804436,,,
q46_vuln_known_NOT_DISCUSSED,q46_vuln_known,Vulnerable Groups,categorical,1.0,0.2898936170212766,0.20585530783159803,,,
q46_vuln_known_PATIENTS,q46_vuln_known,Vulnerable Groups,categorical,1.0,0.0398936170212766,0.038302116342236306,,,
q46_vuln_unknown_MISSING,q46_vuln_unknown,Vulnerable Groups,categorical,1.0,1.0,0.0,,,
q47_remedial_known_IMMEDIATE_CESSATION,q47_remedial_known,Mitigations,categorical,1.0,0.17287234042553193,0.1429874943413309,,,
q47_remedial_known_IMMEDIATE_CESSATION_POLICY_CHANGES,q47_remedial_known,Mitigations,categorical,1.0,0.010638297872340425,0.010525124490719785,,,
q47_remedial_known_IMMEDIATE_CESSATION_POLICY_CHANGES_DPO_APPOINTMENT,q47_remedial_known,Mitigations,categorical,1.0,0.0026595744680851063,0.002652501131733817,,,
q47_remedial_known_IMMEDIATE_CESSATION_POLICY_CHANGES_STAFF_TRAINING,q47_remedial_known,Mitigations,categorical,1.0,0.007978723404255319,0.007915063377093709,,,
q47_remedial_known_IMMEDIATE_CESSATION_STAFF_TRAINING,q47_remedial_known,Mitigations,categorical,1.0,0.007978723404255319,0.007915063377093709,,,
q47_remedial_known_IMMEDIATE_CESSATION_STAFF_TRAINING_EXTERNAL_AUDIT,q47_remedial_known,Mitigations,categorical,1.0,0.0026595744680851063,0.002652501131733817,,,
q47_remedial_known_IMMEDIATE_CESSATION_STAFF_TRAINING_POLICY_CHANGES_COMPENSATION_TO_SUBJECTS,q47_remedial_known,Mitigations,categorical,1.0,0.0026595744680851063,0.002652501131733817,,,
q47_remedial_known_IMMEDIATE_CESSATION_SYSTEM_UPGRADES,q47_remedial_known,Mitigations,categorical,1.0,0.023936170212765957,0.023363229968311458,,,
q47_remedial_known_IMMEDIATE_CESSATION_SYSTEM_UPGRADES_POLICY_CHANGES,q47_remedial_known,Mitigations,categorical,1.0,0.007978723404255319,0.007915063377093709,,,
q47_remedial_known_IMMEDIATE_CESSATION_SYSTEM_UPGRADES_POLICY_CHANGES_STAFF_TRAINING,q47_remedial_known,Mitigations,categorical,1.0,0.013297872340425532,0.013121038931643274,,,
q47_remedial_known_IMMEDIATE_CESSATION_SYSTEM_UPGRADES_POLICY_CHANGES_STAFF_TRAINING_DPO_APPOINTMENT,q47_remedial_known,Mitigations,categorical,1.0,0.005319148936170213,0.0052908555907650485,,,
q47_remedial_known_IMMEDIATE_CESSATION_SYSTEM_UPGRADES_POLICY_CHANGES_STAFF_TRAINING_EXTERNAL_AUDIT,q47_remedial_known,Mitigations,categorical,1.0,0.010638297872340425,0.010525124490719785,,,
q47_remedial_known_IMMEDIATE_CESSATION_SYSTEM_UPGRADES_STAFF_TRAINING,q47_remedial_known,Mitigations,categorical,1.0,0.018617021276595744,0.01827042779538253,,,
q47_remedial_known_MISSING,q47_remedial_known,Mitigations,categorical,1.0,0.07712765957446809,0.07117898370303302,,,
q47_remedial_known_NONE_MENTIONED,q47_remedial_known,Mitigations,categorical,1.0,0.5053191489361702,0.24997170665459487,,,
q47_remedial_known_POLICY_CHANGES,q47_remedial_known,Mitigations,categorical,1.0,0.02925531914893617,0.028399445450430067,,,
q47_remedial_known_POLICY_CHANGES_DPO_APPOINTMENT,q47_remedial_known,Mitigations,categorical,1.0,0.0026595744680851063,0.002652501131733817,,,
q47_remedial_known_POLICY_CHANGES_STAFF_TRAINING,q47_remedial_known,Mitigations,categorical,1.0,0.013297872340425532,0.013121038931643274,,,
q47_remedial_known_POLICY_CHANGES_STAFF_TRAINING_EXTERNAL_AUDIT,q47_remedial_known,Mitigations,categorical,1.0,0.0026595744680851063,0.002652501131733817,,,
q47_remedial_known_STAFF_TRAINING,q47_remedial_known,Mitigations,categorical,1.0,0.007978723404255319,0.007915063377093709,,,
q47_remedial_known_STAFF_TRAINING_EXTERNAL_AUDIT,q47_remedial_known,Mitigations,categorical,1.0,0.0026595744680851063,0.002652501131733817,,,
q47_remedial_known_STAFF_TRAINING_POLICY_CHANGES,q47_remedial_known,Mitigations,categorical,1.0,0.0026595744680851063,0.002652501131733817,,,
q47_remedial_known_STAFF_TRAINING_SYSTEM_UPGRADES,q47_remedial_known,Mitigations,categorical,1.0,0.0026595744680851063,0.002652501131733817,,,
q47_remedial_known_STAFF_TRAINING_SYSTEM_UPGRADES_POLICY_CHANGES,q47_remedial_known,Mitigations,categorical,1.0,0.0026595744680851063,0.002652501131733817,,,
q47_remedial_known_STAFF_TRAINING_SYSTEM_UPGRADES_POLICY_CHANGES_DPO_APPOINTMENT,q47_remedial_known,Mitigations,categorical,1.0,0.0026595744680851063,0.002652501131733817,,,
q47_remedial_known_SYSTEM_UPGRADES,q47_remedial_known,Mitigations,categorical,1.0,0.007978723404255319,0.007915063377093707,,,
q47_remedial_known_SYSTEM_UPGRADES_POLICY_CHANGES,q47_remedial_known,Mitigations,categorical,1.0,0.023936170212765957,0.023363229968311458,,,
q47_remedial_known_SYSTEM_UPGRADES_POLICY_CHANGES_EXTERNAL_AUDIT,q47_remedial_known,Mitigations,categorical,1.0,0.005319148936170213,0.00529085559076505,,,
q47_remedial_known_SYSTEM_UPGRADES_POLICY_CHANGES_STAFF_TRAINING,q47_remedial_known,Mitigations,categorical,1.0,0.015957446808510637,0.015702806699864187,,,
q47_remedial_known_SYSTEM_UPGRADES_POLICY_CHANGES_STAFF_TRAINING_EXTERNAL_AUDIT,q47_remedial_known,Mitigations,categorical,1.0,0.007978723404255319,0.007915063377093707,,,
q47_remedial_unknown_COOPERATION_WITH_DPA,q47_remedial_unknown,Mitigations,categorical,1.0,0.0026595744680851063,0.002652501131733817,,,
q47_remedial_unknown_DATA_DELETION,q47_remedial_unknown,Mitigations,categorical,1.0,0.0026595744680851063,0.002652501131733817,,,
q47_remedial_unknown_DATA_DELETION_ORDER,q47_remedial_unknown,Mitigations,categorical,1.0,0.013297872340425532,0.013121038931643278,,,
q47_remedial_unknown_LEGAL_ADVICE,q47_remedial_unknown,Mitigations,categorical,1.0,0.0026595744680851063,0.002652501131733817,,,
q47_remedial_unknown_MISSING,q47_remedial_unknown,Mitigations,categorical,1.0,0.9308510638297872,0.06436736079674059,,,
q47_remedial_unknown_NONE_DISCUSSED,q47_remedial_unknown,Mitigations,categorical,1.0,0.0026595744680851063,0.002652501131733817,,,
q47_remedial_unknown_NOT_APPLICABLE,q47_remedial_unknown,Mitigations,categorical,1.0,0.0026595744680851063,0.002652501131733817,,,
q47_remedial_unknown_NOT_DISCUSSED,q47_remedial_unknown,Mitigations,categorical,1.0,0.015957446808510637,0.015702806699864187,,,
q47_remedial_unknown_NOT_MENTIONED,q47_remedial_unknown,Mitigations,categorical,1.0,0.015957446808510637,0.015702806699864187,,,
q47_remedial_unknown_SECURITY_IMPROVEMENTS,q47_remedial_unknown,Mitigations,categorical,1.0,0.007978723404255319,0.007915063377093707,,,
q47_remedial_unknown_VOLUNTARY_PAYMENT,q47_remedial_unknown,Mitigations,categorical,1.0,0.0026595744680851063,0.002652501131733817,,,
q50_other_measures_known_COMPLIANCE_ORDER,q50_other_measures_known,Other,categorical,1.0,0.30319148936170215,0.21126641014033495,,,
q50_other_measures_known_COMPLIANCE_ORDER_AUDIT_REQUIREMENT,q50_other_measures_known,Other,categorical,1.0,0.005319148936170213,0.00529085559076505,,,
q50_other_measures_known_DATA_DELETION_ORDER,q50_other_measures_known,Other,categorical,1.0,0.007978723404255319,0.007915063377093709,,,
q50_other_measures_known_DATA_DELETION_ORDER_COMPLIANCE_ORDER,q50_other_measures_known,Other,categorical,1.0,0.015957446808510637,0.015702806699864187,,,
q50_other_measures_known_MISSING,q50_other_measures_known,Other,categorical,1.0,0.06648936170212766,0.06206852648257131,,,
q50_other_measures_known_NONE,q50_other_measures_known,Other,categorical,1.0,0.598404255319149,0.24031660253508377,,,
q50_other_measures_known_PROCESSING_BAN,q50_other_measures_known,Other,categorical,1.0,0.0026595744680851063,0.002652501131733817,,,
q50_other_measures_unknown_COMPLY_WITH_DATA_SUBJECT_REQUESTS_BRING_PROCESSING_INTO_COMPLIANCE,q50_other_measures_unknown,Other,categorical,1.0,0.0026595744680851063,0.002652501131733817,,,
q50_other_measures_unknown_LIMITATION_PROHIBITION_OF_PROCESSING,q50_other_measures_unknown,Other,categorical,1.0,0.010638297872340425,0.010525124490719785,,,
q50_other_measures_unknown_LIMITATION_PROHIBITION_OF_PROCESSING_COMPLY_WITH_DATA_SUBJECT_REQUESTS_BRING_PROCESSING_INTO_COMPLIANCE,q50_other_measures_unknown,Other,categorical,1.0,0.0026595744680851063,0.002652501131733817,,,
q50_other_measures_unknown_MISSING,q50_other_measures_unknown,Other,categorical,1.0,0.9680851063829787,0.030896333182435495,,,
q50_other_measures_unknown_NONE_DISCUSSED,q50_other_measures_unknown,Other,categorical,1.0,0.0026595744680851063,0.002652501131733817,,,
q50_other_measures_unknown_NOT_DISCUSSED,q50_other_measures_unknown,Other,categorical,1.0,0.007978723404255319,0.007915063377093709,,,
q50_other_measures_unknown_RECTIFICATION_ERASURE_RESTRICTION,q50_other_measures_unknown,Other,categorical,1.0,0.0026595744680851063,0.002652501131733817,,,
q50_other_measures_unknown_WARNING,q50_other_measures_unknown,Other,categorical,1.0,0.0026595744680851063,0.002652501131733817,,,
q54_scopes_known_COMPLETE_PROCESSING_BAN,q54_scopes_known,Other,categorical,1.0,0.007978723404255319,0.007915063377093709,,,
q54_scopes_known_DATA_CATEGORY_LIMITATION,q54_scopes_known,Other,categorical,1.0,0.0026595744680851063,0.002652501131733817,,,
q54_scopes_known_MISSING,q54_scopes_known,Other,categorical,1.0,0.0425531914893617,0.04074241738343142,,,
q54_scopes_known_NOT_APPLICABLE,q54_scopes_known,Other,categorical,1.0,0.9175531914893617,0.07564933227704844,,,
q54_scopes_known_SPECIFIC_PURPOSE_LIMITATION,q54_scopes_known,Other,categorical,1.0,0.015957446808510637,0.015702806699864187,,,
q54_scopes_known_SPECIFIC_PURPOSE_LIMITATION_DATA_CATEGORY_LIMITATION,q54_scopes_known,Other,categorical,1.0,0.005319148936170213,0.005290855590765049,,,
q54_scopes_known_SPECIFIC_PURPOSE_LIMITATION_GEOGRAPHICAL_LIMITATION,q54_scopes_known,Other,categorical,1.0,0.0026595744680851063,0.002652501131733817,,,
q54_scopes_known_TEMPORAL_LIMITATION,q54_scopes_known,Other,categorical,1.0,0.005319148936170213,0.00529085559076505,,,
q54_scopes_unknown_MISSING,q54_scopes_unknown,Other,categorical,1.0,0.9920212765957447,0.007915063377093709,,,
q54_scopes_unknown_NOT_DISCUSSED,q54_scopes_unknown,Other,categorical,1.0,0.007978723404255319,0.007915063377093709,,,
q56_rights_discussed_known_ACCESS,q56_rights_discussed_known,Other,categorical,1.0,0.07180851063829788,0.06665204843820735,,,
q56_rights_discussed_known_ACCESS_ERASURE,q56_rights_discussed_known,Other,categorical,1.0,0.005319148936170213,0.0052908555907650485,,,
q56_rights_discussed_known_ACCESS_ERASURE_INFORMATION_OBLIGATIONS,q56_rights_discussed_known,Other,categorical,1.0,0.007978723404255319,0.00791506337709371,,,
q56_rights_discussed_known_ACCESS_ERASURE_OBJECTION_INFORMATION_OBLIGATIONS,q56_rights_discussed_known,Other,categorical,1.0,0.0026595744680851063,0.002652501131733817,,,
q56_rights_discussed_known_ACCESS_INFORMATION_OBLIGATIONS,q56_rights_discussed_known,Other,categorical,1.0,0.007978723404255319,0.00791506337709371,,,
q56_rights_discussed_known_ACCESS_OBJECTION_INFORMATION_OBLIGATIONS,q56_rights_discussed_known,Other,categorical,1.0,0.0026595744680851063,0.002652501131733817,,,
q56_rights_discussed_known_ACCESS_RECTIFICATION_ERASURE_RESTRICTION_OF_PROCESSING_DATA_PORTABILITY_OBJECTION_AUTOMATED_DECISION_MAKING_INFORMATION_OBLIGATIONS,q56_rights_discussed_known,Other,categorical,1.0,0.0026595744680851063,0.002652501131733817,,,
q56_rights_discussed_known_ACCESS_RECTIFICATION_ERASURE_RESTRICTION_OF_PROCESSING_DATA_PORTABILITY_OBJECTION_INFORMATION_OBLIGATIONS,q56_rights_discussed_known,Other,categorical,1.0,0.0026595744680851063,0.002652501131733817,,,
q56_rights_discussed_known_ACCESS_RECTIFICATION_ERASURE_RESTRICTION_OF_PROCESSING_OBJECTION_INFORMATION_OBLIGATIONS,q56_rights_discussed_known,Other,categorical,1.0,0.0026595744680851063,0.002652501131733817,,,
q56_rights_discussed_known_ERASURE,q56_rights_discussed_known,Other,categorical,1.0,0.04521276595744681,0.04316857175192394,,,
q56_rights_discussed_known_ERASURE_INFORMATION_OBLIGATIONS,q56_rights_discussed_known,Other,categorical,1.0,0.02127659574468085,0.02082390221819828,,,
q56_rights_discussed_known_INFORMATION_OBLIGATIONS,q56_rights_discussed_known,Other,categorical,1.0,0.3670212765957447,0.23231665912177452,,,
q56_rights_discussed_known_INFORMATION_OBLIGATIONS_OBJECTION,q56_rights_discussed_known,Other,categorical,1.0,0.0026595744680851063,0.002652501131733817,,,
q56_rights_discussed_known_MISSING,q56_rights_discussed_known,Other,categorical,1.0,0.14627659574468085,0.12487975328202805,,,
q56_rights_discussed_known_NONE_DISCUSSED,q56_rights_discussed_known,Other,categorical,1.0,0.2978723404255319,0.20914440923494793,,,
q56_rights_discussed_known_OBJECTION,q56_rights_discussed_known,Other,categorical,1.0,0.005319148936170213,0.005290855590765049,,,
q56_rights_discussed_known_OBJECTION_INFORMATION_OBLIGATIONS,q56_rights_discussed_known,Other,categorical,1.0,0.0026595744680851063,0.002652501131733817,,,
q56_rights_discussed_known_RECTIFICATION,q56_rights_discussed_known,Other,categorical,1.0,0.0026595744680851063,0.002652501131733817,,,
q56_rights_discussed_known_RECTIFICATION_INFORMATION_OBLIGATIONS,q56_rights_discussed_known,Other,categorical,1.0,0.0026595744680851063,0.002652501131733817,,,
q56_rights_discussed_unknown_MISSING,q56_rights_discussed_unknown,Other,categorical,1.0,0.8882978723404256,0.09922476233589857,,,
q56_rights_discussed_unknown_NOT_APPLICABLE,q56_rights_discussed_unknown,Other,categorical,1.0,0.02127659574468085,0.02082390221819828,,,
q56_rights_discussed_unknown_NOT_DISCUSSED,q56_rights_discussed_unknown,Other,categorical,1.0,0.06648936170212766,0.0620685264825713,,,
q56_rights_discussed_unknown_NOT_MENTIONED,q56_rights_discussed_unknown,Other,categorical,1.0,0.023936170212765957,0.02336322996831146,,,
q57_rights_violated_known_ACCESS,q57_rights_violated_known,Other,categorical,1.0,0.04521276595744681,0.04316857175192394,,,
q57_rights_violated_known_ACCESS_ERASURE,q57_rights_violated_known,Other,categorical,1.0,0.0026595744680851063,0.002652501131733817,,,
q57_rights_violated_known_ACCESS_ERASURE_INFORMATION_OBLIGATIONS,q57_rights_violated_known,Other,categorical,1.0,0.007978723404255319,0.007915063377093709,,,
q57_rights_violated_known_ACCESS_ERASURE_OBJECTION,q57_rights_violated_known,Other,categorical,1.0,0.0026595744680851063,0.002652501131733817,,,
q57_rights_violated_known_ACCESS_INFORMATION_OBLIGATIONS,q57_rights_violated_known,Other,categorical,1.0,0.007978723404255319,0.00791506337709371,,,
q57_rights_violated_known_ERASURE,q57_rights_violated_known,Other,categorical,1.0,0.034574468085106384,0.03337907424173835,,,
q57_rights_violated_known_ERASURE_INFORMATION_OBLIGATIONS,q57_rights_violated_known,Other,categorical,1.0,0.013297872340425532,0.013121038931643278,,,
q57_rights_violated_known_INFORMATION_OBLIGATIONS,q57_rights_violated_known,Other,categorical,1.0,0.2765957446808511,0.20009053870529647,,,
q57_rights_violated_known_INFORMATION_OBLIGATIONS_OBJECTION,q57_rights_violated_known,Other,categorical,1.0,0.0026595744680851063,0.002652501131733817,,,
q57_rights_violated_known_MISSING,q57_rights_violated_known,Other,categorical,1.0,0.18085106382978725,0.14814395654142146,,,
q57_rights_violated_known_NONE_VIOLATED,q57_rights_violated_known,Other,categorical,1.0,0.34574468085106386,0.22620529651425983,,,
q57_rights_violated_known_NOT_DETERMINED,q57_rights_violated_known,Other,categorical,1.0,0.06648936170212766,0.06206852648257131,,,
q57_rights_violated_known_OBJECTION,q57_rights_violated_known,Other,categorical,1.0,0.007978723404255319,0.007915063377093709,,,
q57_rights_violated_known_OBJECTION_INFORMATION_OBLIGATIONS,q57_rights_violated_known,Other,categorical,1.0,0.0026595744680851063,0.002652501131733817,,,
q57_rights_violated_known_RECTIFICATION_INFORMATION_OBLIGATIONS,q57_rights_violated_known,Other,categorical,1.0,0.0026595744680851063,0.002652501131733817,,,
q57_rights_violated_unknown_MISSING,q57_rights_violated_unknown,Other,categorical,1.0,0.8537234042553191,0.12487975328202808,,,
q57_rights_violated_unknown_NONE_DISCUSSED,q57_rights_violated_unknown,Other,categorical,1.0,0.04521276595744681,0.043168571751923936,,,
q57_rights_violated_unknown_NOT_APPLICABLE,q57_rights_violated_unknown,Other,categorical,1.0,0.02127659574468085,0.02082390221819828,,,
q57_rights_violated_unknown_NOT_DISCUSSED,q57_rights_violated_unknown,Other,categorical,1.0,0.061170212765957445,0.057428417836124936,,,
q57_rights_violated_unknown_NOT_MENTIONED,q57_rights_violated_unknown,Other,categorical,1.0,0.018617021276595744,0.01827042779538253,,,
q58_access_issues_known_EXCESSIVE_DELAY,q58_access_issues_known,Other,categorical,1.0,0.018617021276595744,0.01827042779538253,,,
q58_access_issues_known_EXCESSIVE_DELAY_INADEQUATE_RESPONSE,q58_access_issues_known,Other,categorical,1.0,0.04521276595744681,0.043168571751923936,,,
q58_access_issues_known_EXCESSIVE_DELAY_INADEQUATE_RESPONSE_SCOPE_LIMITATIONS,q58_access_issues_known,Other,categorical,1.0,0.0026595744680851063,0.002652501131733817,,,
q58_access_issues_known_INADEQUATE_RESPONSE,q58_access_issues_known,Other,categorical,1.0,0.023936170212765957,0.023363229968311458,,,
q58_access_issues_known_INADEQUATE_RESPONSE_IDENTITY_VERIFICATION_ISSUES,q58_access_issues_known,Other,categorical,1.0,0.0026595744680851063,0.002652501131733817,,,
q58_access_issues_known_INADEQUATE_RESPONSE_SCOPE_LIMITATIONS,q58_access_issues_known,Other,categorical,1.0,0.0026595744680851063,0.002652501131733817,,,
q58_access_issues_known_MISSING,q58_access_issues_known,Other,categorical,1.0,0.0425531914893617,0.04074241738343142,,,
q58_access_issues_known_NOT_APPLICABLE,q58_access_issues_known,Other,categorical,1.0,0.8563829787234043,0.12299117247623358,,,
q58_access_issues_known_NO_ISSUES_FOUND,q58_access_issues_known,Other,categorical,1.0,0.005319148936170213,0.005290855590765049,,,
q58_access_issues_unknown_MISSING,q58_access_issues_unknown,Other,categorical,1.0,0.9920212765957447,0.007915063377093709,,,
q58_access_issues_unknown_NOT_DISCUSSED,q58_access_issues_unknown,Other,categorical,1.0,0.007978723404255319,0.007915063377093709,,,
q59_adm_issues_known_MISSING,q59_adm_issues_known,Other,categorical,1.0,0.0425531914893617,0.04074241738343142,,,
q59_adm_issues_known_NOT_APPLICABLE,q59_adm_issues_known,Other,categorical,1.0,0.9521276595744681,0.04558057944771389,,,
q59_adm_issues_known_NO_EXPLANATION_PROVIDED,q59_adm_issues_known,Other,categorical,1.0,0.0026595744680851063,0.002652501131733817,,,
q59_adm_issues_known_PROFILING_WITHOUT_CONSENT_NO_EXPLANATION_PROVIDED,q59_adm_issues_known,Other,categorical,1.0,0.0026595744680851063,0.002652501131733817,,,
q59_adm_issues_unknown_MISSING,q59_adm_issues_unknown,Other,categorical,1.0,0.9920212765957447,0.007915063377093709,,,
q59_adm_issues_unknown_NOT_DISCUSSED,q59_adm_issues_unknown,Other,categorical,1.0,0.007978723404255319,0.007915063377093709,,,
q61_dpo_issues_known_INADEQUATE_INVOLVEMENT,q61_dpo_issues_known,Other,categorical,1.0,0.005319148936170213,0.0052908555907650485,,,
q61_dpo_issues_known_MISSING,q61_dpo_issues_known,Other,categorical,1.0,0.0425531914893617,0.04074241738343142,,,
q61_dpo_issues_known_NOT_APPLICABLE,q61_dpo_issues_known,Other,categorical,1.0,0.9042553191489362,0.08657763693979177,,,
q61_dpo_issues_known_NO_DPO_APPOINTED,q61_dpo_issues_known,Other,categorical,1.0,0.013297872340425532,0.01312103893164328,,,
q61_dpo_issues_known_NO_DPO_APPOINTED_INADEQUATE_INVOLVEMENT,q61_dpo_issues_known,Other,categorical,1.0,0.0026595744680851063,0.002652501131733817,,,
q61_dpo_issues_known_NO_DPO_APPOINTED_LACK_OF_RESOURCES,q61_dpo_issues_known,Other,categorical,1.0,0.0026595744680851063,0.002652501131733817,,,
q61_dpo_issues_known_NO_ISSUES_FOUND,q61_dpo_issues_known,Other,categorical,1.0,0.02925531914893617,0.028399445450430067,,,
q61_dpo_issues_unknown_MISSING,q61_dpo_issues_unknown,Other,categorical,1.0,0.9920212765957447,0.007915063377093709,,,
q61_dpo_issues_unknown_NOT_DISCUSSED,q61_dpo_issues_unknown,Other,categorical,1.0,0.007978723404255319,0.007915063377093709,,,
q64_transfer_violations_known_MISSING,q64_transfer_violations_known,Other,categorical,1.0,0.0425531914893617,0.04074241738343142,,,
q64_transfer_violations_known_NOT_APPLICABLE,q64_transfer_violations_known,Other,categorical,1.0,0.9468085106382979,0.05036215482118604,,,
q64_transfer_violations_known_NO_ADEQUATE_SAFEGUARDS,q64_transfer_violations_known,Other,categorical,1.0,0.007978723404255319,0.007915063377093709,,,
q64_transfer_violations_known_NO_ADEQUATE_SAFEGUARDS_SCHREMS_II_ISSUES,q64_transfer_violations_known,Other,categorical,1.0,0.0026595744680851063,0.002652501131733817,,,
q64_transfer_violations_unknown_MISSING,q64_transfer_violations_unknown,Other,categorical,1.0,0.9920212765957447,0.007915063377093709,,,
q64_transfer_violations_unknown_NOT_DISCUSSED,q64_transfer_violations_unknown,Other,categorical,1.0,0.007978723404255319,0.007915063377093709,,,
country_status_DISCUSSED,country_status,Other,status,1.0,0.9654255319148937,0.03337907424173835,0.9654255319148937,0.034574468085106384,
country_status_NOT_MENTIONED,country_status,Other,status,1.0,0.034574468085106384,0.03337907424173835,0.9654255319148937,0.034574468085106384,
decision_date_status_DISCUSSED,decision_date_status,Other,status,1.0,0.14627659574468085,0.12487975328202805,,,
decision_date_status_NOT_DISCUSSED,decision_date_status,Other,status,1.0,0.5026595744680851,0.24999292666364872,,,
decision_date_status_NOT_MENTIONED,decision_date_status,Other,status,1.0,0.034574468085106384,0.03337907424173835,,,
decision_date_status_PARSE_ERROR,decision_date_status,Other,status,1.0,0.31648936170212766,0.21632384563150747,,,
fine_status_DISCUSSED,fine_status,Other,status,1.0,0.8351063829787234,0.13770371208691717,0.8351063829787234,0.1622340425531915,0.0026595744680851063
fine_status_NOT_DISCUSSED,fine_status,Other,status,1.0,0.0026595744680851063,0.002652501131733817,0.8351063829787234,0.1622340425531915,0.0026595744680851063
fine_status_NOT_MENTIONED,fine_status,Other,status,1.0,0.1622340425531915,0.1359141579900407,0.8351063829787234,0.1622340425531915,0.0026595744680851063
turnover_status_DISCUSSED,turnover_status,Other,status,1.0,0.09308510638297872,0.08442026935264828,0.09308510638297872,0.8829787234042553,0.023936170212765957
turnover_status_NOT_DISCUSSED,turnover_status,Other,status,1.0,0.023936170212765957,0.02336322996831145,0.09308510638297872,0.8829787234042553,0.023936170212765957
turnover_status_NOT_MENTIONED,turnover_status,Other,status,1.0,0.8829787234042553,0.1033272974196469,0.09308510638297872,0.8829787234042553,0.023936170212765957
art33_notification_required_status_DISCUSSED,art33_notification_required_status,Article 33,status,1.0,0.13297872340425532,0.11529538252602989,,,
art33_notification_required_status_NOT_APPLICABLE,art33_notification_required_status,Article 33,status,1.0,0.8058510638297872,0.1564551267541874,,,
art33_notification_required_status_NOT_MENTIONED,art33_notification_required_status,Article 33,status,1.0,0.04521276595744681,0.04316857175192394,,,
art33_notification_required_status_UNPARSEABLE,art33_notification_required_status,Article 33,status,1.0,0.015957446808510637,0.015702806699864187,,,
art33_notification_submitted_status_DISCUSSED,art33_notification_submitted_status,Article 33,status,1.0,0.12234042553191489,0.10737324581258488,,,
art33_notification_submitted_status_NOT_APPLICABLE,art33_notification_submitted_status,Article 33,status,1.0,0.8058510638297872,0.1564551267541874,,,
art33_notification_submitted_status_NOT_MENTIONED,art33_notification_submitted_status,Article 33,status,1.0,0.05585106382978723,0.052731722498868275,,,
art33_notification_submitted_status_UNPARSEABLE,art33_notification_submitted_status,Article 33,status,1.0,0.015957446808510637,0.015702806699864187,,,
art33_notification_timeliness_status_DISCUSSED,art33_notification_timeliness_status,Article 33,status,1.0,0.04521276595744681,0.043168571751923936,,,
art33_notification_timeliness_status_NOT_APPLICABLE,art33_notification_timeliness_status,Article 33,status,1.0,0.8271276595744681,0.1429874943413309,,,
art33_notification_timeliness_status_NOT_MENTIONED,art33_notification_timeliness_status,Article 33,status,1.0,0.10638297872340426,0.09506564056133997,,,
art33_notification_timeliness_status_UNCLEAR,art33_notification_timeliness_status,Article 33,status,1.0,0.005319148936170213,0.00529085559076505,,,
art33_notification_timeliness_status_UNPARSEABLE,art33_notification_timeliness_status,Article 33,status,1.0,0.015957446808510637,0.015702806699864187,,,
art33_notification_delay_band_status_DISCUSSED,art33_notification_delay_band_status,Article 33,status,1.0,0.010638297872340425,0.010525124490719785,,,
art33_notification_delay_band_status_NOT_APPLICABLE,art33_notification_delay_band_status,Article 33,status,1.0,0.9335106382978723,0.0620685264825713,,,
art33_notification_delay_band_status_NOT_MENTIONED,art33_notification_delay_band_status,Article 33,status,1.0,0.0398936170212766,0.0383021163422363,,,
art33_notification_delay_band_status_UNPARSEABLE,art33_notification_delay_band_status,Article 33,status,1.0,0.015957446808510637,0.015702806699864187,,,
data_subjects_notified_status_DISCUSSED,data_subjects_notified_status,Other,status,1.0,0.05585106382978723,0.05273172249886826,,,
data_subjects_notified_status_NOT_APPLICABLE,data_subjects_notified_status,Other,status,1.0,0.8085106382978723,0.1548211860570394,,,
data_subjects_notified_status_NOT_MENTIONED,data_subjects_notified_status,Other,status,1.0,0.11702127659574468,0.1033272974196469,,,
data_subjects_notified_status_UNPARSEABLE,data_subjects_notified_status,Other,status,1.0,0.018617021276595744,0.01827042779538253,,,
art34_notification_required_status_DISCUSSED,art34_notification_required_status,Article 34,status,1.0,0.05053191489361702,0.04797844047080127,,,
art34_notification_required_status_NOT_APPLICABLE,art34_notification_required_status,Article 34,status,1.0,0.8138297872340425,0.15151086464463556,,,
art34_notification_required_status_NOT_MENTIONED,art34_notification_required_status,Article 34,status,1.0,0.11436170212765957,0.10128310321412404,,,
art34_notification_required_status_UNPARSEABLE,art34_notification_required_status,Article 34,status,1.0,0.02127659574468085,0.02082390221819828,,,
q10_org_class_coverage_status_DISCUSSED,q10_org_class_coverage_status,Other,status,1.0,0.9654255319148937,0.03337907424173835,,,
q10_org_class_coverage_status_NOT_MENTIONED,q10_org_class_coverage_status,Other,status,1.0,0.034574468085106384,0.03337907424173835,,,
q10_org_class_status_DISCUSSED,q10_org_class_status,Other,status,1.0,0.8670212765957447,0.11529538252602989,,,
q10_org_class_status_NOT_APPLICABLE,q10_org_class_status,Other,status,1.0,0.09042553191489362,0.08224875509280216,,,
q10_org_class_status_NOT_DISCUSSED,q10_org_class_status,Other,status,1.0,0.007978723404255319,0.007915063377093709,,,
q10_org_class_status_NOT_MENTIONED,q10_org_class_status,Other,status,1.0,0.034574468085106384,0.03337907424173835,,,
q15_case_initiation_coverage_status_DISCUSSED,q15_case_initiation_coverage_status,Other,status,1.0,0.9654255319148937,0.03337907424173835,,,
q15_case_initiation_coverage_status_NOT_MENTIONED,q15_case_initiation_coverage_status,Other,status,1.0,0.034574468085106384,0.03337907424173835,,,
q15_case_initiation_status_DISCUSSED,q15_case_initiation_status,Other,status,1.0,0.9547872340425532,0.04316857175192394,,,
q15_case_initiation_status_NOT_DISCUSSED,q15_case_initiation_status,Other,status,1.0,0.010638297872340425,0.010525124490719785,,,
q15_case_initiation_status_NOT_MENTIONED,q15_case_initiation_status,Other,status,1.0,0.034574468085106384,0.03337907424173835,,,
q21_breach_types_coverage_status_DISCUSSED,q21_breach_types_coverage_status,Breach Facts,status,1.0,0.9654255319148937,0.03337907424173835,,,
q21_breach_types_coverage_status_NOT_MENTIONED,q21_breach_types_coverage_status,Breach Facts,status,1.0,0.034574468085106384,0.03337907424173835,,,
q21_breach_types_status_DISCUSSED,q21_breach_types_status,Breach Facts,status,1.0,0.17553191489361702,0.14472046174739706,,,
q21_breach_types_status_NOT_APPLICABLE,q21_breach_types_status,Breach Facts,status,1.0,0.773936170212766,0.1749589746491625,,,
q21_breach_types_status_NOT_DISCUSSED,q21_breach_types_status,Breach Facts,status,1.0,0.015957446808510637,0.015702806699864187,,,
q21_breach_types_status_NOT_MENTIONED,q21_breach_types_status,Breach Facts,status,1.0,0.034574468085106384,0.03337907424173835,,,
q25_sensitive_data_coverage_status_DISCUSSED,q25_sensitive_data_coverage_status,Sensitive Data,status,1.0,0.9654255319148937,0.03337907424173835,,,
q25_sensitive_data_coverage_status_NOT_MENTIONED,q25_sensitive_data_coverage_status,Sensitive Data,status,1.0,0.034574468085106384,0.03337907424173835,,,
q25_sensitive_data_status_DISCUSSED,q25_sensitive_data_status,Sensitive Data,status,1.0,0.23670212765957446,0.18067423042100503,,,
q25_sensitive_data_status_NOT_APPLICABLE,q25_sensitive_data_status,Sensitive Data,status,1.0,0.7127659574468085,0.20473064735174284,,,
q25_sensitive_data_status_NOT_DISCUSSED,q25_sensitive_data_status,Sensitive Data,status,1.0,0.015957446808510637,0.015702806699864187,,,
q25_sensitive_data_status_NOT_MENTIONED,q25_sensitive_data_status,Sensitive Data,status,1.0,0.034574468085106384,0.03337907424173835,,,
q28_mitigations_coverage_status_DISCUSSED,q28_mitigations_coverage_status,Other,status,1.0,0.9654255319148937,0.03337907424173835,,,
q28_mitigations_coverage_status_NOT_MENTIONED,q28_mitigations_coverage_status,Other,status,1.0,0.034574468085106384,0.03337907424173835,,,
q28_mitigations_status_DISCUSSED,q28_mitigations_status,Other,status,1.0,0.1276595744680851,0.11136260751471254,,,
q28_mitigations_status_NONE_MENTIONED,q28_mitigations_status,Other,status,1.0,0.07712765957446809,0.07117898370303302,,,
q28_mitigations_status_NOT_APPLICABLE,q28_mitigations_status,Other,status,1.0,0.7446808510638298,0.19013128112267996,,,
q28_mitigations_status_NOT_DISCUSSED,q28_mitigations_status,Other,status,1.0,0.015957446808510637,0.015702806699864187,,,
q28_mitigations_status_NOT_MENTIONED,q28_mitigations_status,Other,status,1.0,0.034574468085106384,0.03337907424173835,,,
q30_discussed_coverage_status_DISCUSSED,q30_discussed_coverage_status,Other,status,1.0,0.9654255319148937,0.03337907424173835,,,
q30_discussed_coverage_status_NOT_MENTIONED,q30_discussed_coverage_status,Other,status,1.0,0.034574468085106384,0.03337907424173835,,,
q30_discussed_status_DISCUSSED,q30_discussed_status,Other,status,1.0,0.8031914893617021,0.15807492077863283,,,
q30_discussed_status_NONE_DISCUSSED,q30_discussed_status,Other,status,1.0,0.15159574468085107,0.12861447487550923,,,
q30_discussed_status_NOT_DISCUSSED,q30_discussed_status,Other,status,1.0,0.010638297872340425,0.010525124490719785,,,
q30_discussed_status_NOT_MENTIONED,q30_discussed_status,Other,status,1.0,0.034574468085106384,0.03337907424173835,,,
q31_violated_coverage_status_DISCUSSED,q31_violated_coverage_status,Other,status,1.0,0.9654255319148937,0.03337907424173835,,,
q31_violated_coverage_status_NOT_MENTIONED,q31_violated_coverage_status,Other,status,1.0,0.034574468085106384,0.03337907424173835,,,
q31_violated_status_DISCUSSED,q31_violated_status,Other,status,1.0,0.7287234042553191,0.19768560434585783,,,
q31_violated_status_NONE_VIOLATED,q31_violated_status,Other,status,1.0,0.18617021276595744,0.15151086464463556,,,
q31_violated_status_NOT_DETERMINED,q31_violated_status,Other,status,1.0,0.0425531914893617,0.040742417383431435,,,
q31_violated_status_NOT_DISCUSSED,q31_violated_status,Other,status,1.0,0.007978723404255319,0.007915063377093709,,,
q31_violated_status_NOT_MENTIONED,q31_violated_status,Other,status,1.0,0.034574468085106384,0.03337907424173835,,,
q32_bases_coverage_status_DISCUSSED,q32_bases_coverage_status,Other,status,1.0,0.9654255319148937,0.03337907424173835,,,
q32_bases_coverage_status_NOT_MENTIONED,q32_bases_coverage_status,Other,status,1.0,0.034574468085106384,0.03337907424173835,,,
q32_bases_status_DISCUSSED,q32_bases_status,Other,status,1.0,0.8031914893617021,0.15807492077863286,,,
q32_bases_status_NOT_APPLICABLE,q32_bases_status,Other,status,1.0,0.05319148936170213,0.05036215482118605,,,
q32_bases_status_NOT_DISCUSSED,q32_bases_status,Other,status,1.0,0.10904255319148937,0.09715227478497059,,,
q32_bases_status_NOT_MENTIONED,q32_bases_status,Other,status,1.0,0.034574468085106384,0.03337907424173835,,,
q41_aggrav_coverage_status_DISCUSSED,q41_aggrav_coverage_status,Other,status,1.0,0.9654255319148937,0.03337907424173835,,,
q41_aggrav_coverage_status_NOT_MENTIONED,q41_aggrav_coverage_status,Other,status,1.0,0.034574468085106384,0.03337907424173835,,,
q41_aggrav_status_DISCUSSED,q41_aggrav_status,Other,status,1.0,0.9574468085106383,0.04074241738343142,,,
q41_aggrav_status_NOT_DISCUSSED,q41_aggrav_status,Other,status,1.0,0.007978723404255319,0.007915063377093709,,,
q41_aggrav_status_NOT_MENTIONED,q41_aggrav_status,Other,status,1.0,0.034574468085106384,0.03337907424173835,,,
q42_mitig_coverage_status_DISCUSSED,q42_mitig_coverage_status,Other,status,1.0,0.9654255319148937,0.03337907424173835,,,
q42_mitig_coverage_status_NOT_MENTIONED,q42_mitig_coverage_status,Other,status,1.0,0.034574468085106384,0.03337907424173835,,,
q42_mitig_status_DISCUSSED,q42_mitig_status,Other,status,1.0,0.9574468085106383,0.04074241738343142,,,
q42_mitig_status_NOT_DISCUSSED,q42_mitig_status,Other,status,1.0,0.007978723404255319,0.007915063377093709,,,
q42_mitig_status_NOT_MENTIONED,q42_mitig_status,Other,status,1.0,0.034574468085106384,0.03337907424173835,,,
q46_vuln_coverage_status_DISCUSSED,q46_vuln_coverage_status,Vulnerable Groups,status,1.0,0.9654255319148937,0.03337907424173835,,,
q46_vuln_coverage_status_NOT_MENTIONED,q46_vuln_coverage_status,Vulnerable Groups,status,1.0,0.034574468085106384,0.03337907424173835,,,
q46_vuln_status_DISCUSSED,q46_vuln_status,Vulnerable Groups,status,1.0,0.24202127659574468,0.18344697827071074,,,
q46_vuln_status_NONE_MENTIONED,q46_vuln_status,Vulnerable Groups,status,1.0,0.43351063829787234,0.2455791647804436,,,
q46_vuln_status_NOT_DISCUSSED,q46_vuln_status,Vulnerable Groups,status,1.0,0.2898936170212766,0.20585530783159803,,,
q46_vuln_status_NOT_MENTIONED,q46_vuln_status,Vulnerable Groups,status,1.0,0.034574468085106384,0.03337907424173835,,,
q47_remedial_coverage_status_DISCUSSED,q47_remedial_coverage_status,Mitigations,status,1.0,0.9654255319148937,0.03337907424173835,,,
q47_remedial_coverage_status_NOT_MENTIONED,q47_remedial_coverage_status,Mitigations,status,1.0,0.034574468085106384,0.03337907424173835,,,
q47_remedial_status_DISCUSSED,q47_remedial_status,Mitigations,status,1.0,0.44148936170212766,0.24657650520597563,,,
q47_remedial_status_NONE_MENTIONED,q47_remedial_status,Mitigations,status,1.0,0.5053191489361702,0.24997170665459487,,,
q47_remedial_status_NOT_APPLICABLE,q47_remedial_status,Mitigations,status,1.0,0.0026595744680851063,0.002652501131733817,,,
q47_remedial_status_NOT_DISCUSSED,q47_remedial_status,Mitigations,status,1.0,0.015957446808510637,0.015702806699864187,,,
q47_remedial_status_NOT_MENTIONED,q47_remedial_status,Mitigations,status,1.0,0.034574468085106384,0.03337907424173835,,,
q50_other_measures_coverage_status_DISCUSSED,q50_other_measures_coverage_status,Other,status,1.0,0.9654255319148937,0.03337907424173835,,,
q50_other_measures_coverage_status_NOT_MENTIONED,q50_other_measures_coverage_status,Other,status,1.0,0.034574468085106384,0.03337907424173835,,,
q50_other_measures_status_DISCUSSED,q50_other_measures_status,Other,status,1.0,0.9574468085106383,0.04074241738343142,,,
q50_other_measures_status_NOT_DISCUSSED,q50_other_measures_status,Other,status,1.0,0.007978723404255319,0.007915063377093709,,,
q50_other_measures_status_NOT_MENTIONED,q50_other_measures_status,Other,status,1.0,0.034574468085106384,0.03337907424173835,,,
q53_powers_coverage_status_DISCUSSED,q53_powers_coverage_status,Corrective Powers,status,1.0,0.9654255319148937,0.03337907424173835,,,
q53_powers_coverage_status_NOT_MENTIONED,q53_powers_coverage_status,Corrective Powers,status,1.0,0.034574468085106384,0.03337907424173835,,,
q53_powers_status_DISCUSSED,q53_powers_status,Corrective Powers,status,1.0,0.9574468085106383,0.04074241738343142,,,
q53_powers_status_NOT_DISCUSSED,q53_powers_status,Corrective Powers,status,1.0,0.007978723404255319,0.007915063377093709,,,
q53_powers_status_NOT_MENTIONED,q53_powers_status,Corrective Powers,status,1.0,0.034574468085106384,0.03337907424173835,,,
q54_scopes_coverage_status_DISCUSSED,q54_scopes_coverage_status,Other,status,1.0,0.9654255319148937,0.03337907424173835,,,
q54_scopes_coverage_status_NOT_MENTIONED,q54_scopes_coverage_status,Other,status,1.0,0.034574468085106384,0.03337907424173835,,,
q54_scopes_status_DISCUSSED,q54_scopes_status,Other,status,1.0,0.0398936170212766,0.0383021163422363,,,
q54_scopes_status_NOT_APPLICABLE,q54_scopes_status,Other,status,1.0,0.9175531914893617,0.07564933227704844,,,
q54_scopes_status_NOT_DISCUSSED,q54_scopes_status,Other,status,1.0,0.007978723404255319,0.007915063377093709,,,
q54_scopes_status_NOT_MENTIONED,q54_scopes_status,Other,status,1.0,0.034574468085106384,0.03337907424173835,,,
q56_rights_discussed_coverage_status_DISCUSSED,q56_rights_discussed_coverage_status,Other,status,1.0,0.9654255319148937,0.03337907424173835,,,
q56_rights_discussed_coverage_status_NOT_MENTIONED,q56_rights_discussed_coverage_status,Other,status,1.0,0.034574468085106384,0.03337907424173835,,,
q56_rights_discussed_status_DISCUSSED,q56_rights_discussed_status,Other,status,1.0,0.8776595744680851,0.10737324581258488,,,
q56_rights_discussed_status_NOT_APPLICABLE,q56_rights_discussed_status,Other,status,1.0,0.02127659574468085,0.02082390221819828,,,
q56_rights_discussed_status_NOT_DISCUSSED,q56_rights_discussed_status,Other,status,1.0,0.06648936170212766,0.0620685264825713,,,
q56_rights_discussed_status_NOT_MENTIONED,q56_rights_discussed_status,Other,status,1.0,0.034574468085106384,0.03337907424173835,,,
q57_rights_violated_coverage_status_DISCUSSED,q57_rights_violated_coverage_status,Other,status,1.0,0.9654255319148937,0.03337907424173835,,,
q57_rights_violated_coverage_status_NOT_MENTIONED,q57_rights_violated_coverage_status,Other,status,1.0,0.034574468085106384,0.03337907424173835,,,
q57_rights_violated_status_DISCUSSED,q57_rights_violated_status,Other,status,1.0,0.47074468085106386,0.24914412630149388,,,
q57_rights_violated_status_NONE_VIOLATED,q57_rights_violated_status,Other,status,1.0,0.34574468085106386,0.22620529651425983,,,
q57_rights_violated_status_NOT_APPLICABLE,q57_rights_violated_status,Other,status,1.0,0.02127659574468085,0.02082390221819828,,,
q57_rights_violated_status_NOT_DETERMINED,q57_rights_violated_status,Other,status,1.0,0.06648936170212766,0.06206852648257131,,,
q57_rights_violated_status_NOT_DISCUSSED,q57_rights_violated_status,Other,status,1.0,0.061170212765957445,0.057428417836124936,,,
q57_rights_violated_status_NOT_MENTIONED,q57_rights_violated_status,Other,status,1.0,0.034574468085106384,0.03337907424173835,,,
q58_access_issues_coverage_status_DISCUSSED,q58_access_issues_coverage_status,Other,status,1.0,0.9654255319148937,0.03337907424173835,,,
q58_access_issues_coverage_status_NOT_MENTIONED,q58_access_issues_coverage_status,Other,status,1.0,0.034574468085106384,0.03337907424173835,,,
q58_access_issues_status_DISCUSSED,q58_access_issues_status,Other,status,1.0,0.10106382978723404,0.09084993209597102,,,
q58_access_issues_status_NOT_APPLICABLE,q58_access_issues_status,Other,status,1.0,0.8563829787234043,0.12299117247623358,,,
q58_access_issues_status_NOT_DISCUSSED,q58_access_issues_status,Other,status,1.0,0.007978723404255319,0.007915063377093709,,,
q58_access_issues_status_NOT_MENTIONED,q58_access_issues_status,Other,status,1.0,0.034574468085106384,0.03337907424173835,,,
q59_adm_issues_coverage_status_DISCUSSED,q59_adm_issues_coverage_status,Other,status,1.0,0.9654255319148937,0.03337907424173835,,,
q59_adm_issues_coverage_status_NOT_MENTIONED,q59_adm_issues_coverage_status,Other,status,1.0,0.034574468085106384,0.03337907424173835,,,
q59_adm_issues_status_DISCUSSED,q59_adm_issues_status,Other,status,1.0,0.005319148936170213,0.0052908555907650485,,,
q59_adm_issues_status_NOT_APPLICABLE,q59_adm_issues_status,Other,status,1.0,0.9521276595744681,0.04558057944771389,,,
q59_adm_issues_status_NOT_DISCUSSED,q59_adm_issues_status,Other,status,1.0,0.007978723404255319,0.007915063377093709,,,
q59_adm_issues_status_NOT_MENTIONED,q59_adm_issues_status,Other,status,1.0,0.034574468085106384,0.03337907424173835,,,
q61_dpo_issues_coverage_status_DISCUSSED,q61_dpo_issues_coverage_status,Other,status,1.0,0.9654255319148937,0.03337907424173835,,,
q61_dpo_issues_coverage_status_NOT_MENTIONED,q61_dpo_issues_coverage_status,Other,status,1.0,0.034574468085106384,0.03337907424173835,,,
q61_dpo_issues_status_DISCUSSED,q61_dpo_issues_status,Other,status,1.0,0.05319148936170213,0.05036215482118606,,,
q61_dpo_issues_status_NOT_APPLICABLE,q61_dpo_issues_status,Other,status,1.0,0.9042553191489362,0.08657763693979177,,,
q61_dpo_issues_status_NOT_DISCUSSED,q61_dpo_issues_status,Other,status,1.0,0.007978723404255319,0.007915063377093709,,,
q61_dpo_issues_status_NOT_MENTIONED,q61_dpo_issues_status,Other,status,1.0,0.034574468085106384,0.03337907424173835,,,
q64_transfer_violations_coverage_status_DISCUSSED,q64_transfer_violations_coverage_status,Other,status,1.0,0.9654255319148937,0.03337907424173835,,,
q64_transfer_violations_coverage_status_NOT_MENTIONED,q64_transfer_violations_coverage_status,Other,status,1.0,0.034574468085106384,0.03337907424173835,,,
q64_transfer_violations_status_DISCUSSED,q64_transfer_violations_status,Other,status,1.0,0.010638297872340425,0.010525124490719785,,,
q64_transfer_violations_status_NOT_APPLICABLE,q64_transfer_violations_status,Other,status,1.0,0.9468085106382979,0.05036215482118604,,,
q64_transfer_violations_status_NOT_DISCUSSED,q64_transfer_violations_status,Other,status,1.0,0.007978723404255319,0.007915063377093709,,,
q64_transfer_violations_status_NOT_MENTIONED,q64_transfer_violations_status,Other,status,1.0,0.034574468085106384,0.03337907424173835,,,
