community,members
0,"art33_notification_required_NOT_APPLICABLE,breach_case,country_code_ES,country_code_RO,decision_date_status_PARSE_ERROR,decision_year,dpa_name_raw_Spanish_Agency_for_Data_Protection,dpa_name_raw_Spanish_Data_Protection_Agency,fine_log1p,fine_raw_0,isic_code_NOT_MENTIONED,isic_code_STRING,isic_desc_MISSING,n_corrective_measures,n_principles_discussed,n_principles_violated,q10_org_class_LARGE_ENTERPRISE,q10_org_class_MULTINATIONAL,q10_org_class_NON_PROFIT,q10_org_class_NOT_MENTIONED,q10_org_class_PUBLIC_SECTOR_BODY,q10_org_class_SME,q10_org_class_known_LARGE_ENTERPRISE_MULTINATIONAL,q10_org_class_known_SME_NOT_MENTIONED,q15_case_initiation_BREACH_NOTIFICATION,q15_case_initiation_COMPLAINT,q21_breach_types_CYBER_ATTACK,q21_breach_types_HUMAN_ERROR,q21_breach_types_ORGANIZATIONAL_FAILURE,q25_sensitive_data_ARTICLE_10_CRIMINAL,q25_sensitive_data_ARTICLE_9_SPECIAL_CATEGORY,q25_sensitive_data_NEITHER,q25_sensitive_data_NOT_MENTIONED,q28_mitigations_IMMEDIATE_CONTAINMENT,q28_mitigations_STAFF_TRAINING,q28_mitigations_SYSTEM_FIXES,q30_discussed_ACCOUNTABILITY,q30_discussed_ACCURACY,q30_discussed_DATA_MINIMISATION,q30_discussed_LAWFULNESS_FAIRNESS_TRANSPARENCY,q30_discussed_PURPOSE_LIMITATION,q30_discussed_SECURITY,q31_violated_ACCOUNTABILITY,q31_violated_DATA_MINIMISATION,q31_violated_LAWFULNESS_FAIRNESS_TRANSPARENCY,q31_violated_PURPOSE_LIMITATION,q31_violated_SECURITY,q31_violated_STORAGE_LIMITATION,q32_bases_CONSENT,q32_bases_CONTRACT,q32_bases_LEGAL_OBLIGATION,q32_bases_LEGITIMATE_INTERESTS,q32_bases_NONE_DISCUSSED,q32_bases_PUBLIC_TASK,q32_bases_VITAL_INTERESTS,q32_bases_known_MISSING,q36_tokens,q41_aggrav_DATA_CATEGORIES_AFFECTED,q41_aggrav_INTENT_NEGLIGENCE,q41_aggrav_NATURE_GRAVITY_DURATION,q41_aggrav_NONE,q41_aggrav_known_NATURE_GRAVITY_DURATION_INTENT_NEGLIGENCE_DATA_CATEGORIES_AFFECTED,q42_mitig_COOPERATION_WITH_AUTHORITY,q42_mitig_MITIGATION_ACTIONS,q42_mitig_NONE,q42_mitig_known_MITIGATION_ACTIONS_COOPERATION_WITH_AUTHORITY,q46_vuln_CHILDREN,q46_vuln_EMPLOYEES,q46_vuln_FINANCIALLY_VULNERABLE,q46_vuln_PATIENTS,q47_remedial_EXTERNAL_AUDIT,q47_remedial_IMMEDIATE_CESSATION,q47_remedial_POLICY_CHANGES,q47_remedial_STAFF_TRAINING,q47_remedial_SYSTEM_UPGRADES,q47_remedial_known_IMMEDIATE_CESSATION,q50_other_measures_COMPLIANCE_ORDER,q50_other_measures_NONE,q52_tokens,q56_rights_discussed_ACCESS,q56_rights_discussed_DATA_PORTABILITY,q56_rights_discussed_ERASURE,q56_rights_discussed_INFORMATION_OBLIGATIONS,q56_rights_discussed_NONE_DISCUSSED,q57_rights_violated_ACCESS,q57_rights_violated_ERASURE,q57_rights_violated_INFORMATION_OBLIGATIONS,q57_rights_violated_OBJECTION,q67_text_NOT_DISCUSSED,q67_tokens,q68_tokens,raw_q10_NOT_APPLICABLE,raw_q10_NOT_MENTIONED,raw_q10_PUBLIC_SECTOR_BODY,raw_q10_SME,raw_q10_SME_NOT_MENTIONED_1,raw_q13_NO,raw_q14_NOT_APPLICABLE,raw_q14_OVER_1B,raw_q1_ISO_3166_1_ALPHA_2_ES,raw_q1_ISO_3166_1_ALPHA_2_ES_1,raw_q23_NOT_APPLICABLE,raw_q24_NOT_APPLICABLE,raw_q28_NOT_APPLICABLE,raw_q30_DATA_MINIMISATION,raw_q30_LAWFULNESS_FAIRNESS_TRANSPARENCY,raw_q30_SECURITY,raw_q31_DATA_MINIMISATION,raw_q31_LAWFULNESS_FAIRNESS_TRANSPARENCY,raw_q31_NONE_VIOLATED,raw_q31_SECURITY,raw_q32_CONSENT,raw_q32_NOT_DISCUSSED,raw_q33_CONSENT,raw_q33_NOT_APPLICABLE,raw_q33_NOT_DISCUSSED,raw_q33_NOT_MENTIONED,raw_q33_NO_BASIS_CLAIMED,raw_q34_NOT_APPLICABLE,raw_q38_MISSING,raw_q38_NUMBER_null,raw_q39_BELOW_ALL_CAPS,raw_q39_NOT_APPLICABLE,raw_q3_NOT_DISCUSSED,raw_q3_YYYY_MM_DD_NOT_DISCUSSED,raw_q40_MONTHS,raw_q40_NOT_SPECIFIED,raw_q40_YEARS,raw_q41_NATURE_GRAVITY_DURATION,raw_q42_MITIGATION_ACTIONS_COOPERATION_WITH_AUTHORITY_1,raw_q43_NOT_DISCUSSED,raw_q43_NO_HARM_DOCUMENTED,raw_q43_YES_MATERIAL_HARM,raw_q43_YES_NON_MATERIAL_HARM,raw_q44_NOT_DISCUSSED,raw_q44_NO_BENEFIT,raw_q45_FULL_COOPERATION,raw_q45_NON_COOPERATIVE,raw_q45_NOT_DISCUSSED,raw_q46_NONE_MENTIONED,raw_q46_NOT_DISCUSSED,raw_q47_IMMEDIATE_CESSATION,raw_q48_NOT_DISCUSSED,raw_q48_UNCLEAR,raw_q48_YES_FIRST_TIME,raw_q49_NO_SINGLE_JURISDICTION,raw_q50_COMPLIANCE_ORDER,raw_q51_NOT_DISCUSSED,raw_q53_ADMINISTRATIVE_FINE,raw_q53_NONE,raw_q55_NOT_APPLICABLE,raw_q55_WITHIN_MONTH,raw_q56_INFORMATION_OBLIGATIONS,raw_q57_NONE_VIOLATED,raw_q60_NOT_DISCUSSED,raw_q61_NOT_APPLICABLE,raw_q62_LEAD_SUPERVISORY_AUTHORITY_CASE,raw_q66_NO_REFERENCES,raw_q66_YES_SOME_REFERENCES,raw_q9_CONTROLLER,remedy_only_case,schema_echo_fields_Q10_Q11_Q12_Q13_Q14_Q15_Q16_Q17_Q18_Q19_Q20_Q21_Q22_Q23_Q24_Q25_Q26_Q27_Q28_Q29_Q3_Q30_Q31_Q32_Q33_Q34_Q35_Q36_Q37_Q38_Q39_Q4_Q40_Q41_Q42_Q43_Q44_Q45_Q46_Q47_Q48_Q49_Q5_Q50_Q51_Q52_Q53_Q54_Q55_Q56_Q57_Q58_Q59_Q6_Q60_Q61_Q62_Q63_Q64_Q65_Q66_Q67_Q68_Q8_Q9,schema_echo_flag,severity_measures_present,turnover_eur,turnover_status_NOT_MENTIONED"
1,raw_q47_IMMEDIATE_CESSATION_DATA_DELETION_ORDER_POLICY_CHANGES_STAFF_TRAINING
2,raw_q41_PREVIOUS_INFRINGEMENTS
3,raw_q41_NATURE_GRAVITY_DURATION_INTENT_NEGLIGENCE_TECHNICAL_ORGANIZATIONAL_MEASURES_DATA_CATEGORIES_AFFECTED
4,raw_q47_IMMEDIATE_CESSATION_SYSTEM_UPGRADES_STAFF_TRAINING_1
5,raw_q41_NATURE_GRAVITY_DURATION_MANNER_BECAME_KNOWN
6,raw_q47_COOPERATION_WITH_DPA
7,raw_q41_NONE
8,raw_q46_PATIENTS
9,raw_q47_IMMEDIATE_CESSATION_VOLUNTARY_PAYMENT
10,raw_q41_NATURE_GRAVITY_DURATION_PREVIOUS_INFRINGEMENTS_1
11,raw_q41_NONE_DISCUSSED
12,raw_q47_IMMEDIATE_CESSATION_STAFF_TRAINING
13,raw_q41_NON_COOPERATION_WITH_AUTHORITY
14,raw_q47_IMMEDIATE_CESSATION_POLICY_CHANGES
15,raw_q41_NOT_DISCUSSED
16,raw_q46_ELDERLY
17,raw_q47_MISSING
18,raw_q47_NONE_DISCUSSED
19,raw_q41_NATURE_GRAVITY_DURATION_COOPERATION_WITH_AUTHORITY
20,raw_q41_NATURE_GRAVITY_DURATION_DATA_CATEGORIES_AFFECTED_1
21,raw_q41_NATURE_GRAVITY_DURATION_INTENT_NEGLIGENCE_1
22,raw_q41_NATURE_GRAVITY_DURATION_INTENT_NEGLIGENCE_CATEGORIES_AFFECTED
23,raw_q47_POLICY_CHANGES
24,raw_q41_NATURE_GRAVITY_DURATION_INTENT_NEGLIGENCE_CONNECTION_ACTIVITY_PROCESSING
25,raw_q41_NATURE_GRAVITY_DURATION_INTENT_NEGLIGENCE_COOPERATION_WITH_AUTHORITY
26,raw_q41_NATURE_GRAVITY_DURATION_INTENT_NEGLIGENCE_COOPERATION_WITH_AUTHORITY_MANNER_BECAME_KNOWN
27,raw_q41_NATURE_GRAVITY_DURATION_INTENT_NEGLIGENCE_DATA_CATEGORIES_AFFECTED_1
28,raw_q47_DATA_DELETION
29,raw_q47_IMMEDIATE_CESSATION_DATA_DELETION_ORDER
30,raw_q41_NATURE_GRAVITY_DURATION_INTENT_NEGLIGENCE_DATA_CATEGORIES_AFFECTED_MANNER_BECAME_KNOWN
31,raw_q47_NOT_MENTIONED
32,raw_q47_NOT_DISCUSSED
33,raw_q41_NATURE_GRAVITY_DURATION_INTENT_NEGLIGENCE_DATA_CATEGORIES_AFFECTED_OTHER_CIRCUMSTANCES
34,raw_q47_IMMEDIATE_CESSATION_STAFF_TRAINING_POLICY_CHANGES_COMPENSATION_TO_SUBJECTS
35,raw_q41_NATURE_GRAVITY_DURATION_INTENT_NEGLIGENCE_MITIGATION_ACTIONS_1
36,raw_q41_NATURE_GRAVITY_DURATION_INTENT_NEGLIGENCE_MITIGATION_ACTIONS_COOPERATION_WITH_AUTHORITY_PREVIOUS_INFRINGEMENTS
37,raw_q41_NATURE_GRAVITY_DURATION_INTENT_NEGLIGENCE_PREVIOUS_INFRINGEMENTS
38,raw_q47_NOT_APPLICABLE
39,raw_q47_NONE_MENTIONED
40,raw_q41_NATURE_GRAVITY_DURATION_INTENT_NEGLIGENCE_PREVIOUS_INFRINGEMENTS_MANNER_BECAME_KNOWN_DATA_CATEGORIES_AFFECTED
41,raw_q41_NATURE_GRAVITY_DURATION_INTENT_NEGLIGENCE_TECHNICAL_ORGANIZATIONAL_MEASURES_1
42,raw_q41_NATURE_GRAVITY_DURATION_INTENT_NEGLIGENCE_MITIGATION_ACTIONS_COOPERATION_WITH_AUTHORITY_1
43,raw_q42_MITIGATION_ACTIONS_COOPERATION_WITH_AUTHORITY_PREVIOUS_INFRINGEMENTS
44,raw_q42_COOPERATION_WITH_AUTHORITY
45,raw_q42_NOT_MENTIONED
46,raw_q42_PREVIOUS_INFRINGEMENTS
47,raw_q42_PREVIOUS_INFRINGEMENTS_OTHER_CIRCUMSTANCES
48,raw_q42_PREVIOUS_INFRINGEMENTS_COOPERATION_WITH_AUTHORITY
49,raw_q47_IMMEDIATE_CESSATION_STAFF_TRAINING_EXTERNAL_AUDIT
50,raw_q43_MISSING
51,raw_q47_IMMEDIATE_CESSATION_STAFF_TRAINING_1
52,raw_q43_YES_BOTH_TYPES
53,raw_q47_IMMEDIATE_CESSATION_POLICY_CHANGES_STAFF_TRAINING
54,raw_q47_IMMEDIATE_CESSATION_POLICY_CHANGES_DPO_APPOINTMENT
55,raw_q44_MISSING
56,raw_q47_IMMEDIATE_CESSATION_POLICY_CHANGES_1
57,raw_q47_IMMEDIATE_CESSATION_DATA_DELETION_ORDER_1
58,raw_q47_IMMEDIATE_CESSATION_SYSTEM_UPGRADES_STAFF_TRAINING
59,raw_q47_IMMEDIATE_CESSATION_SYSTEM_UPGRADES_POLICY_CHANGES_STAFF_TRAINING_EXTERNAL_AUDIT
60,raw_q44_YES_MENTIONED_UNQUANTIFIED
61,raw_q46_EMPLOYEES
62,raw_q47_IMMEDIATE_CESSATION_SYSTEM_UPGRADES_POLICY_CHANGES_STAFF_TRAINING_DPO_APPOINTMENT
63,raw_q46_CHILDREN_FINANCIALLY_VULNERABLE
64,raw_q45_MISSING
65,raw_q47_IMMEDIATE_CESSATION_SYSTEM_UPGRADES_POLICY_CHANGES
66,raw_q46_ELDERLY_PATIENTS
67,raw_q45_PARTIAL_COOPERATION
68,raw_q46_CHILDREN
69,raw_q47_IMMEDIATE_CESSATION_SYSTEM_UPGRADES
70,raw_q41_NATURE_GRAVITY_DURATION_CATEGORIES_OF_DATA_AFFECTED
71,raw_q42_OTHER_CIRCUMSTANCES
72,raw_q42_NOT_DISCUSSED
73,raw_q42_COOPERATION_WITH_AUTHORITY_MITIGATION_ACTIONS
74,raw_q46_CHILDREN_PATIENTS_1
75,raw_q42_COOPERATION_WITH_AUTHORITY_MITIGATION_ACTIONS_1
76,raw_q42_INTENT_NEGLIGENCE_TECHNICAL_ORGANIZATIONAL_MEASURES
77,raw_q42_MISSING
78,raw_q42_MITIGATION_ACTIONS
79,raw_q47_IMMEDIATE_CESSATION_SECURITY_IMPROVEMENTS
80,raw_q47_IMMEDIATE_CESSATION_SYSTEM_UPGRADES_POLICY_CHANGES_STAFF_TRAINING_EXTERNAL_AUDIT_1
81,raw_q47_IMMEDIATE_CESSATION_SYSTEM_UPGRADES_POLICY_CHANGES_STAFF_TRAINING_DPO_APPOINTMENT_1
82,raw_q42_MITIGATION_ACTIONS_COOPERATION_WITH_AUTHORITY
83,raw_q46_CHILDREN_PATIENTS
84,raw_q47_IMMEDIATE_CESSATION_SYSTEM_UPGRADES_POLICY_CHANGES_STAFF_TRAINING
85,raw_q42_MITIGATION_ACTIONS_PREVIOUS_INFRINGEMENTS_COOPERATION_WITH_AUTHORITY
86,raw_q42_NATURE_GRAVITY_DURATION
87,raw_q47_IMMEDIATE_CESSATION_SYSTEM_UPGRADES_POLICY_CHANGES_1
88,raw_q47_IMMEDIATE_CESSATION_SYSTEM_UPGRADES_LEGAL_ADVICE
89,raw_q47_IMMEDIATE_CESSATION_SYSTEM_UPGRADES_1
90,raw_q46_MISSING
91,raw_q42_NATURE_GRAVITY_DURATION_MITIGATION_ACTIONS_COOPERATION_WITH_AUTHORITY_OTHER_CIRCUMSTANCES
92,raw_q42_NATURE_GRAVITY_DURATION_MITIGATION_ACTIONS_INTENT_NEGLIGENCE
93,raw_q42_NATURE_GRAVITY_DURATION_COOPERATION_WITH_AUTHORITY
94,raw_q42_NATURE_GRAVITY_DURATION_COOPERATION_WITH_AUTHORITY_OTHER_CIRCUMSTANCES
95,raw_q46_FINANCIALLY_VULNERABLE
96,raw_q42_NATURE_GRAVITY_DURATION_INTENT_NEGLIGENCE_MITIGATION_ACTIONS
97,raw_q42_NATURE_GRAVITY_DURATION_MITIGATION_ACTIONS_COOPERATION_WITH_AUTHORITY
98,raw_q42_NONE
99,raw_q42_NONE_DISCUSSED
100,raw_q42_MITIGATION_ACTIONS_COOPERATION_WITH_AUTHORITY_PREVIOUS_INFRINGEMENTS_1
101,ingest_line_count
102,raw_q41_NATURE_GRAVITY_DURATION_PREVIOUS_INFRINGEMENTS_DATA_CATEGORIES_AFFECTED
103,raw_q37_90000
104,raw_q37_NUMBER_10000
105,raw_q37_NUMBER_0
106,raw_q37_NUMBER
107,raw_q37_NOT_DISCUSSED
108,raw_q37_MISSING
109,raw_q37_98000
110,raw_q37_9000
111,raw_q37_NUMBER_1500
112,raw_q37_900
113,raw_q37_8150000
114,raw_q37_80000
115,raw_q37_8000
116,raw_q37_7500000
117,raw_q37_75000
118,raw_q37_NUMBER_12000
119,raw_q37_NUMBER_20000
120,raw_q37_70000
121,raw_q37_NUMBER_500
122,raw_q37_NUMBER_70000
123,raw_q37_NUMBER_6255
124,raw_q37_NUMBER_6000
125,raw_q37_NUMBER_56000
126,raw_q37_NUMBER_50000
127,raw_q37_NUMBER_5000
128,raw_q37_NUMBER_480
129,raw_q37_NUMBER_24000
130,raw_q37_NUMBER_4000
131,raw_q37_NUMBER_360000
132,raw_q37_NUMBER_300000
133,raw_q37_NUMBER_3000
134,raw_q37_NUMBER_300
135,raw_q37_NUMBER_240000
136,raw_q37_72000
137,raw_q37_7000
138,raw_q41_NATURE_GRAVITY_DURATION_PREVIOUS_INFRINGEMENTS
139,raw_q37_25000
140,raw_q37_350000
141,raw_q37_300000
142,raw_q37_30000
143,raw_q37_3000
144,raw_q37_300
145,raw_q37_250000
146,raw_q37_2500
147,raw_q37_35000000
148,raw_q37_24000
149,raw_q37_2400
150,raw_q37_2310000
151,raw_q37_2100000
152,raw_q37_2000000
153,raw_q37_200000
154,raw_q37_3500000
155,raw_q37_4000
156,raw_q37_6000000
157,raw_q37_50000
158,raw_q37_600000
159,raw_q37_60000
160,raw_q37_6000
161,raw_q37_600
162,raw_q37_55000
163,raw_q37_500000
164,raw_q37_5000
165,raw_q37_40000
166,raw_q37_500
167,raw_q37_48000
168,raw_q37_460000
169,raw_q37_45000
170,raw_q37_42000
171,raw_q37_4000000
172,raw_q37_NUMBER_75000
173,raw_q37_NUMBER_8000
174,raw_q37_NUMBER_900
175,raw_q39_MISSING
176,raw_q41_COOPERATION_WITH_AUTHORITY
177,raw_q40_ONGOING
178,raw_q40_NOT_DISCUSSED
179,raw_q40_MISSING
180,raw_q40_DAYS
181,raw_q39_NOT_DISCUSSED
182,raw_q38_NUMBER_null_2
183,raw_q41_INTENT_NEGLIGENCE
184,raw_q38_NUMBER_null_1
185,raw_q38_NUMBER_66551000
186,raw_q38_NUMBER_564590423
187,raw_q38_NUMBER_16154950
188,raw_q38_NUMBER_1450000000
189,raw_q38_NUMBER_11181007
190,raw_q41_DATA_CATEGORIES_AFFECTED
191,raw_q41_INTENT_NEGLIGENCE_OTHER_CIRCUMSTANCES
192,raw_q37_NUMBER_96000
193,raw_q41_NATURE_GRAVITY_DURATION_INTENT_NEGLIGENCE
194,raw_q41_NATURE_GRAVITY_DURATION_INTENT_NEGLIGENCE_TECHNICAL_ORGANIZATIONAL_MEASURES_PREVIOUS_INFRINGEMENTS_DATA_CATEGORIES_AFFECTED_MANNER_BECAME_KNOWN_OTHER_CIRCUMSTANCES
195,raw_q41_NATURE_GRAVITY_DURATION_INTENT_NEGLIGENCE_TECHNICAL_ORGANIZATIONAL_MEASURES
196,raw_q41_NATURE_GRAVITY_DURATION_INTENT_NEGLIGENCE_OTHER_CIRCUMSTANCES
197,raw_q41_NATURE_GRAVITY_DURATION_INTENT_NEGLIGENCE_MITIGATION_ACTIONS_COOPERATION_WITH_AUTHORITY
198,raw_q41_NATURE_GRAVITY_DURATION_INTENT_NEGLIGENCE_MITIGATION_ACTIONS
199,raw_q41_NATURE_GRAVITY_DURATION_INTENT_NEGLIGENCE_DATA_CATEGORIES_AFFECTED
200,raw_q41_NATURE_GRAVITY_DURATION_DATA_CATEGORIES_AFFECTED
201,raw_q41_INTENT_NEGLIGENCE_DATA_CATEGORIES_AFFECTED
202,raw_q41_MISSING
203,raw_q41_INTENT_NEGLIGENCE_PREVIOUS_INFRINGEMENTS
204,raw_q41_INTENT_NEGLIGENCE_OTHER_CIRCUMSTANCES_1
205,raw_q41_INTENT_NEGLIGENCE_MITIGATION_ACTIONS_TECHNICAL_ORGANIZATIONAL_MEASURES
206,raw_q41_INTENT_NEGLIGENCE_MANNER_BECAME_KNOWN
207,raw_q41_INTENT_NEGLIGENCE_DATA_CATEGORIES_AFFECTED_OTHER_CIRCUMSTANCES
208,raw_q38_NUMBER
209,raw_q38_NOT_MENTIONED
210,raw_q38_NOT_DISCUSSED
211,raw_q38_1310563000
212,raw_q38_2177703000
213,raw_q38_2035000000
214,raw_q38_168251493
215,raw_q38_1600000000
216,raw_q38_1451967
217,raw_q38_1428000000
218,raw_q38_1091000000
219,raw_q47_POLICY_CHANGES_STAFF_TRAINING_EXTERNAL_AUDIT
220,raw_q38_107746223
221,raw_q38_102912000
222,raw_q38_10093659000
223,raw_q38_0
224,raw_q37_NUMBER_0_1
225,raw_q37_NUMBER_75000_1
226,raw_q38_2367061000
227,raw_q38_237000000
228,raw_q38_247757
229,raw_q38_2928817000
230,raw_q38_3000001
231,raw_q38_34816282
232,raw_q38_400000000
233,raw_q38_461000000
234,raw_q38_49848815
235,raw_q38_4992744
236,raw_q38_51631296
237,raw_q38_5201368
238,raw_q38_54000000000
239,raw_q38_64855216
240,raw_q38_698710610
241,raw_q38_902440
242,raw_q38_95578126
243,raw_q47_POLICY_CHANGES_STAFF_TRAINING
244,raw_q52_Fine_for_transparency_violation_2M_EUR_considers_severity_duration_negligence_high_data_volume_and_business_link_fine_for_legality_violation_4M_EUR_factors_in_nature_scope_responsibility_benefits_and_damages_total_6M_EUR_below_caps_no_mitigations_sufficient
245,raw_q47_POLICY_CHANGES_DPO_APPOINTMENT
246,raw_q52_No_fine_imposed_due_to_defendant_being_public_sector_body_only_warnings_and_compliance_order_issued
247,raw_q52_No_fine_imposed_due_to_mitigating_factors_serious_post_Schrems_II_analysis_extensive_measures_taken_IP_truncation_cookie_hashing_and_cooperation_Violation_deemed_serious_but_gap_in_legal_clarity_considered
248,raw_q52_No_fine_imposed_due_to_mitigating_factors_including_COVID_19_impact_and_remedial_steps_taken_reprimand_issued_with_compliance_order_requiring_improvement_within_six_months
249,raw_q52_No_fine_imposed_due_to_minor_violation_mitigating_factors_including_cooperation_and_remedial_actions_and_violations_occurring_far_back_in_time
250,raw_q52_No_fine_imposed_due_to_minor_nature_of_infringement_lack_of_recidivism_and_defendant_s_cooperation_warning_issued_instead_with_compliance_order_to_rectify_consent_mechanisms
251,raw_q52_No_fine_imposed_due_to_minor_infringement_affecting_one_person_occurred_far_back_in_time_human_error_factor_no_prior_infringements_and_remedial_actions_taken_reprimand_issued_instead
252,raw_q52_No_fine_imposed_due_to_minor_infringement_affecting_one_person_with_non_sensitive_data_no_prior_infringements_and_defendant_improved_information_and_cooperated
253,raw_q52_No_fine_imposed_due_to_defendant_being_a_minor_a_warning_was_issued_instead_considering_the_disproportionate_burden_a_fine_would_impose_along_with_an_order_to_cease_processing_without_legal_basis
254,raw_q52_Initial_proposed_fine_of_2000_reduced_by_40_to_1200_due_to_voluntary_payment_and_acknowledgment_of_liability_Fine_calculated_based_on_violation_of_Article_13_GDPR
255,raw_q52_No_fine_imposed_due_to_Spanish_law_prohibiting_fines_for_public_entities_violations_addressed_through_warnings_and_corrective_orders_including_risk_analysis_impact_assessment_and_compliance_audit_within_six_months
256,raw_q52_No_fine_imposed_as_this_is_a_non_binding_opinion_not_an_enforcement_decision
257,raw_q52_No_fine_imposed_as_no_GDPR_violation_was_found_case_archived_due_to_household_exemption_applicability
258,raw_q52_NOT_MENTIONED
259,raw_q52_NOT_DISCUSSED
260,raw_q52_MISSING
261,raw_q52_No_fine_imposed_due_to_public_sector_body_status_only_a_warning_issued_under_Article_77_2_LOPDGDD_considering_the_infringement_and_subsequent_corrective_measures_taken
262,raw_q52_No_fine_imposed_due_to_public_sector_status_under_Article_83_7_GDPR_and_LOPDGDD_Article_77_resulting_in_a_warning_instead_Sanction_graded_as_serious_infringement_under_LOPDGDD_Article_73_v_for_failing_to_appoint_DPO_Requirement_to_appoint_DPO_within_one_month
263,raw_q52_No_fine_imposed_due_to_public_sector_status_warning_issued_instead_Corrective_measures_ordered_to_implement_technical_organizational_measures_ensuring_confidentiality_including_using_internal_notice_boards_and_restricting_website_access_to_interested_parties_only
264,raw_q52_No_fine_imposed_due_to_qualified_decrease_in_guilt_under_Article_45_5_LOPD_Factors_included_absence_of_recidivism_no_damage_documented_and_lack_of_connection_between_defendant_s_activity_and_data_processing_A_warning_and_compliance_order_were_issued_instead
265,raw_q52_No_fine_imposed_due_to_remedial_actions_taken_MFA_implementation_contract_reviews_system_upgrades_and_consideration_of_breach_circumstances_though_security_failures_were_significant_aggravating_factors
266,raw_q52_No_fine_imposed_DPA_considered_defendant_s_cooperation_mitigation_efforts_and_external_factors_beyond_defendant_s_control_META_s_non_response_as_mitigating_factors_Violation_was_ongoing_but_partially_addressed
267,raw_q52_No_fine_imposed_a_reprimand_was_issued_due_to_the_public_sector_status_of_the_defendant_with_a_compliance_order_to_implement_information_legends_within_one_month
268,raw_q52_No_fine_imposed_a_warning_was_issued_instead_due_to_the_minor_nature_of_the_infringement_immediate_remedial_actions_taken_full_cooperation_and_no_prior_infringements_considering_it_a_slight_violation_under_Article_83_2_GDPR
269,raw_q52_No_fine_imposed_case_archived_due_to_lack_of_evidence_of_infringement_after_RAE_ceased_data_processing
270,raw_q52_No_fine_imposed_case_closed_without_action_due_to_oversight_reason_and_remedial_measures_taken
271,raw_q52_No_fine_imposed_case_filed_as_no_infringing_party_identified_and_content_removed
272,raw_q52_No_fine_imposed_case_filed_due_to_inability_to_identify_defendant_through_tax_identification_preventing_sanctioning_actions_despite_potential_infringements
273,raw_q52_No_fine_imposed_case_resolved_through_administrative_procedure_without_penalty_due_to_lack_of_response_and_cooperation_from_defendant
274,raw_q52_No_fine_imposed_corrective_measures_focused_on_compliance_orders_rather_than_financial_penalties_due_to_the_nature_of_the_violation_and_procedural_context
275,raw_q52_No_fine_imposed_only_a_warning_and_compliance_order_issued_for_failure_to_provide_adequate_privacy_policy_information_under_Article_13_GDPR
276,raw_q52_No_fine_imposed_only_corrective_measures_ordered
277,raw_q52_No_fine_imposed_only_reprimand_and_compliance_order_due_to_violation_of_consent_requirements_under_Article_7_GDPR
278,raw_q52_Initial_proposed_fine_was_10_000_for_Article_5_1_f_violation_Reduced_by_20_to_8_000_for_voluntary_payment_and_further_20_to_6_000_for_recognition_of_responsibility_No_fine_for_Article_32_violation_only_warning
279,raw_q52_Initial_proposed_fine_of_2000_reduced_by_20_for_voluntary_payment_and_another_20_for_acknowledgment_of_responsibility_resulting_in_1200_final_fine_aggravating_factors_included_nature_gravity_and_negligence_mitigating_factors_included_cooperation_and_corrective_actions
280,raw_q52_No_fine_imposed_provisional_measures_ordered_to_suspend_processing_due_to_imminent_GDPR_violations_and_risks_to_data_subjects_rights
281,raw_q52_Fines_were_imposed_for_violations_of_Articles_6_17_and_28_GDPR_totaling_300_000_The_violations_were_considered_negligent_and_continuous_with_aggravating_factors_including_the_nature_and_duration_of_the_infringements_and_the_defendant_s_professional_activity_involving_personal_data_processing
282,raw_q52_Initial_fine_of_3000_reduced_by_40_to_1800_due_to_voluntary_payment_and_acknowledgment_of_responsibility_under_Article_85_LPACAP
283,raw_q52_Initial_fine_of_200_000_reduced_by_40_to_120_000_due_to_voluntary_payment_and_acknowledgment_of_liability_aggravating_factors_included_severity_of_identity_forgery_and_previous_infringements_while_mitigation_included_cooperation_and_remedial_actions
284,raw_q52_Initial_fine_of_1000_reduced_by_20_for_responsibility_recognition_and_another_20_for_voluntary_payment_resulting_in_600_Cooperation_and_acknowledgment_considered_mitigating
285,raw_q52_Initial_fine_of_100_000_reduced_by_40_to_60_000_due_to_acknowledgment_of_liability_and_voluntary_payment_factors_included_nature_of_breach_data_categories_affected_and_cooperation
286,raw_q52_Infringements_deemed_minor_reprimand_issued_instead_of_fine_due_to_improvements_made_cooperation_and_no_previous_infringements
287,raw_q52_Fines_were_set_at_50_000_for_Article_5_1_f_violation_and_20_000_for_Article_32_1_violation_considering_the_gravity_negligence_and_the_defendant_s_large_scale_No_reductions_applied_due_to_late_responsibility_recognition
288,raw_q52_Fines_were_imposed_for_specific_violations_of_Articles_12_and_15_totaling_11_000_EUR_with_corrective_measures_ordered_to_ensure_compliance_with_data_subject_access_rights
289,raw_q52_Initial_fines_set_at_50_000_for_Article_5_1_f_violation_and_30_000_for_Article_32_violation_totaling_80_000_Reduced_by_20_for_voluntary_payment_and_20_for_acknowledgment_of_responsibility_resulting_in_a_final_fine_of_48_000_Aggravating_factors_included_nature_gravity_duration_and_lack_of_adequate_measures_mitigating_factors_included_cooperation_and_remediation
290,raw_q52_Fines_were_calculated_based_on_negligence_entity_size_and_link_to_data_processing_activities_with_aggravating_factors_outweighing_mitigating_ones
291,raw_q52_Fines_set_at_1_000_for_Article_5_1_c_violation_and_500_for_Article_13_violation_based_on_aggravating_factors_including_nature_of_offense_negligence_lack_of_cooperation_and_prior_warnings_with_total_fine_of_1_500_being_proportionate_and_dissuasive
292,raw_q52_Fines_imposed_for_violations_of_accuracy_security_and_erasure_obligations_aggravating_factors_included_nature_and_negligence_while_mitigation_included_cooperation_and_remedial_actions
293,raw_q52_Fines_imposed_for_violations_of_Articles_6_5000_and_13_4000_GDPR_totaling_9000_Aggravating_factors_included_nature_of_violation_and_basic_personal_identifiers_affected
294,raw_q52_Fines_imposed_for_violations_of_Articles_5_1_a_and_f_and_6_1_a_totaling_150_EUR_based_on_the_gravity_and_unauthorized_disclosure_affecting_383_persons
295,raw_q52_Fines_imposed_for_violations_of_Article_9_10_000_and_Article_13_7_000_GDPR_Aggravating_factor_considered_was_nature_gravity_and_duration_of_infringement_No_mitigating_factors_applied
296,raw_q52_Initial_fine_of_4000_proposed_for_GDPR_and_LSSI_violations_Reduced_by_20_for_voluntary_payment_and_20_for_recognition_of_responsibility_resulting_in_2400_Aggravating_factors_included_nature_of_data_and_complaint_initiation
297,raw_q52_Initial_fine_of_5_000_was_reduced_by_20_for_voluntary_payment_and_another_20_for_acknowledgment_of_responsibility_resulting_in_3_000_aggravating_factors_included_negligence_duration_and_data_categories_while_mitigation_included_cooperation_and_remedial_actions
298,raw_q52_Initial_fine_of_50_000_reduced_to_40_000_due_to_voluntary_payment_Aggravating_factor_negligence_in_identity_verification_Mitigating_factor_immediate_cancellation_of_services_and_debt_payment
299,raw_q52_Initial_fine_proposed_at_50_000_reduced_to_30_000_due_to_acknowledgment_of_responsibility_and_voluntary_payment_Aggravating_factors_negligent_action_affecting_basic_identifiers_Mitigating_cooperation_and_remedial_measures
300,raw_q52_Initial_fine_proposed_was_10_000_reduced_to_6_000_due_to_recognition_of_responsibility_and_voluntary_payment_Aggravating_factors_included_negligence_mitigating_factors_included_cooperation_and_data_deletion
301,raw_q52_Initial_fine_proposed_was_10_000_reduced_to_6_000_due_to_voluntary_payment_and_acknowledgment_of_responsibility_aggravating_factor_was_serious_lack_of_diligence_mitigating_factors_included_local_scope_and_non_significant_harm
302,raw_q52_Initial_fine_proposed_was_2000_for_Article_6_violation_Defendant_paid_1600_voluntarily_with_20_reduction_under_LPACAP_Article_85_terminating_procedure_without_admission_of_responsibility
303,raw_q52_Initial_fine_set_at_100_000_for_Article_5_1_d_violation_reduced_to_80_000_for_voluntary_payment_and_further_to_60_000_for_acknowledgment_of_responsibility_applying_cumulative_20_reductions_per_Spanish_administrative_procedure_law
304,raw_q52_Initial_fine_set_at_100_000_reduced_to_60_000_due_to_acknowledgment_of_liability_and_voluntary_payment_considered_serious_due_to_scope_and_negligence_but_mitigated_by_cooperation_and_immediate_correction
305,raw_q52_Initial_fine_set_at_100_000_reduced_to_80_000_due_to_voluntary_payment_Aggravated_by_previous_infringements_mitigated_by_effective_incident_resolution
306,raw_q52_Initial_fine_set_at_2_000_for_deliberate_use_of_another_s_image_for_deception_reduced_to_1_200_due_to_voluntary_payment_and_recognition_of_responsibility_applying_cumulative_20_reductions
307,raw_q52_Initial_fine_set_at_200_000_for_violation_of_Article_6_1_GDPR_considering_nature_duration_previous_infringements_and_link_to_data_processing_activities_Reduced_to_120_000_due_to_voluntary_payment_and_recognition_of_responsibility
308,raw_q52_Initial_fine_set_at_40_000_for_lack_of_diligence_in_verifying_identity_reduced_to_24_000_due_to_voluntary_payment_and_acknowledgment_of_responsibility_within_hearing_period
309,raw_q52_Initial_fine_set_at_5_000_considering_basic_identifiers_affected_as_aggravating_factor_Reduced_to_4_000_due_to_voluntary_payment_though_defendant_did_not_acknowledge_responsibility_Cooperation_in_remedying_violation_was_noted_as_mitigating
310,raw_q52_Initial_fine_set_at_75_000_for_Article_6_violation_reduced_to_60_000_for_acknowledgment_of_responsibility_and_further_to_45_000_for_voluntary_payment_aggravating_factors_included_negligence_and_basic_personal_data_affected_mitigating_factors_included_cooperation_and_remedial_measures
311,raw_q52_Initial_fine_30_000_reduced_to_18_000_due_to_voluntary_payment_and_acknowledgment_of_responsibility_Aggravated_by_negligence_and_basic_data_categories_mitigated_by_cooperation
312,raw_q52_Initial_fines_of_3000_for_Article_5_1_c_and_2000_for_Article_13_were_reduced_to_3000_total_due_to_recognition_of_responsibility_and_voluntary_payment_Aggravating_factors_included_sensitive_data_categories_mitigating_factors_included_cooperation_and_remedial_actions
313,raw_q52_No_fine_imposed_only_warning_and_corrective_measures_due_to_lack_of_legal_basis_for_body_camera_data_processing_with_order_to_cease_processing_and_delete_collected_data
314,raw_q52_No_fine_imposed_reprimand_issued_due_to_failure_to_conduct_DPIA_and_invalid_consent_with_mitigating_factors_including_remedial_actions_taken
315,raw_q47_POLICY_CHANGES_STAFF_TRAINING_1
316,raw_q52_No_fine_was_imposed_a_warning_was_issued_under_Article_77_LOPDGDD_due_to_the_defendant_being_a_public_sector_body_with_mitigating_factors_including_immediate_cessation_data_deletion_and_cooperation
317,raw_q52_No_fine_was_imposed_the_decision_focused_on_corrective_measures_requiring_the_defendant_to_establish_joint_controller_agreements_within_60_days_to_ensure_compliance_with_GDPR_accountability_and_transparency_obligations
318,raw_q52_No_fine_was_imposed_only_a_warning_and_compliance_order_were_issued_for_the_violation_of_Article_5_1_f_GDPR
319,raw_q52_No_fine_was_imposed_only_a_warning_and_compliance_order_were_issued_for_LSSI_cookie_violations_considering_the_defendant_was_a_natural_person
320,raw_q52_No_fine_was_imposed_only_a_reprimand_was_issued_as_corrective_measures_had_already_been_implemented_by_the_defendant_upon_learning_of_the_procedure
321,raw_q52_No_fine_was_imposed_corrective_measures_were_ordered_to_cease_biometric_processing_and_implement_an_alternative_system_with_compliance_required_within_two_months
322,raw_q52_No_fine_was_imposed_corrective_measures_were_ordered_to_adjust_camera_angles_to_limit_recording_to_necessary_areas_only_based_on_violations_of_data_minimization_and_purpose_limitation_principles_without_aggravating_financial_factors_discussed
323,raw_q52_No_fine_was_imposed_a_reprimand_was_issued_instead_due_to_the_minor_nature_of_the_infringement_involving_delayed_response_to_an_access_request
324,raw_q52_No_fine_was_imposed_as_this_is_an_advisory_opinion_on_a_proposed_data_processing_activity_not_an_enforcement_decision
325,raw_q52_No_fine_was_imposed_a_reprimand_was_issued_due_to_the_security_breach_caused_by_a_technical_failure_with_mitigating_actions_taken_by_the_defendant
326,raw_q52_No_fine_was_imposed_a_reprimand_was_issued_due_to_the_nature_of_the_breach_mitigating_factors_including_cooperation_and_remedial_actions_and_the_lack_of_documented_harm_to_data_subjects
327,raw_q52_No_fine_was_imposed_due_to_the_public_sector_status_of_the_defendant_corrective_measures_were_ordered_instead_considering_the_nature_of_the_violations_and_the_defendant_s_cooperation_and_mitigation_actions
328,raw_q52_No_fine_was_imposed_due_to_KRY_s_cooperation_mitigation_efforts_and_the_DPA_s_assessment_that_an_order_for_compliance_was_proportionate_aggravating_factors_included_the_nature_of_violations_and_sensitive_data_while_mitigating_factors_included_KRY_s_actions_to_improve
329,raw_q52_No_fine_was_imposed_as_this_was_an_inspection_supervision_procedure_focused_on_corrective_measures_rather_than_sanctions_The_decision_emphasized_ensuring_compliance_with_GDPR_security_and_minimisation_principles_through_rectification_Separate_misdemeanor_proceedings_handle_any_sanctions
330,raw_q52_No_fine_was_imposed_as_this_was_an_advisory_opinion_on_legal_compliance_rather_than_an_enforcement_action_against_specific_violations
331,raw_q52_No_fine_was_imposed_the_procedure_was_archived_as_no_violation_of_LSSI_Article_22_2_was_found_after_verification_that_cookies_were_technical_and_necessary_and_the_website_complied_with_regulations
332,raw_q52_No_fine_was_imposed_the_resolution_focused_on_compliance_orders_requiring_Google_to_delist_specific_URLs_from_search_results_where_personal_data_was_no_longer_relevant_or_publicly_available
333,raw_q52_No_fine_was_imposed_the_resolution_focused_on_compliance_orders_to_address_the_erasure_request_properly_within_ten_business_days
334,raw_q52_No_fine_was_imposed_the_resolution_focused_on_ordering_compliance_with_the_access_request_within_10_working_days_emphasizing_corrective_measures_rather_than_financial_penalties
335,raw_q52_No_fine_was_imposed_the_resolution_focused_on_ordering_compliance_with_the_access_request_within_ten_business_days_emphasizing_restoration_of_rights_rather_than_punitive_measures
336,raw_q52_No_fine_was_imposed_the_resolution_focused_on_ordering_compliance_with_the_data_subject_s_access_request_within_ten_days
337,raw_q52_No_monetary_fine_imposed_due_to_public_sector_status_under_LOPDGDD_Article_77_only_warning_issued_Violation_duration_from_GDPR_applicability_in_2018_Mitigating_factors_include_contracting_external_service_in_2020_but_DPO_not_appointed_or_notified
338,raw_q52_Penalty_based_on_serious_contravention_of_PECR_sending_752_425_unsolicited_marketing_texts_without_valid_consent_over_6_months_targeting_vulnerable_individuals_with_no_significant_mitigation
339,raw_q52_Proposed_fine_of_3000_EUR_for_LSSI_Article_22_2_violation_reduced_by_20_for_liability_acknowledgment_and_another_20_for_voluntary_payment_resulting_in_1800_EUR_paid_Factors_considered_include_intentionality_and_duration_since_October_2019_complaint_Procedure_terminated_upon_payment
340,raw_q52_STRING
341,raw_q52_STRING_Fine_imposed_for_sending_28_5_million_unsolicited_marketing_messages_without_valid_consent_Amount_reflects_scale_and_nature_of_infringement
342,raw_q52_STRING_No_fine_imposed_due_to_minor_violation_nature_Factors_considered_immediate_remediation_limited_scope_1372_customers_unintentional_error_during_GDPR_implementation_no_serious_consequences_to_data_subjects
343,raw_q52_The_DPA_imposed_warnings_instead_of_fines_due_to_the_defendant_being_a_public_sector_body_under_Spanish_law_considering_the_violations_of_Articles_5_1_f_25_32_and_33_GDPR_with_aggravating_factors_including_negligence_and_mitigating_factors_including_post_incident_security_improvements
344,raw_q52_The_DPA_issued_a_warning_instead_of_a_fine_due_to_the_unintentional_and_negligent_nature_of_the_breach_the_defendant_s_eventual_cooperation_and_mitigating_circumstances_like_illness_and_COVID_19_considering_it_sufficient_and_proportionate
345,raw_q52_The_decision_did_not_impose_a_fine_it_resolved_jurisdictional_issues_by_identifying_BayLDA_as_the_lead_supervisory_authority_and_referring_the_case
346,raw_q52_The_fine_for_Article_6_violation_is_set_at_3_000_EUR_considering_local_scope_number_of_affected_individuals_lack_of_preventive_measures_negligence_no_prior_sanctions_and_defendant_s_status_as_a_natural_person_Factors_under_Article_83_2_are_weighed_for_proportionality_No_fine_for_Article_13_due_to_potential_disproportionality_given_the_other_sanction
347,raw_q52_The_fine_of_2_000_EUR_was_imposed_for_violating_Article_32_and_Article_5_1_f_due_to_a_data_breach_affecting_1_300_users_No_detailed_calculation_reasoning_provided_beyond_the_violation_facts
348,raw_q52_No_fine_was_imposed_as_this_is_an_advisory_opinion_without_enforcement_actions_or_violations_found
349,raw_q52_No_fine_was_imposed_as_this_is_a_non_binding_opinion_not_an_enforcement_decision
350,raw_q52_No_fine_imposed_resolution_focuses_on_compliance_order_requiring_defendant_to_respond_to_access_request_within_10_business_days_with_potential_penalties_for_non_compliance_under_Article_72_1_m_LOPDGDD
351,raw_q52_No_fine_was_imposed_as_the_DPA_found_no_GDPR_violations_and_closed_the_case_determining_the_claimant_s_request_was_abusive_and_excessive
352,raw_q52_No_fine_was_imposed_as_the_appeal_overturned_the_resolution_due_to_insufficient_evidence_of_the_defendant_s_involvement_in_the_alleged_data_processing_violation
353,raw_q52_No_fine_was_imposed_as_the_DPA_found_the_processing_compliant_with_data_protection_regulations_after_the_defendant_conducted_a_required_impact_assessment_and_implemented_appropriate_measures
354,raw_q52_No_fine_was_imposed_as_the_DPA_found_no_violation_of_GDPR_Article_6_concluding_the_defendant_was_legitimized_to_process_data_based_on_contract_execution_for_the_vehicle_purchase
355,raw_q52_No_fine_was_imposed_as_the_DPA_found_no_violation_and_closed_the_case_without_further_action
356,raw_q52_No_fine_was_imposed_as_the_DPA_found_no_infringement_of_GDPR_regulations
357,raw_q52_No_fine_was_imposed_as_the_DPA_found_no_infringement_of_Article_13_GDPR_concluding_the_defendant_had_provided_sufficient_information_and_complied_with_transparency_obligations_regarding_the_biometric_data_processing_for_access_control
358,raw_q52_No_fine_was_imposed_as_no_infringement_was_found_the_case_was_filed_due_to_lack_of_evidence_of_GDPR_violation
359,raw_q52_No_fine_was_imposed_as_this_is_a_non_binding_opinion_response_to_a_query_not_an_enforcement_decision
360,raw_q52_No_fine_was_imposed_as_no_infringement_was_found_the_case_was_archived_due_to_lack_of_evidence
361,raw_q52_No_fine_was_imposed_as_no_infringement_was_found_the_case_was_archived_due_to_lack_of_evidence_of_violations
362,raw_q52_No_fine_was_imposed_as_no_infringement_was_found_the_camera_installation_was_deemed_compliant_with_data_protection_principles
363,raw_q52_No_fine_imposed_warning_issued_due_to_unintentional_nature_immediate_corrective_actions_no_harm_and_first_time_violation
364,raw_q52_No_fine_imposed_violations_deemed_minor_due_to_affecting_only_two_data_subjects_occurring_in_2020_and_defendant_having_since_implemented_system_upgrades_A_reprimand_was_issued_instead
365,raw_q52_No_fine_imposed_temporary_limitation_ordered_due_to_high_risk_to_fundamental_rights_especially_for_minors_and_vulnerable_individuals_with_irreparable_damage_potential_from_biometric_data_processing_violations
366,raw_q52_No_fine_was_imposed_as_the_case_was_archived_due_to_the_statute_of_limitations_expiring_before_the_initiation_of_the_sanctioning_procedure
367,raw_q52_No_fine_was_imposed_as_the_case_was_archived_with_no_violations_found
368,raw_q52_No_fine_was_imposed_as_the_case_was_dismissed_due_to_the_website_no_longer_existing_and_the_complaint_being_moot_the_decision_upheld_the_prior_archiving_resolution
369,raw_q52_No_fine_was_imposed_as_the_case_was_filed_due_to_proven_lawful_processing_based_on_consent
370,raw_q52_No_fine_was_imposed_as_the_case_was_resolved_amicably_through_deletion_of_the_webpage_before_formal_proceedings_concluded
371,raw_q52_No_fine_was_imposed_as_the_case_was_resolved_formally_Google_LLC_eventually_complied_by_responding_to_the_erasure_request_though_late_restoring_the_data_subject_s_rights_without_further_sanctions
372,raw_q52_No_fine_was_imposed_as_the_case_was_resolved_through_formal_procedures_rather_than_sanctions_The_DPA_considered_the_delayed_but_eventual_compliance_and_restoration_of_data_subject_rights_as_sufficient_remedy
373,raw_q52_No_fine_was_imposed_as_the_claim_was_dismissed_with_no_administrative_responsibilities_found_to_be_purged_in_this_case
374,raw_q52_No_fine_was_imposed_as_the_claim_was_dismissed_the_defendant_complied_with_data_subject_rights_by_responding_to_access_and_deletion_requests_and_providing_reasoned_denial_for_deletion_based_on_valid_debt
375,raw_q52_No_fine_was_imposed_as_the_controller_complied_with_breach_notification_requirements_had_adequate_security_measures_and_took_appropriate_remedial_actions_The_DPA_found_no_GDPR_violations_warranting_a_penalty
376,raw_q52_No_fine_was_imposed_as_the_defendant_complied_during_proceedings_resolving_the_complaint
377,raw_q52_No_fine_was_imposed_as_the_defendant_eventually_complied_with_the_access_request_though_extemporaneously_and_no_additional_actions_were_required
378,raw_q52_No_fine_was_imposed_as_the_defendant_is_a_public_sector_body_instead_a_reprimand_was_issued_Aggravating_factors_included_the_nature_and_duration_of_violations_while_mitigating_factors_included_immediate_cessation_and_cooperation
379,raw_q52_No_fine_was_imposed_as_the_procedure_was_archived_due_to_inability_to_identify_the_responsible_party
380,raw_q52_No_fine_was_imposed_as_the_processing_was_found_lawful_under_national_law_the_opinion_provided_non_binding_clarification_without_enforcement_action
381,raw_q52_No_fine_was_imposed_as_this_is_a_non_binding_advisory_opinion_regarding_lawful_processing_of_employee_sick_leave_data_under_GDPR_Article_6_1_c_and_national_employment_law
382,raw_q52_No_fine_was_imposed_as_this_is_a_non_binding_advisory_opinion_not_an_enforcement_decision
383,raw_q52_Fines_imposed_for_violations_of_Article_5_1_f_50_000_and_Article_32_20_000_aggravated_by_defendant_s_role_in_personal_data_processing_activities
384,raw_q52_Fines_imposed_for_specific_violations_1000_EUR_for_art_17_and_21_3_1000_EUR_for_art_5_1_a_b_warning_for_art_15_1_with_art_12_corrective_measures_for_compliance_and_procedures
385,raw_q52_Fines_imposed_for_multiple_GDPR_violations_3000_EUR_for_unlawful_processing_and_lack_of_transparency_2000_EUR_for_excessive_storage_total_5000_EUR_reflecting_severity_and_negligence
386,raw_q52_A_fine_of_2000_EUR_was_imposed_for_violations_of_Articles_12_and_13_specifically_for_inadequate_information_provision_and_excessive_conditions_for_rights_exercise_with_corrective_measures_ordered_to_ensure_future_compliance
387,raw_q52_Fine_based_on_nature_gravity_duration_intentional_non_compliance_after_DPA_notification_previous_infringements_and_categories_of_data_Amount_reflects_public_sector_cap_under_national_law
388,raw_q52_Fine_based_on_nature_gravity_duration_of_violations_negligence_repeat_offenses_high_turnover_large_scale_of_processing_200M_actions_and_failure_to_implement_adequate_controls_despite_prior_sanctions_Total_fine_8_15M_for_multiple_infringements_under_GDPR_LSSICE_and_LGT
389,raw_q52_Fine_based_on_nature_of_data_criminal_convictions_duration_negligence_and_lack_of_legal_basis_Aggravated_by_data_category_and_number_affected_mitigated_by_cooperation_Amount_set_at_2M_considering_turnover_but_below_caps
390,raw_q52_Fine_based_on_gravity_of_breach_involving_special_category_data_and_harm_caused_mitigated_by_immediate_deletion_action
391,raw_q52_A_warning_was_issued_instead_of_a_fine_due_to_the_defendant_being_an_SME_lack_of_prior_infringements_and_prompt_remedial_actions_to_update_information_practices
392,raw_q52_A_fine_of_600_was_initially_proposed_for_violating_Article_5_1_f_GDPR_The_defendant_paid_480_using_a_voluntary_payment_reduction_terminating_the_procedure_The_fine_was_below_statutory_caps
393,raw_q52_A_fine_of_2000_EUR_was_imposed_for_the_very_serious_infringement_of_Article_5_1_c_GDPR_under_Article_83_5_The_amount_reflects_the_balance_of_circumstances_related_to_the_nature_of_the_violation_involving_excessive_processing_of_personal_data_No_aggravating_or_mitigating_factors_beyond_the_infraction_itself_were_detailed
394,raw_q50_RECTIFICATION_ERASURE_RESTRICTION
395,raw_q52_A_fine_of_2000_EUR_was_imposed_for_security_violations_under_Article_32_considering_the_gravity_of_the_breach_involving_health_data_and_unauthorized_disclosures_with_corrective_measures_ordered_for_compliance
396,raw_q51_SME_CONSIDERATION_APPLIED
397,raw_q51_MISSING
398,raw_q51_FINANCIAL_DISTRESS_NOTED
399,raw_q51_ABILITY_TO_PAY_NOT_AFFECTING
400,raw_q51_ABILITY_TO_PAY_CONSIDERED_REDUCING
401,raw_q52_Fine_based_on_violation_of_Article_6_1_GDPR_with_aggravating_factors_including_scope_of_data_processed_link_to_business_activity_and_continued_nature_of_infringement_no_mitigating_factors_applied
402,raw_q52_Fine_calculated_based_on_nature_gravity_duration_of_infringement_and_negligence_10_000_for_access_violation_5_000_for_erasure_violation_Aggravating_factors_included_high_data_processing_activity_and_lack_of_diligence_mitigating_factor_was_partial_response_to_requests
403,raw_q52_Fine_calculated_based_on_nature_gravity_duration_of_infringement_intentional_conduct_large_volume_of_affected_data_subjects_and_entity_s_size_Aggravating_factors_included_design_of_financial_product_conditioning_consent_on_fee_exemption_while_cooperation_and_remedial_actions_were_mitigating
404,raw_q52_Fine_calculated_based_on_nature_gravity_of_infringements_duration_negligence_previous_infringements_and_cooperation_Article_6_violation_200_000_Article_25_violation_1_000_000_Aggravating_factors_included_systematic_issues_affecting_all_customers
405,raw_q52_Fine_calculated_based_on_negligent_action_duration_of_violation_and_impact_on_data_subject_rights_Two_separate_fines_imposed_for_Article_5_1_d_and_Article_17_violations_totaling_100_000
406,raw_q52_Fine_calculated_based_on_seriousness_of_infringements_high_sensitivity_of_genetic_data_and_number_of_affected_subjects_Adjusted_downward_due_to_defendant_s_financial_distress_and_partial_cooperation_but_increased_for_aggravating_factors_like_delayed_breach_notification
407,raw_q37_2000
408,raw_q52_Fine_imposed_for_Article_32_security_violations_due_to_employee_misconduct_causing_unauthorized_data_access_and_disclosure_over_several_years_considering_the_nature_gravity_and_duration_of_infringements
409,raw_q52_Fine_imposed_for_Article_32_violations_due_to_inadequate_security_measures_considered_aggravating_factors_of_nature_gravity_and_negligence_mitigated_by_cooperation_and_remedial_actions_amount_reflects_proportionality
410,raw_q52_Fine_imposed_for_GDPR_violations_including_unauthorized_data_processing_and_lack_of_legal_basis_Corrective_measure_ordered_for_data_anonymization
411,raw_q52_Fine_imposed_for_breach_of_Article_32_security_obligations_due_to_inadequate_measures_against_cyber_attack_resulting_in_data_deletion_and_unavailability
412,raw_q52_Fine_imposed_for_breach_of_Article_32_security_obligations_due_to_unauthorized_data_transmission_via_WhatsApp_amount_based_on_violation_severity
413,raw_q52_Fine_imposed_for_failure_to_communicate_information_to_DPA_amount_based_on_violation_severity_without_detailed_calculation_factors_discussed
414,raw_q52_Fine_imposed_for_failure_to_cooperate_with_DPA_investigation_amount_set_at_4_000_based_on_violation_severity_and_lack_of_response
415,raw_q52_Fine_imposed_for_illegal_processing_of_special_category_data_aggravating_factors_included_nature_gravity_and_data_categories_corrective_measure_ordered_for_compliance
416,raw_q52_Fine_imposed_for_lack_of_cooperation_and_failure_to_provide_information_considered_serious_and_continuous_amount_set_at_EUR_5000_equivalent_based_on_estimated_company_size_and_activity_scale_using_average_exchange_rate
417,raw_q52_Fine_imposed_for_lack_of_legal_basis_in_data_sharing_and_security_failures_warning_for_inadequate_technical_measures_corrective_orders_issued_for_compliance_and_training
418,raw_q50_WARNING
419,raw_q50_PROCESSING_BAN
420,raw_q52_Fine_set_at_75_000_based_on_aggravating_factors_including_duration_of_violation_negligence_and_processing_of_basic_personal_identifiers_The_amount_reflects_the_serious_nature_of_processing_without_legal_basis
421,raw_q47_SYSTEM_UPGRADES
422,raw_q47_SYSTEM_UPGRADES_POLICY_CHANGES_STAFF_TRAINING_EXTERNAL_AUDIT
423,raw_q47_SYSTEM_UPGRADES_POLICY_CHANGES_STAFF_TRAINING_1
424,raw_q47_SYSTEM_UPGRADES_POLICY_CHANGES_EXTERNAL_AUDIT
425,raw_q47_SYSTEM_UPGRADES_POLICY_CHANGES_1
426,raw_q47_SYSTEM_UPGRADES_POLICY_CHANGES_STAFF_TRAINING
427,raw_q47_SYSTEM_UPGRADES_POLICY_CHANGES
428,raw_q47_STAFF_TRAINING_SYSTEM_UPGRADES_POLICY_CHANGES_DPO_APPOINTMENT
429,raw_q50_NOT_DISCUSSED
430,raw_q47_STAFF_TRAINING_SYSTEM_UPGRADES_POLICY_CHANGES
431,raw_q47_STAFF_TRAINING_SYSTEM_UPGRADES
432,raw_q47_STAFF_TRAINING_SECURITY_IMPROVEMENTS
433,raw_q47_STAFF_TRAINING_POLICY_CHANGES
434,raw_q47_STAFF_TRAINING
435,raw_q47_SECURITY_IMPROVEMENTS_STAFF_TRAINING_EXTERNAL_AUDIT
436,raw_q48_MISSING
437,raw_q48_NO_REPEAT_OFFENDER
438,raw_q49_MISSING
439,raw_q49_NOT_DISCUSSED
440,raw_q49_YES_LEAD_AUTHORITY_CASE
441,raw_q49_YES_MULTIPLE_DPAS_INVOLVED
442,raw_q50_COMPLIANCE_ORDER_AUDIT_REQUIREMENT
443,raw_q50_COMPLIANCE_ORDER_AUDIT_REQUIREMENT_1
444,raw_q50_COMPLY_WITH_DATA_SUBJECT_REQUESTS_BRING_PROCESSING_INTO_COMPLIANCE
445,raw_q50_DATA_DELETION_ORDER
446,raw_q50_DATA_DELETION_ORDER_COMPLIANCE_ORDER
447,raw_q50_DATA_DELETION_ORDER_COMPLIANCE_ORDER_1
448,raw_q50_LIMITATION_PROHIBITION_OF_PROCESSING
449,raw_q50_LIMITATION_PROHIBITION_OF_PROCESSING_COMPLY_WITH_DATA_SUBJECT_REQUESTS_BRING_PROCESSING_INTO_COMPLIANCE
450,raw_q50_MISSING
451,raw_q50_NONE
452,raw_q50_NONE_DISCUSSED
453,raw_q52_Fine_imposed_for_non_cooperation_with_DPA_investigation_no_specific_calculation_details_provided_beyond_the_fixed_amount_for_the_violation
454,raw_q52_Fine_imposed_for_security_breach_and_failure_to_notify_data_subjects_aggravating_factors_included_nature_of_violation_and_data_categories_affected
455,raw_q52_Fine_imposed_for_security_breach_due_to_inadequate_measures_amount_based_on_violation_severity_and_corrective_order_for_security_plan_implementation
456,raw_q52_Fine_of_8_000_imposed_for_LSSI_cookie_violations_across_four_websites_Aggravated_by_intentionality_and_duration_since_first_complaint_in_April_2019_No_mitigating_factors_mentioned
457,raw_q52_Fine_reduced_from_50_000_to_30_000_due_to_voluntary_payment_and_recognition_of_responsibility_Aggravating_factors_included_nature_of_infringement_negligence_and_sensitive_data_categories_Mitigating_factor_was_cooperation
458,raw_q52_Fine_reduced_from_50_000_to_30_000_due_to_defendant_s_recognition_of_responsibility_and_voluntary_payment_considered_for_nature_of_violation_involving_sensitive_data_of_rape_victim_and_cooperation
459,raw_q52_Fine_reduced_from_2M_to_1_2M_due_to_recognition_of_responsibility_and_voluntary_payment_aggravating_factors_included_nature_duration_negligence_and_previous_infringements_mitigating_factors_included_cooperation_and_remedial_actions
460,raw_q52_Fine_reduced_from_250_000_to_150_000_due_to_voluntary_payment_and_acknowledgment_of_responsibility_Aggravating_factors_included_nature_gravity_duration_negligence_and_impact_on_data_subject_s_financial_rights_Mitigating_factor_was_cooperation
461,raw_q52_Fine_reduced_by_40_due_to_voluntary_payment_and_acknowledgment_of_liability_initial_fine_was_1000_based_on_violation_severity_and_cooperation
462,raw_q52_Fine_reduced_by_20_due_to_voluntary_payment_initial_proposed_fine_was_1500_for_violation_of_Article_5_1_c_GDPR_final_amount_1200_aggravating_factor_was_nature_gravity_duration_mitigating_factor_was_cooperation
463,raw_q52_Fine_of_8_000_imposed_for_Article_6_1_violation_publishing_personal_data_without_legal_basis_Aggravating_factors_negligent_action_and_complaint_initiated_discovery_Warning_issued_for_Article_13_violation_outdated_privacy_policy
464,raw_q52_Fine_imposed_for_security_breach_involving_children_s_data_cooperation_and_mitigation_considered_amount_based_on_violation_gravity_and_specific_protection_needed_for_minors
465,raw_q52_Fine_of_75_000_imposed_for_violation_of_Article_6_GDPR_due_to_lack_of_lawful_basis_for_processing_Aggravating_factors_included_the_nature_gravity_of_the_violation_and_involvement_of_basic_personal_identifiers_The_fine_is_below_statutory_caps
466,raw_q52_Fine_of_500_imposed_for_violation_of_Article_6_1_GDPR_considering_the_seriousness_and_impact_on_the_data_subject_lack_of_cooperation_and_absence_of_mitigating_factors
467,raw_q52_Fine_of_5_000_imposed_for_violation_of_Article_6_1_GDPR_due_to_lack_of_valid_consent_for_employee_photo_publication_Aggravated_by_defendant_s_professional_link_to_data_processing_SME_status_considered
468,raw_q52_Fine_of_5_000_imposed_for_violation_of_Article_5_1_f_GDPR_due_to_negligent_public_exposure_of_personal_data_Aggravating_factors_included_negligence_and_basic_data_categories_affected
469,raw_q52_Fine_of_4_000_imposed_for_Article_6_violation_considered_unintentional_negligence_with_basic_identifiers_affected_below_statutory_caps
470,raw_q52_Fine_of_4_000_imposed_for_Article_13_violation_based_on_negligence_duration_and_data_categories_affected_warning_issued_for_Article_7_violation_due_to_lack_of_evidence_of_actual_harm_from_invalid_consent_practices
471,raw_q52_Fine_reduced_from_70_000_to_42_000_due_to_voluntary_payment_and_acknowledgment_of_responsibility_based_on_violation_of_data_minimization_principle_affecting_99_data_subjects_with_no_intentionality_but_negligence_found
472,raw_q52_Fine_reduced_on_appeal_due_to_procedural_flaws_considered_nature_gravity_duration_unintentional_negligence_data_categories_PESEL_numbers_high_risk_cooperation_mitigation_actions_no_prior_infringements_and_financial_capacity_1_67_of_turnover
473,raw_q52_Fine_reduced_to_24_000_due_to_voluntary_payment_and_cooperation_aggravating_factor_was_defendant_s_business_activity_involving_continuous_data_processing_mitigating_factors_included_cooperation_and_data_deletion_measures
474,raw_q52_Fine_set_at_SEK_300_000_considering_low_seriousness_SME_status_partial_mitigation_measures_like_IP_truncation_and_proportionality_violation_duration_and_data_volume_were_aggravating_factors
475,raw_q52_Fine_set_at_90_000_based_on_serious_contravention_of_PECR_negligent_failure_to_prevent_breaches_financial_gain_intent_and_ignoring_guidance_mitigated_by_AMEX_s_internal_review_and_process_changes
476,raw_q52_Fine_set_at_10_000_for_GDPR_violation_due_to_lack_of_diligence_in_handling_erasure_request_and_5_000_for_LSSI_violation_for_sending_unsolicited_advertising_emails_without_consent_totaling_15_000_based_on_aggravating_factors_including_intentionality_and_negligence
477,raw_q52_Fine_set_at_20_000_based_on_intentionality_negligence_and_previous_infringements_as_aggravating_factors_under_Article_83_2_GDPR_below_statutory_caps
478,raw_q52_Fine_set_at_200_000_considering_nature_gravity_duration_of_violation_previous_infringements_lack_of_mitigating_factors_and_need_for_proportionality_deterrence
479,raw_q52_Fine_set_at_2M_initially_reduced_to_1_6M_for_voluntary_payment_aggravating_factors_included_nature_gravity_duration_and_negligence_mitigating_factor_was_cooperation_fine_based_on_violation_of_Article_6_1_GDPR_for_invalid_consent_mechanism
480,raw_q52_Fine_set_at_3_000_considering_nature_of_infringement_affecting_third_parties_rights_negligence_in_lacking_mandatory_information_posters_no_previous_infringements_and_defendant_being_an_individual_running_a_small_hotel_establishment
481,raw_q52_Fine_set_at_40_000_initially_reduced_to_24_000_due_to_defendant_s_acknowledgment_of_responsibility_and_voluntary_payment_factors_included_nature_and_gravity_of_violation_affecting_data_legitimacy_principle
482,raw_q52_Fine_set_at_5_000_for_GDPR_violation_based_on_intentionality_personal_data_nature_and_non_cooperation_3_000_for_LSSI_cookie_violation_due_to_intentional_non_compliance_and_duration
483,raw_q52_Fine_set_at_50_000_based_on_violation_nature_duration_since_June_2019_and_defendant_s_business_link_to_data_processing_aggravating_factors_included_negligence_and_professional_duty_of_care
484,raw_q52_Fine_set_at_50_000_initially_reduced_by_40_to_30_000_due_to_voluntary_payment_and_acknowledgment_of_liability_Aggravating_factors_included_nature_of_violation_involving_minors_and_previous_infringement_mitigating_factor_was_full_cooperation
485,raw_q52_Fine_set_at_500_000_based_on_violation_duration_ongoing_until_inspection_special_category_health_data_involvement_and_defendant_s_role_in_healthcare_processing_represents_0_3_of_turnover_below_2_cap
486,raw_q52_Fine_set_at_60_000_reduced_to_48_000_for_voluntary_payment_aggravating_factors_were_intentionality_negligence_and_hindering_DPA_supervision_no_mitigating_factors_applied
487,raw_q52_Fine_set_at_70_000_considering_SME_status_and_business_activity_link_to_data_processing_aggravating_factor_applied_due_to_nature_and_duration_of_violation_without_mitigating_factors
488,raw_q52_Fine_of_300_imposed_for_violation_of_Article_5_1_c_GDPR_considering_nature_and_gravity_of_infringement_involving_excessive_data_collection_through_video_surveillance_No_mitigating_factors_applied
489,raw_q52_Fine_of_3_000_imposed_under_LSSI_for_cookie_consent_violation_graduated_based_on_intentionality_and_duration_of_infringement_not_GDPR
490,raw_q52_Fine_of_3_000_imposed_for_violations_of_Article_5_1_c_2_000_and_Article_13_1_000_considering_the_serious_negligence_in_controlling_public_space_and_lack_of_proper_signage_with_no_mitigating_factors_noted
491,raw_q52_Fine_of_3_000_euros_imposed_for_LSSI_violation_related_to_cookie_consent_mechanisms_considering_intentionality_and_duration_of_the_infringement_since_September_2018
492,raw_q52_Fine_imposed_for_security_breaches_under_GDPR_and_national_law_totaling_1500_EUR_equivalent_due_to_inadequate_measures_leading_to_unauthorized_data_access
493,raw_q52_Fine_imposed_for_security_violation_due_to_inadequate_measures_amount_based_on_breach_severity_and_negligence_with_compliance_order_to_implement_measures_within_30_days
494,raw_q52_Fine_imposed_for_security_violations_under_Article_32_specifically_inadequate_measures_and_unauthorized_data_processing_via_personal_devices
495,raw_q52_Fine_imposed_for_security_violations_under_Articles_5_f_and_32_considering_moral_and_economic_damages_to_data_subjects_lack_of_sufficient_measures_and_inefficiency_of_employee_training
496,raw_q52_Fine_imposed_for_unlawful_processing_of_minor_s_image_without_consent_Aggravating_factors_included_nature_of_violation_and_involvement_of_child_data_No_mitigating_factors_identified
497,raw_q52_Fine_imposed_for_violating_Article_5_1_a_and_Article_6_1_due_to_unlawful_processing_via_audio_video_surveillance_without_legal_basis_amount_based_on_nature_and_gravity_of_infringement
498,raw_q52_Fine_imposed_for_violation_of_Article_28_3_due_to_lack_of_documented_instructions_to_processor_amount_based_on_nature_of_infringement_without_detailed_calculation_reasoning_provided
499,raw_q52_Fine_imposed_for_violation_of_Article_32_2_GDPR_due_to_inadequate_security_measures_leading_to_unauthorized_processing_amount_based_on_criteria_in_Article_83_considering_the_nature_and_duration_of_the_violation
500,raw_q52_Fine_imposed_for_violation_of_Article_5_1_c_GDPR_due_to_excessive_data_processing_aggravating_factor_was_processing_of_special_category_health_data_fine_set_at_50_000
501,raw_q52_Fine_imposed_for_violations_of_Articles_5_6_9_17_and_32_due_to_unauthorized_data_disclosure_and_inadequate_security_measures_totaling_10_000_EUR
502,raw_q52_Fine_initially_proposed_at_40_000_reduced_to_24_000_due_to_defendant_s_acknowledgment_of_responsibility_and_voluntary_payment_applying_cumulative_20_reductions
503,raw_q52_Fine_initially_set_at_75_000_reduced_to_60_000_for_voluntary_payment_and_further_to_45_000_for_acknowledgment_of_responsibility_considering_aggravating_factors_duration_negligence_data_categories_and_mitigating_factors_cooperation_remedial_actions
504,raw_q52_Fine_of_10_000_lei_approx_2000_EUR_imposed_for_cookie_violation_under_national_law_Warning_for_GDPR_transparency_violation_No_detailed_calculation_reasoning_provided
505,raw_q52_Fine_of_1000_EUR_imposed_for_failure_to_respond_to_erasure_request_within_legal_timeframe_No_aggravating_or_mitigating_factors_discussed_Fine_amount_not_linked_to_turnover
506,raw_q52_Fine_of_5000_EUR_imposed_for_violations_of_data_minimization_and_accountability_principles_processing_was_excessive_and_consent_invalid_in_employer_employee_context
507,raw_q52_Fine_of_3_000_imposed_for_LSSI_cookie_violation_based_on_intentionality_and_duration_of_infringement_GDPR_violation_resulted_only_in_a_warning
508,raw_q52_Fine_of_1_000_imposed_for_LSSI_Article_21_violation_due_to_sending_commercial_SMS_after_data_deletion_request_Aggravated_by_lack_of_diligence
509,raw_q52_Fine_of_1_000_imposed_for_violation_of_Article_5_1_f_GDPR_considering_the_nature_gravity_and_duration_of_the_breach_involving_public_display_of_personal_data_in_meeting_minutes_The_defendant_did_not_cooperate_or_respond_to_the_DPA
510,raw_q52_Fine_of_1_500_imposed_for_violations_of_Articles_6_and_13_GDPR_with_1_000_for_lack_of_legal_basis_and_500_for_lack_of_information_considering_the_conduct_as_gross_negligence_and_affecting_communal_areas_disproportionately
511,raw_q52_Fine_of_10_000_imposed_for_violation_of_Article_6_1_GDPR_considering_the_nature_and_gravity_of_the_infringement_intentionality_negligence_and_categories_of_data_affected_No_mitigating_factors_noted
512,raw_q52_Fine_of_1000_imposed_for_violation_of_Article_5_1_c_GDPR_considering_the_defendant_s_negligent_conduct_and_previous_warning_for_similar_facts_placing_it_at_the_lower_end_of_the_scale
513,raw_q52_Fine_of_12_000_imposed_for_violation_of_Article_6_1_GDPR_considering_aggravating_factors_including_nature_and_duration_of_infringement_over_a_year_negligence_and_involvement_of_special_category_data_health_related_with_no_mitigating_factors_applied
514,raw_q52_Fine_of_2_000_proposed_for_violation_of_Article_5_1_c_GDPR_reduced_to_1_600_due_to_voluntary_payment_Considered_lower_scale_penalty_for_this_conduct
515,raw_q52_Fine_of_20_000_imposed_for_Article_6_violation_due_to_lack_of_legitimate_basis_for_audio_recording_Aggravating_factors_included_duration_since_2018_and_number_of_affected_data_subjects_workers_and_customers_Mitigating_factors_considered_SME_status_and_low_data_processing_linkage
516,raw_q52_Fine_of_200_000_imposed_for_violation_of_storage_limitation_principle_considering_16_year_duration_previous_infringements_by_defendant_and_defendant_s_large_enterprise_status_with_significant_turnover
517,raw_q52_Fine_of_2000_imposed_for_GPS_monitoring_violations_including_lack_of_legal_basis_transparency_failures_and_excessive_storage_warnings_issued_for_information_obligation_breaches
518,raw_q52_Fine_of_2000_imposed_for_violation_of_Article_5_1_c_GDPR_due_to_disproportionate_video_surveillance_capturing_common_areas_and_private_spaces_Considered_aggravating_that_defendant_was_aware_of_illegality_but_did_not_cooperate_No_previous_infringements_noted
519,raw_q52_Fine_of_25_000_for_Article_5_violation_and_50_000_for_Article_13_violation_Aggravating_factors_included_nature_of_infringement_and_negligence_No_mitigating_factors_applied
520,raw_q52_Fine_of_250_000_imposed_for_processing_biometric_data_without_legal_basis_under_Article_9_GDPR_considering_nature_gravity_duration_negligence_and_involvement_of_minors_below_statutory_caps
521,raw_q52_Fine_of_3_000_for_Article_5_1_f_violation_and_2_000_for_Article_32_violation_Mitigated_due_to_limited_affected_individuals_2_and_no_serious_harm_but_aggravated_by_nature_of_security_failure
522,raw_q37_20000
523,raw_q36_The_defendant_s_privacy_policies_were_found_compliant_with_Article_13_GDPR_but_cookie_consent_mechanisms_were_inadequate_lacking_clear_information_and_granular_control_options
524,raw_q37_18192
525,raw_q32_NONE_DISCUSSED
526,raw_q33_CONSENT_PUBLIC_TASK
527,raw_q33_CONSENT_CONTRACT_LEGAL_OBLIGATION_LEGITIMATE_INTERESTS
528,raw_q33_CONSENT_CONTRACT
529,raw_q32_PUBLIC_TASK
530,raw_q32_NOT_MENTIONED
531,raw_q32_NOT_APPLICABLE
532,raw_q32_MISSING
533,raw_q33_CONSENT_CONTRACT_LEGAL_OBLIGATION_PUBLIC_TASK
534,raw_q32_LEGITIMATE_INTERESTS_PUBLIC_TASK_1
535,raw_q32_LEGITIMATE_INTERESTS_PUBLIC_TASK
536,raw_q32_LEGITIMATE_INTERESTS
537,raw_q32_LEGAL_OBLIGATION_PUBLIC_TASK
538,raw_q32_LEGAL_OBLIGATION_LEGITIMATE_INTERESTS
539,raw_q32_LEGAL_OBLIGATION
540,raw_q33_CONSENT_CONTRACT_1
541,raw_q33_CONSENT_CONTRACT_LEGITIMATE_INTERESTS
542,raw_q34_MISSING
543,raw_q33_LEGAL_OBLIGATION
544,raw_q33_UNCLEAR
545,raw_q33_PUBLIC_TASK
546,raw_q33_NONE_DISCUSSED
547,raw_q33_MISSING
548,raw_q33_LEGITIMATE_INTERESTS
549,raw_q33_LEGAL_OBLIGATION_LEGITIMATE_INTERESTS
550,raw_q33_CONTRACT_LEGAL_OBLIGATION_PUBLIC_TASK
551,raw_q33_CONSENT_LEGAL_OBLIGATION
552,raw_q33_CONTRACT_LEGAL_OBLIGATION_LEGITIMATE_INTERESTS
553,raw_q33_CONTRACT_LEGAL_OBLIGATION
554,raw_q33_CONTRACT_LEGITIMATE_INTERESTS
555,raw_q33_CONTRACT
556,raw_q33_CONSENT_LEGITIMATE_INTERESTS
557,raw_q33_CONSENT_LEGAL_OBLIGATION_LEGITIMATE_INTERESTS
558,raw_q32_CONTRACT_LEGITIMATE_INTERESTS
559,raw_q32_CONTRACT_LEGAL_OBLIGATION
560,raw_q32_CONTRACT
561,raw_q31_STORAGE_LIMITATION_SECURITY_ACCOUNTABILITY
562,raw_q32_CONSENT_CONTRACT_LEGITIMATE_INTERESTS
563,raw_q32_CONSENT_CONTRACT_LEGAL_OBLIGATION_VITAL_INTERESTS_PUBLIC_TASK_LEGITIMATE_INTERESTS
564,raw_q32_CONSENT_CONTRACT_LEGAL_OBLIGATION_PUBLIC_TASK_LEGITIMATE_INTERESTS
565,raw_q32_CONSENT_CONTRACT_LEGAL_OBLIGATION_LEGITIMATE_INTERESTS
566,raw_q32_CONSENT_CONTRACT_LEGAL_OBLIGATION
567,raw_q32_CONSENT_CONTRACT
568,raw_q31_STORAGE_LIMITATION
569,raw_q32_CONSENT_PUBLIC_TASK_1
570,raw_q31_SECURITY_ACCOUNTABILITY_1
571,raw_q31_SECURITY_ACCOUNTABILITY
572,raw_q31_PURPOSE_LIMITATION_STORAGE_LIMITATION
573,raw_q31_PURPOSE_LIMITATION_DATA_MINIMISATION_ACCOUNTABILITY
574,raw_q31_PURPOSE_LIMITATION_DATA_MINIMISATION
575,raw_q31_PURPOSE_LIMITATION_SECURITY
576,raw_q32_CONSENT_LEGAL_OBLIGATION_LEGITIMATE_INTERESTS
577,raw_q32_CONSENT_LEGAL_OBLIGATION_PUBLIC_TASK
578,raw_q32_CONSENT_LEGITIMATE_INTERESTS
579,raw_q32_CONSENT_PUBLIC_TASK
580,raw_q32_CONSENT_CONTRACT_1
581,raw_q32_CONSENT_CONTRACT_LEGAL_OBLIGATION_1
582,raw_q32_CONSENT_CONTRACT_LEGAL_OBLIGATION_LEGITIMATE_INTERESTS_1
583,raw_q32_CONSENT_CONTRACT_LEGAL_OBLIGATION_PUBLIC_TASK_LEGITIMATE_INTERESTS_1
584,raw_q32_CONSENT_CONTRACT_LEGAL_OBLIGATION_VITAL_INTERESTS_PUBLIC_TASK_LEGITIMATE_INTERESTS_1
585,raw_q32_CONSENT_CONTRACT_LEGITIMATE_INTERESTS_1
586,raw_q32_CONSENT_LEGAL_OBLIGATION
587,raw_q32_CONSENT_LEGAL_OBLIGATION_LEGITIMATE_INTERESTS_1
588,raw_q32_CONSENT_LEGAL_OBLIGATION_PUBLIC_TASK_1
589,raw_q32_CONSENT_LEGAL_OBLIGATION_PUBLIC_TASK_LEGITIMATE_INTERESTS
590,raw_q32_CONSENT_LEGAL_OBLIGATION_VITAL_INTERESTS_PUBLIC_TASK_LEGITIMATE_INTERESTS
591,raw_q32_CONSENT_LEGITIMATE_INTERESTS_1
592,raw_q32_CONSENT_LEGITIMATE_INTERESTS_PUBLIC_TASK
593,raw_q33_VITAL_INTERESTS_PUBLIC_TASK
594,raw_q34_NOT_DISCUSSED
595,raw_q37_18000
596,raw_q36_Claim_involved_alleged_violations_of_Articles_6_lawfulness_and_17_right_to_erasure_regarding_unauthorized_profile_creation_with_incorrect_personal_data_The_case_was_resolved_amicably_through_deletion_of_the_webpage_before_formal_determination
597,raw_q36_Defendant_collected_consent_generically_for_all_processing_purposes_including_commercial_communications_unrelated_to_contract_performance_violating_Article_7_GDPR_Processing_for_contract_execution_was_lawful_under_Article_6_1_b
598,raw_q36_Defendant_charged_a_fee_for_rectifying_a_data_subject_s_name_error_violating_Article_12_5_GDPR_which_requires_free_exercise_of_data_subject_rights_unless_requests_are_manifestly_unfounded_or_excessive_which_was_not_proven
599,raw_q36_Defendant_A_A_A_repeatedly_published_complainant_s_resume_on_Facebook_without_consent_violating_Article_6_1_LOPD_equivalent_to_GDPR_Article_6_The_DPA_found_no_legal_basis_justified_this_processing
600,raw_q36_Dagens_Industri_violated_Article_44_GDPR_by_transferring_personal_data_to_the_US_via_Google_Analytics_without_adequate_safeguards_under_Chapter_V_despite_implementing_measures_like_IP_anonymization_and_cookie_hashing
601,raw_q36_Controller_processed_employee_images_excessively_via_video_cameras_in_locker_rooms_and_dining_area_for_theft_prevention_consent_invalid_due_to_employer_employee_relationship_and_no_other_legal_basis_established
602,raw_q36_Controller_failed_to_provide_documented_instructions_to_its_processor_regarding_data_processing_violating_Article_28_3_accountability_principle
603,raw_q36_CDON_AB_violated_data_minimization_by_requesting_excessive_identity_verification_information_for_erasure_requests_and_failed_to_demonstrate_compliance_with_processing_principles_also_violating_accountability
604,raw_q36_Defendant_consulted_claimant_s_credit_data_without_valid_contractual_relationship_violating_Article_6_1_GDPR_lawfulness_principle
605,raw_q36_CDON_AB_violated_Article_44_GDPR_by_transferring_personal_data_to_the_US_via_Google_Analytics_without_adequate_safeguards_as_the_data_constituted_personal_data_and_US_surveillance_laws_posed_risks
606,raw_q36_CAIXABANK_violated_transparency_by_providing_non_uniform_vague_information_on_data_categories_purposes_and_legal_bases_consents_were_invalid_due_to_lack_of_specificity_freedom_and_informed_nature_legitimate_interests_lacked_proper_balancing_and_justification
607,raw_q36_Birthlink_failed_to_implement_appropriate_organizational_measures_ensuring_security_of_personal_data_violating_integrity_confidentiality_and_accountability_principles_The_unauthorized_destruction_of_manual_records_containing_sensitive_adoption_data_constituted_a_serious_breach
608,raw_q36_BBVA_violated_Article_5_1_f_GDPR_by_failing_to_ensure_adequate_security_measures_resulting_in_unauthorized_disclosure_of_a_third_party_s_contract_to_a_complainant_via_a_human_error_in_document_attachment_through_their_app_s_chat_function
609,raw_q36_BBVA_used_complainant_s_personal_address_data_for_processing_a_claim_made_on_behalf_of_a_third_party_violating_purpose_limitation_and_security_principles
610,raw_q36_ATG_violated_Article_6_and_7_3_by_making_withdrawal_more_difficult_than_giving_consent_and_using_misleading_cookie_banner_design_that_prevented_informed_and_freely_given_consent
611,raw_q36_Defendant_conditioned_consent_for_data_processing_on_exemption_from_banking_fees_violating_Article_7_4_GDPR_by_making_contract_execution_subject_to_consent_not_necessary_for_its_performance
612,raw_q36_Defendant_disclosed_claimant_s_personal_data_to_a_third_party_without_consent_or_proper_legal_basis_DPA_found_violation_of_Article_6_1_as_legitimate_interests_did_not_prevail_over_data_subject_s_rights
613,raw_q34_NOT_FREELY_GIVEN
614,raw_q36_Defendant_failed_to_provide_adequate_information_under_Article_13_and_obtained_invalid_generic_consent_for_multiple_purposes_under_Article_7_violating_transparency_and_purpose_limitation_principles
615,raw_q36_Defendant_installed_video_surveillance_cameras_capturing_images_beyond_private_property_violating_data_minimization_principle_under_Article_5_1_c_GDPR_by_processing_excessive_personal_data_not_strictly_necessary_for_security_purposes
616,raw_q36_Defendant_installed_video_surveillance_cameras_capturing_excessive_images_of_public_roads_and_private_areas_without_justification_violating_data_minimization_principle_and_failed_to_provide_required_information_to_data_subjects
617,raw_q36_Defendant_installed_video_surveillance_cameras_capturing_disproportionate_images_of_public_space_without_adequate_information_posters_violating_data_minimization_principle_under_Article_5_1_c_GDPR
618,raw_q36_Defendant_failed_to_verify_identity_of_SIM_requester_leading_to_unauthorized_processing_without_legal_basis_under_Article_6_GDPR
619,raw_q36_Defendant_failed_to_respond_to_data_subject_s_access_request_regarding_medical_history_violating_Article_15_GDPR_and_security_accountability_principles_by_ignoring_both_the_request_and_subsequent_Agency_requirements
620,raw_q36_Defendant_failed_to_provide_adequate_privacy_policy_information_on_multiple_website_forms_collecting_personal_data_violating_Article_13_transparency_requirements
621,raw_q36_Defendant_failed_to_provide_adequate_information_to_data_subjects_at_the_time_of_data_collection_violating_Article_13_GDPR_specifically_regarding_transparency_and_lawful_processing_principles
622,raw_q36_Defendant_disclosed_complainant_s_data_to_third_party_without_legal_basis_under_Article_6_1_and_provided_insufficiently_specific_information_about_recipients_under_Article_13_1_e
623,raw_q36_Defendant_failed_to_implement_appropriate_technical_and_organizational_security_measures_including_mandatory_multi_factor_authentication_and_effective_monitoring_leading_to_a_credential_stuffing_attack_that_compromised_sensitive_genetic_and_health_data
624,raw_q36_Defendant_failed_to_facilitate_data_subject_s_right_to_erasure_by_not_processing_requests_made_via_non_standard_channels_violating_accountability_and_security_principles_under_Article_5_2_and_Article_12_GDPR
625,raw_q36_Defendant_failed_to_delete_complainant_s_data_after_erasure_request_and_continued_processing_for_advertising_violating_storage_limitation_security_and_accountability_principles_under_Article_5
626,raw_q36_Defendant_failed_to_cooperate_with_DPA_by_not_providing_requested_information_violating_Article_31_and_Article_58_1_e_GDPR
627,raw_q36_Defendant_failed_to_conduct_a_DPIA_for_high_risk_biometric_data_processing_and_relied_on_invalid_opt_out_consent_violating_Article_35_1_and_consent_requirements
628,raw_q36_Defendant_failed_to_adequately_respond_to_data_subject_s_access_and_erasure_requests_violating_Articles_15_and_17_GDPR_The_legitimacy_of_initial_data_processing_was_not_contested_but_the_handling_of_rights_requests_was_deficient
629,raw_q36_ANPC_processed_personal_data_via_body_cameras_without_any_legal_basis_under_Article_6_violating_Article_5_1_a_lawfulness_principle_No_domestic_law_authorized_such_processing_for_public_interest_tasks
630,raw_q36_AMEX_sent_4_098_841_direct_marketing_emails_without_valid_consent_violating_PECR_Regulation_22_by_misclassifying_them_as_servicing_emails_and_failing_to_honor_opt_outs
631,raw_q36_AEPD_found_Meta_could_not_rely_on_Article_6_1_b_contract_or_any_other_legal_basis_for_processing_user_data_related_to_election_information_features_violating_Article_5_1_a_legality_principle_The_processing_was_deemed_excessive_and_disproportionate
632,raw_q34_NOT_FREELY_GIVEN_NOT_SPECIFIC
633,raw_q34_NOT_INFORMED_NOT_FREELY_GIVEN
634,raw_q34_NOT_INFORMED_NOT_APPLICABLE
635,raw_q34_NOT_INFORMED
636,raw_q34_NOT_FREELY_GIVEN_NOT_SPECIFIC_NOT_INFORMED_CONDITIONAL_WITHDRAWAL_PROBLEMS
637,raw_q34_NOT_FREELY_GIVEN_NOT_SPECIFIC_NOT_INFORMED_CONDITIONAL_1
638,raw_q34_NOT_FREELY_GIVEN_NOT_SPECIFIC_NOT_INFORMED
639,raw_q34_NOT_FREELY_GIVEN_NOT_INFORMED_NOT_UNAMBIGUOUS_WITHDRAWAL_PROBLEMS
640,raw_q35_NOT_DISCUSSED
641,raw_q34_NOT_FREELY_GIVEN_NOT_INFORMED_NOT_UNAMBIGUOUS_1
642,raw_q34_NOT_FREELY_GIVEN_NOT_INFORMED
643,raw_q34_NOT_FREELY_GIVEN_CONDITIONAL
644,raw_q34_NOT_FREELY_GIVEN_NOT_SPECIFIC_NOT_INFORMED_NOT_UNAMBIGUOUS
645,raw_q34_NOT_FREELY_GIVEN_NOT_SPECIFIC_NOT_INFORMED_CONDITIONAL
646,raw_q34_NOT_FREELY_GIVEN_NOT_INFORMED_NOT_UNAMBIGUOUS
647,raw_q34_NOT_INFORMED_NOT_UNAMBIGUOUS
648,raw_q34_NOT_INFORMED_CONDITIONAL
649,raw_q34_NOT_INFORMED_NOT_FREELY_GIVEN_1
650,raw_q34_NOT_INFORMED_NOT_SPECIFIC_NOT_FREELY_GIVEN
651,raw_q34_NOT_INFORMED_NOT_UNAMBIGUOUS_1
652,raw_q34_NOT_INFORMED_NOT_UNAMBIGUOUS_CONDITIONAL_WITHDRAWAL_PROBLEMS
653,raw_q34_NOT_SPECIFIC_NOT_INFORMED
654,raw_q34_NOT_SPECIFIC_NOT_INFORMED_1
655,raw_q34_NOT_SPECIFIC_NOT_INFORMED_CONDITIONAL
656,raw_q34_NO_ISSUES_FOUND
657,raw_q34_WITHDRAWAL_PROBLEMS
658,raw_q35_BALANCING_INADEQUATE
659,raw_q35_DATA_SUBJECT_INTERESTS_PREVAIL
660,raw_q35_LEGITIMATE_INTERESTS_PREVAIL
661,raw_q35_MISSING
662,raw_q35_MIXED_SOME_HARM
663,raw_q35_NOT_APPLICABLE
664,raw_q31_NOT_DISCUSSED
665,raw_q31_NOT_DETERMINED
666,raw_q31_NONE_DISCUSSED
667,raw_q28_IMMEDIATE_CONTAINMENT_SECURITY_IMPROVEMENTS_STAFF_TRAINING_COOPERATION_WITH_DPA
668,raw_q28_IMMEDIATE_CONTAINMENT_SYSTEM_FIXES_SECURITY_IMPROVEMENTS_STAFF_TRAINING_COOPERATION_WITH_DPA_1
669,raw_q28_IMMEDIATE_CONTAINMENT_SYSTEM_FIXES_SECURITY_IMPROVEMENTS_COOPERATION_WITH_DPA
670,raw_q28_IMMEDIATE_CONTAINMENT_SYSTEM_FIXES_SECURITY_IMPROVEMENTS_1
671,raw_q28_IMMEDIATE_CONTAINMENT_SYSTEM_FIXES_COOPERATION_WITH_DPA
672,raw_q28_IMMEDIATE_CONTAINMENT_SYSTEM_FIXES
673,raw_q28_IMMEDIATE_CONTAINMENT_SECURITY_IMPROVEMENTS_STAFF_TRAINING_EXTERNAL_AUDIT_COOPERATION_WITH_DPA
674,raw_q28_IMMEDIATE_CONTAINMENT_COOPERATION_WITH_DPA
675,raw_q28_MISSING
676,raw_q28_IMMEDIATE_CONTAINMENT_SYSTEM_FIXES_SECURITY_IMPROVEMENTS_STAFF_TRAINING_EXTERNAL_AUDIT
677,raw_q28_IMMEDIATE_CONTAINMENT_SYSTEM_FIXES_SECURITY_IMPROVEMENTS_STAFF_TRAINING_COOPERATION_WITH_DPA
678,raw_q28_IMMEDIATE_CONTAINMENT_SYSTEM_FIXES_SECURITY_IMPROVEMENTS
679,raw_q28_IMMEDIATE_CONTAINMENT_SECURITY_IMPROVEMENTS_COOPERATION_WITH_DPA
680,raw_q28_IMMEDIATE_CONTAINMENT_DATA_DELETION_ORDER_SECURITY_IMPROVEMENTS_STAFF_TRAINING
681,raw_q28_IMMEDIATE_CONTAINMENT
682,raw_q28_IMMEDIATE_CONTAINMENT_SYSTEM_FIXES_SECURITY_IMPROVEMENTS_STAFF_TRAINING_EXTERNAL_AUDIT_COOPERATION_WITH_DPA
683,raw_q28_NONE_MENTIONED
684,raw_q31_MISSING
685,raw_q28_STAFF_TRAINING_COOPERATION_WITH_DPA_1
686,raw_q29_NOT_APPLICABLE
687,raw_q29_MISSING
688,raw_q29_MENTIONED_NO_CLEAR_IMPACT
689,raw_q28_SYSTEM_FIXES_SECURITY_IMPROVEMENTS_EXTERNAL_AUDIT_COOPERATION_WITH_DPA
690,raw_q28_SYSTEM_FIXES_SECURITY_IMPROVEMENTS
691,raw_q28_STAFF_TRAINING_SECURITY_IMPROVEMENTS_COOPERATION_WITH_DPA
692,raw_q28_STAFF_TRAINING_SECURITY_IMPROVEMENTS
693,raw_q28_NOT_DISCUSSED
694,raw_q28_STAFF_TRAINING_COOPERATION_WITH_DPA
695,raw_q28_STAFF_TRAINING
696,raw_q28_SECURITY_IMPROVEMENTS_STAFF_TRAINING_EXTERNAL_AUDIT_COOPERATION_WITH_DPA
697,raw_q28_SECURITY_IMPROVEMENTS_STAFF_TRAINING_COOPERATION_WITH_DPA
698,raw_q28_SECURITY_IMPROVEMENTS_STAFF_TRAINING
699,raw_q28_NOT_MENTIONED
700,raw_q28_DATA_DELETION_COOPERATION_WITH_DPA
701,raw_q28_COOPERATION_WITH_DPA
702,raw_q27_YES_REQUIRED
703,raw_q24_OVER_100000
704,raw_q25_ARTICLE_9_SPECIAL_CATEGORY_ARTICLE_10_CRIMINAL_1
705,raw_q25_ARTICLE_9_SPECIAL_CATEGORY_ARTICLE_10_CRIMINAL
706,raw_q25_ARTICLE_9_SPECIAL_CATEGORY
707,raw_q24_UNDER_100
708,raw_q24_UNCLEAR
709,raw_q24_SIGNIFICANT_NUMBER
710,raw_q24_NOT_MENTIONED
711,raw_q27_NO_NOT_REQUIRED
712,raw_q24_NOT_DISCUSSED
713,raw_q24_MISSING
714,raw_q24_23
715,raw_q24_100_TO_1000
716,raw_q24_1000_TO_10000
717,raw_q24_10000_TO_100000
718,raw_q25_MISSING
719,raw_q25_NEITHER
720,raw_q25_NOT_APPLICABLE
721,raw_q25_NOT_DISCUSSED
722,raw_q25_NOT_MENTIONED
723,raw_q26_MISSING
724,raw_q26_NOT_APPLICABLE
725,raw_q26_NOT_DISCUSSED
726,raw_q26_NOT_MENTIONED
727,raw_q26_NO_NOT_NOTIFIED
728,raw_q26_PARTIALLY_NOTIFIED
729,raw_q26_YES_NOTIFIED
730,raw_q27_DISPUTED_REQUIREMENT
731,raw_q27_MISSING
732,raw_q27_NOT_APPLICABLE
733,raw_q27_NOT_DISCUSSED
734,raw_q27_NOT_MENTIONED
735,raw_q29_NOT_DISCUSSED
736,raw_q29_NOT_MENTIONED
737,raw_q29_NO_FINE_IMPOSED
738,raw_q30_SECURITY_STORAGE_LIMITATION_PURPOSE_LIMITATION
739,raw_q31_DATA_MINIMISATION_ACCOUNTABILITY_SECURITY
740,raw_q31_ACCURACY_SECURITY_ACCOUNTABILITY
741,raw_q31_ACCURACY
742,raw_q31_ACCOUNTABILITY
743,raw_q30_STORAGE_LIMITATION_SECURITY_ACCOUNTABILITY
744,raw_q30_STORAGE_LIMITATION
745,raw_q30_SECURITY_ACCOUNTABILITY_1
746,raw_q30_NONE_DISCUSSED
747,raw_q30_SECURITY_ACCOUNTABILITY
748,raw_q30_PURPOSE_LIMITATION_STORAGE_LIMITATION
749,raw_q30_PURPOSE_LIMITATION_DATA_MINIMISATION_SECURITY
750,raw_q30_PURPOSE_LIMITATION_DATA_MINIMISATION_ACCOUNTABILITY
751,raw_q30_PURPOSE_LIMITATION_DATA_MINIMISATION
752,raw_q30_PURPOSE_LIMITATION_SECURITY
753,raw_q31_DATA_MINIMISATION_ACCOUNTABILITY
754,raw_q31_DATA_MINIMISATION_SECURITY
755,raw_q31_LAWFULNESS_FAIRNESS_TRANSPARENCY_DATA_MINIMISATION_STORAGE_LIMITATION_ACCOUNTABILITY
756,raw_q31_LAWFULNESS_FAIRNESS_TRANSPARENCY_PURPOSE_LIMITATION
757,raw_q31_LAWFULNESS_FAIRNESS_TRANSPARENCY_PURPOSE_LIMITATION_DATA_MINIMISATION_SECURITY_ACCOUNTABILITY
758,raw_q31_LAWFULNESS_FAIRNESS_TRANSPARENCY_PURPOSE_LIMITATION_DATA_MINIMISATION_STORAGE_LIMITATION_ACCOUNTABILITY
759,raw_q31_LAWFULNESS_FAIRNESS_TRANSPARENCY_PURPOSE_LIMITATION_SECURITY_ACCOUNTABILITY
760,raw_q31_LAWFULNESS_FAIRNESS_TRANSPARENCY_SECURITY
761,raw_q31_LAWFULNESS_FAIRNESS_TRANSPARENCY_SECURITY_ACCOUNTABILITY
762,raw_q31_LAWFULNESS_FAIRNESS_TRANSPARENCY_ACCOUNTABILITY
763,raw_q31_LAWFULNESS_FAIRNESS_TRANSPARENCY_ACCURACY_ACCOUNTABILITY
764,raw_q31_LAWFULNESS_FAIRNESS_TRANSPARENCY_DATA_MINIMISATION_SECURITY
765,raw_q31_LAWFULNESS_FAIRNESS_TRANSPARENCY_PURPOSE_LIMITATION_1
766,raw_q31_LAWFULNESS_FAIRNESS_TRANSPARENCY_PURPOSE_LIMITATION_DATA_MINIMISATION_SECURITY_ACCOUNTABILITY_1
767,raw_q31_LAWFULNESS_FAIRNESS_TRANSPARENCY_PURPOSE_LIMITATION_DATA_MINIMISATION_STORAGE_LIMITATION
768,raw_q31_LAWFULNESS_FAIRNESS_TRANSPARENCY_SECURITY_1
769,raw_q31_LAWFULNESS_FAIRNESS_TRANSPARENCY_SECURITY_ACCOUNTABILITY_1
770,raw_q30_NOT_DISCUSSED
771,raw_q30_MISSING
772,raw_q29_YES_AGGRAVATING_FACTOR
773,raw_q30_DATA_MINIMISATION_ACCOUNTABILITY
774,raw_q30_LAWFULNESS_FAIRNESS_TRANSPARENCY_PURPOSE_LIMITATION_DATA_MINIMISATION_SECURITY_ACCOUNTABILITY
775,raw_q30_LAWFULNESS_FAIRNESS_TRANSPARENCY_PURPOSE_LIMITATION_DATA_MINIMISATION_SECURITY
776,raw_q30_LAWFULNESS_FAIRNESS_TRANSPARENCY_PURPOSE_LIMITATION_DATA_MINIMISATION_ACCURACY_STORAGE_LIMITATION_SECURITY_ACCOUNTABILITY
777,raw_q30_LAWFULNESS_FAIRNESS_TRANSPARENCY_PURPOSE_LIMITATION
778,raw_q30_DATA_MINIMISATION_SECURITY_ACCOUNTABILITY
779,raw_q30_DATA_MINIMISATION_SECURITY_1
780,raw_q30_DATA_MINIMISATION_SECURITY
781,raw_q30_LAWFULNESS_FAIRNESS_TRANSPARENCY_SECURITY_ACCOUNTABILITY_1
782,raw_q30_DATA_MINIMISATION_ACCOUNTABILITY_SECURITY
783,raw_q30_ACCURACY_SECURITY_ACCOUNTABILITY
784,raw_q30_ACCURACY_SECURITY
785,raw_q30_ACCURACY
786,raw_q30_ACCOUNTABILITY
787,raw_q30_ACCESS
788,raw_q30_LAWFULNESS_FAIRNESS_TRANSPARENCY_PURPOSE_LIMITATION_DATA_MINIMISATION_STORAGE_LIMITATION_ACCOUNTABILITY
789,raw_q30_LAWFULNESS_FAIRNESS_TRANSPARENCY_PURPOSE_LIMITATION_SECURITY_ACCOUNTABILITY
790,raw_q30_LAWFULNESS_FAIRNESS_TRANSPARENCY_SECURITY
791,raw_q30_LAWFULNESS_FAIRNESS_TRANSPARENCY_SECURITY_ACCOUNTABILITY
792,raw_q30_LAWFULNESS_FAIRNESS_TRANSPARENCY_ACCURACY_ACCOUNTABILITY
793,raw_q30_LAWFULNESS_FAIRNESS_TRANSPARENCY_DATA_MINIMISATION_SECURITY
794,raw_q30_LAWFULNESS_FAIRNESS_TRANSPARENCY_PURPOSE_LIMITATION_1
795,raw_q30_LAWFULNESS_FAIRNESS_TRANSPARENCY_PURPOSE_LIMITATION_DATA_MINIMISATION
796,raw_q30_LAWFULNESS_FAIRNESS_TRANSPARENCY_PURPOSE_LIMITATION_DATA_MINIMISATION_ACCURACY_SECURITY
797,raw_q30_LAWFULNESS_FAIRNESS_TRANSPARENCY_PURPOSE_LIMITATION_DATA_MINIMISATION_SECURITY_1
798,raw_q30_LAWFULNESS_FAIRNESS_TRANSPARENCY_PURPOSE_LIMITATION_DATA_MINIMISATION_SECURITY_ACCOUNTABILITY_1
799,raw_q30_LAWFULNESS_FAIRNESS_TRANSPARENCY_PURPOSE_LIMITATION_DATA_MINIMISATION_STORAGE_LIMITATION
800,raw_q30_LAWFULNESS_FAIRNESS_TRANSPARENCY_PURPOSE_LIMITATION_DATA_MINIMISATION_STORAGE_LIMITATION_SECURITY_ACCOUNTABILITY
801,raw_q30_LAWFULNESS_FAIRNESS_TRANSPARENCY_PURPOSE_LIMITATION_SECURITY
802,raw_q30_LAWFULNESS_FAIRNESS_TRANSPARENCY_PURPOSE_LIMITATION_SECURITY_ACCOUNTABILITY_1
803,raw_q30_LAWFULNESS_FAIRNESS_TRANSPARENCY_PURPOSE_LIMITATION_STORAGE_LIMITATION_ACCOUNTABILITY
804,raw_q30_LAWFULNESS_FAIRNESS_TRANSPARENCY_SECURITY_1
805,raw_q36_Defendant_installed_video_surveillance_cameras_capturing_images_of_common_areas_and_neighbors_private_spaces_without_authorization_violating_data_minimization_principle_by_collecting_excessive_personal_data_beyond_what_was_necessary_for_security_purposes
806,raw_q36_Defendant_installed_video_surveillance_cameras_in_common_areas_without_legal_basis_under_Article_6_1_and_failed_to_provide_required_information_under_Article_13_violating_principles_of_lawfulness_and_transparency
807,raw_q36_Defendant_installed_video_surveillance_cameras_that_excessively_recorded_public_space_without_proper_signage_violating_data_minimization_and_transparency_principles
808,raw_q36_The_defendant_repeatedly_disclosed_lists_of_debtors_by_apartment_number_via_email_and_on_a_bulletin_board_violating_confidentiality_under_Article_5_1_f_GDPR_as_this_was_not_done_under_the_specific_circumstances_permitted_by_the_Horizontal_Property_Law
809,raw_q36_The_defendant_violated_Article_32_by_failing_to_implement_adequate_technical_and_organizational_measures_to_ensure_security_leading_to_unauthorized_disclosure_of_personal_data_via_WhatsApp
810,raw_q36_The_defendant_violated_Article_32_GDPR_by_failing_to_implement_adequate_security_measures_leading_to_unauthorized_access_and_transmission_of_health_data_via_email_scanning_and_sharing
811,raw_q36_The_defendant_violated_Article_25_1_and_Article_32_1_b_d_and_2_by_failing_to_implement_adequate_technical_and_organizational_measures_for_data_security_leading_to_unauthorized_disclosure_of_personal_data
812,raw_q36_The_defendant_violated_Article_15_GDPR_by_failing_to_respond_to_a_data_subject_access_request_within_the_required_timeframe_taking_nearly_four_months_instead_of_one_month_to_provide_the_requested_information
813,raw_q36_The_defendant_violated_Article_12_and_15_by_failing_to_provide_complete_access_to_personal_data_and_necessary_information_and_not_facilitating_the_exercise_of_data_subject_rights
814,raw_q36_The_defendant_responded_to_the_data_subject_s_access_and_deletion_requests_providing_information_and_reasonably_denying_deletion_based_on_an_outstanding_enforceable_debt_thus_no_violations_of_Articles_5_or_6_were_found
815,raw_q36_The_defendant_published_personal_data_online_without_a_lawful_basis_violating_principles_of_lawfulness_fairness_transparency_and_security
816,raw_q36_The_defendant_violated_Article_32_security_obligations_by_failing_to_ensure_employees_only_process_personal_data_at_the_operator_s_request_leading_to_unauthorized_access_and_disclosure
817,raw_q36_The_defendant_published_lists_of_debtor_and_non_debtor_owners_on_community_bulletin_boards_including_personal_data_violating_Article_5_1_f_GDPR_due_to_inadequate_security_measures_exposing_data_to_unauthorized_viewing
818,raw_q36_The_defendant_processed_voice_data_without_a_lawful_basis_under_Article_6_GDPR_as_recording_conversations_for_labor_control_was_found_disproportionate_and_not_justified_by_legitimate_interests_violating_the_lawfulness_principle
819,raw_q36_The_defendant_processed_personal_data_without_proper_identity_verification_and_adequate_security_measures_violating_Article_32_2_GDPR_by_failing_to_implement_appropriate_technical_and_organizational_measures
820,raw_q36_The_defendant_processed_personal_data_without_consent_violating_Article_6_1_a_GDPR_and_failed_to_provide_clear_cookie_information_and_rejection_mechanisms
821,raw_q36_The_defendant_processed_personal_data_without_a_valid_legal_basis_under_Article_6_relying_incorrectly_on_contract_execution_The_security_protocol_under_Article_32_was_inadequate_as_it_failed_to_verify_proper_representation
822,raw_q36_The_defendant_processed_inaccurate_personal_data_by_associating_a_personal_shipment_with_a_company_account_issuing_an_invoice_to_the_company_containing_the_claimant_s_personal_data_violating_Article_5_1_d_accuracy_principle
823,raw_q36_The_defendant_violated_Article_32_by_failing_to_implement_adequate_technical_and_organizational_security_measures_leading_to_unauthorized_disclosure_of_personal_data_via_email
824,raw_q36_The_defendant_violated_Article_32_1_GDPR_by_failing_to_implement_appropriate_security_measures_for_its_merge_customer_process_allowing_unauthorized_access_to_purchase_and_return_history_through_publicly_available_information
825,raw_q36_The_decision_focuses_solely_on_violations_of_cooperation_obligations_with_the_DPA_under_Articles_31_and_58_1_e_of_the_GDPR_not_on_substantive_processing_principles_or_legal_bases
826,raw_q36_The_defendant_violated_Article_5_1_f_GDPR_by_failing_to_implement_appropriate_technical_and_organizational_measures_to_ensure_security_and_confidentiality_leading_to_a_cyberattack_breach_exposing_health_data_of_2_622_patients
827,raw_q36_The_defendant_violated_Article_5_1_f_integrity_and_confidentiality_by_publicly_displaying_the_claimant_s_personal_data_name_surname_and_debt_amount_on_a_community_notice_board_without_adequate_security_measures
828,raw_q36_The_defendant_violated_Article_5_1_f_GDPR_by_sending_emails_without_using_blind_copy_disseminating_recipients_email_addresses_and_sometimes_names_surnames_failing_to_ensure_confidentiality
829,raw_q36_The_defendant_violated_Article_5_1_f_GDPR_by_failing_to_ensure_confidentiality_resulting_in_unauthorized_disclosure_of_complainant_s_personal_data_name_address_phone_number_on_a_package_label_delivered_to_a_third_party
830,raw_q36_The_defendant_violated_Article_5_1_c_GDPR_by_publishing_an_individual_s_image_and_voice_without_anonymization_which_was_deemed_unnecessary_for_the_journalistic_purpose_The_DPA_found_the_processing_excessive_and_not_justified_by_legitimate_interests_balancing
831,raw_q36_The_defendant_violated_Article_5_1_c_GDPR_by_collecting_excessive_personal_data_photocopy_of_ID_beyond_what_was_necessary_for_age_verification_They_also_violated_Article_13_GDPR_by_providing_outdated_privacy_information_and_insufficient_details_about_data_processing
832,raw_q36_The_defendant_violated_Article_5_1_a_GDPR_by_using_dark_patterns_overloading_and_hiding_in_cookie_consent_interfaces_making_consent_not_freely_given_specific_or_informed_They_also_violated_Article_13_GDPR_by_failing_to_provide_clear_information_on_purposes_legal_bases_legitimate_interests_of_third_parties_and_international_data_transfers_in_their_privacy_policy
833,raw_q36_The_defendant_violated_Article_5_1_f_security_principle_by_disclosing_land_register_numbers_No_lawful_basis_under_Article_6_was_established_for_this_processing
834,raw_q36_The_defendant_violated_Article_32_1_GDPR_by_failing_to_implement_adequate_security_measures_leading_to_an_incident_where_data_of_one_daughter_was_provided_when_information_about_another_daughter_was_requested_without_proper_identity_verification
835,raw_q36_The_defendant_violated_Article_5_1_f_and_Article_32_1_by_failing_to_ensure_adequate_security_of_personal_data_including_protection_against_unauthorized_access_across_multiple_subsystems_of_the_School_Platform
836,raw_q36_The_defendant_violated_Article_5_1_f_GDPR_by_failing_to_implement_adequate_security_measures_leading_to_unauthorized_access_and_data_breach_affecting_40_individuals
837,raw_q36_The_defendant_violated_Article_5_1_f_GDPR_by_failing_to_ensure_appropriate_security_of_personal_data_including_lack_of_multi_factor_authentication_inadequate_patch_management_and_failure_to_encrypt_data_which_rendered_systems_vulnerable_to_a_ransomware_attack
838,raw_q36_The_defendant_violated_Article_5_security_and_accountability_principles_by_failing_to_properly_respond_to_data_subject_access_requests_within_the_required_timeframe_and_not_cooperating_fully_with_the_DPA_investigation
839,raw_q36_The_defendant_violated_Article_32_1_GDPR_by_failing_to_implement_adequate_technical_and_organizational_security_measures_leading_to_unauthorized_access_to_personal_data_The_breach_involved_external_cyberattack_and_inadequate_protection_of_customer_bank_card_information
840,raw_q36_The_defendant_violated_Article_32_1_GDPR_by_failing_to_implement_adequate_security_measures_resulting_in_the_abandonment_of_confidential_medical_data_of_workers_in_a_public_area_compromising_data_integrity_and_confidentiality
841,raw_q36_The_defendant_processed_employee_data_via_audio_video_surveillance_without_proving_compliance_with_any_legal_basis_under_Article_6_1_and_violated_the_principle_of_lawfulness_fairness_and_transparency_under_Article_5_1_a
842,raw_q36_The_defendant_processed_biometric_data_without_a_valid_legal_basis_under_Article_9_violating_lawfulness_principles_They_also_failed_to_provide_adequate_information_to_data_subjects_and_lacked_proper_contracts_with_processors
843,raw_q36_The_defendant_processed_biometric_data_without_a_valid_legal_basis_under_Article_9_GDPR_and_violated_the_principle_of_lawfulness_under_Article_5_1_a_by_using_fingerprint_recognition_for_time_control_without_proper_authorization
844,raw_q36_The_defendant_disclosed_personal_and_health_data_of_a_former_employee_to_a_third_party_without_a_legal_basis_violating_principles_of_lawfulness_purpose_limitation_security_and_accountability
845,raw_q36_The_defendant_failed_to_cooperate_with_the_DPA_by_not_providing_requested_information_necessary_for_the_investigation_violating_accountability_under_Article_5
846,raw_q36_The_defendant_failed_to_conduct_required_needs_and_risk_analyses_before_granting_access_permissions_and_did_not_restrict_user_access_to_only_what_was_necessary_for_their_duties_violating_security_and_accountability_principles_under_Article_5_1_f_and_5_2
847,raw_q36_The_defendant_failed_to_comply_with_a_prior_resolution_ordering_compliance_with_a_data_subject_s_access_right_constituting_a_violation_of_Article_58_2_GDPR
848,raw_q36_The_defendant_failed_to_adequately_inform_workers_about_the_processing_of_biometric_data_for_time_control_violating_Article_13_GDPR_by_not_providing_complete_clear_and_concise_information_at_the_time_of_data_collection
849,raw_q36_The_defendant_failed_to_adapt_its_privacy_policy_to_GDPR_requirements_and_lacked_a_Data_Protection_Officer_until_after_the_procedure_began_violating_transparency_and_accountability_principles
850,raw_q36_The_defendant_disclosed_personal_data_including_ethnic_origin_without_legal_basis_and_failed_to_implement_adequate_security_measures_for_video_surveillance_data
851,raw_q36_The_decision_provides_a_non_binding_opinion_on_drone_use_jurisdiction_clarifying_the_Information_Commissioner_s_role_in_monitoring_data_protection_compliance_and_impact_assessments_with_no_findings_of_violations
852,raw_q36_The_defendant_processed_a_minor_s_image_without_parental_consent_violating_Article_6_1_a_GDPR_No_lawful_basis_for_processing_was_established
853,raw_q36_The_decision_provides_a_non_binding_opinion_clarifying_the_right_to_access_personal_data_under_Article_15_GDPR_and_applicable_Slovenian_laws_particularly_for_police_data_processing_under_national_security_exemptions
854,raw_q36_The_decision_identifies_violations_of_Article_5_1_f_on_integrity_and_confidentiality_and_Article_5_2_on_accountability_due_to_failure_to_implement_appropriate_technical_and_organizational_measures_Processing_was_based_on_contract_performance_and_legal_obligations_under_telecommunications_law_with_no_issues_in_legal_basis_but_deficiencies_in_security_implementation_leading_to_a_data_breach
855,raw_q36_The_decision_found_violations_of_Article_32_1_b_32_2_and_32_4_GDPR_due_to_inadequate_technical_and_organizational_measures_ensuring_employees_process_data_only_on_instructions_leading_to_unauthorized_access_and_disclosure_of_five_passengers_data_No_Article_5_or_6_principles_beyond_security_were_discussed
856,raw_q36_The_decision_found_no_violation_of_Article_5_or_6_principles_as_the_defendant_ultimately_complied_with_the_erasure_request_during_proceedings
857,raw_q36_The_decision_found_no_GDPR_violations_it_focused_on_LSSI_compliance_regarding_cookies_concluding_the_website_s_cookie_policy_was_not_contradictory_to_Article_22_2_LSSI_after_verification
858,raw_q36_The_decision_found_a_violation_of_Article_5_1_f_security_principle_due_to_inadequate_technical_and_organizational_measures_No_Article_6_legal_bases_were_discussed
859,raw_q36_The_defendant_failed_to_implement_adequate_security_measures_using_HTTP_instead_of_HTTPS_and_did_not_provide_proper_privacy_information_compliant_with_GDPR_Article_13_referencing_outdated_legislation
860,raw_q36_The_defendant_failed_to_implement_appropriate_technical_and_organizational_measures_to_ensure_security_of_sensitive_personal_data_sent_via_email_violating_Article_32_1_GDPR
861,raw_q36_The_defendant_failed_to_properly_define_its_role_as_a_joint_controller_with_service_users_violating_accountability_principles_under_Article_5_2_GDPR_by_not_establishing_a_transparent_agreement_as_required_by_Article_26
862,raw_q36_The_defendant_failed_to_properly_respond_to_a_data_subject_s_access_request_regarding_recordings_from_a_job_selection_process_violating_Article_15_GDPR_by_not_providing_the_data_or_a_valid_refusal
863,raw_q36_The_defendant_failed_to_provide_a_complete_and_adequate_response_to_the_data_subject_s_access_request_violating_the_accountability_principle_under_Article_5_2_GDPR_by_not_fully_complying_with_Article_15_access_rights
864,raw_q36_The_defendant_failed_to_provide_complete_information_required_by_Article_13_GDPR_at_the_time_of_data_collection_and_did_not_implement_appropriate_technical_and_organizational_measures_to_ensure_confidentiality_violating_Articles_13_and_25_1_GDPR
865,raw_q36_The_defendant_failed_to_provide_necessary_information_to_the_claimant_when_scanning_their_ID_for_money_laundering_compliance_violating_Article_13_GDPR_by_not_informing_about_the_legal_basis_and_purpose_immediately
866,raw_q36_The_defendant_failed_to_provide_requested_information_to_the_DPA_during_an_investigation_into_unsolicited_SMS_complaints_violating_Article_58_1_obligations
867,raw_q36_The_defendant_failed_to_respond_to_a_data_subject_s_access_request_within_the_legal_timeframe_but_eventually_provided_the_required_information_during_the_procedure_restoring_the_data_subject_s_rights
868,raw_q36_The_defendant_failed_to_respond_to_a_data_subject_s_erasure_request_within_the_required_timeframe_and_did_not_provide_proof_of_addressing_the_request_properly
869,raw_q36_The_defendant_failed_to_respond_to_information_requests_from_the_DPA_violating_Article_58_1_GDPR_investigative_powers
870,raw_q36_The_defendant_failed_to_respond_to_information_requests_from_the_Spanish_DPA_violating_Article_58_1_GDPR_investigative_powers_not_Articles_5_or_6
871,raw_q36_The_defendant_failed_to_respond_to_repeated_access_requests_and_did_not_cooperate_with_the_DPA_s_investigation_violating_accountability_principles_under_Article_5
872,raw_q36_The_defendant_implemented_a_biometric_fingerprint_system_for_stadium_access_without_necessity_proportionality_or_valid_legal_basis_violating_data_minimization_and_processing_principles_Failures_included_lack_of_prior_DPIA_invalid_consent_and_inadequate_information_to_data_subjects
873,raw_q36_The_defendant_installed_a_video_surveillance_camera_capturing_images_of_third_parties_in_a_transit_area_without_justification_violating_the_data_minimization_principle_under_Article_5_1_c_GDPR_by_processing_data_beyond_what_is_necessary
874,raw_q36_The_defendant_installed_audio_recording_microphones_in_workplace_areas_including_an_office_and_dining_area_without_legitimate_basis_under_Article_6_GDPR_violating_lawfulness_principle_as_recording_conversations_was_disproportionate_and_intrusive_for_security_and_labor_control_purposes
875,raw_q36_The_defendant_made_an_unsolicited_commercial_call_to_a_data_subject_registered_on_the_Robinson_list_without_proper_legal_basis_violating_the_right_to_object_under_Article_21_GDPR_and_national_telecommunications_law
876,raw_q36_The_defendant_violated_Article_5_1_f_GDPR_by_disclosing_a_claimant_s_loan_amortization_table_to_a_third_party_breaching_confidentiality_No_Article_6_legal_basis_was_discussed_as_the_processing_was_unauthorized
877,raw_q36_The_defendant_violated_Article_5_1_f_GDPR_by_failing_to_ensure_adequate_security_leading_to_a_confidentiality_breach_and_violated_Article_32_GDPR_by_not_implementing_appropriate_technical_and_organizational_security_measures_to_prevent_the_cyberattack
878,raw_q36_The_defendant_violated_Article_5_1_f_GDPR_by_failing_to_ensure_adequate_security_of_personal_data_leading_to_unauthorized_exposure_of_identification_data_through_a_programming_error_in_the_vaccination_appointment_system
879,raw_q36_Violations_of_lawfulness_fairness_transparency_purpose_limitation_and_security_principles_due_to_lack_of_valid_consent_for_marketing_SMS_and_failure_to_honor_deletion_objection_requests
880,raw_q37_100000
881,raw_q37_10000
882,raw_q37_1000
883,raw_q37_0
884,raw_q36_Website_lacked_proper_privacy_policy_referencing_outdated_law_and_collected_personal_data_without_proper_legal_basis_or_information_to_users_Personal_image_was_published_without_consent_or_other_legitimization
885,raw_q36_Vodafone_violated_Article_5_1_f_GDPR_by_failing_to_ensure_adequate_security_of_personal_data_resulting_in_a_confidentiality_breach_where_a_customer_s_invoice_was_sent_to_a_neighbor_s_address_with_mixed_personal_details
886,raw_q36_Violations_of_Article_5_1_d_and_f_and_2_for_inaccurate_data_processing_and_inadequate_security_and_Article_17_for_failure_to_comply_with_erasure_requests
887,raw_q36_Violation_of_Article_32_4_due_to_inadequate_security_measures_leading_to_unauthorized_data_disclosure_violation_of_Article_34_for_failing_to_notify_data_subjects_of_the_breach
888,raw_q36_Violations_of_Article_32_security_requirements_found_due_to_lack_of_MFA_and_inadequate_organizational_measures_for_cloud_server_protection_leading_to_data_breach_exposing_sensitive_criminal_and_special_category_data
889,raw_q36_Violations_found_in_data_subject_rights_handling_under_Articles_12_15_and_17_but_no_Article_5_or_6_principles_were_discussed_or_violated
890,raw_q36_Violation_of_lawful_processing_and_security_principles_no_valid_consent_obtained_for_filming_and_posting_patient_data_online
891,raw_q36_Violation_of_confidentiality_and_accountability_principles_due_to_inadequate_security_measures_specifically_failure_to_implement_regular_testing_and_validation_in_IT_systems_leading_to_unauthorized_access
892,raw_q36_Violation_of_Article_83_5_e_for_failure_to_communicate_requested_information_to_the_DPA_no_specific_Article_5_or_6_principles_discussed
893,raw_q36_Violation_of_Article_5_1_f_security_principle_due_to_inadequate_technical_and_organizational_measures_leading_to_unauthorized_access_and_loss_of_data_integrity_and_confidentiality
894,raw_q37_11000
895,raw_q37_1200
896,raw_q37_12000
897,raw_q37_120000
898,raw_q37_1200000
899,raw_q37_1250000
900,raw_q37_1350000
901,raw_q37_150
902,raw_q37_1500
903,raw_q37_15000
904,raw_q37_150000
905,raw_q37_1599395
906,raw_q37_1600
907,raw_q37_16000
908,raw_q37_1600000
909,raw_q37_17000
910,raw_q37_1800
911,raw_q36_Violation_of_Article_5_f_security_principle_and_Article_32_due_to_insufficient_technical_and_organizational_measures_leading_to_unauthorized_disclosure_of_personal_data_via_email_and_social_media
912,raw_q36_Violation_of_Article_32_1_b_and_2_GDPR_due_to_inadequate_security_measures_leading_to_unauthorized_disclosure_of_personal_data_including_children_s_data_in_a_contest_platform
913,raw_q36_The_defendant_violated_Article_5_1_f_GDPR_by_improperly_disseminating_personal_data_through_WhatsApp_breaching_confidentiality_They_also_violated_Article_32_GDPR_by_lacking_adequate_security_measures_to_prevent_unauthorized_disclosure
914,raw_q36_The_defendant_violated_the_security_principle_under_Article_5_1_f_by_failing_to_prevent_unauthorized_access_to_personal_data_through_a_technical_failure_in_their_customer_portal
915,raw_q36_The_operator_failed_to_implement_adequate_technical_and_organizational_measures_to_ensure_data_security_violating_Article_32_1_b_and_d_and_2_GDPR
916,raw_q36_The_entity_violated_Article_5_1_c_GDPR_by_scanning_clients_full_DNI_documents_during_check_in_as_this_exceeds_the_data_minimization_principle_Only_specific_data_fields_from_the_ID_are_required_for_legal_registration_obligations_under_Organic_Law_4_2015
917,raw_q36_The_defendant_s_video_surveillance_was_found_to_violate_purpose_limitation_and_data_minimization_principles_as_cameras_recorded_beyond_necessary_areas_like_the_entire_bar_and_terrace_not_just_specific_high_value_property_areas_and_lacked_a_valid_legal_basis_under_legitimate_interests_for_such_broad_recording
918,raw_q52_The_fine_of_460_000_EUR_was_set_under_Article_83_5_a_for_violations_of_basic_processing_principles_in_Article_5_considering_the_high_gravity_number_of_affected_persons_over_114_000_gross_negligence_and_long_duration_as_aggravating_factors_Mitigating_factors_included_full_cooperation_quick_remedial_actions_like_system_fixes_and_ISO_certifications_The_amount_is_proportionate_to_the_company_s_revenues_and_below_statutory_caps_to_ensure_effectiveness_without_financial_distress
919,raw_q36_The_defendant_s_camera_system_disproportionately_captured_images_of_public_space_violating_the_data_minimization_principle_under_Article_5_1_c_GDPR_by_collecting_excessive_personal_data_without_justification
920,raw_q36_The_defendant_was_accused_of_processing_personal_data_image_and_voice_without_consent_but_the_appeal_was_upheld_due_to_lack_of_evidence_proving_authorship_of_the_alleged_violation
921,raw_q36_The_defendant_violated_accountability_principles_by_failing_to_respond_to_the_DPA_s_information_requests_and_not_complying_with_a_remedial_order
922,raw_q36_Violation_of_Article_32_security_obligations_due_to_inadequate_technical_and_organizational_measures_specifically_failure_to_test_configuration_changes_and_ensure_confidentiality_integrity_and_resilience_of_processing_systems
923,raw_q36_The_defendant_violated_GDPR_Article_28_by_subcontracting_without_proper_contracts_and_authorizations_failing_to_ensure_sufficient_guarantees_for_data_processing_security_and_accountability
924,raw_q36_The_defendant_violated_Articles_5_1_f_and_32_1_by_sending_sensitive_health_data_unencrypted_via_email_and_storing_it_in_Outlook_failing_to_implement_appropriate_technical_and_organizational_security_measures
925,raw_q36_The_defendant_violated_Articles_12_and_13_by_failing_to_provide_complete_and_accurate_information_about_data_processing_and_imposing_excessive_conditions_for_exercising_data_subject_rights
926,raw_q36_The_defendant_violated_Article_5_1_f_by_failing_to_ensure_confidentiality_of_health_data_body_temperature_as_the_measurement_result_was_visible_to_unauthorized_third_parties_in_the_clinic_s_waiting_reception_area_The_processing_was_based_on_legal_obligation_for_health_safety_during_COVID_19
927,raw_q36_The_defendant_violated_Article_5_1_f_GDPR_by_sending_individualized_heating_consumption_data_to_all_community_members_via_email_resulting_in_loss_of_confidentiality_The_claimed_legitimate_interest_basis_was_insufficient_as_data_subject_interests_prevailed
928,raw_q36_The_defendant_violated_Article_5_1_f_GDPR_by_publicly_displaying_meeting_minutes_containing_personal_data_names_surnames_addresses_debts_in_a_building_display_case_for_an_excessive_duration_failing_to_ensure_adequate_security_and_confidentiality
929,raw_q36_The_operator_failed_to_implement_appropriate_technical_and_organizational_security_measures_leading_to_unauthorized_disclosure_of_personal_data_following_a_cyber_attack
930,raw_q36_The_opinion_clarifies_that_employers_may_process_employee_sick_leave_data_under_Article_6_1_c_based_on_Employment_Relationships_Act_obligations_but_diagnosis_data_requires_specific_legal_basis_and_doctors_are_not_obliged_to_provide_information_to_employers_or_detectives
931,raw_q36_The_opinion_discusses_mandatory_employee_participation_in_video_recording_for_marketing_purposes_concluding_consent_is_required_but_unlikely_valid_due_to_power_imbalance_and_mandatory_nature_Legal_bases_under_employment_law_are_limited_to_rights_obligations_arising_from_employment_relationship
932,raw_q36_The_opinion_discusses_potential_issues_with_legal_basis_for_processing_health_data_emphasizing_that_consent_in_employment_relationships_is_problematic_due_to_power_imbalance_and_that_purpose_limitation_and_data_minimization_principles_must_be_observed
933,raw_q36_The_opinion_discusses_whether_handwritten_signatures_constitute_personal_data_and_examines_potential_legal_bases_for_disclosure_but_does_not_determine_violations_as_it_is_a_non_binding_opinion_outside_an_inspection_procedure
934,raw_q36_The_privacy_policy_complies_with_Article_13_GDPR_requirements_for_information_provision_The_cookie_policy_violates_LSSI_Article_22_2_due_to_lack_of_easy_rejection_mechanism_for_all_cookies
935,raw_q36_The_school_failed_to_ensure_appropriate_security_of_personal_data_including_special_category_data_due_to_inadequate_policies_and_procedures_leading_to_unauthorized_disclosure_in_a_classroom_environment
936,raw_q36_Ticketmaster_failed_to_ensure_appropriate_security_of_personal_data_by_not_implementing_adequate_technical_and_organizational_measures_to_protect_against_unauthorized_processing_specifically_by_including_a_third_party_chat_bot_on_payment_pages_without_sufficient_security_controls
937,raw_q36_Trygg_Hansa_violated_Article_5_1f_and_32_1_by_failing_to_implement_appropriate_security_measures_allowing_unauthorized_access_to_sensitive_customer_data_over_an_extended_period
938,raw_q36_UNCLEAR
939,raw_q36_Unauthorized_disclosure_of_personal_data_by_publishing_termination_decisions_online_without_legal_basis_Violation_of_lawfulness_fairness_transparency_security_and_accountability_principles
940,raw_q36_Violation_of_Article_12_3_for_failing_to_inform_complainant_of_deletion_outcome_without_undue_delay_no_violation_of_Article_17_deletion_obligation_found
941,raw_q36_Violation_of_Article_12_3_for_failing_to_respond_timely_to_data_subject_s_erasure_request_under_Article_17_No_other_Article_5_or_6_principles_discussed
942,raw_q36_Violation_of_Article_13_1_a_GDPR_for_not_displaying_operator_identity_information_on_website_Violation_of_national_law_for_installing_cookies_without_consent
943,raw_q36_Violation_of_Article_32_due_to_inadequate_technical_and_organizational_measures_for_security_leading_to_unauthorized_access_and_data_deletion_from_a_cyber_attack
944,raw_q36_Violation_of_Article_32_security_obligations_due_to_inadequate_technical_and_organizational_measures_including_failure_to_ensure_authorized_personnel_only_process_data_upon_request
945,raw_q36_Violation_of_Article_32_security_obligations_due_to_inadequate_technical_and_organizational_measures_leading_to_unauthorized_disclosure_access_of_personal_data
946,raw_q36_The_decision_found_a_violation_of_Article_12_3_regarding_timely_response_to_access_requests_but_did_not_discuss_Article_5_principles_or_Article_6_legal_bases
947,raw_q36_The_decision_focuses_on_violation_of_Article_37_GDPR_regarding_DPO_appointment_not_on_Articles_5_or_6_principles_or_legal_bases
948,raw_q36_Defendant_lacked_consent_mechanism_for_data_processing_and_failed_to_provide_adequate_privacy_policy_information_as_required_by_Articles_6_and_13_GDPR
949,raw_q36_Defendant_unlawfully_published_claimant_s_home_address_on_Twitter_without_legal_basis_violating_confidentiality_and_lawfulness_principles
950,raw_q36_Defendant_violated_Article_28_2_GDPR_by_failing_to_inform_the_data_controller_of_subcontractor_changes_despite_prior_general_authorization_specifically_for_contracts_signed_post_GDPR_implementation
951,raw_q36_Defendant_violated_Article_14_GDPR_by_failing_to_provide_complete_information_to_data_subjects_when_obtaining_data_from_third_parties_though_processing_was_deemed_lawful_under_legitimate_interests
952,raw_q36_Defendant_violated_Article_13_GDPR_by_lacking_a_privacy_policy_on_its_website_failing_to_provide_required_information_to_data_subjects_Also_violated_LSSI_Article_22_2_by_not_having_a_cookies_policy_or_obtaining_consent_for_cookies
953,raw_q36_Defendant_violated_Article_12_by_requiring_excessive_identity_verification_copy_of_ID_and_signature_via_post_for_deletion_requests_failing_to_facilitate_data_subject_rights_and_ensure_appropriate_security
954,raw_q36_Defendant_used_claimant_s_wedding_photo_for_advertising_without_consent_violating_Article_6_GDPR_by_lacking_lawful_basis_for_processing
955,raw_q36_Defendant_used_claimant_s_images_without_ownership_to_create_fake_profiles_on_Tinder_and_WhatsApp_for_deceptive_purposes_violating_Article_5_1_a_GDPR_lawfulness_principle
956,raw_q36_Defendant_unlawfully_processed_personal_data_by_including_claimant_s_data_in_credit_information_system_without_legal_basis_as_the_debt_was_not_true_overdue_or_enforceable_violating_Article_6_1_GDPR
957,raw_q36_Defendant_violated_Article_5_1_f_security_principle_by_failing_to_ensure_proper_technical_measures_for_data_deletion_Consent_withdrawal_was_not_fully_honored_due_to_technical_issues_with_third_party_platforms
958,raw_q36_Defendant_transferred_personal_data_to_a_third_party_without_any_legal_basis_violating_Article_6_1_GDPR
959,raw_q36_Defendant_sent_unsolicited_marketing_texts_without_valid_consent_bundling_consent_with_service_requirements_and_failing_to_provide_specific_informed_choices
960,raw_q36_Defendant_sent_employee_ID_copies_without_legal_basis_violating_lawfulness_and_transparency_failed_to_ensure_security_leading_to_unauthorized_data_disclosure_via_employee_actions
961,raw_q36_Defendant_required_users_to_upload_scanned_copies_of_ID_documents_for_identity_verification_violating_data_minimization_principle_as_less_intrusive_alternatives_exist
962,raw_q36_Defendant_required_consent_for_advertising_and_image_processing_as_condition_for_event_attendance_violating_Article_7_4_GDPR_by_bundling_consent_with_contract_performance
963,raw_q36_Defendant_required_consent_for_TGSS_data_verification_via_non_negotiable_clause_in_account_opening_process_violating_GDPR_consent_requirements_legal_obligation_basis_was_insufficient_as_AML_regulations_did_not_mandate_TGSS_verification_specifically
964,raw_q36_Defendant_violated_Article_32_GDPR_by_sending_an_email_without_blind_copy_to_multiple_recipients_exposing_personal_data_Also_violated_Article_5_1_f_GDPR_principle_of_integrity_and_confidentiality
965,raw_q36_Defendant_violated_Article_5_1_f_GDPR_by_failing_to_ensure_adequate_security_resulting_in_a_third_party_receiving_the_claimant_s_invoice_containing_personal_data
966,raw_q36_The_decision_focuses_on_jurisdictional_issues_regarding_cross_border_processing_and_the_identification_of_the_lead_supervisory_authority_not_substantive_Article_5_6_violations
967,raw_q36_Defendant_violated_GDPR_by_failing_to_ensure_processors_provided_sufficient_guarantees_implement_proper_technical_organizational_measures_and_conduct_adequate_oversight_of_marketing_data_processing_activities
968,raw_q36_Defendant_violated_data_minimization_principle_by_disclosing_excessive_health_and_email_data_to_a_public_entity_for_defense_purposes_exceeding_what_was_necessary
969,raw_q36_Defendant_violated_data_minimization_principle_by_collecting_unnecessary_personal_data_and_violated_Article_9_1_GDPR_by_processing_special_category_data_without_legal_basis
970,raw_q36_Defendant_violated_data_minimization_principle_by_collecting_excessive_ID_copies_and_failed_to_provide_adequate_information_under_Article_13_GDPR
971,raw_q36_Defendant_violated_data_minimization_and_storage_limitation_by_excessively_collecting_and_storing_personal_data_including_scanned_documents_beyond_necessity_failed_to_properly_manage_erasure_requests_and_provide_adequate_responses
972,raw_q36_Defendant_violated_confidentiality_principle_by_publishing_student_parent_lists_on_school_facade_visible_from_outside_and_on_unrestricted_website_failing_to_implement_adequate_security_measures_to_prevent_indiscriminate_access_by_non_interested_third_parties
973,raw_q36_Defendant_violated_accuracy_principle_by_maintaining_incorrect_address_data_and_failed_to_comply_with_data_erasure_request_under_Article_17
974,raw_q36_Defendant_violated_Article_5_1_f_integrity_and_confidentiality_principle_by_transferring_claimant_s_data_to_a_neighbor_without_consent_and_violated_Article_32_by_failing_to_implement_adequate_security_measures
975,raw_q36_Defendant_violated_Article_5_1_c_GDPR_by_processing_excessive_personal_data_beyond_what_was_necessary_for_the_purpose_specifically_sending_an_email_attachment_containing_unnecessary_data_like_phone_numbers_emails_and_addresses_to_all_participants_in_a_solar_energy_project
976,raw_q36_Defendant_violated_Article_5_1_f_GDPR_security_principle_by_improper_configuration_allowing_unauthorized_access_to_health_data_and_failing_to_conduct_required_risk_analysis_and_impact_assessment
977,raw_q36_Defendant_violated_Article_5_1_f_GDPR_by_sending_electoral_roll_containing_personal_data_via_email_to_multiple_recipients_without_adequate_security_measures_compromising_data_confidentiality_and_integrity
978,raw_q36_Defendant_violated_Article_5_1_f_GDPR_by_publicly_exposing_personal_data_on_a_notice_board_failing_to_ensure_confidentiality_and_security_of_data
979,raw_q36_Defendant_violated_Article_5_1_f_GDPR_by_failing_to_ensure_confidentiality_of_personal_data_in_a_mediation_report_and_Article_32_GDPR_by_lacking_appropriate_security_measures_to_prevent_unauthorized_disclosure
980,raw_q36_Defendant_violated_Article_5_1_d_GDPR_by_sending_a_contract_containing_inaccurate_personal_data_claimant_s_new_address_to_the_claimant_s_old_address_due_to_a_failure_to_update_customer_records
981,raw_q36_Defendant_violated_Article_5_1_c_GDPR_by_publishing_voices_of_minors_in_a_news_video_without_distortion_failing_data_minimization_principle_The_balancing_test_favored_data_subject_interests_over_legitimate_interests_due_to_minors_vulnerability_and_availability_of_less_intrusive_alternatives
982,raw_q36_Defendant_relied_on_invalid_consent_via_entrance_poster_consent_was_not_informed_specific_free_or_unequivocal_as_required_by_GDPR_violating_Articles_6_1_and_7
983,raw_q36_Defendant_relied_on_invalid_consent_for_data_verification_with_TGSS_consent_was_not_freely_given_specific_or_informed_violating_Article_6_1_GDPR
984,raw_q36_Defendant_recorded_and_disseminated_images_of_a_minor_being_attacked_without_any_legal_basis_under_Article_6_GDPR_violating_the_principle_of_lawfulness
985,raw_q36_Defendant_processed_claimant_s_personal_data_without_legal_basis_due_to_identity_theft_in_service_contracting_violating_Article_6_1_GDPR
986,raw_q36_Defendant_processed_complainant_s_personal_data_for_advertising_without_legal_basis_violating_Article_6_1_GDPR_by_lacking_consent_or_other_lawful_grounds
987,raw_q36_Defendant_processed_complainant_s_personal_data_by_forging_signatures_on_consent_documents_for_commercial_purposes_and_profiling_violating_Article_6_1_GDPR_lawfulness_principle
988,raw_q36_Defendant_processed_complainant_s_data_without_legal_basis_failed_to_prove_consent_or_contract_for_January_2022_processing_after_complainant_had_withdrawn_from_services
989,raw_q36_Defendant_processed_complainant_s_bank_data_without_legal_basis_charging_fees_without_consent_after_employment_ended_violating_Article_6_1_GDPR
990,raw_q36_Defendant_processed_claimant_s_personal_data_without_valid_consent_for_mobile_line_and_bank_details_failing_to_prove_legitimacy_for_change_of_ownership_and_direct_debit_authorization
991,raw_q36_Defendant_processed_claimant_s_personal_data_without_legal_basis_under_Article_6_1_GDPR_as_claimant_did_not_consent_to_or_have_a_contract_for_one_policy_where_they_were_listed_as_policyholder
992,raw_q36_Defendant_processed_claimant_s_personal_data_without_legal_basis_after_identity_theft_led_to_fraudulent_loan_application_failed_to_verify_contractor_identity_or_prove_legitimacy_of_processing
993,raw_q36_Defendant_published_victim_s_voice_recording_without_distortion_violating_data_minimization_principle_by_processing_excessive_personal_data
994,raw_q36_Defendant_processed_claimant_s_personal_data_without_any_legal_basis_sending_electronic_invoice_notifications_after_data_deletion_request_and_previous_sanctions_for_same_conduct_violating_Article_6_1_GDPR
995,raw_q36_Defendant_processed_claimant_s_personal_data_without_any_legal_basis_under_Article_6_1_GDPR_as_the_claimant_was_not_a_customer_and_no_justification_was_provided_for_charging_invoices_to_their_bank_account
996,raw_q36_Defendant_processed_claimant_s_personal_data_without_any_legal_basis_under_Article_6_GDPR_specifically_using_phone_number_for_internal_testing_campaigns_without_consent_or_other_legitimate_grounds
997,raw_q36_Defendant_processed_claimant_s_bank_account_data_without_any_lawful_basis_under_Article_6_GDPR_failed_to_ensure_data_accuracy_and_violated_right_to_erasure_by_not_fully_deleting_unlawfully_processed_data
998,raw_q36_Defendant_processed_biometric_fingerprint_data_without_legal_basis_under_Article_9_GDPR_violating_principles_of_lawfulness_fairness_transparency_security_and_accountability_by_failing_to_conduct_DPIA_or_maintain_RAT
999,raw_q36_Defendant_processed_GPS_data_without_legal_basis_failed_to_inform_data_subject_used_excessive_storage_and_lacked_less_intrusive_alternatives_for_timekeeping_purposes
1000,raw_q36_Defendant_processed_complainant_s_personal_data_without_legal_basis_by_transferring_it_to_Iberdrola_Clientes_due_to_a_salesperson_error_violating_Article_6_GDPR_lawfulness_principle
1001,raw_q36_Defendant_processed_complainant_s_phone_number_in_WhatsApp_group_without_consent_or_any_other_lawful_basis_under_Article_6_GDPR_violating_lawfulness_principle
1002,raw_q36_Defendant_processed_criminal_record_data_without_legal_authorization_under_Article_10_GDPR_relying_on_invalid_consent_and_legitimate_interests_DPA_found_no_legal_basis_justified_the_processing_of_such_sensitive_data
1003,raw_q36_Defendant_processed_health_data_without_valid_legal_basis_under_Article_9_GDPR_relying_incorrectly_on_Regulation_2021_953_and_vital_interests_Also_violated_Article_13_by_failing_to_provide_required_information_to_data_subjects_during_data_collection
1004,raw_q36_Defendant_processed_personal_data_names_and_photographs_without_legal_basis_under_Article_6_GDPR_No_valid_consent_or_legitimate_interests_justification_was_established_for_publishing_identifiable_data_of_three_individuals_in_a_brochure
1005,raw_q36_Defendant_processed_personal_data_without_a_valid_legal_basis_under_Article_6_1_GDPR_specifically_failing_to_satisfy_the_legitimate_interest_test_as_data_subjects_rights_prevailed_over_the_defendant_s_interests
1006,raw_q36_Defendant_processed_personal_data_without_any_legal_basis_under_Article_6_1_GDPR_failing_to_verify_identity_during_fraudulent_mobile_line_contracts
1007,raw_q36_Defendant_processed_personal_data_without_consent_and_failed_to_provide_adequate_privacy_policy_information_violating_Articles_6_and_13_GDPR
1008,raw_q36_Defendant_processed_personal_data_without_lawful_basis_under_Article_6_GDPR_by_issuing_SIM_card_duplicate_without_consent_or_contract_Failed_to_implement_data_protection_by_design_measures_under_Article_25_GDPR_to_prevent_unauthorized_SIM_duplication
1009,raw_q36_Defendant_processed_personal_data_without_legal_basis_after_data_subject_withdrew_consent_and_requested_deletion_violating_Article_6_1_GDPR
1010,raw_q36_Defendant_processed_personal_data_without_legal_basis_by_providing_duplicate_eSIM_to_impersonator_without_verifying_identity_violating_Article_6_1_GDPR
1011,raw_q36_Defendant_processed_personal_data_without_legal_basis_by_sending_marketing_emails_to_a_complainant_registered_on_the_Robinson_list_and_failed_to_respond_to_deletion_requests_violating_Articles_6_and_17_GDPR_The_defendant_also_failed_to_have_proper_contracts_with_insurance_agents_as_required_by_Article_28_GDPR
1012,raw_q36_Defendant_processed_personal_data_without_legal_basis_under_Article_6_GDPR_by_failing_to_verify_identity_during_portability_request_violating_lawfulness_principle
1013,raw_q36_Defendant_processed_personal_data_without_legal_basis_modifying_policyholder_and_account_details_without_consent_or_contract_necessity_violating_Article_6_1_GDPR
1014,raw_q36_Defendant_processed_personal_data_without_valid_consent_specifically_by_executing_a_phone_line_portability_without_the_data_subject_s_unambiguous_consent_due_to_procedural_failure_and_incorrect_verification
1015,raw_q36_Defendant_published_employee_photos_on_website_claiming_consent_but_failed_to_provide_adequate_information_or_obtain_unambiguous_consent_as_required_by_GDPR_Article_6
1016,raw_q36_Defendant_published_personal_data_on_social_media_without_any_lawful_basis_under_Article_6_GDPR_violating_the_principle_of_lawfulness
1017,raw_q36_Defendant_violated_data_minimization_principle_by_publishing_victim_s_identifiable_voice_recording_without_necessity_for_journalistic_purpose_exceeding_limits_of_freedom_of_information
1018,raw_q36_Defendant_violated_data_minimization_principle_by_requiring_excessive_ID_images_for_check_in_Also_failed_to_provide_complete_privacy_information_as_required_by_Article_13
1019,raw_q36_Defendant_violated_data_minimization_principle_by_requiring_travelers_to_provide_full_photograph_copy_of_ID_documents_which_contained_excessive_personal_data_beyond_what_was_legally_required_for_traveler_registration_under_RD_933_2021
1020,raw_q36_The_DPA_found_no_violations_of_Article_5_principles_The_defendant_relied_on_public_task_as_legal_basis_for_traffic_surveillance_drone_operations
1021,raw_q36_The_DPA_found_the_defendant_violated_Article_6_GDPR_by_processing_employee_images_without_a_legal_basis_The_installation_of_a_video_surveillance_camera_in_a_staff_rest_area_was_deemed_disproportionate_and_violated_the_prohibition_in_Article_89_2_LOPDGDD
1022,raw_q36_The_DPA_found_the_defendant_violated_Article_35_by_failing_to_conduct_a_data_protection_impact_assessment_for_biometric_data_processing_The_legal_basis_of_consent_was_invalid_due_to_power_imbalance_in_employment_context
1023,raw_q36_The_DPA_found_that_the_video_surveillance_camera_installation_complied_with_data_minimization_principles_capturing_only_necessary_public_space_for_security_purposes_and_no_violation_of_Article_5_was_established
1024,raw_q36_The_DPA_found_that_the_defendant_was_legitimized_to_process_the_claimant_s_personal_data_based_on_contract_execution_vehicle_purchase_not_consent_and_therefore_no_violation_of_Article_6_occurred
1025,raw_q36_The_DPA_found_that_the_defendant_had_valid_consent_through_a_signed_image_rights_assignment_contract_thus_no_violation_of_Article_6_occurred
1026,raw_q36_The_DPA_found_that_Nordea_complied_with_the_complainant_s_access_request_by_providing_a_transcript_and_edited_audio_file_satisfying_Article_15_requirements_without_violating_data_subject_rights
1027,raw_q36_The_DPA_found_no_violation_of_Article_6_as_Niantic_obtained_consent_through_pop_up_windows_and_provided_accessible_privacy_policies_and_terms_of_service
1028,raw_q36_The_DPA_found_no_GDPR_violations_as_the_claimant_s_access_request_was_deemed_excessive_and_abusive_under_Article_12_5_with_the_defendant_properly_requesting_specification_of_the_request
1029,raw_q36_The_DPA_found_no_violation_of_Article_5_1_c_data_minimization_as_the_cameras_were_limited_to_private_property_with_proper_signage_and_no_evidence_of_public_space_capture
1030,raw_q36_The_DPA_found_no_violation_of_Article_5_principles_Regarding_Article_6_the_defendant_relied_on_legitimate_interests_and_the_balancing_test_concluded_that_legitimate_interests_prevailed_over_the_data_subject_s_rights_due_to_the_public_interest_in_accessing_professional_information
1031,raw_q36_The_DPA_found_no_violation_of_Article_13_as_the_defendant_provided_adequate_information_to_employees_about_the_fingerprint_system_implementation_including_purpose_legal_basis_and_data_protection_details_before_data_collection
1032,raw_q36_The_DPA_found_no_processing_of_personal_data_occurred_as_temperature_measurements_were_not_linked_to_identified_or_identifiable_persons_thus_no_GDPR_principles_were_violated
1033,raw_q36_The_DPA_found_no_evidence_of_infringement_RAE_ceased_Google_Analytics_use_promptly_after_Schrems_II_and_claimed_public_interest_legal_basis_under_Article_6_1_e
1034,raw_q36_The_DPA_found_no_evidence_of_coercion_or_unlawful_processing_data_collection_was_voluntary_informed_and_based_on_consent_and_legal_obligations_for_public_health_purposes
1035,raw_q36_The_DPA_found_violations_of_Article_5_1_a_due_to_unfairness_in_monitoring_employees_changing_in_alarm_stands_without_masking_and_Article_5_1_c_due_to_excessive_24_7_real_time_surveillance_beyond_necessary_purposes_Legal_basis_under_Article_6_1_e_was_upheld_for_public_task_necessity
1036,raw_q36_The_DPA_found_violations_of_data_minimisation_under_Article_5_1_c_due_to_unnecessary_publication_of_sensitive_personal_data_beyond_names_of_public_figures_and_security_under_Article_32_due_to_inadequate_redaction_allowing_easy_access_to_hidden_data_Freedom_of_expression_prevailed_for_publishing_names_of_high_ranking_bank_officials_in_a_public_interest_story_on_bank_recapitalization_but_not_for_other_data
1037,raw_q36_The_DPA_opined_that_legal_obligation_under_Article_6_1_c_is_the_appropriate_basis_for_processing_student_data_in_distance_education_not_consent_and_emphasized_adherence_to_data_minimization_and_security_principles
1038,raw_q36_The_controller_violated_Article_32_by_failing_to_implement_adequate_technical_and_organizational_measures_leading_to_unauthorized_disclosure_and_access_to_personal_data_including_special_category_health_data
1039,raw_q36_The_decision_addresses_a_violation_of_Article_21_of_the_LSSI_for_sending_commercial_communications_without_consent_not_GDPR_Articles_5_or_6
1040,raw_q36_The_decision_addresses_a_violation_of_the_right_to_object_under_Article_21_GDPR_in_the_context_of_unsolicited_commercial_calls_No_detailed_analysis_of_Article_5_or_6_principles_is_provided_beyond_linking_to_legitimate_interests_for_marketing
1041,raw_q36_The_decision_addresses_violation_of_Article_5_1_b_GDPR_due_to_retention_of_personal_data_for_over_16_years_after_the_data_subject_ceased_being_a_client_without_any_ongoing_products_or_services_Bankia_blocked_the_data_but_failed_to_delete_it_as_required_under_storage_limitation_and_purpose_limitation_principles
1042,raw_q36_The_decision_clarifies_that_data_on_self_employed_persons_in_culture_related_to_their_registered_activity_are_not_protected_as_personal_data_under_GDPR_as_they_are_considered_business_entity_data_under_Slovenian_law
1043,raw_q36_The_decision_did_not_find_violations_of_GDPR_Articles_5_or_6_as_the_website_in_question_no_longer_existed_and_redirected_to_a_different_entity_s_site_making_the_original_complaint_moot
1044,raw_q36_The_decision_discusses_potential_violation_of_Article_5_1_c_data_minimisation_due_to_alleged_video_surveillance_cameras_oriented_towards_complainant_s_home_but_the_procedure_was_archived_as_the_responsible_party_could_not_be_identified
1045,raw_q36_The_decision_discusses_processing_under_Article_6_1_c_for_legal_obligations_under_anti_money_laundering_laws_noting_the_bank_must_have_appropriate_procedures_but_IP_is_not_competent_to_assess_adequacy
1046,raw_q36_The_decision_does_not_discuss_GDPR_Article_5_or_6_principles_it_focuses_on_LSSI_cookie_consent_violations
1047,raw_q36_The_decision_does_not_discuss_GDPR_Article_5_or_6_principles_it_focuses_solely_on_LSSI_violations_regarding_cookie_consent_mechanisms
1048,raw_q36_The_decision_does_not_discuss_GDPR_Article_5_or_6_violations_focusing_instead_on_Spanish_LSSI_cookie_law_violations_regarding_inadequate_cookie_banner_information_and_lack_of_rejection_mechanism
1049,raw_q36_The_decision_finds_a_violation_of_Article_37_GDPR_due_to_failure_to_appoint_a_DPO_as_required_for_public_authorities_No_other_Article_5_or_6_principles_are_discussed
1050,raw_q36_The_decision_finds_a_violation_of_Article_6_1_a_GDPR_due_to_processing_personal_data_without_consent_or_any_lawful_basis_No_other_Article_5_or_6_principles_are_explicitly_discussed_beyond_lawfulness
1051,raw_q36_The_decision_focuses_on_LSSI_violations_regarding_commercial_communications_not_GDPR_Article_5_6_principles
1052,raw_q36_The_DPA_found_no_GDPR_violations_as_the_controller_had_adequate_security_measures_promptly_notified_the_breach_and_took_appropriate_mitigating_actions_The_breach_resulted_from_human_error_by_a_processor_s_employee
1053,raw_q36_The_DPA_found_no_GDPR_violation_concluding_that_taking_a_photograph_of_an_ID_with_an_official_police_mobile_phone_during_COVID_19_perimeter_control_complied_with_Article_32_security_measures_and_was_justified_under_public_security_laws
1054,raw_q36_Defendant_violated_storage_limitation_principle_by_retaining_complainant_s_data_for_nearly_16_years_after_mortgage_contract_cancellation_processing_data_without_valid_legal_basis
1055,raw_q36_Google_LLC_failed_to_respond_timely_to_a_data_subject_s_erasure_request_regarding_URL_deindexation_violating_Article_5_security_principle_by_not_ensuring_proper_handling_of_rights_requests
1056,raw_q36_Klarna_failed_to_provide_transparent_information_on_processing_purposes_legal_bases_data_sharing_storage_periods_data_subject_rights_and_automated_decision_making_violating_Articles_5_1_a_5_2_12_13_and_14_GDPR
1057,raw_q36_KRY_violated_Article_5_1_f_and_2_and_Article_32_1_and_2_by_failing_to_conduct_adequate_needs_and_risk_analyses_and_not_restricting_user_access_permissions_to_only_what_is_necessary_for_healthcare_tasks_lacking_appropriate_security_measures_and_accountability
1058,raw_q36_Insufficient_information_provided_to_data_subjects_invalidating_consent_biometric_data_processing_lacked_transparency_and_free_informed_consent_violating_Article_5_principles
1059,raw_q36_Illegal_processing_of_patient_data_in_a_video_without_legal_basis_violating_principles_of_lawfulness_purpose_limitation_data_minimisation_security_and_accountability
1060,raw_q36_INDECEMI_violated_Article_5_1_f_GDPR_by_failing_to_ensure_adequate_security_resulting_in_unauthorized_disclosure_of_personal_data_via_email_to_wrong_recipient
1061,raw_q36_Google_s_search_engine_processing_of_personal_data_was_found_to_violate_storage_limitation_principles_by_continuing_to_link_claimant_s_name_to_outdated_URLs_after_Constitutional_Court_anonymization_outweighing_Google_s_legitimate_interests_claim
1062,raw_q36_Excessive_GPS_monitoring_of_employee_without_proper_information_legal_basis_or_less_intrusive_alternatives_data_stored_beyond_legal_period_and_used_for_unauthorized_purposes
1063,raw_q36_The_DPA_found_no_GDPR_violation_as_the_processing_fell_under_the_household_exemption_Article_2_2_c_being_exclusively_personal_domestic_activity_by_a_natural_person
1064,raw_q36_Easylife_unlawfully_processed_special_category_health_data_by_inferring_health_conditions_from_purchase_history_without_a_valid_legal_basis_relying_incorrectly_on_legitimate_interests_instead_of_obtaining_explicit_consent_and_failed_to_inform_data_subjects_transparently_about_this_profiling
1065,raw_q36_Defendant_s_website_privacy_policy_lacked_required_information_under_Article_13_GDPR_including_details_on_data_subject_rights_and_complaint_procedures
1066,raw_q36_Defendant_s_video_surveillance_system_captured_images_of_public_space_violating_data_minimization_principle_under_Article_5_1_c_GDPR_by_processing_unnecessary_third_party_data
1067,raw_q36_Defendant_s_video_surveillance_system_captured_excessive_public_space_violating_data_minimization_principle_under_Article_5_1_c_GDPR
1068,raw_q36_Defendant_s_video_surveillance_cameras_were_oriented_towards_public_space_without_justification_violating_data_minimization_principle_under_Article_5_1_c_GDPR
1069,raw_q36_Defendant_s_video_surveillance_cameras_captured_excessive_public_space_and_private_space_of_third_parties_violating_data_minimization_principle_Article_5_1_c_GDPR
1070,raw_q36_MISSING
1071,raw_q36_Mermaids_failed_to_implement_appropriate_security_measures_for_an_internal_email_group_resulting_in_unauthorized_access_to_personal_data_including_special_category_data_and_data_concerning_children
1072,raw_q36_NOT_DISCUSSED
1073,raw_q36_NOT_MENTIONED
1074,raw_q36_No_infringement_determination_made_due_to_inability_to_identify_defendant_case_filed_without_substantive_findings_on_processing_principles_or_legal_basis
1075,raw_q36_No_violations_found_images_were_removed_promptly_and_no_infringing_party_could_be_identified
1076,raw_q36_Privacy_policy_provided_only_in_English_violated_transparency_requirements_under_Article_13_GDPR_Cookie_policy_lacked_proper_consent_mechanism_and_information
1077,raw_q36_STRING
1078,raw_q36_STRING_Saga_sent_28_5_million_unsolicited_marketing_messages_without_valid_consent_violating_Article_5_1_a_lawfulness_principle
1079,raw_q36_STRING_The_defendant_stated_incorrect_legal_basis_consent_on_its_website_while_actually_relying_on_contract_or_legitimate_interests_violating_Article_13_1_c_transparency_obligation
1080,raw_q36_School_processed_student_personal_data_via_surveys_without_legal_basis_under_Article_6_1_c_violating_Article_5_1_a_lawfulness_principle
1081,raw_q36_The_Cabinet_Office_violated_Article_5_1_f_by_failing_to_ensure_appropriate_security_of_personal_data_and_Article_32_1_by_lacking_appropriate_technical_and_organizational_measures_for_the_2020_New_Year_Honours_List_processing
1082,raw_q36_The_City_Council_failed_to_implement_adequate_security_measures_to_prevent_unauthorized_access_to_municipal_registry_data_by_a_council_member_violating_Article_5_1_f_GDPR_The_case_was_archived_due_to_statute_of_limitations
1083,raw_q36_The_City_Council_processed_personal_data_without_a_legal_basis_under_Article_6_GDPR_by_communicating_a_third_party_s_debt_to_the_claimant_and_requesting_his_data_from_INSS_failing_to_verify_the_marital_property_regime_beforehand
1084,raw_q36_The_Council_failed_to_respond_to_251_out_of_511_subject_access_requests_within_statutory_deadlines_violating_Articles_12_3_15_1_and_15_3_of_the_UK_GDPR
1085,raw_q36_The_DPA_assessed_international_tax_treaties_for_GDPR_compliance_finding_they_lack_necessary_safeguards_for_data_transfers_to_third_countries_like_the_US_particularly_under_Article_46_requirements
1086,raw_q36_The_DPA_expressed_concerns_about_whether_the_planned_data_processing_involves_personal_data_rather_than_anonymized_data_emphasizing_the_need_for_a_proper_legal_basis_if_personal_data_is_processed_and_highlighted_risks_related_to_electronic_communications_and_location_data_anonymization
1087,raw_q52_The_fine_of_3_000_EUR_was_imposed_for_multiple_violations_1_000_EUR_for_Article_32_GDPR_security_1_000_EUR_for_Article_13_GDPR_privacy_information_and_1_000_EUR_for_LSSI_Article_22_2_cookies_Aggravating_factors_included_negligence_lack_of_mitigation_and_non_cooperation
1088,raw_q52_The_proposed_fine_was_10_000_EUR_for_a_minor_infringement_under_LGT_related_to_Article_21_GDPR_Reductions_of_20_for_acknowledgment_of_responsibility_and_another_20_for_voluntary_payment_resulted_in_6_000_EUR_The_amount_considered_the_economic_situation_but_no_specific_factors_beyond_procedure_termination
1089,raw_q52_The_fine_of_5_000_EUR_was_imposed_for_violations_of_Article_32_GDPR_due_to_failure_to_implement_adequate_measures_against_unauthorized_employee_access_affecting_five_passengers_data_Mitigating_factors_included_the_defendant_s_notification_and_cooperation_No_aggravating_factors_were_explicitly_noted_and_the_small_scale_influenced_the_amount
1090,q32_bases_known_LEGAL_OBLIGATION_LEGITIMATE_INTERESTS
1091,q32_bases_unknown_MISSING
1092,q32_bases_known_PUBLIC_TASK
1093,q32_bases_known_NONE_DISCUSSED
1094,q32_bases_known_LEGITIMATE_INTERESTS_PUBLIC_TASK
1095,q32_bases_known_LEGITIMATE_INTERESTS
1096,q32_bases_known_LEGAL_OBLIGATION_PUBLIC_TASK
1097,q32_bases_known_LEGAL_OBLIGATION
1098,q32_bases_unknown_NOT_DISCUSSED
1099,q32_bases_known_CONTRACT_LEGITIMATE_INTERESTS
1100,q32_bases_known_CONTRACT_LEGAL_OBLIGATION
1101,q32_bases_known_CONTRACT
1102,q32_bases_known_CONSENT_PUBLIC_TASK
1103,q32_bases_known_CONSENT_LEGITIMATE_INTERESTS_PUBLIC_TASK
1104,q32_bases_known_CONSENT_LEGITIMATE_INTERESTS
1105,q32_bases_unknown_NOT_APPLICABLE
1106,q32_bases_unknown_NOT_MENTIONED
1107,q32_bases_known_CONSENT_LEGAL_OBLIGATION_PUBLIC_TASK_LEGITIMATE_INTERESTS
1108,q41_aggrav_known_INTENT_NEGLIGENCE_PREVIOUS_INFRINGEMENTS
1109,q41_aggrav_known_NATURE_GRAVITY_DURATION_INTENT_NEGLIGENCE_COOPERATION_WITH_AUTHORITY
1110,q41_aggrav_known_NATURE_GRAVITY_DURATION_INTENT_NEGLIGENCE
1111,q41_aggrav_known_NATURE_GRAVITY_DURATION_DATA_CATEGORIES_AFFECTED
1112,q41_aggrav_known_NATURE_GRAVITY_DURATION_COOPERATION_WITH_AUTHORITY
1113,q41_aggrav_known_NATURE_GRAVITY_DURATION
1114,q41_aggrav_known_MISSING
1115,q41_aggrav_known_INTENT_NEGLIGENCE_OTHER_CIRCUMSTANCES
1116,q41_aggrav_known_COOPERATION_WITH_AUTHORITY
1117,q41_aggrav_known_INTENT_NEGLIGENCE_MITIGATION_ACTIONS_TECHNICAL_ORGANIZATIONAL_MEASURES
1118,q41_aggrav_known_INTENT_NEGLIGENCE_MANNER_BECAME_KNOWN
1119,q41_aggrav_known_INTENT_NEGLIGENCE_DATA_CATEGORIES_AFFECTED_OTHER_CIRCUMSTANCES
1120,q41_aggrav_known_INTENT_NEGLIGENCE_DATA_CATEGORIES_AFFECTED
1121,q41_aggrav_known_INTENT_NEGLIGENCE
1122,q41_aggrav_known_DATA_CATEGORIES_AFFECTED
1123,q32_bases_known_CONSENT_LEGAL_OBLIGATION_VITAL_INTERESTS_PUBLIC_TASK_LEGITIMATE_INTERESTS
1124,q32_bases_known_CONSENT_LEGAL_OBLIGATION_PUBLIC_TASK
1125,q41_aggrav_known_NATURE_GRAVITY_DURATION_INTENT_NEGLIGENCE_DATA_CATEGORIES_AFFECTED_MANNER_BECAME_KNOWN
1126,q31_violated_known_LAWFULNESS_FAIRNESS_TRANSPARENCY_PURPOSE_LIMITATION_SECURITY_ACCOUNTABILITY
1127,q31_violated_known_PURPOSE_LIMITATION_DATA_MINIMISATION
1128,q31_violated_known_NOT_DETERMINED
1129,q31_violated_known_NONE_VIOLATED
1130,q31_violated_known_MISSING
1131,q31_violated_known_LAWFULNESS_FAIRNESS_TRANSPARENCY_SECURITY_ACCOUNTABILITY
1132,q31_violated_known_LAWFULNESS_FAIRNESS_TRANSPARENCY_SECURITY
1133,q31_violated_known_LAWFULNESS_FAIRNESS_TRANSPARENCY_PURPOSE_LIMITATION_DATA_MINIMISATION_STORAGE_LIMITATION_ACCOUNTABILITY
1134,q31_violated_known_PURPOSE_LIMITATION_SECURITY
1135,q31_violated_known_LAWFULNESS_FAIRNESS_TRANSPARENCY_PURPOSE_LIMITATION_DATA_MINIMISATION_STORAGE_LIMITATION
1136,q31_violated_known_LAWFULNESS_FAIRNESS_TRANSPARENCY_PURPOSE_LIMITATION_DATA_MINIMISATION_SECURITY_ACCOUNTABILITY
1137,q31_violated_known_LAWFULNESS_FAIRNESS_TRANSPARENCY_PURPOSE_LIMITATION
1138,q31_violated_known_LAWFULNESS_FAIRNESS_TRANSPARENCY_DATA_MINIMISATION_STORAGE_LIMITATION_ACCOUNTABILITY
1139,q31_violated_known_LAWFULNESS_FAIRNESS_TRANSPARENCY_DATA_MINIMISATION_SECURITY
1140,q31_violated_known_LAWFULNESS_FAIRNESS_TRANSPARENCY_ACCURACY_ACCOUNTABILITY
1141,q31_violated_known_PURPOSE_LIMITATION_DATA_MINIMISATION_ACCOUNTABILITY
1142,q31_violated_known_PURPOSE_LIMITATION_STORAGE_LIMITATION
1143,q32_bases_known_CONSENT_LEGAL_OBLIGATION_LEGITIMATE_INTERESTS
1144,q32_bases_known_CONSENT_CONTRACT
1145,q32_bases_known_CONSENT_LEGAL_OBLIGATION
1146,q32_bases_known_CONSENT_CONTRACT_LEGITIMATE_INTERESTS
1147,q32_bases_known_CONSENT_CONTRACT_LEGAL_OBLIGATION_VITAL_INTERESTS_PUBLIC_TASK_LEGITIMATE_INTERESTS
1148,q32_bases_known_CONSENT_CONTRACT_LEGAL_OBLIGATION_PUBLIC_TASK_LEGITIMATE_INTERESTS
1149,q32_bases_known_CONSENT_CONTRACT_LEGAL_OBLIGATION_LEGITIMATE_INTERESTS
1150,q32_bases_known_CONSENT_CONTRACT_LEGAL_OBLIGATION
1151,q32_bases_known_CONSENT
1152,q31_violated_known_SECURITY
1153,q31_violated_unknown_NOT_DISCUSSED
1154,q31_violated_unknown_NONE_DISCUSSED
1155,q31_violated_unknown_MISSING
1156,q31_violated_known_STORAGE_LIMITATION_SECURITY_ACCOUNTABILITY
1157,q31_violated_known_STORAGE_LIMITATION
1158,q31_violated_known_SECURITY_ACCOUNTABILITY
1159,q41_aggrav_known_NATURE_GRAVITY_DURATION_INTENT_NEGLIGENCE_COOPERATION_WITH_AUTHORITY_MANNER_BECAME_KNOWN
1160,q41_aggrav_known_NATURE_GRAVITY_DURATION_INTENT_NEGLIGENCE_DATA_CATEGORIES_AFFECTED_OTHER_CIRCUMSTANCES
1161,q47_remedial_known_POLICY_CHANGES
1162,q46_vuln_known_CHILDREN
1163,q46_vuln_known_FINANCIALLY_VULNERABLE
1164,q46_vuln_known_EMPLOYEES
1165,q46_vuln_known_ELDERLY_PATIENTS
1166,q46_vuln_known_ELDERLY
1167,q46_vuln_known_CHILDREN_PATIENTS
1168,q46_vuln_known_CHILDREN_FINANCIALLY_VULNERABLE
1169,q42_mitig_unknown_NOT_MENTIONED
1170,q46_vuln_known_NONE_MENTIONED
1171,q42_mitig_unknown_NOT_DISCUSSED
1172,q42_mitig_unknown_NONE_DISCUSSED
1173,q42_mitig_unknown_MISSING
1174,q42_mitig_known_PREVIOUS_INFRINGEMENTS_OTHER_CIRCUMSTANCES
1175,q42_mitig_known_PREVIOUS_INFRINGEMENTS_COOPERATION_WITH_AUTHORITY
1176,q42_mitig_known_PREVIOUS_INFRINGEMENTS
1177,q46_vuln_known_MISSING
1178,q46_vuln_known_NOT_DISCUSSED
1179,q42_mitig_known_NONE
1180,q47_remedial_known_IMMEDIATE_CESSATION_SYSTEM_UPGRADES
1181,q47_remedial_known_MISSING
1182,q47_remedial_known_IMMEDIATE_CESSATION_SYSTEM_UPGRADES_STAFF_TRAINING
1183,q47_remedial_known_IMMEDIATE_CESSATION_SYSTEM_UPGRADES_POLICY_CHANGES_STAFF_TRAINING_EXTERNAL_AUDIT
1184,q47_remedial_known_IMMEDIATE_CESSATION_SYSTEM_UPGRADES_POLICY_CHANGES_STAFF_TRAINING_DPO_APPOINTMENT
1185,q47_remedial_known_IMMEDIATE_CESSATION_SYSTEM_UPGRADES_POLICY_CHANGES_STAFF_TRAINING
1186,q47_remedial_known_IMMEDIATE_CESSATION_SYSTEM_UPGRADES_POLICY_CHANGES
1187,q47_remedial_known_IMMEDIATE_CESSATION_STAFF_TRAINING_POLICY_CHANGES_COMPENSATION_TO_SUBJECTS
1188,q46_vuln_known_PATIENTS
1189,q47_remedial_known_IMMEDIATE_CESSATION_STAFF_TRAINING_EXTERNAL_AUDIT
1190,q47_remedial_known_IMMEDIATE_CESSATION_STAFF_TRAINING
1191,q47_remedial_known_IMMEDIATE_CESSATION_POLICY_CHANGES_STAFF_TRAINING
1192,q47_remedial_known_IMMEDIATE_CESSATION_POLICY_CHANGES_DPO_APPOINTMENT
1193,q47_remedial_known_IMMEDIATE_CESSATION_POLICY_CHANGES
1194,q46_vuln_unknown_MISSING
1195,q42_mitig_known_OTHER_CIRCUMSTANCES
1196,q42_mitig_known_NATURE_GRAVITY_DURATION_MITIGATION_ACTIONS_INTENT_NEGLIGENCE
1197,q41_aggrav_known_NATURE_GRAVITY_DURATION_INTENT_NEGLIGENCE_MITIGATION_ACTIONS
1198,q41_aggrav_known_NATURE_GRAVITY_DURATION_INTENT_NEGLIGENCE_TECHNICAL_ORGANIZATIONAL_MEASURES_PREVIOUS_INFRINGEMENTS_DATA_CATEGORIES_AFFECTED_MANNER_BECAME_KNOWN_OTHER_CIRCUMSTANCES
1199,q41_aggrav_unknown_CATEGORIES_AFFECTED
1200,q41_aggrav_known_PREVIOUS_INFRINGEMENTS
1201,q41_aggrav_known_NONE
1202,q41_aggrav_known_NATURE_GRAVITY_DURATION_PREVIOUS_INFRINGEMENTS_DATA_CATEGORIES_AFFECTED
1203,q41_aggrav_known_NATURE_GRAVITY_DURATION_PREVIOUS_INFRINGEMENTS
1204,q41_aggrav_known_NATURE_GRAVITY_DURATION_MANNER_BECAME_KNOWN
1205,q41_aggrav_known_NATURE_GRAVITY_DURATION_INTENT_NEGLIGENCE_TECHNICAL_ORGANIZATIONAL_MEASURES_DATA_CATEGORIES_AFFECTED
1206,q41_aggrav_unknown_CONNECTION_ACTIVITY_PROCESSING
1207,q41_aggrav_known_NATURE_GRAVITY_DURATION_INTENT_NEGLIGENCE_TECHNICAL_ORGANIZATIONAL_MEASURES
1208,q41_aggrav_known_NATURE_GRAVITY_DURATION_INTENT_NEGLIGENCE_PREVIOUS_INFRINGEMENTS_MANNER_BECAME_KNOWN_DATA_CATEGORIES_AFFECTED
1209,q41_aggrav_known_NATURE_GRAVITY_DURATION_INTENT_NEGLIGENCE_PREVIOUS_INFRINGEMENTS
1210,q41_aggrav_known_NATURE_GRAVITY_DURATION_INTENT_NEGLIGENCE_OTHER_CIRCUMSTANCES
1211,q41_aggrav_known_NATURE_GRAVITY_DURATION_INTENT_NEGLIGENCE_MITIGATION_ACTIONS_COOPERATION_WITH_AUTHORITY_PREVIOUS_INFRINGEMENTS
1212,q41_aggrav_known_NATURE_GRAVITY_DURATION_INTENT_NEGLIGENCE_MITIGATION_ACTIONS_COOPERATION_WITH_AUTHORITY
1213,q41_aggrav_unknown_CATEGORIES_OF_DATA_AFFECTED
1214,q41_aggrav_unknown_MISSING
1215,q42_mitig_known_NATURE_GRAVITY_DURATION_MITIGATION_ACTIONS_COOPERATION_WITH_AUTHORITY_OTHER_CIRCUMSTANCES
1216,q42_mitig_known_MITIGATION_ACTIONS_COOPERATION_WITH_AUTHORITY_PREVIOUS_INFRINGEMENTS
1217,q42_mitig_known_NATURE_GRAVITY_DURATION_MITIGATION_ACTIONS_COOPERATION_WITH_AUTHORITY
1218,q42_mitig_known_NATURE_GRAVITY_DURATION_INTENT_NEGLIGENCE_MITIGATION_ACTIONS
1219,q42_mitig_known_NATURE_GRAVITY_DURATION_COOPERATION_WITH_AUTHORITY_OTHER_CIRCUMSTANCES
1220,q42_mitig_known_NATURE_GRAVITY_DURATION_COOPERATION_WITH_AUTHORITY
1221,q42_mitig_known_NATURE_GRAVITY_DURATION
1222,q42_mitig_known_MITIGATION_ACTIONS_PREVIOUS_INFRINGEMENTS_COOPERATION_WITH_AUTHORITY
1223,q42_mitig_known_MITIGATION_ACTIONS
1224,q41_aggrav_unknown_NONE_DISCUSSED
1225,q42_mitig_known_MISSING
1226,q42_mitig_known_INTENT_NEGLIGENCE_TECHNICAL_ORGANIZATIONAL_MEASURES
1227,q42_mitig_known_COOPERATION_WITH_AUTHORITY_MITIGATION_ACTIONS
1228,q42_mitig_known_COOPERATION_WITH_AUTHORITY
1229,q41_aggrav_unknown_NOT_DISCUSSED
1230,q41_aggrav_unknown_NON_COOPERATION_WITH_AUTHORITY
1231,q31_violated_known_LAWFULNESS_FAIRNESS_TRANSPARENCY_ACCOUNTABILITY
1232,q31_violated_known_LAWFULNESS_FAIRNESS_TRANSPARENCY
1233,q31_violated_known_DATA_MINIMISATION_SECURITY
1234,q21_breach_types_known_HUMAN_ERROR
1235,q21_breach_types_known_TECHNICAL_FAILURE
1236,q21_breach_types_known_ORGANIZATIONAL_FAILURE_HUMAN_ERROR
1237,q21_breach_types_known_ORGANIZATIONAL_FAILURE
1238,q21_breach_types_known_NOT_APPLICABLE
1239,q21_breach_types_known_MISSING
1240,q21_breach_types_known_HUMAN_ERROR_ORGANIZATIONAL_FAILURE
1241,q21_breach_types_known_CYBER_ATTACK_HUMAN_ERROR
1242,q21_breach_types_known_TECHNICAL_FAILURE_ORGANIZATIONAL_FAILURE
1243,q21_breach_types_known_CYBER_ATTACK
1244,q15_case_initiation_unknown_NOT_DISCUSSED
1245,q15_case_initiation_unknown_MISSING
1246,q15_case_initiation_known_REFERRAL_FROM_OTHER_AUTHORITY
1247,q15_case_initiation_known_NOT_MENTIONED
1248,q15_case_initiation_known_MISSING
1249,q21_breach_types_known_TECHNICAL_FAILURE_CYBER_ATTACK
1250,q21_breach_types_unknown_MISSING
1251,q15_case_initiation_known_EX_OFFICIO_DPA_INITIATIVE
1252,q25_sensitive_data_unknown_NOT_DISCUSSED
1253,q28_mitigations_known_IMMEDIATE_CONTAINMENT_SECURITY_IMPROVEMENTS_STAFF_TRAINING_COOPERATION_WITH_DPA
1254,q28_mitigations_known_IMMEDIATE_CONTAINMENT_SECURITY_IMPROVEMENTS_STAFF_TRAINING
1255,q28_mitigations_known_IMMEDIATE_CONTAINMENT_SECURITY_IMPROVEMENTS_COOPERATION_WITH_DPA
1256,q28_mitigations_known_IMMEDIATE_CONTAINMENT_COOPERATION_WITH_DPA
1257,q28_mitigations_known_IMMEDIATE_CONTAINMENT
1258,q28_mitigations_known_COOPERATION_WITH_DPA
1259,q25_sensitive_data_unknown_MISSING
1260,q21_breach_types_unknown_NOT_DISCUSSED
1261,q25_sensitive_data_known_NOT_MENTIONED
1262,q25_sensitive_data_known_NOT_APPLICABLE
1263,q25_sensitive_data_known_NEITHER
1264,q25_sensitive_data_known_MISSING
1265,q25_sensitive_data_known_ARTICLE_9_SPECIAL_CATEGORY_ARTICLE_10_CRIMINAL
1266,q25_sensitive_data_known_ARTICLE_9_SPECIAL_CATEGORY
1267,q15_case_initiation_known_MEDIA_PUBLIC_ATTENTION
1268,q15_case_initiation_known_COMPLAINT
1269,q31_violated_known_DATA_MINIMISATION_ACCOUNTABILITY_SECURITY
1270,raw_q68_UK_charity_Birthlink_destroyed_4_800_manual_adoption_records_containing_irreplaceable_sensitive_data_in_April_2021_without_authorization_or_security_measures_The_ICO_found_violations_of_Articles_5_1_f_5_2_32_and_33_29_month_delayed_breach_report_A_18_000_fine_was_imposed_considering_financial_hardship_with_negligence_cited_due_to_lack_of_GDPR_understanding_and_policies
1271,raw_q68_Vodafone_Spain_processed_SIM_duplicate_request_without_verifying_identity_enabling_fraud_fined_80_000_for_Article_6_violation_with_history_of_similar_breaches_cited
1272,raw_q68_Vodafone_Espa_a_sanctioned_8_15M_for_systematic_GDPR_LSSICE_and_LGT_violations_in_marketing_operations_inadequate_processor_controls_insufficient_oversight_international_data_transfer_breaches_and_failure_to_honor_opposition_rights_despite_191_complaints_and_200M_processing_actions_DPA_cited_negligence_repeat_offenses_and_scale_of_infringements
1273,raw_q68_Vodafone_Espa_a_fined_50_000_for_violating_GDPR_Article_5_1_f_security_principle_after_sending_a_customer_s_invoice_to_a_neighbor_s_address_due_to_a_data_migration_error_with_the_DPA_citing_negligence_and_lack_of_cooperation
1274,raw_q68_UPS_Espa_a_delivered_package_to_claimant_s_neighbor_without_consent_violating_GDPR_Articles_5_1_f_and_32_fined_70_000_total_DPA_found_UPS_failed_as_processor_to_ensure_data_confidentiality_and_adequate_security_measures
1275,raw_q68_UNCLEAR
1276,raw_q68_UK_primary_school_reprimanded_for_GDPR_security_breach_unauthorized_disclosure_of_special_category_data_affecting_four_individuals_including_children_due_to_inadequate_policies_and_procedures_no_fine_issued_due_to_mitigation_and_remedial_actions
1277,raw_q68_UK_ICO_fined_Tuckers_Solicitors_LLP_98_000_for_GDPR_Article_5_1_f_security_violations_due_to_a_ransomware_attack_exploiting_lack_of_MFA_delayed_patching_and_unencrypted_data_affecting_over_972_000_files_including_sensitive_legal_case_data_negligence_found_but_cooperation_and_remediation_mitigated_the_penalty
1278,q10_org_class_known_LARGE_ENTERPRISE_MULTINATIONAL_NOT_MENTIONED
1279,raw_q68_UK_ICO_fined_23andMe_2_31M_for_GDPR_security_failures_after_a_credential_stuffing_attack_exposed_genetic_and_health_data_of_155_592_UK_customers_The_company_lacked_MFA_effective_monitoring_and_breach_response_causing_distress_and_non_material_harm
1280,raw_q68_Trygg_Hansa_Insurance_branch_failed_to_secure_sensitive_customer_data_allowing_unauthorized_access_via_web_vulnerabilities_from_October_2018_to_February_2021_affecting_650_000_customers_Swedish_DPA_imposed_a_SEK_35_million_fine_for_violations_of_Articles_5_1f_and_32_1_considering_the_breach_s_severity_but_reducing_the_amount_based_on_proportionality
1281,raw_q68_Ticketmaster_UK_suffered_a_data_breach_from_May_to_June_2018_due_to_a_malicious_script_in_a_third_party_chat_bot_on_payment_pages_exposing_9_4M_EEA_subjects_data_including_payment_details_The_ICO_found_violations_of_Articles_5_1_f_and_32_GDPR_for_inadequate_security_measures_imposing_a_1_25M_fine_reduced_due_to_COVID_19_impact
1282,raw_q68_Tiana_City_Council_created_a_WhatsApp_group_for_municipal_communications_without_providing_full_GDPR_Article_13_information_initially_and_failed_to_ensure_data_confidentiality_leading_to_violations_of_Articles_13_and_25_1_GDPR_no_fine_imposed_due_to_public_sector_status_but_reprimand_and_compliance_orders_issued
1283,raw_q68_The_UK_ICO_fined_the_Cabinet_Office_500_000_for_a_data_breach_where_postal_addresses_of_2020_New_Year_Honours_recipients_were_published_online_due_to_inadequate_security_measures_and_human_error_citing_violations_of_GDPR_Articles_5_1_f_and_32_1_with_the_fine_reflecting_the_seriousness_negligence_and_need_for_deterrence_despite_mitigation_efforts
1284,raw_q68_The_Slovenian_DPA_provided_a_non_binding_opinion_on_a_proposed_COVID_19_data_analysis_system_questioning_whether_the_data_was_truly_anonymized_emphasizing_the_need_for_a_legal_basis_if_personal_data_is_involved_and_citing_constitutional_protections_for_communication_privacy
1285,q10_org_class_known_LARGE_ENTERPRISE
1286,q10_org_class_known_LARGE_ENTERPRISE_NOT_MENTIONED
1287,q15_case_initiation_known_BREACH_NOTIFICATION
1288,q10_org_class_known_PUBLIC_SECTOR_BODY_NOT_MENTIONED
1289,q10_org_class_unknown_NOT_DISCUSSED
1290,q10_org_class_unknown_MISSING
1291,q10_org_class_known_SME_NOT_MENTIONED_UNCLEAR
1292,q10_org_class_known_SME_LARGE_ENTERPRISE_NOT_MENTIONED_UNCLEAR
1293,q10_org_class_known_SME_LARGE_ENTERPRISE
1294,q10_org_class_known_SME
1295,q10_org_class_known_PUBLIC_SECTOR_BODY
1296,q10_org_class_known_MISSING
1297,q10_org_class_known_NOT_MENTIONED
1298,q10_org_class_known_NOT_APPLICABLE
1299,q10_org_class_known_NON_PROFIT_NOT_MENTIONED
1300,q10_org_class_known_NON_PROFIT
1301,q10_org_class_known_MULTINATIONAL_NOT_MENTIONED
1302,q10_org_class_known_MULTINATIONAL
1303,q28_mitigations_known_IMMEDIATE_CONTAINMENT_SECURITY_IMPROVEMENTS_STAFF_TRAINING_EXTERNAL_AUDIT_COOPERATION_WITH_DPA
1304,q28_mitigations_known_IMMEDIATE_CONTAINMENT_SYSTEM_FIXES
1305,q28_mitigations_known_IMMEDIATE_CONTAINMENT_SYSTEM_FIXES_COOPERATION_WITH_DPA
1306,q30_discussed_known_LAWFULNESS_FAIRNESS_TRANSPARENCY_PURPOSE_LIMITATION_SECURITY
1307,q30_discussed_known_NONE_DISCUSSED
1308,q30_discussed_known_MISSING
1309,q30_discussed_known_LAWFULNESS_FAIRNESS_TRANSPARENCY_SECURITY_ACCOUNTABILITY
1310,q30_discussed_known_LAWFULNESS_FAIRNESS_TRANSPARENCY_SECURITY
1311,q30_discussed_known_LAWFULNESS_FAIRNESS_TRANSPARENCY_PURPOSE_LIMITATION_STORAGE_LIMITATION_ACCOUNTABILITY
1312,q30_discussed_known_LAWFULNESS_FAIRNESS_TRANSPARENCY_PURPOSE_LIMITATION_SECURITY_ACCOUNTABILITY
1313,q30_discussed_known_LAWFULNESS_FAIRNESS_TRANSPARENCY_PURPOSE_LIMITATION_DATA_MINIMISATION_STORAGE_LIMITATION_SECURITY_ACCOUNTABILITY
1314,q30_discussed_known_PURPOSE_LIMITATION_DATA_MINIMISATION_ACCOUNTABILITY
1315,q30_discussed_known_LAWFULNESS_FAIRNESS_TRANSPARENCY_PURPOSE_LIMITATION_DATA_MINIMISATION_STORAGE_LIMITATION_ACCOUNTABILITY
1316,q30_discussed_known_LAWFULNESS_FAIRNESS_TRANSPARENCY_PURPOSE_LIMITATION_DATA_MINIMISATION_STORAGE_LIMITATION
1317,q30_discussed_known_LAWFULNESS_FAIRNESS_TRANSPARENCY_PURPOSE_LIMITATION_DATA_MINIMISATION_SECURITY_ACCOUNTABILITY
1318,q30_discussed_known_LAWFULNESS_FAIRNESS_TRANSPARENCY_PURPOSE_LIMITATION_DATA_MINIMISATION_SECURITY
1319,q30_discussed_known_LAWFULNESS_FAIRNESS_TRANSPARENCY_PURPOSE_LIMITATION_DATA_MINIMISATION_ACCURACY_STORAGE_LIMITATION_SECURITY_ACCOUNTABILITY
1320,q30_discussed_known_LAWFULNESS_FAIRNESS_TRANSPARENCY_PURPOSE_LIMITATION_DATA_MINIMISATION_ACCURACY_SECURITY
1321,q30_discussed_known_PURPOSE_LIMITATION_DATA_MINIMISATION
1322,q30_discussed_known_PURPOSE_LIMITATION_DATA_MINIMISATION_SECURITY
1323,q28_mitigations_known_IMMEDIATE_CONTAINMENT_SYSTEM_FIXES_SECURITY_IMPROVEMENTS
1324,q30_discussed_unknown_MISSING
1325,q31_violated_known_DATA_MINIMISATION_ACCOUNTABILITY
1326,q31_violated_known_DATA_MINIMISATION
1327,q31_violated_known_ACCURACY_SECURITY_ACCOUNTABILITY
1328,q31_violated_known_ACCURACY
1329,q31_violated_known_ACCOUNTABILITY
1330,q30_discussed_unknown_NOT_DISCUSSED
1331,q30_discussed_unknown_ACCESS
1332,q30_discussed_known_PURPOSE_LIMITATION_SECURITY
1333,q30_discussed_known_STORAGE_LIMITATION_SECURITY_ACCOUNTABILITY
1334,q30_discussed_known_STORAGE_LIMITATION
1335,q30_discussed_known_SECURITY_STORAGE_LIMITATION_PURPOSE_LIMITATION
1336,q30_discussed_known_SECURITY_ACCOUNTABILITY
1337,q30_discussed_known_SECURITY
1338,q30_discussed_known_PURPOSE_LIMITATION_STORAGE_LIMITATION
1339,q30_discussed_known_LAWFULNESS_FAIRNESS_TRANSPARENCY_PURPOSE_LIMITATION_DATA_MINIMISATION
1340,q30_discussed_known_LAWFULNESS_FAIRNESS_TRANSPARENCY_PURPOSE_LIMITATION
1341,q30_discussed_known_LAWFULNESS_FAIRNESS_TRANSPARENCY_DATA_MINIMISATION_SECURITY
1342,q28_mitigations_known_SECURITY_IMPROVEMENTS_STAFF_TRAINING
1343,q28_mitigations_known_STAFF_TRAINING_SECURITY_IMPROVEMENTS_COOPERATION_WITH_DPA
1344,q28_mitigations_known_STAFF_TRAINING_SECURITY_IMPROVEMENTS
1345,q28_mitigations_known_STAFF_TRAINING_COOPERATION_WITH_DPA
1346,q28_mitigations_known_STAFF_TRAINING
1347,q28_mitigations_known_SECURITY_IMPROVEMENTS_STAFF_TRAINING_EXTERNAL_AUDIT_COOPERATION_WITH_DPA
1348,q28_mitigations_known_SECURITY_IMPROVEMENTS_STAFF_TRAINING_COOPERATION_WITH_DPA
1349,q28_mitigations_known_NOT_APPLICABLE
1350,q30_discussed_known_LAWFULNESS_FAIRNESS_TRANSPARENCY_ACCURACY_ACCOUNTABILITY
1351,q28_mitigations_known_NONE_MENTIONED
1352,q28_mitigations_known_MISSING
1353,q28_mitigations_known_IMMEDIATE_CONTAINMENT_SYSTEM_FIXES_SECURITY_IMPROVEMENTS_STAFF_TRAINING_EXTERNAL_AUDIT_COOPERATION_WITH_DPA
1354,q28_mitigations_known_IMMEDIATE_CONTAINMENT_SYSTEM_FIXES_SECURITY_IMPROVEMENTS_STAFF_TRAINING_EXTERNAL_AUDIT
1355,q28_mitigations_known_IMMEDIATE_CONTAINMENT_SYSTEM_FIXES_SECURITY_IMPROVEMENTS_STAFF_TRAINING_COOPERATION_WITH_DPA
1356,q28_mitigations_known_IMMEDIATE_CONTAINMENT_SYSTEM_FIXES_SECURITY_IMPROVEMENTS_COOPERATION_WITH_DPA
1357,q28_mitigations_known_SYSTEM_FIXES_SECURITY_IMPROVEMENTS
1358,q28_mitigations_known_SYSTEM_FIXES_SECURITY_IMPROVEMENTS_EXTERNAL_AUDIT_COOPERATION_WITH_DPA
1359,q28_mitigations_unknown_DATA_DELETION
1360,q28_mitigations_unknown_DATA_DELETION_ORDER
1361,q28_mitigations_unknown_MISSING
1362,q28_mitigations_unknown_NOT_DISCUSSED
1363,q28_mitigations_unknown_NOT_MENTIONED
1364,q30_discussed_known_ACCOUNTABILITY
1365,q30_discussed_known_ACCURACY
1366,q30_discussed_known_ACCURACY_SECURITY
1367,q30_discussed_known_ACCURACY_SECURITY_ACCOUNTABILITY
1368,q30_discussed_known_DATA_MINIMISATION
1369,q30_discussed_known_DATA_MINIMISATION_ACCOUNTABILITY
1370,q30_discussed_known_DATA_MINIMISATION_ACCOUNTABILITY_SECURITY
1371,q30_discussed_known_DATA_MINIMISATION_SECURITY
1372,q30_discussed_known_DATA_MINIMISATION_SECURITY_ACCOUNTABILITY
1373,q30_discussed_known_LAWFULNESS_FAIRNESS_TRANSPARENCY
1374,q47_remedial_known_NONE_MENTIONED
1375,q47_remedial_known_POLICY_CHANGES_DPO_APPOINTMENT
1376,raw_q68_Telef_nica_processed_claimant_s_data_without_legal_basis_after_identity_theft_in_phone_service_contracting_leading_to_debt_and_credit_file_inclusion_DPA_found_Article_6_1_violation_imposed_45_000_fine_after_reductions_for_cooperation_and_responsibility_acknowledgment
1377,q28_mitigations_status_NOT_DISCUSSED
1378,q30_discussed_status_NOT_DISCUSSED
1379,q30_discussed_status_NONE_DISCUSSED
1380,q30_discussed_status_DISCUSSED
1381,q30_discussed_coverage_status_NOT_MENTIONED
1382,q30_discussed_coverage_status_DISCUSSED
1383,q28_mitigations_status_NOT_MENTIONED
1384,q28_mitigations_status_NOT_APPLICABLE
1385,q31_violated_coverage_status_DISCUSSED
1386,q28_mitigations_status_NONE_MENTIONED
1387,q28_mitigations_status_DISCUSSED
1388,q28_mitigations_coverage_status_NOT_MENTIONED
1389,q28_mitigations_coverage_status_DISCUSSED
1390,q25_sensitive_data_status_NOT_MENTIONED
1391,q25_sensitive_data_status_NOT_DISCUSSED
1392,q30_discussed_status_NOT_MENTIONED
1393,q31_violated_coverage_status_NOT_MENTIONED
1394,q25_sensitive_data_status_DISCUSSED
1395,q32_bases_status_NOT_APPLICABLE
1396,q41_aggrav_status_NOT_DISCUSSED
1397,q41_aggrav_status_DISCUSSED
1398,q41_aggrav_coverage_status_NOT_MENTIONED
1399,q41_aggrav_coverage_status_DISCUSSED
1400,q32_bases_status_NOT_MENTIONED
1401,q32_bases_status_NOT_DISCUSSED
1402,q32_bases_status_DISCUSSED
1403,q31_violated_status_DISCUSSED
1404,q32_bases_coverage_status_NOT_MENTIONED
1405,q32_bases_coverage_status_DISCUSSED
1406,q31_violated_status_NOT_MENTIONED
1407,q31_violated_status_NOT_DISCUSSED
1408,q31_violated_status_NOT_DETERMINED
1409,q31_violated_status_NONE_VIOLATED
1410,q25_sensitive_data_status_NOT_APPLICABLE
1411,q25_sensitive_data_coverage_status_NOT_MENTIONED
1412,q42_mitig_coverage_status_DISCUSSED
1413,data_subjects_notified_status_DISCUSSED
1414,art34_notification_required_status_NOT_MENTIONED
1415,art34_notification_required_status_NOT_APPLICABLE
1416,art34_notification_required_status_DISCUSSED
1417,data_subjects_notified_status_UNPARSEABLE
1418,data_subjects_notified_status_NOT_MENTIONED
1419,data_subjects_notified_status_NOT_APPLICABLE
1420,art33_notification_delay_band_status_UNPARSEABLE
1421,q10_org_class_coverage_status_DISCUSSED
1422,art33_notification_delay_band_status_NOT_MENTIONED
1423,art33_notification_delay_band_status_NOT_APPLICABLE
1424,art33_notification_delay_band_status_DISCUSSED
1425,art33_notification_timeliness_status_UNPARSEABLE
1426,art33_notification_timeliness_status_UNCLEAR
1427,art33_notification_timeliness_status_NOT_MENTIONED
1428,art34_notification_required_status_UNPARSEABLE
1429,q10_org_class_coverage_status_NOT_MENTIONED
1430,q25_sensitive_data_coverage_status_DISCUSSED
1431,q15_case_initiation_status_NOT_MENTIONED
1432,q21_breach_types_status_NOT_MENTIONED
1433,q21_breach_types_status_NOT_DISCUSSED
1434,q21_breach_types_status_NOT_APPLICABLE
1435,q21_breach_types_status_DISCUSSED
1436,q21_breach_types_coverage_status_NOT_MENTIONED
1437,q21_breach_types_coverage_status_DISCUSSED
1438,q15_case_initiation_status_NOT_DISCUSSED
1439,q10_org_class_status_DISCUSSED
1440,q15_case_initiation_status_DISCUSSED
1441,q15_case_initiation_coverage_status_NOT_MENTIONED
1442,q15_case_initiation_coverage_status_DISCUSSED
1443,q10_org_class_status_NOT_MENTIONED
1444,q10_org_class_status_NOT_DISCUSSED
1445,q10_org_class_status_NOT_APPLICABLE
1446,q41_aggrav_status_NOT_MENTIONED
1447,q42_mitig_coverage_status_NOT_MENTIONED
1448,q47_remedial_known_POLICY_CHANGES_STAFF_TRAINING
1449,q57_rights_violated_status_NOT_DISCUSSED
1450,q58_access_issues_status_NOT_DISCUSSED
1451,q58_access_issues_status_NOT_APPLICABLE
1452,q58_access_issues_status_DISCUSSED
1453,q58_access_issues_coverage_status_NOT_MENTIONED
1454,q58_access_issues_coverage_status_DISCUSSED
1455,q57_rights_violated_status_NOT_MENTIONED
1456,q57_rights_violated_status_NOT_DETERMINED
1457,q59_adm_issues_coverage_status_DISCUSSED
1458,q57_rights_violated_status_NOT_APPLICABLE
1459,q57_rights_violated_status_NONE_VIOLATED
1460,q57_rights_violated_status_DISCUSSED
1461,q57_rights_violated_coverage_status_NOT_MENTIONED
1462,q57_rights_violated_coverage_status_DISCUSSED
1463,q56_rights_discussed_status_NOT_MENTIONED
1464,q58_access_issues_status_NOT_MENTIONED
1465,q59_adm_issues_coverage_status_NOT_MENTIONED
1466,q56_rights_discussed_status_NOT_APPLICABLE
1467,q61_dpo_issues_status_NOT_DISCUSSED
1468,q64_transfer_violations_status_NOT_DISCUSSED
1469,q64_transfer_violations_status_NOT_APPLICABLE
1470,q64_transfer_violations_status_DISCUSSED
1471,q64_transfer_violations_coverage_status_NOT_MENTIONED
1472,q64_transfer_violations_coverage_status_DISCUSSED
1473,q61_dpo_issues_status_NOT_MENTIONED
1474,q61_dpo_issues_status_NOT_APPLICABLE
1475,q59_adm_issues_status_DISCUSSED
1476,q61_dpo_issues_status_DISCUSSED
1477,q61_dpo_issues_coverage_status_NOT_MENTIONED
1478,q61_dpo_issues_coverage_status_DISCUSSED
1479,q59_adm_issues_status_NOT_MENTIONED
1480,q59_adm_issues_status_NOT_DISCUSSED
1481,q59_adm_issues_status_NOT_APPLICABLE
1482,q56_rights_discussed_status_NOT_DISCUSSED
1483,q56_rights_discussed_status_DISCUSSED
1484,q42_mitig_status_DISCUSSED
1485,q46_vuln_status_NOT_MENTIONED
1486,q47_remedial_status_NOT_DISCUSSED
1487,q47_remedial_status_NOT_APPLICABLE
1488,q47_remedial_status_NONE_MENTIONED
1489,q47_remedial_status_DISCUSSED
1490,q47_remedial_coverage_status_NOT_MENTIONED
1491,q47_remedial_coverage_status_DISCUSSED
1492,q46_vuln_status_NOT_DISCUSSED
1493,q50_other_measures_coverage_status_DISCUSSED
1494,q46_vuln_status_NONE_MENTIONED
1495,q46_vuln_status_DISCUSSED
1496,q46_vuln_coverage_status_NOT_MENTIONED
1497,q46_vuln_coverage_status_DISCUSSED
1498,q42_mitig_status_NOT_MENTIONED
1499,q42_mitig_status_NOT_DISCUSSED
1500,q47_remedial_status_NOT_MENTIONED
1501,q50_other_measures_coverage_status_NOT_MENTIONED
1502,q56_rights_discussed_coverage_status_NOT_MENTIONED
1503,q54_scopes_coverage_status_DISCUSSED
1504,q56_rights_discussed_coverage_status_DISCUSSED
1505,q54_scopes_status_NOT_MENTIONED
1506,q54_scopes_status_NOT_DISCUSSED
1507,q54_scopes_status_NOT_APPLICABLE
1508,q54_scopes_status_DISCUSSED
1509,q54_scopes_coverage_status_NOT_MENTIONED
1510,q53_powers_status_NOT_MENTIONED
1511,q50_other_measures_status_DISCUSSED
1512,q53_powers_status_NOT_DISCUSSED
1513,q53_powers_status_DISCUSSED
1514,q53_powers_coverage_status_NOT_MENTIONED
1515,q53_powers_coverage_status_DISCUSSED
1516,q50_other_measures_status_NOT_MENTIONED
1517,q50_other_measures_status_NOT_DISCUSSED
1518,art33_notification_timeliness_status_NOT_APPLICABLE
1519,art33_notification_timeliness_status_DISCUSSED
1520,art33_notification_submitted_status_UNPARSEABLE
1521,q54_scopes_known_SPECIFIC_PURPOSE_LIMITATION_DATA_CATEGORY_LIMITATION
1522,q56_rights_discussed_known_ACCESS_ERASURE
1523,q56_rights_discussed_known_ACCESS
1524,q54_scopes_unknown_NOT_DISCUSSED
1525,q54_scopes_unknown_MISSING
1526,q54_scopes_known_TEMPORAL_LIMITATION
1527,q54_scopes_known_SPECIFIC_PURPOSE_LIMITATION_GEOGRAPHICAL_LIMITATION
1528,q54_scopes_known_SPECIFIC_PURPOSE_LIMITATION
1529,q56_rights_discussed_known_ACCESS_ERASURE_OBJECTION_INFORMATION_OBLIGATIONS
1530,q54_scopes_known_NOT_APPLICABLE
1531,q54_scopes_known_MISSING
1532,q54_scopes_known_DATA_CATEGORY_LIMITATION
1533,q54_scopes_known_COMPLETE_PROCESSING_BAN
1534,q50_other_measures_unknown_WARNING
1535,q50_other_measures_unknown_RECTIFICATION_ERASURE_RESTRICTION
1536,q56_rights_discussed_known_ACCESS_ERASURE_INFORMATION_OBLIGATIONS
1537,q56_rights_discussed_known_ACCESS_INFORMATION_OBLIGATIONS
1538,q50_other_measures_unknown_NONE_DISCUSSED
1539,q56_rights_discussed_known_MISSING
1540,q56_rights_discussed_unknown_MISSING
1541,q56_rights_discussed_known_RECTIFICATION_INFORMATION_OBLIGATIONS
1542,q56_rights_discussed_known_RECTIFICATION
1543,q56_rights_discussed_known_OBJECTION_INFORMATION_OBLIGATIONS
1544,q56_rights_discussed_known_OBJECTION
1545,q56_rights_discussed_known_NONE_DISCUSSED
1546,q56_rights_discussed_known_INFORMATION_OBLIGATIONS_OBJECTION
1547,q56_rights_discussed_known_ACCESS_OBJECTION_INFORMATION_OBLIGATIONS
1548,q56_rights_discussed_known_INFORMATION_OBLIGATIONS
1549,q56_rights_discussed_known_ERASURE_INFORMATION_OBLIGATIONS
1550,q56_rights_discussed_known_ERASURE
1551,q56_rights_discussed_known_ACCESS_RECTIFICATION_ERASURE_RESTRICTION_OF_PROCESSING_OBJECTION_INFORMATION_OBLIGATIONS
1552,q56_rights_discussed_known_ACCESS_RECTIFICATION_ERASURE_RESTRICTION_OF_PROCESSING_DATA_PORTABILITY_OBJECTION_INFORMATION_OBLIGATIONS
1553,q56_rights_discussed_known_ACCESS_RECTIFICATION_ERASURE_RESTRICTION_OF_PROCESSING_DATA_PORTABILITY_OBJECTION_AUTOMATED_DECISION_MAKING_INFORMATION_OBLIGATIONS
1554,q50_other_measures_unknown_NOT_DISCUSSED
1555,q50_other_measures_unknown_MISSING
1556,art33_notification_submitted_status_NOT_MENTIONED
1557,q47_remedial_known_SYSTEM_UPGRADES
1558,q47_remedial_unknown_DATA_DELETION
1559,q47_remedial_unknown_COOPERATION_WITH_DPA
1560,q47_remedial_known_SYSTEM_UPGRADES_POLICY_CHANGES_STAFF_TRAINING_EXTERNAL_AUDIT
1561,q47_remedial_known_SYSTEM_UPGRADES_POLICY_CHANGES_STAFF_TRAINING
1562,q47_remedial_known_SYSTEM_UPGRADES_POLICY_CHANGES_EXTERNAL_AUDIT
1563,q47_remedial_known_SYSTEM_UPGRADES_POLICY_CHANGES
1564,q47_remedial_known_STAFF_TRAINING_SYSTEM_UPGRADES_POLICY_CHANGES_DPO_APPOINTMENT
1565,q47_remedial_unknown_LEGAL_ADVICE
1566,q47_remedial_known_STAFF_TRAINING_SYSTEM_UPGRADES_POLICY_CHANGES
1567,q47_remedial_known_STAFF_TRAINING_SYSTEM_UPGRADES
1568,q47_remedial_known_STAFF_TRAINING_POLICY_CHANGES
1569,q47_remedial_known_STAFF_TRAINING_EXTERNAL_AUDIT
1570,q47_remedial_known_STAFF_TRAINING
1571,q47_remedial_known_POLICY_CHANGES_STAFF_TRAINING_EXTERNAL_AUDIT
1572,q47_remedial_unknown_DATA_DELETION_ORDER
1573,q47_remedial_unknown_MISSING
1574,q50_other_measures_unknown_LIMITATION_PROHIBITION_OF_PROCESSING_COMPLY_WITH_DATA_SUBJECT_REQUESTS_BRING_PROCESSING_INTO_COMPLIANCE
1575,q50_other_measures_known_DATA_DELETION_ORDER
1576,q50_other_measures_unknown_LIMITATION_PROHIBITION_OF_PROCESSING
1577,q50_other_measures_unknown_COMPLY_WITH_DATA_SUBJECT_REQUESTS_BRING_PROCESSING_INTO_COMPLIANCE
1578,q50_other_measures_known_PROCESSING_BAN
1579,q50_other_measures_known_NONE
1580,q50_other_measures_known_MISSING
1581,q50_other_measures_known_DATA_DELETION_ORDER_COMPLIANCE_ORDER
1582,q50_other_measures_known_COMPLIANCE_ORDER_AUDIT_REQUIREMENT
1583,q47_remedial_unknown_NONE_DISCUSSED
1584,q50_other_measures_known_COMPLIANCE_ORDER
1585,q47_remedial_unknown_VOLUNTARY_PAYMENT
1586,q47_remedial_unknown_SECURITY_IMPROVEMENTS
1587,q47_remedial_unknown_NOT_MENTIONED
1588,q47_remedial_unknown_NOT_DISCUSSED
1589,q47_remedial_unknown_NOT_APPLICABLE
1590,q56_rights_discussed_unknown_NOT_APPLICABLE
1591,q56_rights_discussed_unknown_NOT_DISCUSSED
1592,q56_rights_discussed_unknown_NOT_MENTIONED
1593,q61_dpo_issues_known_NO_ISSUES_FOUND
1594,q64_transfer_violations_known_NO_ADEQUATE_SAFEGUARDS_SCHREMS_II_ISSUES
1595,q64_transfer_violations_known_NO_ADEQUATE_SAFEGUARDS
1596,q64_transfer_violations_known_NOT_APPLICABLE
1597,q64_transfer_violations_known_MISSING
1598,q61_dpo_issues_unknown_NOT_DISCUSSED
1599,q61_dpo_issues_unknown_MISSING
1600,q61_dpo_issues_known_NO_DPO_APPOINTED_LACK_OF_RESOURCES
1601,q64_transfer_violations_unknown_NOT_DISCUSSED
1602,q61_dpo_issues_known_NO_DPO_APPOINTED_INADEQUATE_INVOLVEMENT
1603,q61_dpo_issues_known_NO_DPO_APPOINTED
1604,q61_dpo_issues_known_NOT_APPLICABLE
1605,q61_dpo_issues_known_MISSING
1606,q61_dpo_issues_known_INADEQUATE_INVOLVEMENT
1607,q59_adm_issues_unknown_NOT_DISCUSSED
1608,q64_transfer_violations_unknown_MISSING
1609,country_status_DISCUSSED
1610,q57_rights_violated_known_ACCESS
1611,turnover_status_NOT_DISCUSSED
1612,art33_notification_submitted_status_NOT_APPLICABLE
1613,art33_notification_submitted_status_DISCUSSED
1614,art33_notification_required_status_UNPARSEABLE
1615,art33_notification_required_status_NOT_MENTIONED
1616,art33_notification_required_status_NOT_APPLICABLE
1617,art33_notification_required_status_DISCUSSED
1618,turnover_status_DISCUSSED
1619,country_status_NOT_MENTIONED
1620,fine_status_NOT_MENTIONED
1621,fine_status_NOT_DISCUSSED
1622,fine_status_DISCUSSED
1623,decision_date_status_NOT_MENTIONED
1624,decision_date_status_NOT_DISCUSSED
1625,decision_date_status_DISCUSSED
1626,q59_adm_issues_unknown_MISSING
1627,q59_adm_issues_known_PROFILING_WITHOUT_CONSENT_NO_EXPLANATION_PROVIDED
1628,q59_adm_issues_known_NO_EXPLANATION_PROVIDED
1629,q57_rights_violated_known_INFORMATION_OBLIGATIONS_OBJECTION
1630,q57_rights_violated_known_RECTIFICATION_INFORMATION_OBLIGATIONS
1631,q57_rights_violated_known_OBJECTION_INFORMATION_OBLIGATIONS
1632,q57_rights_violated_known_OBJECTION
1633,q57_rights_violated_known_NOT_DETERMINED
1634,q57_rights_violated_known_NONE_VIOLATED
1635,q57_rights_violated_known_MISSING
1636,q57_rights_violated_known_INFORMATION_OBLIGATIONS
1637,q59_adm_issues_known_NOT_APPLICABLE
1638,q57_rights_violated_known_ERASURE_INFORMATION_OBLIGATIONS
1639,q57_rights_violated_known_ERASURE
1640,q57_rights_violated_known_ACCESS_INFORMATION_OBLIGATIONS
1641,q57_rights_violated_known_ACCESS_ERASURE_OBJECTION
1642,q57_rights_violated_known_ACCESS_ERASURE_INFORMATION_OBLIGATIONS
1643,q57_rights_violated_known_ACCESS_ERASURE
1644,q57_rights_violated_unknown_MISSING
1645,q57_rights_violated_unknown_NONE_DISCUSSED
1646,q57_rights_violated_unknown_NOT_APPLICABLE
1647,q57_rights_violated_unknown_NOT_DISCUSSED
1648,q57_rights_violated_unknown_NOT_MENTIONED
1649,q58_access_issues_known_EXCESSIVE_DELAY
1650,q58_access_issues_known_EXCESSIVE_DELAY_INADEQUATE_RESPONSE
1651,q58_access_issues_known_EXCESSIVE_DELAY_INADEQUATE_RESPONSE_SCOPE_LIMITATIONS
1652,q58_access_issues_known_INADEQUATE_RESPONSE
1653,q58_access_issues_known_INADEQUATE_RESPONSE_IDENTITY_VERIFICATION_ISSUES
1654,q58_access_issues_known_INADEQUATE_RESPONSE_SCOPE_LIMITATIONS
1655,q58_access_issues_known_MISSING
1656,q58_access_issues_known_NOT_APPLICABLE
1657,q58_access_issues_known_NO_ISSUES_FOUND
1658,q58_access_issues_unknown_MISSING
1659,q58_access_issues_unknown_NOT_DISCUSSED
1660,q59_adm_issues_known_MISSING
1661,raw_q68_Telekom_Romania_Communications_SA_fined_6_000_for_violating_GDPR_Article_5_1_d_f_2_inaccurate_data_and_security_and_Article_17_erasure_request_non_compliance_following_a_complaint_corrective_orders_issued_for_data_accuracy_and_erasure_process_improvements
1662,raw_q68_Telef_nica_Espa_a_processed_claimant_s_data_without_valid_consent_for_mobile_line_and_bank_details_after_identity_theft_failed_to_prove_authorization_for_ownership_change_or_direct_debit_fined_55_000_for_Article_6_1_violation_with_aggravating_factors
1663,raw_q52_The_fine_of_PLN_18_192_EUR_4_000_equivalent_was_imposed_for_lack_of_cooperation_with_the_DPA_considering_the_intentional_continuous_nature_of_the_breach_lack_of_mitigation_and_estimated_company_size_it_was_set_below_statutory_caps_as_effective_proportionate_and_dissuasive
1664,raw_q61_NO_DPO_APPOINTED_INADEQUATE_INVOLVEMENT
1665,raw_q62_SINGLE_JURISDICTION_DOMESTIC
1666,raw_q62_NOT_DISCUSSED
1667,raw_q62_MISSING
1668,raw_q62_CONCERNED_AUTHORITY_CASE
1669,raw_q61_NO_ISSUES_FOUND
1670,raw_q61_NO_DPO_APPOINTED_LACK_OF_RESOURCES
1671,raw_q61_NO_DPO_APPOINTED
1672,raw_q63_MISSING
1673,raw_q61_NOT_DISCUSSED
1674,raw_q61_MISSING
1675,raw_q61_INADEQUATE_INVOLVEMENT
1676,raw_q60_YES_VOLUNTARY_APPOINTMENT
1677,raw_q60_YES_REQUIRED_NOT_APPOINTED
1678,raw_q60_YES_REQUIRED_AND_APPOINTED
1679,raw_q62_UNCLEAR
1680,raw_q63_NOT_DISCUSSED
1681,raw_q60_MISSING
1682,raw_q65_MISSING
1683,raw_q66_NOT_DISCUSSED
1684,raw_q66_MISSING
1685,raw_q65_YES_CLARIFIES_EXISTING_LAW
1686,raw_q65_UNCLEAR
1687,raw_q65_ROUTINE_APPLICATION
1688,raw_q65_NOT_DISCUSSED
1689,raw_q64_NO_ADEQUATE_SAFEGUARDS_SCHREMS_II_ISSUES
1690,raw_q63_YES_COMPLIANT_TRANSFERS
1691,raw_q64_NO_ADEQUATE_SAFEGUARDS
1692,raw_q64_NOT_DISCUSSED
1693,raw_q64_NOT_APPLICABLE
1694,raw_q64_MISSING
1695,raw_q63_YES_VIOLATIONS_FOUND
1696,raw_q63_YES_MENTIONED_NO_ASSESSMENT
1697,raw_q60_NO_REQUIREMENT
1698,raw_q59_PROFILING_WITHOUT_CONSENT_NO_EXPLANATION_PROVIDED
1699,raw_q66_YES_EXTENSIVE_REFERENCES
1700,raw_q57_INFORMATION_OBLIGATIONS
1701,raw_q57_NOT_DISCUSSED
1702,raw_q57_NOT_DETERMINED
1703,raw_q57_NOT_APPLICABLE
1704,raw_q57_NONE_DISCUSSED
1705,raw_q57_MISSING
1706,raw_q57_INFORMATION_OBLIGATIONS_OBJECTION
1707,raw_q57_ERASURE_INFORMATION_OBLIGATIONS
1708,raw_q57_OBJECTION
1709,raw_q57_ERASURE
1710,raw_q57_ACCESS_ERASURE
1711,raw_q57_ACCESS_INFORMATION_OBLIGATIONS
1712,raw_q57_ACCESS_ERASURE_OBJECTION
1713,raw_q57_ACCESS_ERASURE_INFORMATION_OBLIGATIONS
1714,raw_q57_ACCESS
1715,raw_q57_NOT_MENTIONED
1716,raw_q57_OBJECTION_INFORMATION_OBLIGATIONS
1717,raw_q59_NO_EXPLANATION_PROVIDED
1718,raw_q58_MISSING
1719,raw_q59_NOT_DISCUSSED
1720,raw_q59_NOT_APPLICABLE
1721,raw_q59_MISSING
1722,raw_q58_NO_ISSUES_FOUND
1723,raw_q58_NOT_DISCUSSED
1724,raw_q58_NOT_APPLICABLE
1725,raw_q58_INADEQUATE_RESPONSE_IDENTITY_VERIFICATION_ISSUES
1726,raw_q57_RECTIFICATION_INFORMATION_OBLIGATIONS
1727,raw_q58_INADEQUATE_RESPONSE_SCOPE_LIMITATIONS
1728,raw_q58_INADEQUATE_RESPONSE
1729,raw_q58_EXCESSIVE_DELAY_INADEQUATE_RESPONSE_SCOPE_LIMITATIONS
1730,raw_q58_EXCESSIVE_DELAY_INADEQUATE_RESPONSE_1
1731,raw_q58_EXCESSIVE_DELAY_INADEQUATE_RESPONSE
1732,raw_q58_EXCESSIVE_DELAY
1733,raw_q66_UNCLEAR
1734,raw_q67_ARTICLE_29_Guidelines_on_Data_Protection_Impact_Assessment_DPIA_wp248rev_01
1735,raw_q67_CJEU_Case_C_101_01_Lindqvist
1736,raw_q67_Answer_68_Spanish_DPA_fined_TOUR_PEOPLE_MAX_S_L_1_200_for_making_an_unsolicited_commercial_call_to_a_Robinson_list_registrant_without_consent_violating_GDPR_Article_21_the_company_paid_voluntarily_terminating_the_procedure
1737,raw_q67_Answer_68_Spanish_dental_clinic_failed_to_respond_to_patient_s_GDPR_access_request_for_medical_records_AEPD_ordered_compliance_within_10_days_citing_violation_of_Article_15_and_security_accountability_principles_with_no_fine_issued
1738,raw_q67_Answer_68_Spanish_DPA_sanctioned_ATPSA_for_emailing_electoral_roll_with_personal_data_to_multiple_recipients_without_security_violating_GDPR_Article_5_1_f_no_fine_imposed_only_reprimand_and_compliance_orders_due_to_lack_of_cooperation_and_initial_procedural_closure_overturned_on_appeal
1739,raw_q67_Answer_68_Spanish_DPA_received_complaint_against_Facebook_Ireland_for_unauthorized_profile_creation_with_incorrect_data_Arts_6_17_GDPR_Case_transferred_to_Irish_DPC_as_lead_authority_Facebook_deleted_the_webpage_amicably_Claimant_did_not_respond_to_resolution_notification_Case_filed_without_fine
1740,raw_q67_Answer_68_Spanish_DPA_issued_warning_and_compliance_order_to_natural_person_website_owner_for_LSSI_cookie_violations_inadequate_first_layer_banner_information_and_missing_cookie_rejection_mechanism_based_on_complaint_about_wedding_event_company_s_website_No_GDPR_fines_imposed
1741,raw_q67_Answer_68_Spanish_DPA_fined_a_gym_chain_3_000_for_failing_to_provide_adequate_information_to_data_subjects_under_Article_13_GDPR_after_repeated_complaints_and_delayed_compliance_the_defendant_acknowledged_responsibility_and_paid_voluntarily
1742,raw_q67_Answer_68_Spanish_DPA_fined_XFERA_M_VILES_3_000_for_sending_unsolicited_commercial_SMS_to_a_customer_who_had_objected_violating_LSSI_Article_21_case_terminated_after_voluntary_payment_and_acknowledgment
1743,raw_q67_Answer_68_Spanish_DPA_fined_JUST_LANDED_S_L_3_000_for_LSSI_cookie_violations_no_consent_mechanism_and_issued_warning_for_GDPR_Article_13_violation_English_only_privacy_policy_Compliance_orders_required_Spanish_translation_and_proper_cookie_consent_within_one_month
1744,raw_q67_Answer_68_Spanish_restaurant_added_complainant_s_phone_number_to_promotional_WhatsApp_group_without_consent_DPA_found_violation_of_Article_6_1_GDPR_lawfulness_imposed_500_fine_due_to_seriousness_lack_of_cooperation_and_no_lawful_basis
1745,raw_q67_Answer_68_Spanish_DPA_fined_JOKER_PREMIUM_INVEX_6_000_for_processing_personal_data_without_legal_basis_in_advertising_campaign_defendant_acknowledged_responsibility_cooperated_deleted_data_and_paid_voluntarily
1746,raw_q67_Answer_68_Spanish_DPA_fined_INDECEMI_5_000_total_for_GDPR_security_breaches_3_000_for_Article_5_1_f_violation_confidentiality_principle_and_2_000_for_Article_32_violation_inadequate_security_measures_after_emailing_claimant_s_personal_data_to_wrong_recipient_affecting_two_individuals_defendant_did_not_cooperate_during_investigation
1747,raw_q67_Answer_68_Spanish_DPA_fined_HIGHCLIFFE_ESTATES_MARBELLA_8_000_for_publishing_personal_data_without_legal_basis_Article_6_1_GDPR_and_issued_warning_for_outdated_privacy_policy_referencing_repealed_law_Article_13_Violations_discovered_via_complaint_Defendant_failed_to_cooperate_or_respond_to_proceedings
1748,raw_q67_Answer_68_Spanish_DPA_fined_HAZTEOIR_ORG_4_000_for_publishing_brochure_with_names_photos_of_three_individuals_without_legal_basis_under_Article_6_GDPR_Defendant_removed_data_promptly_but_denied_responsibility_fine_reduced_via_voluntary_payment_procedure_Violation_involved_lack_of_transparency_and_lawful_processing_justification
1749,raw_q67_Answer_68_Spanish_DPA_fined_FOURTH_PARTY_LOGISTICS_72_000_for_GDPR_Article_28_violations_subcontracting_without_proper_contracts_and_authorizations_as_a_processor_reduced_due_to_cooperation_and_voluntary_payment
1750,raw_q67_Answer_68_Spanish_DPA_fined_CASER_24_000_for_modifying_insurance_policy_data_without_legal_basis_after_complaint_defendant_acknowledged_responsibility_and_paid_voluntarily_terminating_the_procedure
1751,raw_q67_Answer_68_Spanish_law_firm_LOSADA_ADVOCATS_S_L_sent_email_without_blind_copy_exposing_recipients_email_addresses_AEPD_found_violations_of_Article_5_1_f_and_Article_32_GDPR_Defendant_paid_reduced_6_000_fine_voluntarily_accepting_responsibility_Case_terminated
1752,raw_q67_Answer_68_Swedish_DPA_fined_Sahlgrenska_University_Hospital_SEK_3_5M_for_failing_to_conduct_needs_and_risk_analyses_before_granting_system_access_permissions_and_not_restricting_user_access_to_necessary_data_only_violating_Articles_5_1_f_5_2_and_32_of_GDPR_with_aggravating_factors_including_prior_infringement_and_large_scale_of_sensitive_health_data_processing
1753,raw_q67_Answer_68_Spanish_DPA_fined_B_B_B_9000_for_publishing_claimant_s_photos_without_consent_Article_6_violation_and_inadequate_privacy_policy_Article_13_violation_Defendant_failed_to_respond_to_claims_or_provide_required_information
1754,raw_q67_Answer_68_Vodafone_Espa_a_sent_electronic_invoice_notifications_to_former_customer_without_legal_basis_after_multiple_data_deletion_requests_and_prior_sanctions_violating_Article_6_1_GDPR_DPA_initiated_procedure_based_on_complaint_set_200_000_fine_reduced_to_120_000_due_to_voluntary_payment_and_responsibility_recognition_terminating_the_case
1755,raw_q67_Article_29_Working_Party_guidelines_on_application_and_determination_of_administrative_fines_2017
1756,raw_q67_Article_29_Working_Party_Opinion_06_2014_on_legitimate_interests
1757,raw_q67_Article_29_Working_Party_Guidelines_on_administrative_fines
1758,raw_q67_Article_29_Working_Group_Opinion_06_2014
1759,raw_q67_Answer_68_Vodafone_Spain_processed_personal_data_without_legal_basis_after_fraudulent_mobile_line_contracts_using_claimant_s_identity_DPA_found_Article_6_1_violation_due_to_lack_of_diligence_in_identity_verification_50_000_fine_reduced_to_40_000_via_voluntary_payment
1760,raw_q67_Answer_68_Vodafone_Romania_fined_1500_EUR_for_GDPR_Article_32_security_violations_due_to_inadequate_measures_causing_unauthorized_data_access_for_70_individuals_over_months_initiated_via_breach_notifications
1761,raw_q67_Answer_68_Uppsala_Region_sent_sensitive_patient_data_unencrypted_via_email_internally_from_May_2018_to_May_2019_violating_Article_32_GDPR_security_requirements_fined_SEK_300_000_due_to_systematic_handling_high_data_sensitivity_and_internal_policy_breach_mitigated_by_encrypted_transmission_and_immediate_cessation
1762,raw_q67_Answer_68_Telef_nica_Espa_a_processed_complainant_s_phone_data_without_legal_basis_for_internal_testing_campaigns_resulting_in_247_nuisance_calls_DPA_imposed_75_000_fine_reduced_to_45_000_via_voluntary_payment_and_acknowledgment_violation_of_Article_6_GDPR_due_to_lack_of_consent_or_other_lawful_basis
1763,raw_q67_Answer_68_UK_law_firm_breached_Article_32_security_requirements_when_external_threat_actor_accessed_cloud_server_via_compromised_credentials_exposing_8_234_subjects_sensitive_criminal_special_category_data_ICO_issued_reprimand_due_to_lack_of_MFA_and_inadequate_organizational_measures_but_no_fine_imposed_considering_remedial_actions_taken
1764,raw_q67_Answer_68_UK_charity_Mermaids_fined_25_000_for_GDPR_security_breach_internal_email_group_with_personal_data_of_550_individuals_including_children_and_special_category_health_data_was_publicly_accessible_via_search_engines_from_May_2018_to_June_2019_due_to_inadequate_security_settings_DPA_found_negligent_organizational_failures_but_noted_prompt_cooperation_and_remediation
1765,raw_q67_Answer_68_UK_ICO_fined_The_Money_Hive_Limited_50_000_for_sending_752_425_unsolicited_marketing_texts_without_valid_consent_over_6_months_bundling_consent_with_loan_applications_affecting_financially_vulnerable_individuals
1766,raw_q67_Answer_68_Two_Romanian_insurance_operators_fined_1500_EUR_and_1000_EUR_for_GDPR_Article_32_security_breaches_after_configuration_changes_to_web_apps_led_to_unauthorized_data_access_affecting_2_persons_each_DPA_cited_lack_of_testing_and_inadequate_measures_ordering_compliance_improvements
1767,raw_q67_Answer_68_The_Madrid_Ministry_of_Health_failed_to_secure_its_COVID_19_vaccination_appointment_website_exposing_personal_data_due_to_a_programming_error_and_did_not_notify_the_DPA_of_the_breach_the_Spanish_DPA_issued_warnings_for_violations_of_GDPR_Articles_5_1_f_25_32_and_33_citing_inadequate_security_measures_and_breach_notification_failure
1768,raw_q67_Answer_68_Telef_nica_M_viles_Espa_a_charged_invoices_to_a_non_customer_s_bank_account_without_legal_basis_violating_Article_6_1_GDPR_The_Spanish_DPA_imposed_a_75_000_fine_due_to_negligence_duration_and_processing_of_personal_banking_data
1769,raw_q67_Answer_68_Spanish_DPA_fined_CANARYCLICK_CONSULTING_SL_8_000_for_LSSI_cookie_violations_on_four_websites_lacking_proper_consent_mechanisms_and_imposed_warning_for_GDPR_Article_7_violation_due_to_generic_consent_collection_for_commercial_purposes_unrelated_to_contract_Defendant_required_to_comply_within_one_month
1770,raw_q67_Answer_68_Spanish_DPA_fined_AD735_DATA_MEDIA_ADVERTISING_S_L_15_000_for_failing_to_delete_complainant_s_data_after_erasure_request_under_GDPR_Article_17_and_sending_unsolicited_advertising_emails_without_consent_under_LSSI_Article_21_citing_lack_of_diligence_and_intentionality_as_aggravating_factors
1771,raw_q67_Answer_68_AEPD_initiated_sanctioning_procedure_based_on_Torrevieja_Municipal_Police_inspection_of_UNIQUE_HOTEL_APARTMENT_S_L_on_15_05_2023_revealing_scanned_client_DNI_documents_in_registration_book_without_numerical_annotations_or_reporting_to_security_forces_Violation_of_GDPR_Article_5_1_c_data_minimisation_confirmed_as_full_ID_scans_exceed_requirements_under_Organic_Law_4_2015_and_Order_INT_1922_2003_for_traveler_registration_Fine_of_2000_EUR_imposed_under_Article_83_5_entity_ordered_to_adapt_client_data_management_within_one_month
1772,raw_q67_Answer_68_Complaint_against_clinic_for_using_surgeon_s_image_without_consent_DPA_found_valid_consent_via_signed_contract_case_filed_with_no_violation_or_fine
1773,raw_q67_Answer_68_Iberdrola_Clientes_SAU_violated_GDPR_Article_5_1_f_security_principle_when_a_third_party_received_claimant_s_invoice_with_personal_data_fine_reduced_to_24_000_after_acknowledgment_and_payment
1774,raw_q67_Answer_68_ING_Bank_Bucharest_Branch_fined_3000_for_GDPR_Article_32_violation_after_unauthorized_WhatsApp_transmission_of_customer_data_file_lacking_adequate_security_measures
1775,raw_q67_Answer_68_Farmacia_Ardealul_SRL_fined_2_500_for_GDPR_Article_32_security_breach_due_to_malware_on_website_compromising_customer_bank_data_corrective_order_to_implement_security_testing_plan
1776,raw_q67_Answer_68_Enel_Energie_Muntenia_SA_fined_3000_for_Article_32_violation_inadequate_security_measures_led_to_email_disclosure_of_client_data_to_wrong_recipient_compliance_order_issued_to_implement_measures_within_30_days
1777,raw_q67_Answer_68_EasyJet_violated_Article_15_GDPR_by_failing_to_respond_to_a_data_subject_access_request_within_the_required_one_month_period_taking_nearly_four_months_The_Spanish_DPA_imposed_an_8_000_fine_after_a_voluntary_payment_reduction_citing_the_violation_duration_as_aggravating_but_cooperation_and_compliance_as_mitigating
1778,raw_q67_Answer_68_Curenerg_a_unlawfully_transferred_complainant_s_personal_data_to_Iberdrola_Clientes_without_legal_basis_due_to_salesperson_error_DPA_imposed_60_000_fine_after_reductions_for_acknowledgment_and_payment_citing_violation_of_Article_6_GDPR
1779,raw_q67_Answer_68_Clyde_Valley_Housing_Association_reprimanded_for_a_security_breach_when_a_customer_portal_exposed_residents_personal_data_due_to_a_technical_failure_data_was_accessible_for_5_days_after_initial_report_until_suspension
1780,raw_q67_Answer_68_Klarna_Bank_AB_received_two_cross_border_access_requests_one_was_delayed_over_5_months_violating_Article_12_3_IMY_issued_a_reprimand_under_Article_58_2_b_considering_it_a_minor_infringement_with_no_fine_imposed
1781,raw_q67_Answer_68_Claimant_reported_manipulated_images_of_minor_daughter_on_pornographic_site_AEPD_investigated_but_could_not_identify_infringing_party_content_removed_promptly_case_filed_with_no_violations_found
1782,raw_q67_Answer_68_Claimant_filed_complaint_on_May_21_2020_against_Burgos_City_Council_for_lacking_DPO_AEPD_initiated_sanctioning_procedure_November_17_2020_for_Article_37_GDPR_violation_council_contracted_external_service_August_18_2020_but_failed_to_appoint_and_notify_DPO_AEPD_issued_warning_and_ordered_DPO_appointment_within_2_months_citing_public_body_rules_under_LOPDGDD_Article_77_allowing_non_monetary_sanctions
1783,raw_q67_Answer_68_Claimant_alleged_Niantic_violated_GDPR_by_sharing_location_data_with_players_using_GPS_spoofing_Spanish_DPA_investigated_and_archived_the_case_finding_Niantic_obtained_proper_consent_and_had_mechanisms_to_address_cheating_with_no_GDPR_violations_identified
1784,raw_q67_Answer_68_Banco_Cetelem_processed_complainant_s_bank_account_data_without_lawful_basis_charged_debts_to_wrong_account_over_multiple_months_failed_to_fully_erase_data_after_request_and_transferred_data_to_third_party_Fined_150_000_for_Article_6_and_17_violations_with_compliance_order_to_rectify_processing_within_3_months
1785,raw_q67_Answer_68_BBVA_bank_employee_erroneously_attached_a_third_party_s_account_contract_to_a_customer_via_app_chat_exposing_personal_data_Spanish_DPA_found_violations_of_GDPR_Articles_5_1_f_and_32_imposing_a_80_000_fine_reduced_to_48_000_due_to_voluntary_payment_and_acknowledgment_of_responsibility_Case_terminated_upon_payment
1786,raw_q67_Answer_68_AMEX_sent_4M_marketing_emails_without_consent_over_12_months_misclassifying_them_as_servicing_ICO_fined_90k_for_PECR_breach_citing_negligence_and_financial_benefit_with_mitigation_for_corrective_actions
1787,raw_q67_Answer_68_Iberia_airline_fined_20_000_for_processing_personal_data_without_legal_basis_after_data_subject_withdrew_consent_and_requested_deletion_with_aggravating_factors_of_negligence_and_previous_similar_infringement
1788,raw_q67_Answer_68_Law_firm_LVCENTVM_LEGAL_S_L_obtained_personal_data_via_court_order_for_IP_infringement_claims_but_failed_to_fully_inform_data_subjects_per_Article_14_GDPR_DPA_issued_a_warning_considering_SME_status_and_remediation
1789,raw_q67_Answer_68_Spanish_DPA_dismissed_complaint_against_local_police_for_photographing_ID_during_COVID_19_perimeter_control_finding_the_action_justified_under_public_security_laws_and_compliant_with_GDPR_security_requirements_using_official_equipment_with_subsequent_deletion
1790,raw_q67_Answer_68_Romanian_DPA_fined_S_C_Type_Top_Food_Industry_5000_EUR_for_excessive_video_surveillance_of_employees_in_locker_rooms_and_dining_area_under_theft_prevention_purpose_violated_data_minimization_and_accountability_principles_consent_invalid_due_to_employer_power_imbalance_no_other_legal_basis_ordered_compliance_measures_to_limit_camera_angles_and_ensure_data_minimization
1791,raw_q67_Answer_68_Spanish_DPA_archived_case_against_Cacabelos_City_Council_for_unauthorized_access_to_municipal_registry_data_by_a_council_member_in_early_2019_finding_security_violations_under_Article_5_1_f_GDPR_but_dismissing_due_to_statute_of_limitations_expiring_before_procedure_initiation
1792,raw_q67_Answer_68_Spanish_DPA_archived_case_against_AUTOMOVILES_FERSAN_S_A_after_finding_no_GDPR_violation_defendant_used_claimant_s_data_legitimately_under_contract_basis_for_vehicle_purchase_where_claimant_was_co_owner_not_as_unauthorized_guarantor
1793,raw_q67_Answer_68_Slovenian_Information_Commissioner_issued_non_binding_opinion_regarding_municipality_s_refusal_to_disclose_objectors_signatures_in_land_sale_process_confirmed_signatures_are_personal_data_but_did_not_assess_legality_of_processing_due_to_lack_of_inspection_procedure
1794,raw_q67_Answer_68_Slovenian_Information_Commissioner_issued_non_binding_opinion_on_employer_processing_of_employee_sick_leave_data_confirming_Article_6_1_c_legal_basis_under_national_employment_law_for_limited_information_movement_regimen_absence_duration_but_not_medical_diagnosis_with_reference_to_existing_guidelines
1795,raw_q67_Answer_68_Romanian_DPA_investigated_TAROM_airline_after_breach_notification_found_Article_32_GDPR_violations_for_inadequate_measures_allowing_unauthorized_employee_access_to_five_passengers_data_causing_confidentiality_loss_and_disclosure_Imposed_5_000_EUR_fine_and_ordered_review_update_of_measures_procedures_and_employee_training
1796,raw_q67_Answer_68_Romanian_DPA_fined_Sector_1_of_Bucharest_Municipality_10_000_lei_approx_2_000_EUR_for_failing_to_respond_to_information_requests_and_comply_with_a_remedial_order_violating_Article_58_1_a_and_e_GDPR_due_to_non_cooperation_during_an_investigation_into_a_local_energy_program_s_data_handling
1797,raw_q67_Answer_68_Romanian_DPA_fined_Modaone_SRL_2000_EUR_for_violating_Articles_12_and_13_by_failing_to_provide_complete_data_processing_information_and_imposing_excessive_conditions_for_rights_exercise_with_corrective_orders_to_obtain_consent_for_marketing_and_update_website_terms
1798,raw_q67_Answer_68_Norfolk_County_Council_failed_to_respond_to_251_of_511_subject_access_requests_within_statutory_deadlines_over_one_year_ICO_issued_reprimand_due_to_COVID_19_mitigating_factors_and_remedial_actions_requiring_compliance_improvements_within_six_months
1799,raw_q67_Answer_68_Romanian_DPA_fined_BCR_5000_EUR_for_Article_32_security_violations_inadequate_measures_led_to_employee_using_personal_phone_and_WhatsApp_to_collect_and_transmit_customer_ID_copies_including_minors_data
1800,raw_q67_Answer_68_Romanian_DPA_fined_AG_BROKER_ASIGURARE_S_R_L_5_000_EUR_for_Article_32_security_violation_after_a_cyber_attack_exposed_customer_personal_data_due_to_inadequate_network_storage_access_controls
1801,raw_q67_Answer_68_Raiffeisen_Bank_S_A_fined_20_000_for_GDPR_Article_32_security_violations_after_employees_illegally_accessed_and_disclosed_customer_data_over_years_leading_to_financial_harm_corrective_orders_include_implementing_procedural_plans_and_employee_training
1802,raw_q67_Answer_68_Polish_DPA_UODO_investigated_telecom_firm_V_M_P_Sp_z_o_o_after_self_reported_Dec_2019_breach_where_vulnerability_in_prepaid_registration_system_allowed_unauthorized_access_to_114_963_subscribers_data_names_PESEL_IDs_phone_numbers_Violations_of_Arts_5_1_f_5_2_25_1_32_1_b_d_32_2_due_to_inadequate_security_measures_lack_of_regular_testing_evaluation_superficial_risk_analysis_and_failure_to_verify_system_validation_enabling_external_cyber_attack_Imposed_460_000_EUR_fine_for_gross_negligence_and_high_risk_to_data_subjects_mitigated_by_cooperation_notifications_and_post_breach_ISO_27001_27701_certifications_with_system_fixes
1803,raw_q67_Answer_68_Orange_Romania_SA_fined_40_000_EUR_for_GDPR_violations_failed_to_properly_handle_data_erasure_requests_Art_12_17_and_excessively_collected_stored_personal_data_including_identity_documents_beyond_necessity_Art_5_6_7_Corrective_measures_included_immediate_data_deletion_and_compliance_improvements
1804,raw_q67_Answer_68_Orange_Espa_a_processed_claimant_s_phone_line_portability_without_verifying_identity_enabling_fraud_leading_to_unauthorized_bank_transfers_AEPD_found_Article_6_violation_imposed_30_000_fine_after_reductions_for_acknowledgment_and_payment
1805,raw_q56_RECTIFICATION_INFORMATION_OBLIGATIONS
1806,raw_q56_RECTIFICATION
1807,raw_q56_OBJECTION_INFORMATION_OBLIGATIONS
1808,raw_q52_The_infringement_was_considered_minor_due_to_negligence_affecting_only_one_person_no_sensitive_data_involved_immediate_mitigation_actions_taken_and_no_previous_infringements_A_reprimand_was_issued_instead_of_a_fine
1809,raw_q23_YES_MATERIALIZED
1810,raw_q52_The_procedure_was_initiated_for_violation_of_Article_5_1_b_GDPR_on_storage_limitation_Aggravating_factor_was_the_long_duration_of_over_16_years_No_fine_details_provided_as_procedure_terminated_voluntarily
1811,raw_q52_The_penalty_was_initially_calculated_at_36_750_based_on_seriousness_and_turnover_adjustment_but_reduced_to_18_000_due_to_financial_hardship_considerations_The_infringements_involved_high_risk_processing_of_sensitive_data_with_negligent_security_failures_and_a_29_month_breach_notification_delay
1812,raw_q52_The_initial_proposed_fine_was_10_000_reduced_to_8_000_due_to_voluntary_payment_The_DPA_considered_the_duration_of_the_violation_as_aggravating_but_noted_the_defendant_s_cooperation_and_eventual_compliance_as_mitigating_factors
1813,raw_q52_The_initial_proposed_fine_was_1_500_reduced_to_1_200_due_to_voluntary_payment_the_reduction_was_applied_for_ceasing_the_offending_activity_and_cooperation_though_no_acknowledgment_of_liability_was_made
1814,raw_q52_The_infringement_was_minor_and_corrected_post_complaint_a_reprimand_was_issued_instead_of_a_fine_due_to_negligence_lack_of_intent_cooperation_and_remedial_actions_taken_considering_it_a_one_off_error_without_similar_records
1815,raw_q52_The_fine_was_set_at_5_000_initially_reduced_to_3_000_due_to_voluntary_payment_and_acknowledgment_of_responsibility_considering_aggravating_factors_like_lack_of_cooperation_and_mitigating_factors_like_internal_measures_taken
1816,raw_q52_Total_fine_of_40_000_EUR_imposed_for_violations_of_Articles_5_6_7_and_12_17_split_equally_between_two_infringement_categories_aggravating_factors_included_nature_gravity_duration_and_negligence_no_mitigating_factors_mentioned
1817,raw_q52_The_fine_was_set_at_3_000_based_on_aggravating_factors_number_affected_duration_and_mitigating_factors_lack_of_intent_security_measures_A_40_reduction_was_applied_for_acknowledgment_of_responsibility_and_voluntary_payment_resulting_in_1_800_paid
1818,raw_q52_The_fine_was_set_at_25_000_considering_aggravating_factors_nature_and_gravity_of_the_security_breach_negligence_involvement_of_minors_data_and_the_defendant_s_large_business_volume_No_mitigating_factors_were_applied
1819,raw_q52_The_fine_was_set_at_20_000_reduced_to_16_000_for_voluntary_payment_Aggravating_factors_included_nature_gravity_affecting_500_employees_negligence_in_not_conducting_DPIA_and_lack_of_organizational_measures_No_mitigating_factors_were_applied
1820,raw_q52_The_fine_was_set_at_25_000_considering_the_charity_s_financial_situation_the_nature_of_the_data_breach_involving_vulnerable_individuals_the_duration_of_the_violation_and_the_prompt_remedial_actions_taken_by_Mermaids_The_Commissioner_balanced_the_need_for_a_deterrent_effect_with_the_charity_s_ability_to_continue_operations
1821,raw_q52_The_fine_was_set_at_SEK_35_million_considering_the_violation_s_severity_duration_and_sensitive_data_involved_but_reduced_due_to_proportionality_focusing_on_the_branch_s_specific_turnover_rather_than_the_full_parent_company_turnover
1822,raw_q52_The_fine_was_set_at_SEK_3_5_million_based_on_the_gravity_and_duration_of_the_violations_the_large_scale_of_processing_sensitive_health_data_and_the_defendant_s_prior_infringement_history_The_amount_is_below_the_statutory_cap_but_deemed_effective_and_proportionate
1823,raw_q52_The_total_fine_of_12_000_was_imposed_for_three_violations_2_000_for_Article_13_GDPR_breach_inadequate_privacy_policy_information_5_000_for_Article_5_1_a_GDPR_breach_dark_patterns_affecting_lawfulness_and_fairness_and_5_000_for_LSSI_Article_22_2_breach_cookie_policy_deficiencies_Aggravating_factors_included_the_nature_gravity_and_duration_of_the_violations_and_intentionality_or_negligence
1824,raw_q52_UNCLEAR
1825,raw_q52_The_fine_was_reduced_from_2000_to_1600_due_to_voluntary_payment_aggravating_factors_included_intentionality_and_duration_while_mitigation_included_proactive_compliance_efforts
1826,raw_q53_ADMINISTRATIVE_FINE_COMPLY_WITH_DATA_SUBJECT_REQUESTS_BRING_PROCESSING_INTO_COMPLIANCE_1
1827,raw_q53_BRING_PROCESSING_INTO_COMPLIANCE_LIMITATION_PROHIBITION_OF_PROCESSING
1828,raw_q53_ADMINISTRATIVE_FINE_REPRIMAND_COMPLY_WITH_DATA_SUBJECT_REQUESTS_BRING_PROCESSING_INTO_COMPLIANCE
1829,raw_q53_ADMINISTRATIVE_FINE_LIMITATION_PROHIBITION_OF_PROCESSING
1830,raw_q53_ADMINISTRATIVE_FINE_DATA_DELETION_ORDER
1831,raw_q53_ADMINISTRATIVE_FINE_COMPLY_WITH_DATA_SUBJECT_REQUESTS_BRING_PROCESSING_INTO_COMPLIANCE_RECTIFICATION_ERASURE_RESTRICTION
1832,raw_q53_ADMINISTRATIVE_FINE_COMPLY_WITH_DATA_SUBJECT_REQUESTS_BRING_PROCESSING_INTO_COMPLIANCE_LIMITATION_PROHIBITION_OF_PROCESSING
1833,raw_q53_ADMINISTRATIVE_FINE_COMPLY_WITH_DATA_SUBJECT_REQUESTS_1
1834,raw_q52_Warning_imposed_due_to_public_sector_body_status_under_LOPDGDD_Article_77_violations_of_Articles_5_1_f_25_32_and_34_GDPR_aggravating_factor_from_previous_similar_infringements
1835,raw_q53_ADMINISTRATIVE_FINE_BRING_PROCESSING_INTO_COMPLIANCE_1
1836,raw_q53_ADMINISTRATIVE_FINE_COMPLY_WITH_DATA_SUBJECT_REQUESTS_BRING_PROCESSING_INTO_COMPLIANCE
1837,raw_q53_ADMINISTRATIVE_FINE_COMPLY_WITH_DATA_SUBJECT_REQUESTS
1838,raw_q53_ADMINISTRATIVE_FINE_BRING_PROCESSING_INTO_COMPLIANCE_LIMITATION_PROHIBITION_OF_PROCESSING_RECTIFICATION_ERASURE_RESTRICTION
1839,raw_q53_ADMINISTRATIVE_FINE_BRING_PROCESSING_INTO_COMPLIANCE
1840,raw_q52_Warning_issued_instead_of_fine_due_to_immediate_removal_no_prior_sanctions_no_intent_to_harm_and_full_cooperation_Violation_was_minor_and_quickly_corrected
1841,raw_q52_The_fine_was_reduced_to_500_due_to_mitigating_factors_no_prior_infringements_full_recognition_and_remediation_of_the_violation_cooperation_with_the_authority_measures_taken_to_mitigate_harm_including_apologies_and_the_exceptional_context_of_the_COVID_19_pandemic_preventing_a_regular_meeting
1842,raw_q52_The_fine_was_reduced_from_600_000_to_500_000_considering_the_Cabinet_Office_s_cooperation_mitigation_actions_and_the_short_duration_of_the_breach_but_remained_significant_due_to_the_serious_nature_of_the_security_failures_and_the_need_for_deterrence_given_the_defendant_s_resources_and_profile
1843,raw_q56_OBJECTION
1844,raw_q52_The_fine_of_50_000_was_imposed_for_a_security_breach_under_Article_5_1_f_GDPR_considering_the_nature_and_negligence_of_the_violation_the_link_to_Vodafone_s_data_processing_activities_and_its_status_as_a_large_enterprise_while_noting_only_two_data_subjects_were_affected_with_non_material_harm
1845,raw_q52_The_fine_was_based_on_the_systematic_and_long_term_nature_of_the_violations_involving_sensitive_health_data_sent_unencrypted_and_stored_insecurely_Aggravating_factors_included_duration_large_volume_of_data_and_violation_of_internal_guidelines_Mitigation_considered_the_implementation_of_encryption_solutions_in_September_2019
1846,raw_q52_The_fine_was_based_on_the_systematic_and_long_term_nature_of_the_violation_involving_sensitive_health_data_sent_unencrypted_internally_mitigated_by_encryption_of_transmission_and_cessation_of_processing_upon_discovery
1847,raw_q52_The_fine_was_based_on_the_seriousness_and_duration_of_violations_the_large_scale_of_processing_and_sensitive_financial_data_involved_Mitigation_considered_improvements_during_supervision_The_amount_is_SEK_7_5_million_below_the_4_turnover_cap
1848,raw_q52_The_fine_of_70_000_was_based_on_the_nature_and_severity_of_the_confidentiality_breach_negligence_in_following_internal_protocols_and_the_defendant_s_connection_to_data_processing_activities_Aggravating_factors_included_the_breach_s_impact_and_lack_of_due_diligence
1849,raw_q52_The_fine_of_70_000_was_based_on_the_intentional_nature_and_gravity_of_the_violation_considering_the_defendant_s_status_as_a_large_company_Aggravating_factors_included_intentionality_and_the_connection_to_data_processing_activities_Mitigating_factors_included_the_limited_number_of_affected_data_subjects
1850,raw_q52_The_fine_of_6_000_was_set_considering_aggravating_factors_like_intentionality_and_lack_of_adequate_procedures_and_mitigating_factors_including_the_defendant_s_status_as_a_microenterprise_low_data_volume_and_limited_number_of_affected_data_subjects
1851,raw_q52_The_fine_of_3_000_was_imposed_for_a_security_breach_involving_sensitive_medical_data_of_29_workers_considering_the_entity_s_SME_status_lack_of_cooperation_and_failure_to_implement_adequate_measures_but_below_the_2_turnover_cap
1852,raw_q52_The_fine_was_calculated_based_on_multiple_GDPR_violations_including_lack_of_DPIA_unlawful_processing_of_biometric_data_and_data_minimization_failures_Reductions_were_applied_for_voluntary_payment_and_recognition_of_responsibility_resulting_in_a_total_fine_of_120_000
1853,raw_q52_The_fine_of_2000_was_imposed_for_violating_Article_5_1_c_GDPR_considering_the_nature_of_the_offense_intentionality_due_to_a_prior_infringement_and_mitigating_factors_like_being_a_small_establishment_with_limited_data_protection_knowledge
1854,raw_q52_The_fine_of_2_000_was_imposed_for_violation_of_Article_5_1_f_GDPR_due_to_repeated_unauthorized_disclosures_of_debtor_lists_via_email_and_bulletin_board_postings_considering_the_nature_and_duration_of_the_infringement
1855,raw_q52_The_fine_of_10_000_was_based_on_the_very_serious_nature_of_the_infringement_causing_loss_of_control_over_personal_data_negligence_despite_professionalism_and_sensitivity_of_image_voice_data_It_was_set_below_statutory_caps_considering_company_size_and_business_volume
1856,raw_q52_The_fine_of_10_000_was_imposed_for_an_accuracy_violation_under_Article_5_1_d_GDPR_considering_the_nature_of_the_infringement_and_the_defendant_s_business_involving_regular_data_processing_with_no_cooperation_or_mitigation_noted
1857,raw_q52_The_fine_of_SEK_4_000_000_was_imposed_for_multiple_security_violations_involving_sensitive_data_of_over_100_000_data_subjects_primarily_children_with_aggravating_factors_including_the_nature_of_data_and_duration_and_mitigating_factors_for_remediation_actions
1858,raw_q52_The_fine_of_SEK_350_000_was_imposed_for_violations_of_Articles_5_and_32_considering_the_systematic_long_term_surveillance_of_employees_in_privacy_sensitive_situations_lack_of_masking_and_absence_of_guidelines_Aggravating_factors_included_gravity_and_duration_mitigating_factors_included_cooperation_and_cessation_of_surveillance
1859,raw_q52_The_fine_was_calculated_based_on_a_starting_point_of_3_25_of_turnover_considering_the_nature_gravity_and_duration_of_the_infringement_sensitive_data_involved_and_negligent_security_practices_Mitigating_factors_included_cooperation_and_remedial_actions_but_no_financial_gain_was_identified
1860,raw_q52_The_fine_was_calculated_based_on_the_nature_gravity_and_duration_of_the_infringements_the_number_of_affected_data_subjects_1_35_million_negligence_in_security_measures_and_mitigating_actions_taken_The_total_fine_of_3_5_million_reflects_the_serious_breaches_of_Articles_5_1_f_and_32_GDPR
1861,raw_q52_The_fine_was_reduced_by_40_due_to_voluntary_payment_and_recognition_of_responsibility_Initial_fines_were_13_000_for_data_minimization_violation_and_7_000_for_information_obligation_violation_totaling_20_000_before_reductions_The_defendant_s_SME_status_and_cooperation_were_considered
1862,raw_q52_The_fine_was_imposed_for_violations_of_Articles_25_and_32_due_to_inadequate_security_measures_leading_to_a_data_breach_affecting_564_individuals_with_the_amount_reflecting_the_gravity_of_the_infringement
1863,raw_q52_The_fine_was_initially_set_at_70_000_based_on_the_nature_and_gravity_of_the_breach_involving_health_data_then_reduced_by_40_to_42_000_due_to_the_defendant_s_acknowledgment_of_liability_and_voluntary_payment_with_cooperation_and_mitigation_actions_considered
1864,raw_q52_The_fine_was_initially_set_at_40_000_for_non_compliance_with_a_prior_resolution_It_was_reduced_to_24_000_due_to_the_defendant_s_recognition_of_responsibility_and_voluntary_payment_applying_cumulative_20_reductions
1865,raw_q52_The_fine_was_initially_set_at_120_000_for_two_violations_but_reduced_to_72_000_due_to_the_defendant_s_recognition_of_responsibility_and_voluntary_payment_considering_SME_status_and_cooperation
1866,raw_q52_The_fine_was_initially_set_at_1_5M_based_on_the_severity_and_duration_of_the_breach_but_reduced_to_1_25M_due_to_COVID_19_financial_impact_considerations_Factors_included_negligence_high_number_of_affected_data_subjects_and_sensitive_data_involved_mitigated_by_cooperation_and_remedial_actions
1867,raw_q52_The_fine_was_initially_proposed_at_5_000_for_LSSI_violations_reduced_to_3_000_due_to_voluntary_payment_and_acknowledgment_of_responsibility_terminating_the_procedure
1868,raw_q52_The_fine_was_initially_proposed_at_1_500_but_reduced_to_900_due_to_the_defendant_s_acknowledgment_of_responsibility_and_voluntary_payment_considering_it_a_small_family_business_with_prior_cooperation_and_no_previous_sanctions
1869,raw_q52_The_fine_was_imposed_for_violation_of_Article_32_due_to_inadequate_security_measures_against_cyber_attack_resulting_in_unauthorized_data_disclosure
1870,raw_q52_The_fine_was_calculated_based_on_the_nature_gravity_and_duration_of_the_violation_affecting_489_000_data_subjects_and_1_5_million_records_Aggravating_factors_included_negligence_external_cause_and_data_categories_affected_Mitigating_factors_included_cooperation_and_remedial_actions
1871,raw_q52_The_fine_was_imposed_for_non_cooperation_with_the_DPA_s_investigation_and_failure_to_comply_with_a_prior_remedial_order_reflecting_the_seriousness_of_obstructing_supervisory_authority_actions
1872,raw_q52_The_fine_was_imposed_for_disclosing_sensitive_data_without_legal_basis_considering_the_nature_and_gravity_of_the_violation_and_the_categories_of_data_affected
1873,raw_q52_The_fine_was_graduated_based_on_GDPR_Article_83_2_criteria_2_000_for_Article_5_1_f_violation_and_1_000_for_Article_32_violation_considering_the_nature_gravity_and_lack_of_security_measures_Total_fine_is_3_000
1874,raw_q52_The_fine_was_calculated_using_a_five_step_process_considering_the_seriousness_of_processing_special_category_data_of_145_400_individuals_negligence_previous_infringements_and_mitigating_actions_The_initial_850_000_was_increased_to_1_350_000_to_ensure_it_was_effective_proportionate_and_dissuasive_considering_the_company_s_financial_situation_and_the_need_for_deterrence
1875,raw_q52_The_fine_was_calculated_based_on_the_serious_nature_of_violating_confidentiality_of_health_data_negligence_given_the_defendant_s_experience_high_number_of_affected_data_subjects_all_clinic_visitors_during_the_period_and_the_specific_aggravating_factors_under_Article_83_2_The_total_fine_combines_20_000_for_Article_5_1_f_violation_and_10_000_for_Article_32_violation
1876,raw_q52_The_fine_was_calculated_based_on_the_negligence_of_the_defendant_in_modifying_a_contract_without_proper_verification_considering_the_nature_and_gravity_of_the_infringements_under_Articles_6_and_32_GDPR_with_aggravating_factors_applied
1877,raw_q53_BRING_PROCESSING_INTO_COMPLIANCE_RECTIFICATION_ERASURE_RESTRICTION
1878,raw_q53_COMPLY_WITH_DATA_SUBJECT_REQUESTS
1879,raw_q53_COMPLY_WITH_DATA_SUBJECT_REQUESTS_BRING_PROCESSING_INTO_COMPLIANCE_ADMINISTRATIVE_FINE
1880,raw_q54_TEMPORAL_LIMITATION
1881,raw_q56_ACCESS
1882,raw_q55_NO_DEADLINE_SPECIFIED
1883,raw_q55_NOT_DISCUSSED
1884,raw_q55_MISSING
1885,raw_q55_IMMEDIATE
1886,raw_q55_1_TO_6_MONTHS
1887,raw_q54_SPECIFIC_PURPOSE_LIMITATION_GEOGRAPHICAL_LIMITATION
1888,raw_q56_ACCESS_ERASURE_OBJECTION_INFORMATION_OBLIGATIONS
1889,raw_q54_SPECIFIC_PURPOSE_LIMITATION_DATA_CATEGORY_LIMITATION_1
1890,raw_q54_SPECIFIC_PURPOSE_LIMITATION_DATA_CATEGORY_LIMITATION
1891,raw_q54_SPECIFIC_PURPOSE_LIMITATION
1892,raw_q54_NOT_DISCUSSED
1893,raw_q54_NOT_APPLICABLE
1894,raw_q54_MISSING
1895,raw_q56_ACCESS_ERASURE_INFORMATION_OBLIGATIONS
1896,raw_q56_ACCESS_INFORMATION_OBLIGATIONS
1897,raw_q53_COMPLY_WITH_DATA_SUBJECT_REQUESTS_BRING_PROCESSING_INTO_COMPLIANCE
1898,raw_q56_ERASURE_INFORMATION_OBLIGATIONS_1
1899,raw_q56_NOT_MENTIONED
1900,raw_q56_NOT_DISCUSSED
1901,raw_q56_NOT_APPLICABLE
1902,raw_q56_NONE_DISCUSSED
1903,raw_q56_MISSING
1904,raw_q56_INFORMATION_OBLIGATIONS_OBJECTION
1905,raw_q56_ERASURE_INFORMATION_OBLIGATIONS
1906,raw_q56_ACCESS_RECTIFICATION_ERASURE_RESTRICTION_OF_PROCESSING_DATA_PORTABILITY_OBJECTION_INFORMATION_OBLIGATIONS
1907,raw_q56_ERASURE
1908,raw_q56_ACCESS_RECTIFICATION_ERASURE_RESTRICTION_OF_PROCESSING_DATA_PORTABILITY_OBJECTION_AUTOMATED_DECISION_MAKING_INFORMATION_OBLIGATIONS
1909,raw_q56_ACCESS_OBJECTION_INFORMATION_OBLIGATIONS
1910,raw_q56_ACCESS_ERASURE_INFORMATION_OBLIGATIONS_1
1911,raw_q56_ACCESS_ERASURE
1912,raw_q56_ACCESS_RECTIFICATION_ERASURE_RESTRICTION_OF_PROCESSING_OBJECTION_INFORMATION_OBLIGATIONS
1913,raw_q54_DATA_CATEGORY_LIMITATION
1914,raw_q54_COMPLETE_PROCESSING_BAN
1915,raw_q53_WARNING_REPRIMAND_COMPLY_WITH_DATA_SUBJECT_REQUESTS_BRING_PROCESSING_INTO_COMPLIANCE_1
1916,raw_q53_REPRIMAND_ADMINISTRATIVE_FINE_BRING_PROCESSING_INTO_COMPLIANCE
1917,raw_q53_REPRIMAND_COMPLY_WITH_DATA_SUBJECT_REQUESTS_BRING_PROCESSING_INTO_COMPLIANCE_LIMITATION_PROHIBITION_OF_PROCESSING_ADMINISTRATIVE_FINE
1918,raw_q53_REPRIMAND_COMPLY_WITH_DATA_SUBJECT_REQUESTS_BRING_PROCESSING_INTO_COMPLIANCE_ADMINISTRATIVE_FINE
1919,raw_q53_REPRIMAND_COMPLY_WITH_DATA_SUBJECT_REQUESTS_BRING_PROCESSING_INTO_COMPLIANCE
1920,raw_q53_REPRIMAND_BRING_PROCESSING_INTO_COMPLIANCE
1921,raw_q53_REPRIMAND_ADMINISTRATIVE_FINE_COMPLY_WITH_DATA_SUBJECT_REQUESTS_BRING_PROCESSING_INTO_COMPLIANCE
1922,raw_q53_REPRIMAND_ADMINISTRATIVE_FINE_COMPLY_WITH_DATA_SUBJECT_REQUESTS
1923,raw_q53_REPRIMAND_ADMINISTRATIVE_FINE
1924,raw_q53_WARNING_REPRIMAND_BRING_PROCESSING_INTO_COMPLIANCE
1925,raw_q53_REPRIMAND
1926,raw_q53_NOT_DISCUSSED
1927,raw_q53_NONE_DISCUSSED
1928,raw_q53_MISSING
1929,raw_q53_LIMITATION_PROHIBITION_OF_PROCESSING
1930,raw_q53_COMPLY_WITH_DATA_SUBJECT_REQUESTS_BRING_PROCESSING_INTO_COMPLIANCE_LIMITATION_PROHIBITION_OF_PROCESSING
1931,raw_q53_REPRIMAND_COMPLY_WITH_DATA_SUBJECT_REQUESTS_BRING_PROCESSING_INTO_COMPLIANCE_LIMITATION_PROHIBITION_OF_PROCESSING_RECTIFICATION_ERASURE_RESTRICTION_ADMINISTRATIVE_FINE
1932,raw_q53_REPRIMAND_ADMINISTRATIVE_FINE_BRING_PROCESSING_INTO_COMPLIANCE_1
1933,raw_q53_REPRIMAND_BRING_PROCESSING_INTO_COMPLIANCE_1
1934,raw_q53_REPRIMAND_COMPLY_WITH_DATA_SUBJECT_REQUESTS_BRING_PROCESSING_INTO_COMPLIANCE_1
1935,raw_q53_REPRIMAND_COMPLY_WITH_DATA_SUBJECT_REQUESTS_BRING_PROCESSING_INTO_COMPLIANCE_ADMINISTRATIVE_FINE_1
1936,raw_q53_WARNING
1937,raw_q53_WARNING_ADMINISTRATIVE_FINE
1938,raw_q53_WARNING_REPRIMAND_BRING_PROCESSING_INTO_COMPLIANCE_ADMINISTRATIVE_FINE
1939,raw_q53_WARNING_REPRIMAND_COMPLY_WITH_DATA_SUBJECT_REQUESTS_BRING_PROCESSING_INTO_COMPLIANCE
1940,raw_q53_WARNING_REPRIMAND_COMPLY_WITH_DATA_SUBJECT_REQUESTS_BRING_PROCESSING_INTO_COMPLIANCE_ADMINISTRATIVE_FINE
1941,raw_q53_WARNING_REPRIMAND_LIMITATION_PROHIBITION_OF_PROCESSING_RECTIFICATION_ERASURE_RESTRICTION
1942,raw_q53_WARNING_ADMINISTRATIVE_FINE_1
1943,raw_q53_WARNING_ADMINISTRATIVE_FINE_COMPLY_WITH_DATA_SUBJECT_REQUESTS_BRING_PROCESSING_INTO_COMPLIANCE
1944,raw_q53_WARNING_BRING_PROCESSING_INTO_COMPLIANCE
1945,raw_q53_WARNING_COMPLY_WITH_DATA_SUBJECT_REQUESTS_BRING_PROCESSING_INTO_COMPLIANCE
1946,raw_q53_WARNING_REPRIMAND
1947,raw_q53_WARNING_REPRIMAND_ADMINISTRATIVE_FINE_COMPLY_WITH_DATA_SUBJECT_REQUESTS
1948,raw_q67_C_487_21
1949,raw_q67_CJEU_Judgment_of_May_13_2014
1950,raw_q68_TNT_Spain_inaccurately_processed_a_customer_s_personal_data_by_associating_a_personal_shipment_with_a_company_account_issuing_an_invoice_to_the_company_containing_the_claimant_s_data_violating_GDPR_Article_5_1_d_accuracy_principle_resulting_in_a_10_000_fine_due_to_the_nature_of_the_infringement_and_lack_of_cooperation
1951,raw_q68_SUPERCOR_installed_a_temporary_video_surveillance_camera_in_an_employee_rest_area_to_investigate_theft_capturing_images_used_to_dismiss_two_employees_The_Spanish_DPA_found_this_violated_Article_6_GDPR_as_processing_lacked_a_legal_basis_was_disproportionate_and_breached_the_explicit_prohibition_in_national_law_against_surveillance_in_rest_areas_A_70_000_fine_was_imposed_considering_the_intentionality_and_the_defendant_s_size
1952,raw_q68_Slovenian_DPA_issued_a_non_binding_opinion_in_response_to_a_complaint_about_online_publication_of_a_self_employed_cultural_worker_s_data_concluding_that_such_data_are_not_protected_under_GDPR_as_they_constitute_business_entity_information_under_national_law_based_on_constitutional_case_law_and_specific_acts
1953,raw_q68_Slovenian_DPA_issued_a_non_binding_advisory_opinion_clarifying_data_access_rights_under_GDPR_Article_15_and_national_laws_specifically_addressing_police_data_processing_exemptions_under_national_security_provisions_without_any_enforcement_actions
1954,raw_q68_Slovenian_DPA_initiated_ex_officio_inspection_of_a_bar_s_video_surveillance_system_finding_it_recorded_beyond_necessary_areas_e_g_entire_terrace_and_interior_without_valid_legal_basis_under_legitimate_interests_violating_data_minimization_and_purpose_limitation_ordered_camera_adjustments_to_limit_recording_to_entrance_and_cash_register_only_with_no_fine_imposed
1955,raw_q68_Slovenian_DPA_found_a_public_sector_body_failed_to_establish_joint_controller_agreements_with_users_of_its_data_intermediary_service_violating_GDPR_accountability_ordered_compliance_within_60_days_without_a_fine_citing_EDPB_guidelines_and_CJEU_case_law_on_joint_controllership
1956,raw_q68_Slovak_DPA_issued_advisory_opinion_to_Ministry_of_Finance_finding_that_FATCA_related_tax_treaties_lack_GDPR_compliant_safeguards_for_US_data_transfers_referencing_EDPB_guidelines_and_CJEU_Schrems_II_ruling_recommending_pan_European_coordination
1957,raw_q68_School_used_facial_recognition_for_cashless_catering_without_prior_DPIA_and_relied_on_invalid_opt_out_consent_reprimanded_for_Article_35_1_violation_with_remedial_steps_noted
1958,raw_q68_STRING_Swedish_DPA_IMY_ex_officio_investigation_into_Expressen_Lifestyle_AB_successor_to_Bonnier_Magazines_for_incorrect_legal_basis_information_on_website_registration_flow_May_2018_June_2019_Website_text_implied_consent_basis_while_company_relied_on_contract_legitimate_interests_Violation_of_Article_13_1_c_Reprimand_issued_due_to_minor_nature_immediate_correction_limited_affected_customers_1372_unintentional_error_during_GDPR_implementation_no_serious_harm
1959,raw_q68_Slovenian_Information_Commissioner_issued_a_non_binding_opinion_clarifying_jurisdictional_roles_for_drone_regulation_IP_monitors_GDPR_compliance_and_impact_assessments_Civil_Aviation_Agency_handles_flight_safety_with_no_enforcement_actions_or_violations_discussed
1960,raw_q68_STRING_UK_ICO_fined_Saga_Personal_Finance_Ltd_75_000_for_sending_28_5_million_unsolicited_marketing_messages_without_valid_consent_violating_GDPR_lawfulness_principle_under_Article_5_1_a
1961,raw_q68_STRING
1962,raw_q68_SC_Prestige_Media_PHG_SRL_fined_5000_for_publishing_23_employee_termination_decisions_online_without_legal_basis_violating_GDPR_Articles_5_and_6_Ordered_to_anonymize_data
1963,raw_q68_SC_Grupex_2000_SRL_fined_1000_for_illegally_processing_patient_data_in_a_video_on_its_website_without_legal_basis_violating_Articles_5_and_6_GDPR_corrective_order_issued_for_compliance
1964,raw_q68_Romanian_DPA_fined_Urban_Home_Development_S_R_L_10_000_lei_approx_2000_EUR_for_installing_cookies_without_consent_under_national_law_and_issued_warning_for_GDPR_transparency_violation_failure_to_display_operator_identity_on_website_Corrective_orders_update_privacy_policy_and_reconfigure_cookie_installation
1965,raw_q68_Romanian_DPA_fined_Tehnoplus_Industry_SRL_5000_EUR_for_excessive_GPS_monitoring_of_employee_without_proper_legal_basis_information_or_storage_limits_ordered_compliance_reassessment_and_data_limitation
1966,raw_q68_Slovenian_DPA_provided_a_non_binding_opinion_on_distance_education_processing_stating_legal_obligation_under_Article_6_1_c_is_the_appropriate_basis_for_schools_not_consent_and_emphasized_data_minimization_and_security_principles
1967,raw_q68_Slovenian_Information_Commissioner_issued_non_binding_opinion_on_mandatory_employee_video_recording_for_client_greeting_cards_Opinion_states_processing_requires_valid_consent_under_Article_6_1_a_but_consent_is_unlikely_valid_due_to_employment_power_imbalance_and_mandatory_nature_References_EDPB_guidelines_on_consent_in_employment_contexts
1968,raw_q68_Romanian_DPA_fined_SUDREZIDEN_IAL_Broker_S_R_L_10_000_for_GDPR_violations_inadequate_security_measures_led_to_unauthorized_disclosure_of_personal_data_of_509_subjects_via_an_Excel_file_published_online_and_failure_to_notify_data_subjects_of_the_breach_also_issued_warnings_for_cookie_consent_violations
1969,raw_q68_Spanish_DPA_fined_ADNAYA_GREEN_SOLUTIONS_10_000_for_unlawfully_transferring_complainant_s_personal_data_to_a_third_party_without_legal_basis_affecting_approximately_300_400_data_subjects_with_no_cooperation_from_defendant
1970,raw_q68_Spanish_DPA_fined_Burgos_CF_120_000_for_implementing_a_biometric_fingerprint_access_system_without_necessity_valid_DPIA_or_legal_basis_violating_Articles_5_9_13_35_GDPR_The_system_processed_special_category_data_disproportionately_the_club_recognized_responsibility_and_paid_the_reduced_fine
1971,raw_q68_Spanish_DPA_fined_BODEGAS_DINASTIA_SL_1600_for_LSSI_cookie_consent_violations_on_two_websites_privacy_policies_were_compliant_but_cookie_banners_lacked_clarity_and_granular_control_resolved_via_voluntary_payment_and_compliance_order
1972,raw_q68_Spanish_DPA_fined_BIROU_GAS_60_000_reduced_to_48_000_for_failing_to_respond_to_information_requests_under_Article_58_1_GDPR_violation_hindered_investigation_aggravating_factors_were_negligence_and_company_size_voluntary_payment_terminated_procedure
1973,raw_q68_Spanish_DPA_fined_Atresmedia_30_000_for_violating_GDPR_Article_5_1_c_by_publishing_minors_voices_in_a_news_video_without_distortion_failing_data_minimization_Defendant_acknowledged_liability_and_paid_voluntarily_measures_ordered_to_ensure_future_compliance_and_maintain_provisional_data_processing_suspension
1974,raw_q68_Spanish_DPA_fined_AUTO_DESGUACES_IGLESIAS_SL_900_for_GDPR_Article_5_1_c_violation_due_to_surveillance_cameras_capturing_excessive_public_space_images_reduced_from_1_500_for_cooperation_acknowledgment_and_SME_status
1975,raw_q68_Spanish_DPA_fined_AIRE_NETWORKS_60_000_for_GDPR_Article_5_1_f_security_breach_due_to_credential_leaks_enabling_SIM_duplication_and_bank_fraud_defendant_acknowledged_liability_and_paid_voluntarily
1976,raw_q68_Spanish_DPA_fined_A_A_A_600_for_GDPR_Article_5_1_c_violation_due_to_excessive_collection_of_ID_copies_for_user_verification_defendant_acknowledged_liability_paid_voluntarily_and_must_implement_compliant_measures_within_3_months
1977,raw_q68_Slovenian_Information_Commissioner_provided_a_non_binding_opinion_on_a_complaint_about_a_bank_s_data_request_from_a_politically_exposed_person_confirming_legal_basis_under_Article_6_1_c_for_anti_money_laundering_obligations_but_deferring_adequacy_assessment_to_other_authorities
1978,raw_q68_Spanish_DPA_fined_20_A_OS_DE_M_SICA_A_I_E_3000_for_collecting_excessive_ID_copies_violating_data_minimization_and_inadequate_privacy_information_Defendant_cooperated_admitted_responsibility_paid_reduced_fine_and_implemented_corrective_measures_Case_initiated_by_complaint_regarding_minor_event_authorizations
1979,raw_q68_Spanish_DPA_filed_complaint_against_UK_based_ALDANITI_INTERNATIONAL_NETWORK_LTD_for_unsolicited_marketing_emails_and_cookie_consent_issues_but_case_closed_due_to_inability_to_obtain_defendant_s_tax_identification_preventing_sanctioning_procedure_initiation_despite_cross_border_coordination_via_IMI_system
1980,raw_q68_Spanish_DPA_dismissed_complaints_against_tax_agency_for_fingerprint_based_access_control_system_finding_no_Article_13_violation_as_employees_were_adequately_informed_pre_data_collection_biometric_processing_deemed_lawful_under_labor_law_exemptions_with_sufficient_safeguards
1981,raw_q68_Spanish_DPA_dismissed_claim_against_neuroscience_clinic_for_incomplete_erasure_of_complainant_s_image_data_from_social_media_Defendant_partially_complied_but_faced_technical_barriers_with_META_platforms_DPA_found_security_principle_violation_but_considered_defendant_s_cooperation_and_mitigation_efforts_sufficient_without_fine
1982,raw_q68_Spanish_DPA_archived_complaint_against_University_of_Navarra_alleging_coercion_in_COVID_19_vaccination_data_collection_found_processing_voluntary_informed_consent_based_and_compliant_with_legal_obligations_for_public_health_with_no_evidence_of_infringement
1983,raw_q68_Slovenian_media_publisher_posted_article_and_PDF_criminal_complaint_on_website_about_bank_recapitalization_with_black_boxes_over_birth_dates_EM_O_IDs_addresses_poorly_redacted_removable_via_copy_paste_or_PDF_tools_exposing_data_of_suspects_Bank_of_Slovenia_officials_and_others_DPA_initiated_ex_officio_inspection_found_violations_of_Art_5_1_c_data_minimisation_unnecessary_data_published_and_Art_32_security_inadequate_protection_but_allowed_names_as_public_figures_under_freedom_of_expression_balancing_ordered_proper_anonymization_deletion_within_5_days_no_fine
1984,raw_q68_Romanian_DPA_fined_Sanatatea_Press_Group_SRL_2_000_EUR_on_12_08_2020_for_breaching_Article_32_and_5_1_f_GDPR_Investigation_followed_controller_s_breach_notification_of_erroneous_login_data_transmission_during_online_event_exposing_emails_usernames_of_1_300_users_Violation_due_to_inadequate_security_measures_no_harm_materialized_subjects_notification_not_discussed
1985,raw_q68_Romanian_DPA_fined_SC_Nobiotic_Pharma_SRL_2000_for_failing_to_provide_information_during_an_investigation_into_unsolicited_SMS_complaints_violating_Article_58_1_cooperation_obligations
1986,raw_q68_Spanish_DPA_fined_CALLESGARCIA_SC_4_000_for_using_claimant_s_wedding_photo_in_advertising_without_consent_violating_Article_6_GDPR_defendant_non_cooperative_fine_based_on_negligence_and_basic_data_affected
1987,raw_q68_MAG_Interactive_AB_violated_Article_12_3_by_delaying_notification_of_deletion_outcome_until_Nov_2020_for_May_2019_request_no_Article_17_violation_found_case_closed_without_action_due_to_oversight_and_implemented_procedural_improvements
1988,raw_q68_Natural_person_operated_website_publishing_personal_data_of_383_individuals_without_lawful_basis_fined_150_EUR_for_violating_Articles_5_1_a_f_and_6_1_a_GDPR
1989,raw_q68_Natural_person_installed_video_surveillance_cameras_on_home_facade_capturing_public_roads_and_private_areas_excessively_without_information_sign_violating_GDPR_Articles_5_1_c_data_minimization_and_13_information_obligations_fined_1_500_total_and_ordered_to_reorient_cameras_and_install_signage_within_10_days_with_aggravating_factors_including_negligence_and_non_cooperation
1990,raw_q68_NOT_DISCUSSED
1991,raw_q68_Media_outlet_CONECTA5_TELECINCO_published_unaltered_victim_voice_recording_in_news_coverage_AEPD_found_violation_of_Article_5_1_c_GDPR_data_minimization_and_ordered_immediate_content_removal_Defendant_argued_voice_wasn_t_personal_data_but_complied_with_removal_order
1992,raw_q68_Media_company_published_unaltered_audio_of_rape_victim_s_court_statement_violating_data_minimization_fined_30_000_after_appeal_and_cooperation_DPA_found_voice_identifiable_personal_data_and_freedom_of_information_did_not_justify_unnecessary_disclosure
1993,raw_q68_MISSING
1994,raw_q68_Libra_Internet_Bank_SA_fined_11_000_EUR_for_failing_to_fully_comply_with_a_data_subject_s_access_request_under_Articles_12_and_15_GDPR_including_not_providing_a_copy_of_personal_data_and_necessary_information_corrective_orders_issued_to_facilitate_rights_exercise
1995,raw_q68_Non_profit_association_published_claimant_s_home_address_on_Twitter_without_legal_basis_immediate_removal_and_cooperation_led_to_warning_instead_of_fine_under_Article_83_5_a_GDPR_for_violating_Article_6_lawfulness_and_Article_5_confidentiality_principles
1996,raw_q68_Klarna_Bank_AB_fined_SEK_7_5M_by_Swedish_DPA_for_transparency_violations_in_data_protection_information_from_March_to_June_2020_failing_to_adequately_inform_on_purposes_legal_bases_data_sharing_storage_rights_and_automated_decisions_affecting_millions_of_users
1997,raw_q68_Insufficient_information_provided_to_summarize_case_facts_issues_or_reasoning
1998,raw_q68_Individual_installed_video_surveillance_cameras_on_property_facade_capturing_common_areas_and_neighbors_private_spaces_without_authorization_or_proper_signage_Spanish_DPA_found_violation_of_GDPR_Article_5_1_c_data_minimization_principle_imposed_2000_fine_and_compliance_order_to_rectify_or_remove_system
1999,raw_q68_Individual_installed_video_surveillance_cameras_in_common_areas_without_authorization_or_information_signs_violating_GDPR_Articles_6_and_13_fined_1_500_and_ordered_to_remove_cameras_and_provide_proof_within_15_days
2000,raw_q68_Individual_installed_video_surveillance_cameras_capturing_neighbor_s_property_images_violating_GDPR_Article_5_1_c_data_minimization_Spanish_DPA_imposed_300_fine_and_compliance_order_to_remove_readjust_cameras_within_10_days
2001,raw_q68_Individual_hotel_operator_fined_3_000_for_violating_GDPR_Article_5_1_c_by_installing_video_surveillance_cameras_capturing_disproportionate_public_space_images_without_mandatory_information_posters_DPA_considered_lack_of_previous_infringements_and_small_business_status_in_setting_fine
2002,raw_q68_Non_binding_opinion_addressing_employer_processing_of_employee_COVID_19_test_data_and_health_card_numbers_discusses_legal_bases_under_GDPR_Article_6_and_9_emphasizes_problematic_consent_in_employment_contexts_references_EDPB_guidelines_and_advises_on_purpose_limitation_and_data_minimization_principles
2003,raw_q68_Nordax_Bank_AB_failed_to_handle_complainant_s_data_subject_rights_requests_under_Articles_12_15_and_17_IMY_issued_reprimand_and_compliance_orders_due_to_minor_infringement_affecting_one_person_human_error_no_prior_breaches_and_cross_border_cooperation_with_Norway_Denmark_Finland_and_Germany
2004,raw_q68_Romanian_DPA_fined_S_C_Apollo_Salon_S_R_L_3_000_for_failing_to_provide_requested_information_during_an_investigation_initiated_by_a_complaint_about_unsolicited_SMS_despite_deletion_requests_violation_under_Article_83_5_e
2005,raw_q68_Profi_Rom_Food_Srl_fined_10_000_for_sharing_employee_ID_data_without_legal_basis_and_warned_for_security_failures_after_employee_leaked_video_data_via_WhatsApp_DPA_ordered_compliance_measures_and_training
2006,raw_q68_Romanian_DPA_fined_RED_WHITE_2022_MANAGEMENT_S_A_5000_for_violating_GDPR_Article_28_3_by_failing_to_provide_documented_instructions_to_its_processor_when_sending_a_crowdfunding_email_to_a_supporter_database
2007,raw_q68_Romanian_DPA_fined_Pro_Economica_Foundation_1000_for_Article_32_security_violation_after_cyber_attack_deleted_personal_data_from_server_ordered_security_measures_update
2008,raw_q68_Romanian_DPA_fined_Meedea_Construct_Prest_SRL_2000_for_unlawfully_disclosing_a_former_employee_s_personal_and_health_data_to_a_third_party_violating_GDPR_principles_of_lawfulness_purpose_limitation_security_and_accountability
2009,raw_q68_Romanian_DPA_fined_Medicover_S_R_L_2000_EUR_for_GDPR_Article_32_security_failures_allowing_unauthorized_access_to_health_and_personal_data_via_email_postal_mishandling_corrective_orders_include_updating_security_measures_and_employee_training
2010,raw_q68_Romanian_DPA_fined_Global_Ports_s_Services_2000_for_GPS_monitoring_of_employee_without_legal_basis_information_or_storage_limits_issued_warnings_and_compliance_orders_for_transparency_and_storage_violations
2011,raw_q68_Romanian_DPA_fined_Corint_Logistic_SRL_2000_EUR_and_issued_warning_for_GDPR_violations_lack_of_consent_for_marketing_SMS_failure_to_honor_deletion_objection_requests_and_inadequate_response_to_access_requests_corrective_orders_for_compliance_procedures
2012,raw_q68_Polish_school_processed_student_data_via_surveys_without_legal_basis_under_Article_6_1_c_violating_Article_5_1_a_DPA_issued_warning_due_to_unintentional_violation_immediate_corrective_actions_no_harm_and_first_time_offense
2013,raw_q68_Orange_Spain_fined_200_000_for_providing_duplicate_eSIM_to_impersonator_without_identity_verification_violating_Article_6_1_GDPR_DPA_found_lack_of_due_diligence_despite_security_measures_with_aggravating_factors_including_previous_similar_infringements
2014,raw_q68_Polish_DPA_issued_a_warning_to_a_sole_proprietor_for_failing_to_cooperate_in_a_complaint_investigation_by_not_responding_to_information_requests_over_months_citing_illness_and_COVID_19_no_fine_imposed_due_to_eventual_cooperation_and_mitigating_factors
2015,raw_q68_Polish_DPA_fined_Virgin_Mobile_Polska_P4_350k_for_GDPR_security_breaches_inadequate_IT_measures_led_to_unauthorized_access_affecting_114_963_prepaid_subscribers_data_including_PESEL_numbers_Violated_Articles_5_1_f_5_2_25_1_32_1_b_d_32_2_Fine_based_on_negligence_high_risk_but_mitigated_by_cooperation_and_remediation
2016,raw_q68_Polish_DPA_fined_Pactum_Poland_Sp_z_o_o_PLN_18_192_for_failing_to_cooperate_in_a_complaint_investigation_violating_Articles_31_and_58_1_e_GDPR_by_not_responding_to_multiple_requests_for_information_deemed_intentional_and_ongoing_since_July_2020_with_no_mitigation_or_cooperation
2017,raw_q68_Polish_DPA_fined_PNP_Sp_ka_Akcyjna_EUR_5000_for_failing_to_cooperate_and_provide_information_requested_during_complaint_investigation_violating_Articles_31_and_58_1_e_GDPR_violation_was_continuous_from_October_2019_deemed_serious_due_to_hindering_proceedings
2018,raw_q68_Polish_DPA_fined_Chief_National_Surveyor_12_732_for_failing_to_notify_a_48_hour_disclosure_of_land_register_numbers_personal_data_on_its_website_and_not_informing_data_subjects_despite_explicit_DPA_instruction_violations_were_intentional_and_repeat_offenses
2019,raw_q68_Orange_fined_1_2M_for_GDPR_violations_200K_for_unlawful_SIM_duplicate_processing_Art_6_and_1M_for_inadequate_data_protection_by_design_Art_25_Case_initiated_by_complaint_after_fraudulent_SIM_swap_led_to_9K_theft_DPA_found_Orange_s_measures_insufficient_to_prevent_agent_misuse_with_previous_infringements_noted
2020,raw_q68_Spanish_DPA_fined_CAIXABANK_200_000_for_retaining_ex_customer_s_data_16_years_post_mortgage_cancellation_violating_GDPR_storage_limitation_principle_based_on_complaint_and_appeal_process
2021,raw_q68_Spanish_DPA_fined_CASA_GRACIO_OPERATION_SLU_6_000_for_video_surveillance_capturing_excessive_public_space_violating_GDPR_data_minimization_defendant_paid_voluntarily_acknowledging_responsibility
2022,raw_q67_CJEU_judgment_of_13_May_2014_Google_Spain
2023,raw_q68_Spanish_DPA_issued_reprimand_to_GlovoApp_for_failing_to_process_data_erasure_requests_via_chat_violating_Article_12_GDPR_infringement_deemed_minor_due_to_negligence_cooperation_and_corrective_actions_taken_cross_border_case_with_Poland_and_Portugal_as_concerned_authorities
2024,raw_q68_Spanish_DPA_terminated_proceedings_against_ITAA_after_a_security_guard_recorded_CCTV_footage_of_an_assault_on_a_mobile_phone_and_shared_it_via_WhatsApp_The_controller_had_adequate_security_measures_notified_the_breach_within_72_hours_and_took_appropriate_actions_No_GDPR_violations_found
2025,raw_q68_Spanish_DPA_resolved_a_complaint_against_COFIDIS_S_A_for_failing_to_respond_to_a_data_subject_s_erasure_request_under_Article_17_GDPR_ordered_compliance_within_ten_days_but_imposed_no_fine
2026,raw_q68_Spanish_DPA_issued_warning_to_hospitality_firm_for_invalid_consent_based_on_entrance_poster_for_photographing_and_publishing_customer_images_on_social_media_consent_not_informed_specific_free_or_unequivocal_per_GDPR_Articles_6_1_and_7_with_compliance_order_to_rectify_within_one_month
2027,raw_q68_Spanish_DPA_issued_warning_to_Galician_education_authority_for_violating_GDPR_confidentiality_by_publishing_student_admission_lists_on_school_facade_visible_publicly_and_unrestricted_website_without_security_measures_ordering_compliance_within_one_month_to_use_internal_boards_and_restricted_access
2028,raw_q68_Spanish_DPA_issued_warning_to_Castilla_La_Mancha_Health_Service_for_GDPR_Article_5_1_f_security_breach_involving_431_patients_health_data_due_to_technical_misconfiguration_in_VITROPATH_system_requiring_risk_analysis_impact_assessment_and_audit_within_six_months_no_fine_due_to_public_entity_status
2029,raw_q68_Spanish_DPA_issued_warning_and_compliance_order_to_non_profit_association_for_inadequate_website_privacy_policy_lacking_Article_13_GDPR_information_including_data_subject_rights_and_complaint_procedures_no_fine_imposed
2030,raw_q68_Spanish_DPA_issued_reprimand_to_ADD_EVENT_STAFF_SL_for_violating_Article_7_GDPR_by_conditioning_event_attendance_on_consent_for_advertising_and_image_processing_requiring_protocol_adaptation_within_one_month
2031,raw_q68_Spanish_Ministry_of_Justice_entity_failed_to_implement_adequate_security_measures_in_nationality_application_causing_repeated_data_breaches_where_36_applicants_personal_data_was_wrongly_disclosed_DPA_issued_warnings_for_violations_of_GDPR_Articles_5_1_f_25_32_and_34_citing_prior_similar_incidents_as_aggravating
2032,raw_q68_Spanish_DPA_issued_a_warning_to_a_regional_education_authority_for_failing_to_adequately_inform_employees_about_fingerprint_based_time_control_processing_violating_Article_13_GDPR_no_fine_due_to_public_sector_status_and_remedial_actions_taken
2033,raw_q68_Spanish_DPA_issued_a_warning_to_a_community_of_owners_for_violating_GDPR_Article_5_1_f_by_publicly_displaying_a_resident_s_personal_data_name_debt_amount_on_a_notice_board_ordered_compliance_within_one_month
2034,raw_q68_Spanish_DPA_issued_a_warning_to_EDREAMS_for_charging_a_50_fee_to_correct_a_passenger_s_name_error_on_a_flight_booking_violating_GDPR_Article_12_5_on_free_exercise_of_data_subject_rights_no_fine_due_to_minor_nature_immediate_remediation_and_cooperation
2035,raw_q68_Spanish_DPA_investigated_Metro_Bilbao_s_temperature_screening_of_subway_users_during_COVID_19_found_no_personal_data_processing_occurred_as_measurements_weren_t_linked_to_identifiable_individuals_leading_to_case_closure_without_fine_or_corrective_measures
2036,raw_q68_Spanish_DPA_investigated_Fuenlabrada_City_Council_s_drone_traffic_surveillance_after_complaint_about_inadequate_signage_Found_processing_compliant_with_GDPR_after_defendant_conducted_required_impact_assessment_and_provided_information_through_multiple_channels_Case_dismissed_with_no_fine_imposed
2037,raw_q68_Spanish_DPA_handled_complaint_against_MARIELI_GABRIELA_S_L_for_unauthorized_bank_charges_from_ex_employee_s_account_without_legal_basis_defendant_failed_to_respond_to_inquiries_infringement_of_Article_6_1_found_no_fine_issued_due_to_procedural_resolution
2038,raw_q68_Spanish_Handball_Federation_processed_athletes_COVID_19_health_data_without_valid_legal_basis_under_Article_9_GDPR_incorrectly_citing_EU_Regulation_2021_953_and_vital_interests_Also_failed_to_provide_required_information_under_Article_13_Fined_10_000_for_Article_9_violation_and_7_000_for_Article_13_violation
2039,raw_q68_Spanish_credit_cooperative_publicly_displayed_members_personal_data_on_a_notice_board_violating_GDPR_confidentiality_AEPD_imposed_5_000_fine_and_compliance_order_citing_negligence_and_basic_data_exposure_as_aggravating_factors
2040,raw_q68_Spanish_DPA_fined_individual_website_owner_1800_for_GDPR_violations_lack_of_consent_mechanism_Art_6_inadequate_privacy_policy_information_Art_13_and_cookie_non_compliance_LSSI_Art_22_2_Case_terminated_after_voluntary_payment_and_acknowledgment
2041,raw_q68_Spanish_sports_federation_reprimanded_for_lacking_a_DPO_and_outdated_privacy_policy_referencing_repealed_law_corrected_issues_during_procedure_resulting_in_no_fine
2042,raw_q68_Swedish_DPA_reprimanded_Lensway_Group_AB_for_violating_Articles_12_2_and_12_6_by_requiring_excessive_identity_verification_copy_of_ID_and_signature_via_post_for_two_2020_deletion_requests_failing_to_facilitate_rights_and_ensure_security_no_fine_due_to_minor_nature_and_subsequent_system_upgrades
2043,raw_q68_Swedish_DPA_found_KRY_violated_GDPR_Articles_5_1_f_5_2_32_1_and_32_2_by_failing_to_conduct_adequate_needs_and_risk_analyses_and_not_restricting_user_access_to_patient_data_in_journal_systems_affecting_450_000_patients_no_fine_imposed_due_to_cooperation_and_improvements_but_compliance_order_issued_to_complete_analyses_by_February_2021
2044,raw_q68_Swedish_DPA_fined_a_municipal_rescue_service_EUR_350_000_for_24_7_camera_surveillance_at_fire_stations_from_2018_2021_violating_GDPR_Articles_5_1_a_and_c_due_to_unfair_monitoring_of_employees_changing_in_alarm_stands_without_masking_and_excessive_data_collection_and_Article_32_due_to_lack_of_security_guidelines_Legal_basis_under_Article_6_1_e_was_valid_but_principles_were_breached
2045,raw_q68_Swedish_DPA_fined_Stockholm_Board_of_Education_SEK_4M_for_GDPR_security_breaches_in_School_Platform_subsystems_allowing_unauthorized_access_to_sensitive_student_data_over_extended_periods_citing_violations_of_Articles_5_1_f_32_1_and_35_with_over_100_000_data_subjects_affected
2046,raw_q68_Swedish_DPA_fined_CDON_AB_SEK_300_000_for_violating_Article_44_GDPR_by_transferring_personal_data_to_the_US_via_Google_Analytics_without_adequate_safeguards_as_data_constituted_personal_data_and_US_surveillance_laws_posed_risks_ordered_compliance_within_one_month
2047,raw_q68_Swedish_DPA_IMY_found_Dagens_Industri_violated_Article_44_GDPR_by_transferring_personal_data_to_US_via_Google_Analytics_without_adequate_Chapter_V_safeguards_despite_measures_ordered_compliance_within_one_month_but_no_fine_due_to_mitigating_efforts_and_post_Schrems_II_legal_gap
2048,raw_q68_Spanish_restaurant_RIPOBRUNA_2007_S_L_fined_1_600_for_video_surveillance_cameras_oriented_toward_public_space_without_justification_violating_GDPR_Article_5_1_c_data_minimization_principle_Case_initiated_via_complaint_defendant_paid_reduced_fine_voluntarily
2049,raw_q68_Spanish_law_firm_disclosed_complainant_s_personal_data_name_address_to_third_party_without_consent_in_legal_dispute_context_DPA_found_Article_6_violation_imposed_2000_fine_reduced_to_1600_via_voluntary_payment_without_admission_of_liability_terminating_procedure
2050,raw_q68_Spanish_restaurant_MUXERS_CONCEPT_installed_hidden_audio_microphones_in_workplace_areas_including_an_office_for_security_and_labor_control_since_2018_DPA_found_no_legitimate_basis_under_Article_6_GDPR_as_recording_conversations_was_disproportionate_and_violated_lawfulness_principle_imposing_20_000_fine_considering_duration_affected_subjects_and_SME_status
2051,raw_q68_Spanish_regional_public_body_collected_unnecessary_special_category_data_gender_identity_via_forms_without_legal_basis_DPA_issued_warnings_and_compliance_order_to_cease_processing_and_adjust_procedures_within_six_months
2052,raw_q68_Spanish_regional_health_service_failed_to_properly_respond_to_multiple_access_requests_for_a_deceased_patient_s_medical_records_The_DPA_found_violations_of_GDPR_Articles_5_security_accountability_and_15_access_rights_but_accepted_the_belated_compliance_as_restoring_rights_and_issued_only_a_reprimand_without_fine
2053,raw_q68_Spanish_police_failed_to_respond_to_a_data_subject_s_repeated_access_requests_for_photographs_and_fingerprints_the_DPA_ordered_compliance_within_ten_days_due_to_non_cooperation_and_violation_of_accountability_principles_with_no_fine_imposed
2054,raw_q68_Spanish_media_company_fined_10_000_for_violating_data_minimization_principle_by_publishing_identifiable_image_and_voice_of_a_private_individual_in_a_news_article_without_anonymization_despite_viral_social_media_presence_DPA_upheld_fine_on_appeal_rejecting_journalistic_exemption_claims_and_emphasizing_proportionality_requirements_under_GDPR_Article_5_1_c
2055,raw_q68_Spanish_logistics_company_implemented_fingerprint_timekeeping_system_for_520_employees_without_DPIA_DPA_found_violation_of_Article_35_GDPR_due_to_biometric_data_processing_risks_20_000_fine_imposed_reduced_to_16_000_after_voluntary_payment_Consent_invalid_due_to_employment_context_power_imbalance
2056,raw_q68_Spanish_DPA_fined_law_firm_5_000_for_publishing_employee_photos_on_website_without_valid_consent_Defendant_claimed_implied_consent_via_email_but_failed_to_provide_required_information_or_unambiguous_consent_Ordered_to_comply_within_3_months
2057,raw_q68_Spanish_DPA_fined_individual_hotel_owner_1200_reduced_from_1500_for_violating_GDPR_Article_5_1_c_by_requiring_ID_document_copies_photos_during_check_in_processing_excessive_data_beyond_legal_requirements_defendant_paid_voluntarily_and_cooperated_ordered_to_cease_practice_and_prove_compliance_within_2_months
2058,raw_q68_Spanish_DPA_fined_CHATWITH_IO_WORLDWIDE_S_L_12_000_for_GDPR_and_LSSI_violations_inadequate_privacy_policy_information_Art_13_use_of_dark_patterns_in_cookie_consent_undermining_lawfulness_and_fairness_Art_5_1_a_and_non_compliant_cookie_installation_and_information_LSSI_Art_22_2_The_defendant_failed_to_cooperate_and_corrective_orders_were_issued_to_achieve_compliance_within_one_month
2059,raw_q68_Spanish_DPA_fined_Iberdrola_100_000_for_maintaining_inaccurate_customer_address_data_and_failing_to_comply_with_erasure_request_violating_Articles_5_1_d_and_17_GDPR_Violation_persisted_for_years_despite_customer_notifications
2060,raw_q68_Spanish_DPA_fined_MARKETING_ACCOMMODATION_SOLUTIONS_75_000_for_GDPR_violations_25_000_for_excessive_data_collection_ID_images_beyond_legal_requirement_under_Article_5_1_c_and_50_000_for_inadequate_privacy_information_under_Article_13_Defendant_a_UAE_based_holiday_rental_provider_did_not_cooperate_with_investigation
2061,raw_q68_Spanish_DPA_fined_MARINA_SALUD_500_000_for_violating_GDPR_Article_28_2_by_failing_to_inform_the_data_controller_Valencian_Health_Ministry_of_subcontractor_changes_post_GDPR_despite_prior_general_authorization_violation_involved_health_data_and_persisted_until_2023_inspection
2062,raw_q68_Spanish_DPA_fined_MAPFRE_30_000_reduced_to_24_000_for_processing_claimant_s_data_without_legal_basis_under_Article_6_1_GDPR_as_claimant_was_listed_as_policyholder_on_one_policy_without_consent_or_contract_defendant_cooperated_and_deleted_data
2063,raw_q68_Spanish_DPA_fined_Loro_Parque_250_000_for_processing_biometric_fingerprint_data_without_legal_basis_under_Article_9_GDPR_for_Twin_Ticket_park_access_violating_principles_of_lawfulness_security_and_accountability_and_ordered_cessation_of_processing
2064,raw_q68_Spanish_DPA_fined_LODEJU_S_L_3_000_for_installing_hidden_cameras_recording_public_space_without_proper_signage_violating_GDPR_Articles_5_1_c_data_minimization_and_13_transparency_due_to_serious_negligence_and_lack_of_cooperation
2065,raw_q68_Spanish_DPA_fined_JAVA_association_5_000_for_publishing_personal_data_without_consent_GDPR_Art_6_1_and_3_000_for_non_compliant_cookie_banner_LSSI_Art_22_2_citing_intentionality_data_sensitivity_and_non_cooperation
2066,raw_q68_Spanish_DPA_fined_IZA_OBRAS_Y_PROMOCIONES_S_A_50_000_for_violating_GDPR_Article_5_1_c_by_excessively_disclosing_employee_health_data_and_email_address_to_a_public_entity_during_an_administrative_defense_without_consent_and_beyond_necessity
2067,raw_q68_Spanish_DPA_fined_MOURO_PRODUCTIONS_12_000_reduced_from_20_000_for_violating_GDPR_Articles_5_1_c_data_minimization_and_13_information_obligations_by_requiring_photocopies_of_IDs_for_minor_event_access_and_providing_outdated_privacy_information_The_defendant_paid_voluntarily_and_recognized_responsibility_Compliance_orders_were_issued_to_update_policies
2068,raw_q68_Spanish_DPA_fined_IMNOVA_RESORT_SL_3_000_under_LSSI_for_installing_cookies_without_valid_consent_mechanism_on_website_required_compliance_within_one_month_No_GDPR_violations_discussed
2069,raw_q68_Spanish_DPA_fined_GRUPO_NORCONSULTING_15_000_for_failing_to_properly_respond_to_data_subject_s_access_and_erasure_requests_under_Articles_15_and_17_GDPR_The_company_an_SME_in_HR_did_not_provide_complete_information_or_deletion_despite_repeated_requests_showing_negligence_Cross_border_case_with_multiple_concerned_authorities
2070,raw_q68_Spanish_DPA_fined_GLOBAL_BUSINESS_TRAVEL_SPAIN_S_L_U_3_000_for_GDPR_Article_32_violation_after_an_employee_scanned_and_emailed_a_claimant_s_health_data_without_authorization_the_defendant_acknowledged_responsibility_and_paid_voluntarily_leading_to_case_termination
2071,raw_q68_Spanish_DPA_fined_GARANTIZA_AUTOMOCI_N_SL_3_000_euros_for_LSSI_violation_website_lacked_first_layer_cookie_banner_and_management_mechanism_with_infringement_ongoing_since_at_least_September_2018_ordered_compliance_within_one_month
2072,raw_q68_Spanish_DPA_fined_Fusiona_Soluciones_Energ_ticas_50_000_for_violating_GDPR_Article_6_1_by_unlawfully_including_claimant_s_data_in_a_credit_file_for_a_non_existent_debt_with_no_cooperation_from_defendant_fine_based_on_violation_duration_and_business_nature
2073,raw_q68_Spanish_DPA_fined_ELECTROTECNIA_BASTIDA_S_L_3_000_for_violating_GDPR_Article_32_1_after_medical_data_of_29_workers_was_found_abandoned_in_a_public_area_citing_lack_of_security_measures_and_non_cooperation_with_SME_status_considered_in_penalty_calculation
2074,raw_q68_Spanish_DPA_fined_MIGUEL_IB_EZ_BEZANILLA_S_L_3_000_EUR_for_GDPR_violations_insecure_HTTP_protocol_outdated_privacy_policy_referencing_old_law_and_non_compliant_cookie_banner_The_entity_failed_to_cooperate_leading_to_aggravated_penalties_and_a_compliance_order
2075,raw_q68_Spanish_DPA_fined_NBQ_TECHNOLOGY_24_000_for_processing_personal_data_without_legal_basis_after_identity_theft_led_to_fraudulent_loan_application_defendant_paid_voluntarily_acknowledging_responsibility
2076,raw_q68_Spanish_DPA_fined_energy_company_60_000_for_sending_a_contract_with_complainant_s_new_address_data_to_their_old_address_due_to_failure_to_update_records_violating_GDPR_accuracy_principle_company_paid_fine_and_acknowledged_responsibility
2077,raw_q68_Spanish_DPA_fined_a_hunters_association_3_000_for_GDPR_violations_disseminating_a_member_s_personal_data_via_WhatsApp_without_authorization_breaching_Article_5_1_f_confidentiality_and_lacking_adequate_security_measures_Article_32_No_cooperation_from_defendant
2078,raw_q68_Spanish_DPA_fined_cultural_association_3000_for_disseminating_images_of_a_minor_without_parental_consent_via_WeChat_groups_Violation_of_Article_6_1_a_GDPR_due_to_lack_of_lawful_basis_Case_initiated_by_complaint_defendant_non_cooperative
2079,raw_q68_Spanish_DPA_fined_company_4_000_for_failing_to_respond_to_information_requests_during_investigation_violating_Article_58_1_GDPR_ordered_compliance_within_10_days
2080,raw_q68_Spanish_DPA_fined_beauty_center_1_000_for_LSSI_violation_sent_commercial_SMS_after_data_deletion_request_demonstrating_lack_of_diligence_in_data_management
2081,raw_q68_Spanish_DPA_fined_a_property_owners_community_1_000_for_violating_GDPR_Article_5_1_f_by_publicly_displaying_meeting_minutes_with_residents_personal_data_names_addresses_debts_in_a_building_entrance_display_case_for_over_8_months_failing_to_ensure_confidentiality_The_defendant_did_not_cooperate_A_compliance_order_was_issued_to_remove_the_minutes_and_prevent_future_displays
2082,raw_q68_Spanish_DPA_fined_a_plastic_surgery_clinic_2400_for_lacking_privacy_and_cookies_policies_on_its_website_violating_GDPR_Article_13_and_LSSI_Article_22_2_Defendant_paid_voluntarily_admitting_responsibility_leading_to_procedure_termination
2083,raw_q68_Spanish_DPA_fined_a_medical_oncology_foundation_42_000_for_GDPR_Article_5_1_f_security_violation_after_a_cyberattack_breached_health_data_of_2_622_patients_the_defendant_acknowledged_liability_cooperated_and_implemented_post_breach_measures_leading_to_a_reduced_fine
2084,raw_q68_Spanish_DPA_fined_XFERA_M_VILES_24_000_for_failing_to_comply_with_a_prior_resolution_ordering_response_to_a_data_subject_s_access_request_after_the_defendant_recognized_responsibility_and_made_voluntary_payment
2085,raw_q68_Spanish_DPA_fined_ORGANIC_AND_NATUR_03_S_L_4_000_for_failing_to_update_privacy_policy_to_GDPR_standards_Article_13_violation_and_issued_a_warning_for_obtaining_generic_consent_for_data_transfers_and_marketing_without_specific_purposes_Article_7_violation_following_a_complaint_about_non_compliant_contract_clauses
2086,raw_q68_Spanish_DPA_fined_Telef_nica_75_000_for_unlawful_processing_under_Article_6_GDPR_A_phone_line_portability_was_executed_without_valid_consent_due_to_human_error_in_verification_procedures_causing_loss_of_service_to_the_data_subject_The_DPA_found_no_lawful_basis_for_processing_personal_data
2087,raw_q68_Spanish_DPA_fined_Suministrador_Ib_rico_de_Energ_a_70_000_for_processing_complainant_s_electricity_data_without_legal_basis_after_contract_withdrawal_violation_involved_unauthorized_January_2022_processing_despite_August_2021_cancellation_lacking_consent_or_contract_justification
2088,raw_q68_Spanish_DPA_fined_Segurcaixa_Adeslas_300_000_for_sending_marketing_emails_without_legal_basis_to_a_complainant_on_the_Robinson_list_failing_to_respond_to_deletion_requests_under_Article_17_GDPR_and_lacking_proper_data_processing_agreements_with_insurance_agents_under_Article_28_GDPR_The_violations_were_continuous_and_negligent
2089,raw_q68_Spanish_DPA_fined_SEAN_SERIOS_S_L_12_000_for_publishing_a_reordered_list_of_candidates_names_surnames_and_scores_from_a_public_health_service_selection_process_on_its_website_without_a_valid_legal_basis_under_Article_6_1_GDPR_as_legitimate_interest_did_not_prevail_over_data_subjects_rights_and_the_processing_involved_special_category_data_health_related
2090,raw_q68_Spanish_DPA_fined_Quir_n_Prevenci_n_30_000_for_GDPR_breaches_Article_5_1_f_confidentiality_violation_and_Article_32_security_failure_due_to_unredacted_personal_data_in_a_workplace_mediation_report_sent_to_involved_parties_Defendant_paid_voluntarily_admitting_responsibility
2091,raw_q68_Spanish_DPA_fined_ORI_S_L_1200_for_failing_to_provide_adequate_privacy_information_on_website_forms_Company_acknowledged_liability_and_paid_voluntarily_Required_to_implement_compliance_measures_within_one_month
2092,raw_q68_Individual_defendant_B_B_B_fined_1000_for_violating_GDPR_Article_5_1_c_data_minimization_by_orienting_home_video_surveillance_cameras_to_capture_excessive_public_and_third_party_private_space_despite_prior_warning_ordered_to_mask_cameras_and_remove_any_affecting_transit_areas_within_one_month
2093,raw_q68_Individual_B_B_B_published_complainant_s_personal_data_on_Facebook_without_lawful_basis_Spanish_DPA_initiated_procedure_defendant_paid_reduced_600_fine_and_must_delete_data_within_10_days_Violation_of_Article_6_1_GDPR
2094,raw_q68_Individual_A_A_A_used_claimant_B_B_B_s_photos_to_create_fake_Tinder_WhatsApp_profiles_for_deceptive_interactions_Spanish_DPA_found_Article_5_1_a_GDPR_violation_imposed_2_000_fine_reduced_to_1_200_via_voluntary_payment_and_responsibility_recognition_terminating_the_procedure
2095,raw_q67_Judgment_of_the_Court_of_Justice_of_the_European_Union_of_May_13_2014
2096,raw_q67_NOT_MENTIONED
2097,raw_q67_NOT_DISCUSSED
2098,raw_q67_NOT_APPLICABLE
2099,raw_q67_NONE
2100,raw_q67_MISSING
2101,raw_q67_Judgment_of_the_Court_of_Justice_of_the_European_Union_case_C_807_21_Deutsche_Wohnen
2102,raw_q67_Judgment_of_the_Court_of_Justice_of_the_European_Union_of_5_December_2023_in_Case_C_807_21_Deutsche_Wohnen
2103,raw_q67_Not_explicitly_mentioned
2104,raw_q67_Instruction_1_2006_AEPD
2105,raw_q67_ICO_Guidance_on_Data_Security_NCSC_guidance_on_passwords_and_logging
2106,raw_q67_Guidelines_on_the_implementation_of_the_Court_of_Justice_of_the_European_Union_Judgment_on_Google_Spain_and_inc_v_AEPD_and_Mario_Costeja_C_131_12
2107,raw_q67_Guidelines_on_the_application_and_setting_of_administrative_fines_for_the_purposes_of_Regulation_2016_679
2108,raw_q67_Guidelines_5_2020_on_consent_under_Regulation_EU_2016_679
2109,raw_q67_Guidelines_5_2020_on_consent
2110,raw_q67_None_mentioned
2111,raw_q67_Not_explicitly_referenced_but_CJEU_case_law_Lindqvist_C_212_2013_and_GDPR_recitals_mentioned
2112,raw_q67_Guidelines_3_2019_on_processing_of_personal_data_through_video_devices
2113,raw_q67_Regulation_EU_2016_679_GDPR_Organic_Law_3_2018_LOPDGDD_Law_41_2002_Patient_Autonomy_Law
2114,raw_q67_WP250_Guidelines_on_personal_data_breach_notification_Guidelines_01_2021_on_examples_of_personal_data_breach_notification
2115,raw_q67_WP248_Guidelines_on_Data_Protection_Impact_Assessment
2116,raw_q67_UNCLEAR
2117,raw_q67_Schrems_II_ruling_C_311_18
2118,raw_q67_STRING_None_mentioned
2119,raw_q67_STRING
2120,raw_q67_Recitals_39_75_76_83_148_of_the_GDPR
2121,raw_q67_Not_mentioned
2122,raw_q67_Recitals_39_75_76_83_of_GDPR
2123,raw_q67_Opinion_4_2007_on_the_concept_of_personal_data_of_the_Group_of_Article_29
2124,raw_q67_Opinion_4_2007_on_the_concept_of_personal_data_by_the_Article_29_Working_Party
2125,raw_q67_Opinion_4_2007_on_concept_of_personal_data_Opinion_06_2014_on_legitimate_interests
2126,raw_q67_Opinion_3_2012_on_the_evolution_of_biometric_technologies
2127,raw_q67_Opinion_3_2012_on_biometric_technologies_Opinion_2_2017_on_data_processing_at_work_CEPD_Guide_3_2019_on_video_devices
2128,raw_q67_Guidelines_5_2020
2129,raw_q67_Guidelines_2_2019_on_the_processing_of_personal_data_under_Article_6_1_b_GDPR
2130,raw_q68_Individual_A_A_A_repeatedly_posted_complainant_s_resume_containing_personal_data_on_Facebook_groups_without_consent_Spanish_DPA_found_violation_of_consent_principle_Article_6_1_LOPD_GDPR_issued_warning_and_compliance_order_to_remove_data_but_no_fine_due_to_mitigating_factors_including_first_offense_and_no_proven_harm
2131,raw_q67_EDPB_Guidelines_07_2020_on_controller_and_processor_concepts_EDPB_Guidelines_05_2022_on_facial_recognition_in_law_enforcement
2132,raw_q67_EDPB_Guidelines_on_Data_Protection_Impact_Assessment_Article_29_Working_Party_Opinion_3_2012_on_biometric_technologies
2133,raw_q67_EDPB_Guidelines_No_4_2019_on_Article_25_Data_protection_by_design_and_by_default
2134,raw_q67_EDPB_Guidelines_4_2019_on_Article_25_Data_Protection_by_Design_and_by_Default_EDPB_Guidelines_04_2022_on_calculation_of_administrative_fines
2135,raw_q67_EDPB_Guidelines_4_2019_on_Article_25
2136,raw_q67_EDPB_Guidelines_07_2020_on_the_concepts_of_controller_and_processor_in_the_GDPR
2137,raw_q67_EDPB_Guidelines_07_2020_on_the_concepts_of_controller_and_processor
2138,raw_q67_EDPB_Guidelines_05_2022_on_facial_recognition_EDPB_Guidelines_3_2019_on_video_devices
2139,raw_q67_EDPB_Guidelines_on_dark_patterns_in_social_media_interfaces
2140,raw_q67_EDPB_Guidelines_05_2020_on_consent_WP29_Guidelines_on_transparency_WP29_Opinion_6_2014_on_legitimate_interest
2141,raw_q67_EDPB_Guidelines_05_2020_on_consent_EDPB_Guidelines_03_2022_on_misleading_design_patterns_Cookie_Banner_Taskforce_report
2142,raw_q67_EDPB_Guidelines_05_2020_on_consent
2143,raw_q67_EDPB_Guidelines_04_2022_on_calculation_of_fines
2144,raw_q67_EDPB_Guidelines_01_2022_on_data_subject_rights_Right_of_access
2145,raw_q67_CNS_opinion_63_2018
2146,raw_q67_EDPB_Guidelines_on_administrative_fines_calculation_04_2022_v2_1_2017_guidelines
2147,raw_q67_EDPB_Opinion_04_2024_Guidelines_for_identifying_a_controller_or_processor_s_lead_supervisory_authority
2148,raw_q67_Guidelines_07_2020_on_concepts_of_data_controller_and_processor
2149,raw_q67_EDPB_guidelines_on_consent_transparency_and_children_s_data_protection_referenced_implicitly_through_GDPR_articles
2150,raw_q67_Guidelines_07_2020_on_concepts_of_controller_and_processor
2151,raw_q67_Guidelines_05_2020_on_consent_under_Regulation_2016_679
2152,raw_q67_Guidelines_05_2020_on_consent
2153,raw_q67_Guide_on_Cookies
2154,raw_q67_EDPB_guidelines_on_special_category_data_and_legitimate_interests
2155,raw_q67_EDPB_guidelines_on_impact_assessment_WP248_rev_01
2156,raw_q67_EDPB_guidelines_on_consent_as_a_legal_basis_for_processing_personal_data_in_employment_relationships
2157,raw_q67_EDPB_Opinion_on_Anonymization_Techniques_and_Methods
2158,raw_q67_EDPB_guidelines_not_referenced_ICO_guidance_and_industry_standards_ISO27000_NIST_NCSC_cited
2159,raw_q67_EDPB_guidelines_04_2022_on_calculation_of_administrative_fines
2160,raw_q67_EDPB_guidelines_01_2022_on_the_right_of_access
2161,raw_q67_EDPB_Statement_No_04_2021_Guidelines_No_2_2020_on_Articles_46_2_a_46_3_b
2162,raw_q67_EDPB_Recommendations_01_2020_on_supplementary_measures_for_data_transfers
2163,raw_q67_EDPB_Recommendations_01_2020_on_measures_to_complement_transfer_tools
2164,raw_q67_WP260_rev_01_WP251_rev_01
2165,raw_q67_WP29_Guidelines_on_Personal_Data_Breach_Notification
2166,raw_q68_A_Catalan_high_school_used_facial_fingerprint_recognition_for_student_attendance_since_2011_without_valid_legal_basis_under_Article_9_inadequate_information_provision_and_no_processor_contract_The_DPA_issued_a_reprimand_but_no_fine_due_to_public_sector_status_noting_cooperation_and_system_dismantlement
2167,raw_q68_Complainant_on_Robinson_List_received_unsolicited_marketing_call_from_Iberdrola_client_s_telesales_collaborator_on_June_19_2020_due_to_human_error_AEPD_initiated_sanctioning_procedure_for_violation_of_Article_21_GDPR_right_to_object_proposing_10_000_EUR_fine_under_LGT_minor_infringement_Procedure_terminated_after_voluntary_payment_of_6_000_EUR_with_reductions_for_responsibility_acknowledgment_and_cooperation
2168,raw_q68_Complaint_alleged_LSSI_violation_for_cookie_policy_on_westwing_es_AEPD_verified_cookies_were_technical_necessary_found_no_infringement_archived_procedure_without_sanction
2169,raw_q68_Complaint_against_SAGE_SPAIN_SL_for_failure_to_respond_to_data_subject_access_request_within_legal_timeframe_defendant_eventually_complied_during_procedure_resolving_the_issue_without_fine_or_corrective_measures
2170,raw_q68_Complaint_against_Google_for_failure_to_comply_with_erasure_request_regarding_a_Google_My_Business_review_during_proceedings_Google_removed_the_content_resolving_the_issue_without_fine_or_further_action
2171,raw_q68_Complaint_against_Google_LLC_for_delayed_response_to_erasure_request_under_GDPR_Article_17_Spanish_DPA_found_violation_due_to_untimely_handling_but_no_fine_imposed_as_rights_were_restored_post_complaint
2172,raw_q68_Complaint_against_BBB_for_video_surveillance_cameras_oriented_towards_public_space_DPA_found_violation_of_Article_5_1_c_GDPR_data_minimization_as_system_captured_unnecessary_third_party_data_defendant_paid_reduced_fine_of_1200_after_acknowledging_responsibility_and_voluntary_payment
2173,raw_q68_Complaint_about_access_to_recorded_phone_conversation_Nordea_provided_transcript_and_edited_audio_file_DPA_found_compliance_with_Article_15_and_closed_case_without_action
2174,raw_q68_Complainant_A_A_A_filed_complaint_against_Bankia_S_A_on_20_Sep_2019_for_retaining_personal_data_16_years_after_ceasing_client_status_discovered_during_re_onboarding_AEPD_initiated_sanction_procedure_PS_00076_2020_on_8_Jun_2020_for_Article_5_1_b_GDPR_violation_on_storage_limitation_Bankia_claimed_data_blocked_per_retention_policy_but_procedure_terminated_voluntarily_via_decision_R_00387_2020
2175,raw_q68_Complaint_alleged_unauthorized_data_processing_via_email_from_corporate_account_DPA_archived_case_ruling_processing_was_exclusively_personal_domestic_activity_under_GDPR_Article_2_2_c_thus_outside_GDPR_scope_No_infringement_found
2176,raw_q68_Claimant_sought_delisting_of_personal_data_from_Google_search_results_linking_to_Constitutional_Court_ruling_AEPD_upheld_claim_against_Google_for_one_URL_where_data_was_outdated_dismissed_against_Constitutional_Court_citing_jurisdictional_limits_no_fine_imposed_compliance_order_issued
2177,raw_q68_Claimant_requested_deletion_of_nine_URLs_from_Google_search_results_citing_personal_data_without_consent_AEPD_dismissed_the_claim_finding_URLs_related_to_professional_activity_e_g_public_exams_BORME_publications_were_of_public_interest_with_legitimate_interests_prevailing_under_Article_17_3_a_GDPR_for_freedom_of_expression_No_violations_or_fines_imposed
2178,raw_q68_Claimant_filed_complaint_on_May_4_2020_against_City_Council_of_Mejora_del_Campo_for_lacking_DPO_AEPD_initiated_sanctioning_procedure_on_September_30_2020_for_Article_37_1_GDPR_violation_defendant_did_not_respond_Issued_warning_and_ordered_DPO_appointment_within_one_month_no_fine_due_to_public_body_status
2179,raw_q68_Claimant_filed_access_request_against_university_DPA_found_request_excessive_abusive_under_Article_12_5_GDPR_no_violations_by_defendant_case_closed_without_fine
2180,raw_q68_Claimant_alleged_failure_to_respond_to_access_and_deletion_requests_regarding_a_debt_Spanish_DPA_found_defendant_provided_access_and_reasoned_deletion_denial_based_on_enforceable_debt_dismissed_claim_with_no_violations_or_fine
2181,raw_q68_Civil_Guard_refers_complaint_against_self_employed_gas_installer_A_A_A_for_leaving_behind_a_Dietario_Perpetuo_diary_containing_names_surnames_IDs_addresses_and_phones_of_clients_without_consent_or_information_AEPD_initiates_proceedings_for_Article_6_1_a_and_Article_13_GDPR_violations_finds_unlawful_processing_of_personal_data_lacking_lawful_basis_and_failure_to_inform_data_subjects_Imposes_3_000_EUR_fine_for_Article_6_breach_warning_for_Article_13_and_orders_compliance_with_information_duties_within_one_month_citing_local_scope_negligence_and_no_prior_infringements
2182,raw_q68_Complaint_alleged_RAE_transferred_personal_data_to_Google_LLC_via_Google_Analytics_without_adequate_safeguards_post_Schrems_II_DPA_archived_case_finding_no_evidence_of_infringement_as_RAE_ceased_processing_and_claimed_public_interest_basis
2183,raw_q68_Complaint_alleged_video_surveillance_camera_on_pub_facade_captured_excessive_public_space_Spanish_DPA_investigation_found_no_violation_as_capture_was_minimal_and_necessary_for_security_resulting_in_no_penalty
2184,raw_q68_A_Spanish_cafe_bar_was_fined_2000_for_installing_a_video_surveillance_camera_that_captured_images_of_third_parties_in_a_transit_area_without_justification_violating_GDPR_Article_5_1_c_on_data_minimization_with_aggravating_factors_including_prior_infringement_and_lack_of_cooperation
2185,raw_q68_Glove_Technology_SRL_fined_5_000_for_processing_employee_data_via_audio_video_surveillance_without_legal_basis_under_Article_6_1_violating_Article_5_1_a_ordered_to_cease_processing_and_delete_data_immediately
2186,raw_q68_ING_Spain_fined_1_6M_for_GDPR_Article_6_violation_required_non_freely_given_consent_via_adhesion_clause_for_TGSS_data_verification_in_account_openings_despite_AML_regulations_not_mandating_this_method_DPA_found_consent_invalid_and_ordered_compliance_within_6_months
2187,raw_q68_IMY_reprimanded_Trionic_Sverige_AB_for_unlawfully_disclosing_complainant_s_data_without_legal_basis_under_Article_6_1_and_insufficient_recipient_information_under_Article_13_1_e_considering_it_a_minor_infringement_with_no_fine_due_to_limited_impact_and_cooperation
2188,raw_q68_IKEA_Romania_fined_1000_EUR_for_failing_to_respond_within_legal_timeframe_to_a_data_subject_s_repeated_erasure_requests_under_Article_17_GDPR_violating_Article_12_3_Corrective_measure_ordered_to_ensure_future_compliance
2189,raw_q68_IKEA_Romania_SA_fined_1000_for_GDPR_Article_32_security_breach_children_s_contest_data_mistakenly_published_online_for_40_hours_exposing_114_individuals_data_DPA_emphasized_need_for_specific_child_data_protection
2190,raw_q68_I_DE_a_large_Spanish_electricity_distributor_suffered_a_cyberattack_in_March_2022_exploiting_a_vulnerability_in_its_GEA_web_application_leading_to_unauthorized_access_and_exfiltration_of_personal_data_of_1_35_million_customers_The_Spanish_DPA_found_violations_of_Articles_5_1_f_confidentiality_breach_and_32_inadequate_security_measures_GDPR_imposing_fines_totaling_3_5_million_due_to_the_scale_of_processing_negligence_and_mitigating_actions_taken
2191,raw_q68_Hospital_board_sent_sensitive_health_data_unencrypted_via_email_to_third_countries_and_stored_it_in_Outlook_violating_Articles_5_1_f_and_32_1_IMY_imposed_a_1_6M_SEK_fine_due_to_systematic_long_term_processing_of_high_risk_data_contrary_to_internal_guidelines_with_mitigation_for_post_incident_encryption_implementation
2192,raw_q68_Flexicredit_sanctioned_3000_for_GDPR_Article_32_2_violation_inadequate_security_measures_allowed_employee_to_fraudulently_obtain_17_loans_using_falsified_documents_without_proper_identity_verification_processing_personal_data_of_multiple_subjects
2193,raw_q68_Complaint_alleged_video_surveillance_cameras_capturing_public_private_spaces_without_authorization_investigation_found_cameras_limited_to_defendant_s_private_property_with_proper_signage_no_evidence_of_public_space_capture_or_GDPR_violation_case_archived
2194,raw_q68_Eulen_as_processor_sent_six_emails_over_three_years_without_blind_copy_exposing_recipients_email_addresses_and_names_to_50_others_each_time_The_Catalan_DPA_found_a_confidentiality_breach_under_Article_5_1_f_GDPR_imposing_a_3_000_fine_reduced_to_1_800_for_cooperation_and_voluntary_payment
2195,raw_q68_Ellos_Group_AB_violated_Article_32_1_GDPR_by_insufficient_security_in_its_merge_customer_process_allowing_unauthorized_access_to_purchase_history_via_publicly_available_data_IMY_issued_a_reprimand_considering_it_a_minor_infringement_due_to_negligence_single_affected_person_no_sensitive_data_and_prompt_mitigation_actions
2196,raw_q68_Easylife_Limited_a_UK_mail_order_company_inferred_health_conditions_from_customer_purchase_data_to_target_telemarketing_of_health_supplements_without_lawful_basis_or_transparency_processing_special_category_data_unlawfully_The_ICO_imposed_a_1_35M_fine_for_violating_Article_5_1_a_GDPR_citing_negligence_scale_affecting_145_400_individuals_and_prior_compliance_issues
2197,raw_q68_EDP_Solar_Espa_a_sent_an_email_to_99_solar_project_participants_containing_an_attachment_with_excessive_personal_data_beyond_necessity_violating_GDPR_Article_5_1_c_fined_42_000_after_reductions_for_cooperation_and_acknowledgment_with_a_compliance_order_to_adjust_data_processing_practices
2198,raw_q68_Doctor_filmed_patient_without_consent_posted_video_on_Facebook_disclosing_health_data_fined_2000_and_ordered_to_ensure_GDPR_compliance
2199,raw_q68_Complaint_filed_regarding_video_surveillance_cameras_allegedly_oriented_towards_complainant_s_home_potentially_violating_data_minimisation_principle_defendant_denied_responsibility_Spanish_DPA_archived_procedure_as_responsible_party_could_not_be_identified_no_sanctions_imposed
2200,raw_q68_City_Council_of_Jerez_de_la_Frontera_processed_claimant_s_and_spouse_s_personal_data_without_legal_basis_by_assuming_community_property_regime_without_verification_leading_to_unauthorized_debt_communication_and_data_requests_DPA_issued_warning_under_Article_77_2_LOPDGDD_for_Article_6_GDPR_violation
2201,raw_q68_Catalan_DPA_found_La_Canonja_City_Council_violated_GDPR_Articles_5_and_35_by_using_fingerprint_biometrics_for_employee_time_tracking_without_legal_basis_or_impact_assessment_ordered_cessation_and_alternative_system_implementation_within_two_months_with_no_fine_imposed
2202,raw_q68_CaixaBank_processed_client_data_for_anti_money_laundering_checks_via_TGSS_without_valid_consent_Spanish_DPA_found_consent_not_free_specific_or_informed_fining_1_2M_after_reductions_for_cooperation_and_payment
2203,raw_q68_A_medical_clinic_used_a_laser_thermometer_at_its_entrance_during_COVID_19_making_body_temperature_results_visible_to_others_in_the_waiting_area_violating_GDPR_confidentiality_principles_The_Spanish_DPA_imposed_a_30_000_fine_for_breaches_of_Articles_5_1_f_and_32_citing_negligence_and_health_data_sensitivity_despite_the_defendant_s_claim_that_no_data_processing_occurred
2204,raw_q68_AEPD_issued_provisional_measures_against_Meta_Platforms_Ireland_Limited_to_suspend_implementation_of_Election_Day_Information_and_Voter_Information_Unit_features_in_Spain_citing_lack_of_legal_basis_under_Article_6_excessive_data_processing_and_imminent_risks_to_data_subjects_rights_ahead_of_EU_parliamentary_elections
2205,raw_q68_AEPD_initiated_procedure_PS_00100_2020_against_ARANOW_PACKAGING_MACHINERY_S_L_following_complaint_on_03_10_2019_about_missing_privacy_and_cookie_policies_on_website_Privacy_policy_found_compliant_with_GDPR_Article_13_cookie_policy_violated_LSSI_Article_22_2_for_lacking_easy_rejection_mechanism_Proposed_3000_EUR_fine_reduced_to_1800_EUR_via_voluntary_payment_on_22_06_2020_terminating_procedure
2206,raw_q68_A_package_delivery_company_delivered_a_mobile_phone_to_a_wrong_address_exposing_complainant_s_personal_data_on_the_label_The_Spanish_DPA_found_a_breach_of_Article_5_1_f_GDPR_due_to_lack_of_confidentiality_and_imposed_a_70_000_fine_plus_compliance_measures_citing_negligence_and_failure_to_follow_internal_protocols
2207,raw_q68_A_notary_office_scanned_a_claimant_s_ID_for_money_laundering_compliance_without_immediate_Article_13_GDPR_information_leading_to_a_reprimand_and_compliance_order_due_to_delayed_response_and_lack_of_transparency_mitigated_by_cooperation_and_public_sector_status
2208,raw_q68_A_mother_filed_a_complaint_against_CaixaBank_for_failing_to_provide_requested_account_information_of_her_minor_daughter_and_improperly_disclosing_data_of_another_daughter_The_Spanish_DPA_found_a_violation_of_Article_32_1_GDPR_due_to_inadequate_security_measures_imposing_a_25_000_fine_and_a_compliance_order_to_prevent_future_incidents
2209,raw_q68_A_minor_recorded_and_disseminated_images_of_another_minor_being_attacked_without_legal_basis_under_Article_6_GDPR_DPA_issued_a_warning_and_compliance_order_considering_a_fine_disproportionate
2210,raw_q68_A_homeowners_association_sent_individualized_heating_consumption_data_to_all_members_via_email_violating_GDPR_confidentiality_The_Spanish_DPA_overturned_an_initial_dismissal_imposed_a_480_fine_and_ordered_compliance_measures_within_one_month_The_defendant_paid_voluntarily_terminating_the_procedure
2211,raw_q68_CNPD_ordered_Worldcoin_Foundation_to_temporarily_halt_biometric_data_collection_in_Portugal_for_90_days_due_to_invalid_consent_insufficient_information_inability_to_erase_data_and_processing_of_minors_data_without_legal_consent_citing_high_risks_to_fundamental_rights
2212,raw_q68_A_homeowners_association_posted_debtor_lists_by_apartment_number_on_a_bulletin_board_and_emailed_them_to_all_members_repeatedly_outside_legal_exceptions_violating_GDPR_Article_5_1_f_confidentiality_fined_2_000
2213,raw_q68_A_data_subject_complained_to_the_Spanish_DPA_that_CaixaBank_failed_to_adequately_respond_to_her_access_request_under_Article_15_GDPR_The_DPA_upheld_the_complaint_finding_the_bank_s_response_incomplete_and_ordered_compliance_within_10_days_emphasizing_the_right_to_access_personal_data_and_related_information_without_resolving_contractual_disputes
2214,raw_q68_A_data_subject_complained_to_the_Spanish_DPA_about_a_municipal_transport_company_s_failure_to_respond_adequately_to_an_access_request_for_job_selection_process_recordings_The_DPA_found_the_company_violated_Article_15_GDPR_by_not_providing_the_data_or_a_proper_refusal_ordering_compliance_within_ten_days_without_imposing_a_fine
2215,raw_q68_A_complaint_alleged_unauthorized_power_increase_in_an_electricity_contract_The_Spanish_DPA_found_the_defendant_violated_Article_6_GDPR_by_processing_without_valid_legal_basis_and_Article_32_GDPR_due_to_an_inadequate_security_protocol_imposing_fines_totaling_150_000_for_negligence_in_verifying_representation
2216,raw_q68_A_company_used_a_video_surveillance_system_with_audio_recording_to_monitor_an_employee_leading_to_dismissal_the_Spanish_DPA_found_no_lawful_basis_under_Article_6_GDPR_for_voice_data_processing_imposed_a_6_000_fine_and_ordered_compliance_within_one_month_citing_disproportionality_and_Constitutional_Court_doctrine
2217,raw_q68_A_Spanish_owners_community_published_lists_of_debtor_and_non_debtor_residents_with_personal_data_on_bulletin_boards_accessible_to_outsiders_violating_GDPR_Article_5_1_f_security_principle_The_DPA_imposed_a_500_fine_reduced_due_to_full_cooperation_remediation_no_prior_infringements_and_the_COVID_19_pandemic_context
2218,raw_q68_AEPD_sanctions_CAIXABANK_6M_EUR_for_transparency_2M_and_legality_4M_violations_in_client_data_processing_non_uniform_vague_info_on_categories_purposes_bases_invalid_consents_lacking_specificity_freedom_unjustified_legitimate_interests_illegal_group_data_sharing_without_basis_requires_compliance_within_6_months
2219,raw_q68_ANPC_used_body_cameras_to_record_controls_without_legal_basis_processing_personal_data_unlawfully_DPA_issued_warning_and_ordered_cessation_of_processing_and_data_deletion_citing_violation_of_Article_5_1_a_and_lack_of_Article_6_basis
2220,raw_q68_ATG_processed_personal_data_without_valid_consent_due_to_cookie_banner_making_withdrawal_harder_than_giving_consent_and_using_misleading_design_colors_contrast_favoring_acceptance_Swedish_DPA_issued_reprimand_no_fine_as_minor_infringement_with_mitigating_factors_improvements_made_cooperation_no_prior_violations_Cross_border_case_with_Austrian_DPA_as_concerned_authority
2221,raw_q68_Air_Europa_suffered_a_cyberattack_from_May_to_August_2018_compromising_489_000_customers_bank_card_data_The_Spanish_DPA_found_violations_of_Articles_32_1_inadequate_security_measures_and_33_late_breach_notification_imposing_fines_of_500_000_and_100_000_respectively_citing_negligence_and_failure_to_protect_data_adequately
2222,raw_q68_Amazon_Spain_subsidiary_required_job_applicants_to_provide_criminal_record_certificates_without_legal_basis_under_Article_10_GDPR_DPA_fined_2M_for_unlawful_processing_rejecting_consent_and_legitimate_interest_claims_and_ordered_compliance_measures
2223,raw_q68_Appeal_by_A_A_A_via_IMI_Austria_against_Spanish_DPA_s_archiving_of_complaint_against_Turner_Broadcasting_System_Espa_a_for_LSSI_violations_website_redirected_to_different_entity_making_complaint_moot_appeal_dismissed_upholding_original_resolution
2224,raw_q68_Appeal_upheld_overturning_a_2_000_fine_against_G_G_G_for_alleged_GDPR_Article_6_violation_due_to_insufficient_evidence_linking_the_defendant_to_the_dissemination_of_a_video_on_pacot_es_investigation_revealed_unreliable_IP_data_and_lack_of_proof_of_authorship
2225,raw_q68_BBVA_bank_employee_forged_complainant_s_signature_on_data_protection_consent_documents_for_commercial_purposes_and_profiling_AEPD_imposed_120_000_fine_for_violating_Article_6_1_GDPR_reduced_from_200_000_due_to_acknowledgment_and_payment
2226,raw_q68_BBVA_consulted_complainant_s_credit_data_without_valid_contract_DPA_found_Article_6_1_violation_due_to_lack_of_lawfulness_30_000_fine_reduced_to_18_000_after_voluntary_payment_and_responsibility_acknowledgment
2227,raw_q68_BBVA_disclosed_a_lawyer_s_private_address_to_their_client_during_a_claim_process_violating_GDPR_Articles_5_1_b_5_1_f_and_32_resulting_in_a_70_000_fine_for_negligence_and_inadequate_security_measures
2228,raw_q68_BODY_LINE_SRL_fined_10_000_EUR_for_posting_customer_audio_video_on_social_media_revealing_ethnic_origin_without_legal_basis_failing_to_delete_data_upon_request_and_inadequate_security_measures_for_surveillance_data_corrective_orders_issued_for_compliance_and_deletion
2229,raw_q68_Banca_Comercial_Rom_n_SA_fined_2_000_for_GDPR_violations_under_Articles_25_and_32_after_a_technical_error_caused_emails_with_personal_data_of_564_customers_to_be_sent_to_wrong_recipients_involving_financial_and_identity_data_DPA_found_inadequate_security_measures
2230,raw_q68_Banca_Transilvania_SA_fined_100_000_for_violating_GDPR_Articles_5_f_and_32_after_employee_mishandling_led_to_public_disclosure_of_client_and_employee_personal_data_via_email_and_social_media_causing_moral_and_economic_harm
2231,raw_q68_Banco_Santander_disclosed_a_claimant_s_mortgage_loan_amortization_table_to_a_third_party_due_to_human_error_violating_GDPR_Articles_5_1_f_and_32_1_The_Spanish_DPA_imposed_fines_totaling_70_000_and_a_compliance_order_citing_negligence_and_the_entity_s_large_scale_with_no_fine_reductions_due_to_late_responsibility_acknowledgment
2232,raw_q68_Bankia_now_CaixaBank_conditioned_consent_for_marketing_data_processing_on_exemption_from_account_fees_for_ON_product_customers_violating_GDPR_Article_7_4_Spanish_DPA_imposed_2_1M_fine_for_non_free_consent_and_pre_ticked_boxes_during_online_registrations_considering_intentionality_large_scale_and_entity_cooperation
2233,raw_q68_CDON_AB_violated_GDPR_Articles_5_1c_12_2_and_12_6_by_imposing_burdensome_identity_verification_for_erasure_requests_requiring_excessive_personal_data_without_justification_IMY_issued_a_reprimand_due_to_minor_violation_cooperation_and_improved_routines
2234,raw_q68_CNPD_initially_ordered_Worldcoin_Foundation_to_halt_biometric_data_collection_in_Portugal_for_90_days_Worldcoin_appealed_claiming_BayLDA_was_lead_authority_due_to_its_German_establishment_ZipCode_GmbH_CNPD_determined_ZipCode_was_Worldcoin_s_sole_EU_establishment_making_BayLDA_the_lead_supervisory_authority_under_GDPR_one_stop_shop_mechanism_CNPD_referred_the_case_to_BayLDA_and_revoked_its_prior_order
2235,raw_q24_100000_TO_100000
2236,raw_q16_YES
2237,raw_q23_NO_RISK_ONLY
2238,q36_text_The_DPA_found_violations_of_data_minimisation_under_Article_5_1_c_due_to_unnecessary_publication_of_sensitive_personal_data_beyond_names_of_public_figures_and_security_under_Article_32_due_to_inadequate_redaction_allowing_easy_access_to_hidden_data_Freedom_of_expression_prevailed_for_publishing_names_of_high_ranking_bank_officials_in_a_public_interest_story_on_bank_recapitalization_but_not_for_other_data
2239,q36_text_The_decision_did_not_find_violations_of_GDPR_Articles_5_or_6_as_the_website_in_question_no_longer_existed_and_redirected_to_a_different_entity_s_site_making_the_original_complaint_moot
2240,q36_text_The_decision_clarifies_that_data_on_self_employed_persons_in_culture_related_to_their_registered_activity_are_not_protected_as_personal_data_under_GDPR_as_they_are_considered_business_entity_data_under_Slovenian_law
2241,q36_text_The_decision_addresses_violation_of_Article_5_1_b_GDPR_due_to_retention_of_personal_data_for_over_16_years_after_the_data_subject_ceased_being_a_client_without_any_ongoing_products_or_services_Bankia_blocked_the_data_but_failed_to_delete_it_as_required_under_storage_limitation_and_purpose_limitation_principles
2242,q36_text_The_decision_addresses_a_violation_of_the_right_to_object_under_Article_21_GDPR_in_the_context_of_unsolicited_commercial_calls_No_detailed_analysis_of_Article_5_or_6_principles_is_provided_beyond_linking_to_legitimate_interests_for_marketing
2243,q36_text_The_decision_addresses_a_violation_of_Article_21_of_the_LSSI_for_sending_commercial_communications_without_consent_not_GDPR_Articles_5_or_6
2244,q36_text_The_DPA_opined_that_legal_obligation_under_Article_6_1_c_is_the_appropriate_basis_for_processing_student_data_in_distance_education_not_consent_and_emphasized_adherence_to_data_minimization_and_security_principles
2245,q36_text_The_DPA_found_violations_of_Article_5_1_a_due_to_unfairness_in_monitoring_employees_changing_in_alarm_stands_without_masking_and_Article_5_1_c_due_to_excessive_24_7_real_time_surveillance_beyond_necessary_purposes_Legal_basis_under_Article_6_1_e_was_upheld_for_public_task_necessity
2246,q36_text_The_decision_discusses_processing_under_Article_6_1_c_for_legal_obligations_under_anti_money_laundering_laws_noting_the_bank_must_have_appropriate_procedures_but_IP_is_not_competent_to_assess_adequacy
2247,q36_text_The_DPA_found_the_defendant_violated_Article_35_by_failing_to_conduct_a_data_protection_impact_assessment_for_biometric_data_processing_The_legal_basis_of_consent_was_invalid_due_to_power_imbalance_in_employment_context
2248,q36_text_The_DPA_found_that_the_video_surveillance_camera_installation_complied_with_data_minimization_principles_capturing_only_necessary_public_space_for_security_purposes_and_no_violation_of_Article_5_was_established
2249,q36_text_The_DPA_found_that_the_defendant_was_legitimized_to_process_the_claimant_s_personal_data_based_on_contract_execution_vehicle_purchase_not_consent_and_therefore_no_violation_of_Article_6_occurred
2250,q36_text_The_DPA_found_that_the_defendant_had_valid_consent_through_a_signed_image_rights_assignment_contract_thus_no_violation_of_Article_6_occurred
2251,q36_text_The_DPA_found_that_Nordea_complied_with_the_complainant_s_access_request_by_providing_a_transcript_and_edited_audio_file_satisfying_Article_15_requirements_without_violating_data_subject_rights
2252,q36_text_The_DPA_found_no_violations_of_Article_5_principles_The_defendant_relied_on_public_task_as_legal_basis_for_traffic_surveillance_drone_operations
2253,q36_text_The_decision_discusses_potential_violation_of_Article_5_1_c_data_minimisation_due_to_alleged_video_surveillance_cameras_oriented_towards_complainant_s_home_but_the_procedure_was_archived_as_the_responsible_party_could_not_be_identified
2254,q36_text_The_decision_does_not_discuss_GDPR_Article_5_or_6_principles_it_focuses_on_LSSI_cookie_consent_violations
2255,q36_text_The_DPA_found_no_violation_of_Article_5_1_c_data_minimization_as_the_cameras_were_limited_to_private_property_with_proper_signage_and_no_evidence_of_public_space_capture
2256,q36_text_The_decision_found_a_violation_of_Article_12_3_regarding_timely_response_to_access_requests_but_did_not_discuss_Article_5_principles_or_Article_6_legal_bases
2257,q36_text_The_decision_provides_a_non_binding_opinion_clarifying_the_right_to_access_personal_data_under_Article_15_GDPR_and_applicable_Slovenian_laws_particularly_for_police_data_processing_under_national_security_exemptions
2258,q36_text_The_decision_identifies_violations_of_Article_5_1_f_on_integrity_and_confidentiality_and_Article_5_2_on_accountability_due_to_failure_to_implement_appropriate_technical_and_organizational_measures_Processing_was_based_on_contract_performance_and_legal_obligations_under_telecommunications_law_with_no_issues_in_legal_basis_but_deficiencies_in_security_implementation_leading_to_a_data_breach
2259,q36_text_The_decision_found_violations_of_Article_32_1_b_32_2_and_32_4_GDPR_due_to_inadequate_technical_and_organizational_measures_ensuring_employees_process_data_only_on_instructions_leading_to_unauthorized_access_and_disclosure_of_five_passengers_data_No_Article_5_or_6_principles_beyond_security_were_discussed
2260,q36_text_The_decision_found_no_violation_of_Article_5_or_6_principles_as_the_defendant_ultimately_complied_with_the_erasure_request_during_proceedings
2261,q36_text_The_decision_found_no_GDPR_violations_it_focused_on_LSSI_compliance_regarding_cookies_concluding_the_website_s_cookie_policy_was_not_contradictory_to_Article_22_2_LSSI_after_verification
2262,q36_text_The_decision_found_a_violation_of_Article_5_1_f_security_principle_due_to_inadequate_technical_and_organizational_measures_No_Article_6_legal_bases_were_discussed
2263,q36_text_The_decision_focuses_solely_on_violations_of_cooperation_obligations_with_the_DPA_under_Articles_31_and_58_1_e_of_the_GDPR_not_on_substantive_processing_principles_or_legal_bases
2264,q36_text_The_decision_does_not_discuss_GDPR_Article_5_or_6_principles_it_focuses_solely_on_LSSI_violations_regarding_cookie_consent_mechanisms
2265,q36_text_The_decision_focuses_on_violation_of_Article_37_GDPR_regarding_DPO_appointment_not_on_Articles_5_or_6_principles_or_legal_bases
2266,q36_text_The_decision_focuses_on_jurisdictional_issues_regarding_cross_border_processing_and_the_identification_of_the_lead_supervisory_authority_not_substantive_Article_5_6_violations
2267,q36_text_The_decision_focuses_on_LSSI_violations_regarding_commercial_communications_not_GDPR_Article_5_6_principles
2268,q36_text_The_decision_finds_a_violation_of_Article_6_1_a_GDPR_due_to_processing_personal_data_without_consent_or_any_lawful_basis_No_other_Article_5_or_6_principles_are_explicitly_discussed_beyond_lawfulness
2269,q36_text_The_decision_finds_a_violation_of_Article_37_GDPR_due_to_failure_to_appoint_a_DPO_as_required_for_public_authorities_No_other_Article_5_or_6_principles_are_discussed
2270,q36_text_The_decision_does_not_discuss_GDPR_Article_5_or_6_violations_focusing_instead_on_Spanish_LSSI_cookie_law_violations_regarding_inadequate_cookie_banner_information_and_lack_of_rejection_mechanism
2271,q36_text_The_DPA_found_no_violation_of_Article_6_as_Niantic_obtained_consent_through_pop_up_windows_and_provided_accessible_privacy_policies_and_terms_of_service
2272,q36_text_The_DPA_found_no_violation_of_Article_5_principles_Regarding_Article_6_the_defendant_relied_on_legitimate_interests_and_the_balancing_test_concluded_that_legitimate_interests_prevailed_over_the_data_subject_s_rights_due_to_the_public_interest_in_accessing_professional_information
2273,q36_text_The_defendant_disclosed_personal_and_health_data_of_a_former_employee_to_a_third_party_without_a_legal_basis_violating_principles_of_lawfulness_purpose_limitation_security_and_accountability
2274,q36_text_TYPE_The_defendant_failed_to_properly_respond_to_a_data_subject_s_access_request_regarding_recordings_from_a_job_selection_process_violating_Article_15_GDPR_by_not_providing_the_data_or_a_valid_refusal
2275,q36_text_TYPE_Violation_of_Article_12_3_for_failing_to_respond_timely_to_data_subject_s_erasure_request_under_Article_17_No_other_Article_5_or_6_principles_discussed
2276,q36_text_TYPE_Unauthorized_disclosure_of_personal_data_by_publishing_termination_decisions_online_without_legal_basis_Violation_of_lawfulness_fairness_transparency_security_and_accountability_principles
2277,q36_text_TYPE_The_defendant_violated_Articles_5_1_f_and_32_1_by_sending_sensitive_health_data_unencrypted_via_email_and_storing_it_in_Outlook_failing_to_implement_appropriate_technical_and_organizational_security_measures
2278,q36_text_TYPE_The_defendant_violated_Article_25_1_and_Article_32_1_b_d_and_2_by_failing_to_implement_adequate_technical_and_organizational_measures_for_data_security_leading_to_unauthorized_disclosure_of_personal_data
2279,q36_text_TYPE_The_defendant_violated_Article_12_and_15_by_failing_to_provide_complete_access_to_personal_data_and_necessary_information_and_not_facilitating_the_exercise_of_data_subject_rights
2280,q36_text_TYPE_The_defendant_processed_inaccurate_personal_data_by_associating_a_personal_shipment_with_a_company_account_issuing_an_invoice_to_the_company_containing_the_claimant_s_personal_data_violating_Article_5_1_d_accuracy_principle
2281,q36_text_TYPE_The_defendant_failed_to_properly_define_its_role_as_a_joint_controller_with_service_users_violating_accountability_principles_under_Article_5_2_GDPR_by_not_establishing_a_transparent_agreement_as_required_by_Article_26
2282,q36_text_TYPE_Violation_of_Article_32_due_to_inadequate_technical_and_organizational_measures_for_security_leading_to_unauthorized_access_and_data_deletion_from_a_cyber_attack
2283,q36_text_TYPE_The_controller_violated_Article_32_by_failing_to_implement_adequate_technical_and_organizational_measures_leading_to_unauthorized_disclosure_and_access_to_personal_data_including_special_category_health_data
2284,q36_text_TYPE_The_DPA_found_the_defendant_violated_Article_6_GDPR_by_processing_employee_images_without_a_legal_basis_The_installation_of_a_video_surveillance_camera_in_a_staff_rest_area_was_deemed_disproportionate_and_violated_the_prohibition_in_Article_89_2_LOPDGDD
2285,q36_text_TYPE_STRING_The_defendant_stated_incorrect_legal_basis_consent_on_its_website_while_actually_relying_on_contract_or_legitimate_interests_violating_Article_13_1_c_transparency_obligation
2286,q36_text_TYPE_STRING_Saga_sent_28_5_million_unsolicited_marketing_messages_without_valid_consent_violating_Article_5_1_a_lawfulness_principle
2287,q36_text_TYPE_STRING
2288,q36_text_TYPE_KRY_violated_Article_5_1_f_and_2_and_Article_32_1_and_2_by_failing_to_conduct_adequate_needs_and_risk_analyses_and_not_restricting_user_access_permissions_to_only_what_is_necessary_for_healthcare_tasks_lacking_appropriate_security_measures_and_accountability
2289,q36_text_TYPE_Violation_of_Article_13_1_a_GDPR_for_not_displaying_operator_identity_information_on_website_Violation_of_national_law_for_installing_cookies_without_consent
2290,q36_text_TYPE_Violation_of_Article_32_4_due_to_inadequate_security_measures_leading_to_unauthorized_data_disclosure_violation_of_Article_34_for_failing_to_notify_data_subjects_of_the_breach
2291,q36_text_The_DPA_found_no_violation_of_Article_13_as_the_defendant_provided_adequate_information_to_employees_about_the_fingerprint_system_implementation_including_purpose_legal_basis_and_data_protection_details_before_data_collection
2292,q36_text_The_DPA_found_no_GDPR_violation_as_the_processing_fell_under_the_household_exemption_Article_2_2_c_being_exclusively_personal_domestic_activity_by_a_natural_person
2293,q36_text_The_DPA_found_no_processing_of_personal_data_occurred_as_temperature_measurements_were_not_linked_to_identified_or_identifiable_persons_thus_no_GDPR_principles_were_violated
2294,q36_text_The_DPA_found_no_evidence_of_infringement_RAE_ceased_Google_Analytics_use_promptly_after_Schrems_II_and_claimed_public_interest_legal_basis_under_Article_6_1_e
2295,q36_text_The_DPA_found_no_evidence_of_coercion_or_unlawful_processing_data_collection_was_voluntary_informed_and_based_on_consent_and_legal_obligations_for_public_health_purposes
2296,q36_text_The_DPA_found_no_GDPR_violations_as_the_controller_had_adequate_security_measures_promptly_notified_the_breach_and_took_appropriate_mitigating_actions_The_breach_resulted_from_human_error_by_a_processor_s_employee
2297,q36_text_The_DPA_found_no_GDPR_violations_as_the_claimant_s_access_request_was_deemed_excessive_and_abusive_under_Article_12_5_with_the_defendant_properly_requesting_specification_of_the_request
2298,q36_text_The_DPA_found_no_GDPR_violation_concluding_that_taking_a_photograph_of_an_ID_with_an_official_police_mobile_phone_during_COVID_19_perimeter_control_complied_with_Article_32_security_measures_and_was_justified_under_public_security_laws
2299,q36_text_The_DPA_expressed_concerns_about_whether_the_planned_data_processing_involves_personal_data_rather_than_anonymized_data_emphasizing_the_need_for_a_proper_legal_basis_if_personal_data_is_processed_and_highlighted_risks_related_to_electronic_communications_and_location_data_anonymization
2300,q36_text_TYPE_Violation_of_Article_83_5_e_for_failure_to_communicate_requested_information_to_the_DPA_no_specific_Article_5_or_6_principles_discussed
2301,q36_text_The_DPA_assessed_international_tax_treaties_for_GDPR_compliance_finding_they_lack_necessary_safeguards_for_data_transfers_to_third_countries_like_the_US_particularly_under_Article_46_requirements
2302,q36_text_The_Council_failed_to_respond_to_251_out_of_511_subject_access_requests_within_statutory_deadlines_violating_Articles_12_3_15_1_and_15_3_of_the_UK_GDPR
2303,q36_text_The_City_Council_processed_personal_data_without_a_legal_basis_under_Article_6_GDPR_by_communicating_a_third_party_s_debt_to_the_claimant_and_requesting_his_data_from_INSS_failing_to_verify_the_marital_property_regime_beforehand
2304,q36_text_The_City_Council_failed_to_implement_adequate_security_measures_to_prevent_unauthorized_access_to_municipal_registry_data_by_a_council_member_violating_Article_5_1_f_GDPR_The_case_was_archived_due_to_statute_of_limitations
2305,q36_text_The_Cabinet_Office_violated_Article_5_1_f_by_failing_to_ensure_appropriate_security_of_personal_data_and_Article_32_1_by_lacking_appropriate_technical_and_organizational_measures_for_the_2020_New_Year_Honours_List_processing
2306,q36_text_TYPE_Violation_of_lawful_processing_and_security_principles_no_valid_consent_obtained_for_filming_and_posting_patient_data_online
2307,q36_text_The_decision_provides_a_non_binding_opinion_on_drone_use_jurisdiction_clarifying_the_Information_Commissioner_s_role_in_monitoring_data_protection_compliance_and_impact_assessments_with_no_findings_of_violations
2308,q36_text_The_defendant_disclosed_personal_data_including_ethnic_origin_without_legal_basis_and_failed_to_implement_adequate_security_measures_for_video_surveillance_data
2309,q36_text_TYPE_CAIXABANK_violated_transparency_by_providing_non_uniform_vague_information_on_data_categories_purposes_and_legal_bases_consents_were_invalid_due_to_lack_of_specificity_freedom_and_informed_nature_legitimate_interests_lacked_proper_balancing_and_justification
2310,q36_text_The_defendant_violated_Article_5_1_f_and_Article_32_1_by_failing_to_ensure_adequate_security_of_personal_data_including_protection_against_unauthorized_access_across_multiple_subsystems_of_the_School_Platform
2311,q36_text_The_defendant_violated_Article_5_1_f_GDPR_by_failing_to_ensure_confidentiality_resulting_in_unauthorized_disclosure_of_complainant_s_personal_data_name_address_phone_number_on_a_package_label_delivered_to_a_third_party
2312,q36_text_The_defendant_violated_Article_5_1_c_GDPR_by_publishing_an_individual_s_image_and_voice_without_anonymization_which_was_deemed_unnecessary_for_the_journalistic_purpose_The_DPA_found_the_processing_excessive_and_not_justified_by_legitimate_interests_balancing
2313,q36_text_The_defendant_violated_Article_5_1_c_GDPR_by_collecting_excessive_personal_data_photocopy_of_ID_beyond_what_was_necessary_for_age_verification_They_also_violated_Article_13_GDPR_by_providing_outdated_privacy_information_and_insufficient_details_about_data_processing
2314,q36_text_The_defendant_violated_Article_5_1_a_GDPR_by_using_dark_patterns_overloading_and_hiding_in_cookie_consent_interfaces_making_consent_not_freely_given_specific_or_informed_They_also_violated_Article_13_GDPR_by_failing_to_provide_clear_information_on_purposes_legal_bases_legitimate_interests_of_third_parties_and_international_data_transfers_in_their_privacy_policy
2315,q36_text_The_defendant_violated_Article_5_1_f_GDPR_by_failing_to_implement_appropriate_technical_and_organizational_measures_to_ensure_security_and_confidentiality_leading_to_a_cyberattack_breach_exposing_health_data_of_2_622_patients
2316,q36_text_The_defendant_violated_Article_5_1_f_security_principle_by_disclosing_land_register_numbers_No_lawful_basis_under_Article_6_was_established_for_this_processing
2317,q36_text_The_defendant_violated_Article_5_1_f_GDPR_by_failing_to_implement_adequate_security_measures_leading_to_unauthorized_access_and_data_breach_affecting_40_individuals
2318,q36_text_The_defendant_violated_Article_5_1_f_integrity_and_confidentiality_by_publicly_displaying_the_claimant_s_personal_data_name_surname_and_debt_amount_on_a_community_notice_board_without_adequate_security_measures
2319,q36_text_The_defendant_violated_Article_5_1_f_GDPR_by_failing_to_ensure_appropriate_security_of_personal_data_including_lack_of_multi_factor_authentication_inadequate_patch_management_and_failure_to_encrypt_data_which_rendered_systems_vulnerable_to_a_ransomware_attack
2320,q36_text_The_defendant_violated_Article_5_security_and_accountability_principles_by_failing_to_properly_respond_to_data_subject_access_requests_within_the_required_timeframe_and_not_cooperating_fully_with_the_DPA_investigation
2321,q36_text_The_defendant_violated_Article_32_1_GDPR_by_failing_to_implement_adequate_technical_and_organizational_security_measures_leading_to_unauthorized_access_to_personal_data_The_breach_involved_external_cyberattack_and_inadequate_protection_of_customer_bank_card_information
2322,q36_text_The_defendant_violated_Article_32_1_GDPR_by_failing_to_implement_adequate_security_measures_resulting_in_the_abandonment_of_confidential_medical_data_of_workers_in_a_public_area_compromising_data_integrity_and_confidentiality
2323,q36_text_The_defendant_violated_Article_32_1_GDPR_by_failing_to_implement_adequate_security_measures_leading_to_an_incident_where_data_of_one_daughter_was_provided_when_information_about_another_daughter_was_requested_without_proper_identity_verification
2324,q36_text_The_defendant_violated_Article_32_1_GDPR_by_failing_to_implement_appropriate_security_measures_for_its_merge_customer_process_allowing_unauthorized_access_to_purchase_and_return_history_through_publicly_available_information
2325,q36_text_The_defendant_violated_Article_5_1_f_GDPR_by_sending_emails_without_using_blind_copy_disseminating_recipients_email_addresses_and_sometimes_names_surnames_failing_to_ensure_confidentiality
2326,q36_text_The_defendant_violated_Article_5_1_f_GDPR_by_disclosing_a_claimant_s_loan_amortization_table_to_a_third_party_breaching_confidentiality_No_Article_6_legal_basis_was_discussed_as_the_processing_was_unauthorized
2327,q36_text_The_defendant_violated_Article_32_by_failing_to_implement_adequate_technical_and_organizational_security_measures_leading_to_unauthorized_disclosure_of_personal_data_via_email
2328,q36_text_The_defendant_violated_accountability_principles_by_failing_to_respond_to_the_DPA_s_information_requests_and_not_complying_with_a_remedial_order
2329,q36_text_The_entity_violated_Article_5_1_c_GDPR_by_scanning_clients_full_DNI_documents_during_check_in_as_this_exceeds_the_data_minimization_principle_Only_specific_data_fields_from_the_ID_are_required_for_legal_registration_obligations_under_Organic_Law_4_2015
2330,q36_text_The_defendant_s_video_surveillance_was_found_to_violate_purpose_limitation_and_data_minimization_principles_as_cameras_recorded_beyond_necessary_areas_like_the_entire_bar_and_terrace_not_just_specific_high_value_property_areas_and_lacked_a_valid_legal_basis_under_legitimate_interests_for_such_broad_recording
2331,q36_text_The_defendant_s_privacy_policies_were_found_compliant_with_Article_13_GDPR_but_cookie_consent_mechanisms_were_inadequate_lacking_clear_information_and_granular_control_options
2332,q36_text_The_defendant_s_camera_system_disproportionately_captured_images_of_public_space_violating_the_data_minimization_principle_under_Article_5_1_c_GDPR_by_collecting_excessive_personal_data_without_justification
2333,q36_text_The_defendant_was_accused_of_processing_personal_data_image_and_voice_without_consent_but_the_appeal_was_upheld_due_to_lack_of_evidence_proving_authorship_of_the_alleged_violation
2334,q36_text_The_defendant_violated_the_security_principle_under_Article_5_1_f_by_failing_to_prevent_unauthorized_access_to_personal_data_through_a_technical_failure_in_their_customer_portal
2335,q36_text_The_defendant_violated_GDPR_Article_28_by_subcontracting_without_proper_contracts_and_authorizations_failing_to_ensure_sufficient_guarantees_for_data_processing_security_and_accountability
2336,q36_text_The_defendant_violated_Article_5_1_f_GDPR_by_failing_to_ensure_adequate_security_leading_to_a_confidentiality_breach_and_violated_Article_32_GDPR_by_not_implementing_appropriate_technical_and_organizational_security_measures_to_prevent_the_cyberattack
2337,q36_text_The_defendant_violated_Articles_12_and_13_by_failing_to_provide_complete_and_accurate_information_about_data_processing_and_imposing_excessive_conditions_for_exercising_data_subject_rights
2338,q36_text_The_defendant_violated_Article_5_1_f_by_failing_to_ensure_confidentiality_of_health_data_body_temperature_as_the_measurement_result_was_visible_to_unauthorized_third_parties_in_the_clinic_s_waiting_reception_area_The_processing_was_based_on_legal_obligation_for_health_safety_during_COVID_19
2339,q36_text_The_defendant_violated_Article_5_1_f_GDPR_by_sending_individualized_heating_consumption_data_to_all_community_members_via_email_resulting_in_loss_of_confidentiality_The_claimed_legitimate_interest_basis_was_insufficient_as_data_subject_interests_prevailed
2340,q36_text_The_defendant_violated_Article_5_1_f_GDPR_by_publicly_displaying_meeting_minutes_containing_personal_data_names_surnames_addresses_debts_in_a_building_display_case_for_an_excessive_duration_failing_to_ensure_adequate_security_and_confidentiality
2341,q36_text_The_defendant_violated_Article_5_1_f_GDPR_by_improperly_disseminating_personal_data_through_WhatsApp_breaching_confidentiality_They_also_violated_Article_32_GDPR_by_lacking_adequate_security_measures_to_prevent_unauthorized_disclosure
2342,q36_text_The_defendant_violated_Article_5_1_f_GDPR_by_failing_to_ensure_adequate_security_of_personal_data_leading_to_unauthorized_exposure_of_identification_data_through_a_programming_error_in_the_vaccination_appointment_system
2343,q36_text_The_defendant_violated_Article_32_security_obligations_by_failing_to_ensure_employees_only_process_personal_data_at_the_operator_s_request_leading_to_unauthorized_access_and_disclosure
2344,q36_text_The_defendant_violated_Article_32_by_failing_to_implement_adequate_technical_and_organizational_measures_to_ensure_security_leading_to_unauthorized_disclosure_of_personal_data_via_WhatsApp
2345,q36_text_The_defendant_failed_to_adapt_its_privacy_policy_to_GDPR_requirements_and_lacked_a_Data_Protection_Officer_until_after_the_procedure_began_violating_transparency_and_accountability_principles
2346,q36_text_The_defendant_failed_to_provide_complete_information_required_by_Article_13_GDPR_at_the_time_of_data_collection_and_did_not_implement_appropriate_technical_and_organizational_measures_to_ensure_confidentiality_violating_Articles_13_and_25_1_GDPR
2347,q36_text_The_defendant_failed_to_respond_to_information_requests_from_the_Spanish_DPA_violating_Article_58_1_GDPR_investigative_powers_not_Articles_5_or_6
2348,q36_text_The_defendant_failed_to_respond_to_information_requests_from_the_DPA_violating_Article_58_1_GDPR_investigative_powers
2349,q36_text_The_defendant_failed_to_respond_to_a_data_subject_s_erasure_request_within_the_required_timeframe_and_did_not_provide_proof_of_addressing_the_request_properly
2350,q36_text_The_defendant_failed_to_respond_to_a_data_subject_s_access_request_within_the_legal_timeframe_but_eventually_provided_the_required_information_during_the_procedure_restoring_the_data_subject_s_rights
2351,q36_text_The_defendant_failed_to_provide_requested_information_to_the_DPA_during_an_investigation_into_unsolicited_SMS_complaints_violating_Article_58_1_obligations
2352,q36_text_The_defendant_failed_to_provide_necessary_information_to_the_claimant_when_scanning_their_ID_for_money_laundering_compliance_violating_Article_13_GDPR_by_not_informing_about_the_legal_basis_and_purpose_immediately
2353,q36_text_The_defendant_failed_to_provide_a_complete_and_adequate_response_to_the_data_subject_s_access_request_violating_the_accountability_principle_under_Article_5_2_GDPR_by_not_fully_complying_with_Article_15_access_rights
2354,q36_text_The_defendant_implemented_a_biometric_fingerprint_system_for_stadium_access_without_necessity_proportionality_or_valid_legal_basis_violating_data_minimization_and_processing_principles_Failures_included_lack_of_prior_DPIA_invalid_consent_and_inadequate_information_to_data_subjects
2355,q36_text_The_defendant_failed_to_implement_appropriate_technical_and_organizational_measures_to_ensure_security_of_sensitive_personal_data_sent_via_email_violating_Article_32_1_GDPR
2356,q36_text_The_defendant_failed_to_implement_adequate_security_measures_using_HTTP_instead_of_HTTPS_and_did_not_provide_proper_privacy_information_compliant_with_GDPR_Article_13_referencing_outdated_legislation
2357,q36_text_The_defendant_failed_to_cooperate_with_the_DPA_by_not_providing_requested_information_necessary_for_the_investigation_violating_accountability_under_Article_5
2358,q36_text_The_defendant_failed_to_conduct_required_needs_and_risk_analyses_before_granting_access_permissions_and_did_not_restrict_user_access_to_only_what_was_necessary_for_their_duties_violating_security_and_accountability_principles_under_Article_5_1_f_and_5_2
2359,q36_text_The_defendant_failed_to_comply_with_a_prior_resolution_ordering_compliance_with_a_data_subject_s_access_right_constituting_a_violation_of_Article_58_2_GDPR
2360,q36_text_The_defendant_failed_to_adequately_inform_workers_about_the_processing_of_biometric_data_for_time_control_violating_Article_13_GDPR_by_not_providing_complete_clear_and_concise_information_at_the_time_of_data_collection
2361,q36_text_The_defendant_failed_to_respond_to_repeated_access_requests_and_did_not_cooperate_with_the_DPA_s_investigation_violating_accountability_principles_under_Article_5
2362,q36_text_The_defendant_installed_a_video_surveillance_camera_capturing_images_of_third_parties_in_a_transit_area_without_justification_violating_the_data_minimization_principle_under_Article_5_1_c_GDPR_by_processing_data_beyond_what_is_necessary
2363,q36_text_The_defendant_violated_Article_32_GDPR_by_failing_to_implement_adequate_security_measures_leading_to_unauthorized_access_and_transmission_of_health_data_via_email_scanning_and_sharing
2364,q36_text_The_defendant_processed_personal_data_without_proper_identity_verification_and_adequate_security_measures_violating_Article_32_2_GDPR_by_failing_to_implement_appropriate_technical_and_organizational_measures
2365,q36_text_The_defendant_violated_Article_15_GDPR_by_failing_to_respond_to_a_data_subject_access_request_within_the_required_timeframe_taking_nearly_four_months_instead_of_one_month_to_provide_the_requested_information
2366,q36_text_The_defendant_responded_to_the_data_subject_s_access_and_deletion_requests_providing_information_and_reasonably_denying_deletion_based_on_an_outstanding_enforceable_debt_thus_no_violations_of_Articles_5_or_6_were_found
2367,q36_text_The_defendant_repeatedly_disclosed_lists_of_debtors_by_apartment_number_via_email_and_on_a_bulletin_board_violating_confidentiality_under_Article_5_1_f_GDPR_as_this_was_not_done_under_the_specific_circumstances_permitted_by_the_Horizontal_Property_Law
2368,q36_text_The_defendant_published_personal_data_online_without_a_lawful_basis_violating_principles_of_lawfulness_fairness_transparency_and_security
2369,q36_text_The_defendant_published_lists_of_debtor_and_non_debtor_owners_on_community_bulletin_boards_including_personal_data_violating_Article_5_1_f_GDPR_due_to_inadequate_security_measures_exposing_data_to_unauthorized_viewing
2370,q36_text_The_defendant_processed_voice_data_without_a_lawful_basis_under_Article_6_GDPR_as_recording_conversations_for_labor_control_was_found_disproportionate_and_not_justified_by_legitimate_interests_violating_the_lawfulness_principle
2371,q36_text_The_defendant_processed_personal_data_without_consent_violating_Article_6_1_a_GDPR_and_failed_to_provide_clear_cookie_information_and_rejection_mechanisms
2372,q36_text_The_defendant_installed_audio_recording_microphones_in_workplace_areas_including_an_office_and_dining_area_without_legitimate_basis_under_Article_6_GDPR_violating_lawfulness_principle_as_recording_conversations_was_disproportionate_and_intrusive_for_security_and_labor_control_purposes
2373,q36_text_The_defendant_processed_personal_data_without_a_valid_legal_basis_under_Article_6_relying_incorrectly_on_contract_execution_The_security_protocol_under_Article_32_was_inadequate_as_it_failed_to_verify_proper_representation
2374,q36_text_The_defendant_processed_employee_data_via_audio_video_surveillance_without_proving_compliance_with_any_legal_basis_under_Article_6_1_and_violated_the_principle_of_lawfulness_fairness_and_transparency_under_Article_5_1_a
2375,q36_text_The_defendant_processed_biometric_data_without_a_valid_legal_basis_under_Article_9_violating_lawfulness_principles_They_also_failed_to_provide_adequate_information_to_data_subjects_and_lacked_proper_contracts_with_processors
2376,q36_text_The_defendant_processed_biometric_data_without_a_valid_legal_basis_under_Article_9_GDPR_and_violated_the_principle_of_lawfulness_under_Article_5_1_a_by_using_fingerprint_recognition_for_time_control_without_proper_authorization
2377,q36_text_The_defendant_processed_a_minor_s_image_without_parental_consent_violating_Article_6_1_a_GDPR_No_lawful_basis_for_processing_was_established
2378,q36_text_The_defendant_made_an_unsolicited_commercial_call_to_a_data_subject_registered_on_the_Robinson_list_without_proper_legal_basis_violating_the_right_to_object_under_Article_21_GDPR_and_national_telecommunications_law
2379,q36_text_TYPE_Illegal_processing_of_patient_data_in_a_video_without_legal_basis_violating_principles_of_lawfulness_purpose_limitation_data_minimisation_security_and_accountability
2380,q36_text_School_processed_student_personal_data_via_surveys_without_legal_basis_under_Article_6_1_c_violating_Article_5_1_a_lawfulness_principle
2381,isic_section_F
2382,q36_text_Defendant_failed_to_verify_identity_of_SIM_requester_leading_to_unauthorized_processing_without_legal_basis_under_Article_6_GDPR
2383,q36_text_Defendant_installed_video_surveillance_cameras_that_excessively_recorded_public_space_without_proper_signage_violating_data_minimization_and_transparency_principles
2384,q36_text_Defendant_installed_video_surveillance_cameras_in_common_areas_without_legal_basis_under_Article_6_1_and_failed_to_provide_required_information_under_Article_13_violating_principles_of_lawfulness_and_transparency
2385,q36_text_Defendant_installed_video_surveillance_cameras_capturing_images_of_common_areas_and_neighbors_private_spaces_without_authorization_violating_data_minimization_principle_by_collecting_excessive_personal_data_beyond_what_was_necessary_for_security_purposes
2386,q36_text_Defendant_installed_video_surveillance_cameras_capturing_images_beyond_private_property_violating_data_minimization_principle_under_Article_5_1_c_GDPR_by_processing_excessive_personal_data_not_strictly_necessary_for_security_purposes
2387,q36_text_Defendant_installed_video_surveillance_cameras_capturing_excessive_images_of_public_roads_and_private_areas_without_justification_violating_data_minimization_principle_and_failed_to_provide_required_information_to_data_subjects
2388,q36_text_Defendant_installed_video_surveillance_cameras_capturing_disproportionate_images_of_public_space_without_adequate_information_posters_violating_data_minimization_principle_under_Article_5_1_c_GDPR
2389,q36_text_Defendant_failed_to_respond_to_data_subject_s_access_request_regarding_medical_history_violating_Article_15_GDPR_and_security_accountability_principles_by_ignoring_both_the_request_and_subsequent_Agency_requirements
2390,q36_text_Defendant_processed_GPS_data_without_legal_basis_failed_to_inform_data_subject_used_excessive_storage_and_lacked_less_intrusive_alternatives_for_timekeeping_purposes
2391,q36_text_Defendant_failed_to_provide_adequate_privacy_policy_information_on_multiple_website_forms_collecting_personal_data_violating_Article_13_transparency_requirements
2392,q36_text_Defendant_failed_to_provide_adequate_information_under_Article_13_and_obtained_invalid_generic_consent_for_multiple_purposes_under_Article_7_violating_transparency_and_purpose_limitation_principles
2393,q36_text_Defendant_failed_to_provide_adequate_information_to_data_subjects_at_the_time_of_data_collection_violating_Article_13_GDPR_specifically_regarding_transparency_and_lawful_processing_principles
2394,q36_text_Defendant_failed_to_implement_appropriate_technical_and_organizational_security_measures_including_mandatory_multi_factor_authentication_and_effective_monitoring_leading_to_a_credential_stuffing_attack_that_compromised_sensitive_genetic_and_health_data
2395,q36_text_Defendant_failed_to_facilitate_data_subject_s_right_to_erasure_by_not_processing_requests_made_via_non_standard_channels_violating_accountability_and_security_principles_under_Article_5_2_and_Article_12_GDPR
2396,q36_text_Defendant_failed_to_delete_complainant_s_data_after_erasure_request_and_continued_processing_for_advertising_violating_storage_limitation_security_and_accountability_principles_under_Article_5
2397,q36_text_Defendant_lacked_consent_mechanism_for_data_processing_and_failed_to_provide_adequate_privacy_policy_information_as_required_by_Articles_6_and_13_GDPR
2398,q36_text_Defendant_processed_biometric_fingerprint_data_without_legal_basis_under_Article_9_GDPR_violating_principles_of_lawfulness_fairness_transparency_security_and_accountability_by_failing_to_conduct_DPIA_or_maintain_RAT
2399,q36_text_Defendant_failed_to_conduct_a_DPIA_for_high_risk_biometric_data_processing_and_relied_on_invalid_opt_out_consent_violating_Article_35_1_and_consent_requirements
2400,q36_text_Defendant_processed_complainant_s_bank_data_without_legal_basis_charging_fees_without_consent_after_employment_ended_violating_Article_6_1_GDPR
2401,q36_text_Defendant_processed_criminal_record_data_without_legal_authorization_under_Article_10_GDPR_relying_on_invalid_consent_and_legitimate_interests_DPA_found_no_legal_basis_justified_the_processing_of_such_sensitive_data
2402,q36_text_Defendant_processed_complainant_s_phone_number_in_WhatsApp_group_without_consent_or_any_other_lawful_basis_under_Article_6_GDPR_violating_lawfulness_principle
2403,q36_text_Defendant_processed_complainant_s_personal_data_without_legal_basis_by_transferring_it_to_Iberdrola_Clientes_due_to_a_salesperson_error_violating_Article_6_GDPR_lawfulness_principle
2404,q36_text_Defendant_processed_complainant_s_personal_data_for_advertising_without_legal_basis_violating_Article_6_1_GDPR_by_lacking_consent_or_other_lawful_grounds
2405,q36_text_Defendant_processed_complainant_s_personal_data_by_forging_signatures_on_consent_documents_for_commercial_purposes_and_profiling_violating_Article_6_1_GDPR_lawfulness_principle
2406,q36_text_Defendant_processed_complainant_s_data_without_legal_basis_failed_to_prove_consent_or_contract_for_January_2022_processing_after_complainant_had_withdrawn_from_services
2407,q36_text_Defendant_processed_claimant_s_personal_data_without_valid_consent_for_mobile_line_and_bank_details_failing_to_prove_legitimacy_for_change_of_ownership_and_direct_debit_authorization
2408,q36_text_Defendant_processed_claimant_s_bank_account_data_without_any_lawful_basis_under_Article_6_GDPR_failed_to_ensure_data_accuracy_and_violated_right_to_erasure_by_not_fully_deleting_unlawfully_processed_data
2409,q36_text_Defendant_processed_claimant_s_personal_data_without_legal_basis_under_Article_6_1_GDPR_as_claimant_did_not_consent_to_or_have_a_contract_for_one_policy_where_they_were_listed_as_policyholder
2410,q36_text_Defendant_processed_claimant_s_personal_data_without_legal_basis_due_to_identity_theft_in_service_contracting_violating_Article_6_1_GDPR
2411,q36_text_Defendant_processed_claimant_s_personal_data_without_legal_basis_after_identity_theft_led_to_fraudulent_loan_application_failed_to_verify_contractor_identity_or_prove_legitimacy_of_processing
2412,q36_text_Defendant_processed_claimant_s_personal_data_without_any_legal_basis_sending_electronic_invoice_notifications_after_data_deletion_request_and_previous_sanctions_for_same_conduct_violating_Article_6_1_GDPR
2413,q36_text_Defendant_processed_claimant_s_personal_data_without_any_legal_basis_under_Article_6_1_GDPR_as_the_claimant_was_not_a_customer_and_no_justification_was_provided_for_charging_invoices_to_their_bank_account
2414,q36_text_Defendant_processed_claimant_s_personal_data_without_any_legal_basis_under_Article_6_GDPR_specifically_using_phone_number_for_internal_testing_campaigns_without_consent_or_other_legitimate_grounds
2415,q36_text_Defendant_failed_to_cooperate_with_DPA_by_not_providing_requested_information_violating_Article_31_and_Article_58_1_e_GDPR
2416,q36_text_Defendant_failed_to_adequately_respond_to_data_subject_s_access_and_erasure_requests_violating_Articles_15_and_17_GDPR_The_legitimacy_of_initial_data_processing_was_not_contested_but_the_handling_of_rights_requests_was_deficient
2417,q36_text_Defendant_processed_personal_data_names_and_photographs_without_legal_basis_under_Article_6_GDPR_No_valid_consent_or_legitimate_interests_justification_was_established_for_publishing_identifiable_data_of_three_individuals_in_a_brochure
2418,isic_section_N
2419,q36_text_AEPD_found_Meta_could_not_rely_on_Article_6_1_b_contract_or_any_other_legal_basis_for_processing_user_data_related_to_election_information_features_violating_Article_5_1_a_legality_principle_The_processing_was_deemed_excessive_and_disproportionate
2420,isic_section_S
2421,isic_section_R
2422,isic_section_Q
2423,isic_section_P
2424,isic_section_O
2425,isic_section_MISSING
2426,q36_text_ANPC_processed_personal_data_via_body_cameras_without_any_legal_basis_under_Article_6_violating_Article_5_1_a_lawfulness_principle_No_domestic_law_authorized_such_processing_for_public_interest_tasks
2427,isic_section_M
2428,isic_section_L
2429,isic_section_K
2430,isic_section_J
2431,isic_section_I
2432,isic_section_H
2433,q36_text_AMEX_sent_4_098_841_direct_marketing_emails_without_valid_consent_violating_PECR_Regulation_22_by_misclassifying_them_as_servicing_emails_and_failing_to_honor_opt_outs
2434,q36_text_ATG_violated_Article_6_and_7_3_by_making_withdrawal_more_difficult_than_giving_consent_and_using_misleading_cookie_banner_design_that_prevented_informed_and_freely_given_consent
2435,q36_text_Defendant_disclosed_complainant_s_data_to_third_party_without_legal_basis_under_Article_6_1_and_provided_insufficiently_specific_information_about_recipients_under_Article_13_1_e
2436,q36_text_Dagens_Industri_violated_Article_44_GDPR_by_transferring_personal_data_to_the_US_via_Google_Analytics_without_adequate_safeguards_under_Chapter_V_despite_implementing_measures_like_IP_anonymization_and_cookie_hashing
2437,q36_text_Defendant_disclosed_claimant_s_personal_data_to_a_third_party_without_consent_or_proper_legal_basis_DPA_found_violation_of_Article_6_1_as_legitimate_interests_did_not_prevail_over_data_subject_s_rights
2438,q36_text_Defendant_consulted_claimant_s_credit_data_without_valid_contractual_relationship_violating_Article_6_1_GDPR_lawfulness_principle
2439,q36_text_Defendant_conditioned_consent_for_data_processing_on_exemption_from_banking_fees_violating_Article_7_4_GDPR_by_making_contract_execution_subject_to_consent_not_necessary_for_its_performance
2440,q36_text_Defendant_collected_consent_generically_for_all_processing_purposes_including_commercial_communications_unrelated_to_contract_performance_violating_Article_7_GDPR_Processing_for_contract_execution_was_lawful_under_Article_6_1_b
2441,q36_text_Defendant_charged_a_fee_for_rectifying_a_data_subject_s_name_error_violating_Article_12_5_GDPR_which_requires_free_exercise_of_data_subject_rights_unless_requests_are_manifestly_unfounded_or_excessive_which_was_not_proven
2442,q36_text_Defendant_A_A_A_repeatedly_published_complainant_s_resume_on_Facebook_without_consent_violating_Article_6_1_LOPD_equivalent_to_GDPR_Article_6_The_DPA_found_no_legal_basis_justified_this_processing
2443,q36_text_Controller_processed_employee_images_excessively_via_video_cameras_in_locker_rooms_and_dining_area_for_theft_prevention_consent_invalid_due_to_employer_employee_relationship_and_no_other_legal_basis_established
2444,q36_text_BBVA_used_complainant_s_personal_address_data_for_processing_a_claim_made_on_behalf_of_a_third_party_violating_purpose_limitation_and_security_principles
2445,q36_text_Controller_failed_to_provide_documented_instructions_to_its_processor_regarding_data_processing_violating_Article_28_3_accountability_principle
2446,q36_text_Claim_involved_alleged_violations_of_Articles_6_lawfulness_and_17_right_to_erasure_regarding_unauthorized_profile_creation_with_incorrect_personal_data_The_case_was_resolved_amicably_through_deletion_of_the_webpage_before_formal_determination
2447,q36_text_CDON_AB_violated_data_minimization_by_requesting_excessive_identity_verification_information_for_erasure_requests_and_failed_to_demonstrate_compliance_with_processing_principles_also_violating_accountability
2448,q36_text_CDON_AB_violated_Article_44_GDPR_by_transferring_personal_data_to_the_US_via_Google_Analytics_without_adequate_safeguards_as_the_data_constituted_personal_data_and_US_surveillance_laws_posed_risks
2449,q36_text_Birthlink_failed_to_implement_appropriate_organizational_measures_ensuring_security_of_personal_data_violating_integrity_confidentiality_and_accountability_principles_The_unauthorized_destruction_of_manual_records_containing_sensitive_adoption_data_constituted_a_serious_breach
2450,q36_text_BBVA_violated_Article_5_1_f_GDPR_by_failing_to_ensure_adequate_security_measures_resulting_in_unauthorized_disclosure_of_a_third_party_s_contract_to_a_complainant_via_a_human_error_in_document_attachment_through_their_app_s_chat_function
2451,q36_text_Defendant_processed_health_data_without_valid_legal_basis_under_Article_9_GDPR_relying_incorrectly_on_Regulation_2021_953_and_vital_interests_Also_violated_Article_13_by_failing_to_provide_required_information_to_data_subjects_during_data_collection
2452,q36_text_Defendant_processed_personal_data_without_a_valid_legal_basis_under_Article_6_1_GDPR_specifically_failing_to_satisfy_the_legitimate_interest_test_as_data_subjects_rights_prevailed_over_the_defendant_s_interests
2453,q36_text_Privacy_policy_provided_only_in_English_violated_transparency_requirements_under_Article_13_GDPR_Cookie_policy_lacked_proper_consent_mechanism_and_information
2454,q36_text_Defendant_violated_data_minimization_principle_by_collecting_excessive_ID_copies_and_failed_to_provide_adequate_information_under_Article_13_GDPR
2455,q36_text_Defendant_violated_storage_limitation_principle_by_retaining_complainant_s_data_for_nearly_16_years_after_mortgage_contract_cancellation_processing_data_without_valid_legal_basis
2456,q36_text_Defendant_violated_data_minimization_principle_by_requiring_travelers_to_provide_full_photograph_copy_of_ID_documents_which_contained_excessive_personal_data_beyond_what_was_legally_required_for_traveler_registration_under_RD_933_2021
2457,q36_text_Defendant_violated_data_minimization_principle_by_requiring_excessive_ID_images_for_check_in_Also_failed_to_provide_complete_privacy_information_as_required_by_Article_13
2458,q36_text_Defendant_violated_data_minimization_principle_by_publishing_victim_s_identifiable_voice_recording_without_necessity_for_journalistic_purpose_exceeding_limits_of_freedom_of_information
2459,q36_text_Defendant_violated_data_minimization_principle_by_disclosing_excessive_health_and_email_data_to_a_public_entity_for_defense_purposes_exceeding_what_was_necessary
2460,q36_text_Defendant_violated_data_minimization_principle_by_collecting_unnecessary_personal_data_and_violated_Article_9_1_GDPR_by_processing_special_category_data_without_legal_basis
2461,q36_text_Defendant_violated_data_minimization_and_storage_limitation_by_excessively_collecting_and_storing_personal_data_including_scanned_documents_beyond_necessity_failed_to_properly_manage_erasure_requests_and_provide_adequate_responses
2462,q36_text_Defendant_s_video_surveillance_cameras_were_oriented_towards_public_space_without_justification_violating_data_minimization_principle_under_Article_5_1_c_GDPR
2463,q36_text_Defendant_violated_confidentiality_principle_by_publishing_student_parent_lists_on_school_facade_visible_from_outside_and_on_unrestricted_website_failing_to_implement_adequate_security_measures_to_prevent_indiscriminate_access_by_non_interested_third_parties
2464,q36_text_Defendant_violated_accuracy_principle_by_maintaining_incorrect_address_data_and_failed_to_comply_with_data_erasure_request_under_Article_17
2465,q36_text_Defendant_violated_GDPR_by_failing_to_ensure_processors_provided_sufficient_guarantees_implement_proper_technical_organizational_measures_and_conduct_adequate_oversight_of_marketing_data_processing_activities
2466,q36_text_Defendant_violated_Article_5_1_f_integrity_and_confidentiality_principle_by_transferring_claimant_s_data_to_a_neighbor_without_consent_and_violated_Article_32_by_failing_to_implement_adequate_security_measures
2467,q36_text_Defendant_violated_Article_5_1_f_GDPR_security_principle_by_improper_configuration_allowing_unauthorized_access_to_health_data_and_failing_to_conduct_required_risk_analysis_and_impact_assessment
2468,q36_text_Defendant_violated_Article_5_1_f_GDPR_by_sending_electoral_roll_containing_personal_data_via_email_to_multiple_recipients_without_adequate_security_measures_compromising_data_confidentiality_and_integrity
2469,q36_text_Defendant_s_video_surveillance_cameras_captured_excessive_public_space_and_private_space_of_third_parties_violating_data_minimization_principle_Article_5_1_c_GDPR
2470,q36_text_Defendant_s_video_surveillance_system_captured_excessive_public_space_violating_data_minimization_principle_under_Article_5_1_c_GDPR
2471,q36_text_Defendant_violated_Article_5_1_f_GDPR_by_failing_to_ensure_confidentiality_of_personal_data_in_a_mediation_report_and_Article_32_GDPR_by_lacking_appropriate_security_measures_to_prevent_unauthorized_disclosure
2472,q36_text_Klarna_failed_to_provide_transparent_information_on_processing_purposes_legal_bases_data_sharing_storage_periods_data_subject_rights_and_automated_decision_making_violating_Articles_5_1_a_5_2_12_13_and_14_GDPR
2473,q36_text_No_violations_found_images_were_removed_promptly_and_no_infringing_party_could_be_identified
2474,q36_text_No_infringement_determination_made_due_to_inability_to_identify_defendant_case_filed_without_substantive_findings_on_processing_principles_or_legal_basis
2475,q36_text_NOT_MENTIONED
2476,q36_text_NOT_DISCUSSED
2477,q36_text_Mermaids_failed_to_implement_appropriate_security_measures_for_an_internal_email_group_resulting_in_unauthorized_access_to_personal_data_including_special_category_data_and_data_concerning_children
2478,q36_text_MISSING
2479,q36_text_Insufficient_information_provided_to_data_subjects_invalidating_consent_biometric_data_processing_lacked_transparency_and_free_informed_consent_violating_Article_5_principles
2480,q36_text_Defendant_s_video_surveillance_system_captured_images_of_public_space_violating_data_minimization_principle_under_Article_5_1_c_GDPR_by_processing_unnecessary_third_party_data
2481,q36_text_INDECEMI_violated_Article_5_1_f_GDPR_by_failing_to_ensure_adequate_security_resulting_in_unauthorized_disclosure_of_personal_data_via_email_to_wrong_recipient
2482,q36_text_Google_s_search_engine_processing_of_personal_data_was_found_to_violate_storage_limitation_principles_by_continuing_to_link_claimant_s_name_to_outdated_URLs_after_Constitutional_Court_anonymization_outweighing_Google_s_legitimate_interests_claim
2483,q36_text_Google_LLC_failed_to_respond_timely_to_a_data_subject_s_erasure_request_regarding_URL_deindexation_violating_Article_5_security_principle_by_not_ensuring_proper_handling_of_rights_requests
2484,q36_text_Excessive_GPS_monitoring_of_employee_without_proper_information_legal_basis_or_less_intrusive_alternatives_data_stored_beyond_legal_period_and_used_for_unauthorized_purposes
2485,q36_text_Easylife_unlawfully_processed_special_category_health_data_by_inferring_health_conditions_from_purchase_history_without_a_valid_legal_basis_relying_incorrectly_on_legitimate_interests_instead_of_obtaining_explicit_consent_and_failed_to_inform_data_subjects_transparently_about_this_profiling
2486,q36_text_Defendant_s_website_privacy_policy_lacked_required_information_under_Article_13_GDPR_including_details_on_data_subject_rights_and_complaint_procedures
2487,q36_text_Defendant_violated_Article_5_1_f_GDPR_by_publicly_exposing_personal_data_on_a_notice_board_failing_to_ensure_confidentiality_and_security_of_data
2488,q36_text_Defendant_violated_Article_5_1_d_GDPR_by_sending_a_contract_containing_inaccurate_personal_data_claimant_s_new_address_to_the_claimant_s_old_address_due_to_a_failure_to_update_customer_records
2489,q36_text_Defendant_processed_personal_data_without_any_legal_basis_under_Article_6_1_GDPR_failing_to_verify_identity_during_fraudulent_mobile_line_contracts
2490,q36_text_Defendant_processed_personal_data_without_valid_consent_specifically_by_executing_a_phone_line_portability_without_the_data_subject_s_unambiguous_consent_due_to_procedural_failure_and_incorrect_verification
2491,q36_text_Defendant_relied_on_invalid_consent_via_entrance_poster_consent_was_not_informed_specific_free_or_unequivocal_as_required_by_GDPR_violating_Articles_6_1_and_7
2492,q36_text_Defendant_relied_on_invalid_consent_for_data_verification_with_TGSS_consent_was_not_freely_given_specific_or_informed_violating_Article_6_1_GDPR
2493,q36_text_Defendant_recorded_and_disseminated_images_of_a_minor_being_attacked_without_any_legal_basis_under_Article_6_GDPR_violating_the_principle_of_lawfulness
2494,q36_text_Defendant_published_victim_s_voice_recording_without_distortion_violating_data_minimization_principle_by_processing_excessive_personal_data
2495,q36_text_Defendant_published_personal_data_on_social_media_without_any_lawful_basis_under_Article_6_GDPR_violating_the_principle_of_lawfulness
2496,q36_text_Defendant_published_employee_photos_on_website_claiming_consent_but_failed_to_provide_adequate_information_or_obtain_unambiguous_consent_as_required_by_GDPR_Article_6
2497,q36_text_Defendant_processed_personal_data_without_legal_basis_modifying_policyholder_and_account_details_without_consent_or_contract_necessity_violating_Article_6_1_GDPR
2498,q36_text_Defendant_required_consent_for_advertising_and_image_processing_as_condition_for_event_attendance_violating_Article_7_4_GDPR_by_bundling_consent_with_contract_performance
2499,q36_text_Defendant_processed_personal_data_without_legal_basis_under_Article_6_GDPR_by_failing_to_verify_identity_during_portability_request_violating_lawfulness_principle
2500,q36_text_Defendant_processed_personal_data_without_legal_basis_by_sending_marketing_emails_to_a_complainant_registered_on_the_Robinson_list_and_failed_to_respond_to_deletion_requests_violating_Articles_6_and_17_GDPR_The_defendant_also_failed_to_have_proper_contracts_with_insurance_agents_as_required_by_Article_28_GDPR
2501,q36_text_Defendant_processed_personal_data_without_legal_basis_by_providing_duplicate_eSIM_to_impersonator_without_verifying_identity_violating_Article_6_1_GDPR
2502,q36_text_Defendant_processed_personal_data_without_legal_basis_after_data_subject_withdrew_consent_and_requested_deletion_violating_Article_6_1_GDPR
2503,q36_text_Defendant_processed_personal_data_without_lawful_basis_under_Article_6_GDPR_by_issuing_SIM_card_duplicate_without_consent_or_contract_Failed_to_implement_data_protection_by_design_measures_under_Article_25_GDPR_to_prevent_unauthorized_SIM_duplication
2504,q36_text_Defendant_processed_personal_data_without_consent_and_failed_to_provide_adequate_privacy_policy_information_violating_Articles_6_and_13_GDPR
2505,q36_text_Defendant_required_consent_for_TGSS_data_verification_via_non_negotiable_clause_in_account_opening_process_violating_GDPR_consent_requirements_legal_obligation_basis_was_insufficient_as_AML_regulations_did_not_mandate_TGSS_verification_specifically
2506,q36_text_Defendant_required_users_to_upload_scanned_copies_of_ID_documents_for_identity_verification_violating_data_minimization_principle_as_less_intrusive_alternatives_exist
2507,q36_text_Defendant_violated_Article_5_1_c_GDPR_by_publishing_voices_of_minors_in_a_news_video_without_distortion_failing_data_minimization_principle_The_balancing_test_favored_data_subject_interests_over_legitimate_interests_due_to_minors_vulnerability_and_availability_of_less_intrusive_alternatives
2508,q36_text_Defendant_violated_Article_13_GDPR_by_lacking_a_privacy_policy_on_its_website_failing_to_provide_required_information_to_data_subjects_Also_violated_LSSI_Article_22_2_by_not_having_a_cookies_policy_or_obtaining_consent_for_cookies
2509,q36_text_Defendant_violated_Article_5_1_c_GDPR_by_processing_excessive_personal_data_beyond_what_was_necessary_for_the_purpose_specifically_sending_an_email_attachment_containing_unnecessary_data_like_phone_numbers_emails_and_addresses_to_all_participants_in_a_solar_energy_project
2510,q36_text_Defendant_violated_Article_5_1_f_GDPR_by_failing_to_ensure_adequate_security_resulting_in_a_third_party_receiving_the_claimant_s_invoice_containing_personal_data
2511,q36_text_Defendant_violated_Article_5_1_f_security_principle_by_failing_to_ensure_proper_technical_measures_for_data_deletion_Consent_withdrawal_was_not_fully_honored_due_to_technical_issues_with_third_party_platforms
2512,q36_text_Defendant_violated_Article_32_GDPR_by_sending_an_email_without_blind_copy_to_multiple_recipients_exposing_personal_data_Also_violated_Article_5_1_f_GDPR_principle_of_integrity_and_confidentiality
2513,q36_text_Defendant_violated_Article_28_2_GDPR_by_failing_to_inform_the_data_controller_of_subcontractor_changes_despite_prior_general_authorization_specifically_for_contracts_signed_post_GDPR_implementation
2514,q36_text_Defendant_violated_Article_14_GDPR_by_failing_to_provide_complete_information_to_data_subjects_when_obtaining_data_from_third_parties_though_processing_was_deemed_lawful_under_legitimate_interests
2515,q36_text_Defendant_violated_Article_12_by_requiring_excessive_identity_verification_copy_of_ID_and_signature_via_post_for_deletion_requests_failing_to_facilitate_data_subject_rights_and_ensure_appropriate_security
2516,q36_text_Defendant_sent_employee_ID_copies_without_legal_basis_violating_lawfulness_and_transparency_failed_to_ensure_security_leading_to_unauthorized_data_disclosure_via_employee_actions
2517,q36_text_Defendant_used_claimant_s_wedding_photo_for_advertising_without_consent_violating_Article_6_GDPR_by_lacking_lawful_basis_for_processing
2518,q36_text_Defendant_used_claimant_s_images_without_ownership_to_create_fake_profiles_on_Tinder_and_WhatsApp_for_deceptive_purposes_violating_Article_5_1_a_GDPR_lawfulness_principle
2519,q36_text_Defendant_unlawfully_published_claimant_s_home_address_on_Twitter_without_legal_basis_violating_confidentiality_and_lawfulness_principles
2520,q36_text_Defendant_unlawfully_processed_personal_data_by_including_claimant_s_data_in_credit_information_system_without_legal_basis_as_the_debt_was_not_true_overdue_or_enforceable_violating_Article_6_1_GDPR
2521,q36_text_Defendant_transferred_personal_data_to_a_third_party_without_any_legal_basis_violating_Article_6_1_GDPR
2522,q36_text_Defendant_sent_unsolicited_marketing_texts_without_valid_consent_bundling_consent_with_service_requirements_and_failing_to_provide_specific_informed_choices
2523,q36_text_The_operator_failed_to_implement_adequate_technical_and_organizational_measures_to_ensure_data_security_violating_Article_32_1_b_and_d_and_2_GDPR
2524,q36_text_The_operator_failed_to_implement_appropriate_technical_and_organizational_security_measures_leading_to_unauthorized_disclosure_of_personal_data_following_a_cyber_attack
2525,q36_text_The_opinion_clarifies_that_employers_may_process_employee_sick_leave_data_under_Article_6_1_c_based_on_Employment_Relationships_Act_obligations_but_diagnosis_data_requires_specific_legal_basis_and_doctors_are_not_obliged_to_provide_information_to_employers_or_detectives
2526,q52_text_No_fine_was_imposed_as_no_infringement_was_found_the_case_was_archived_due_to_lack_of_evidence
2527,q52_text_No_fine_was_imposed_as_the_DPA_found_no_violation_of_GDPR_Article_6_concluding_the_defendant_was_legitimized_to_process_data_based_on_contract_execution_for_the_vehicle_purchase
2528,q52_text_No_fine_was_imposed_as_the_DPA_found_no_violation_and_closed_the_case_without_further_action
2529,q52_text_No_fine_was_imposed_as_the_DPA_found_no_infringement_of_GDPR_regulations
2530,q52_text_No_fine_was_imposed_as_the_DPA_found_no_infringement_of_Article_13_GDPR_concluding_the_defendant_had_provided_sufficient_information_and_complied_with_transparency_obligations_regarding_the_biometric_data_processing_for_access_control
2531,q52_text_No_fine_was_imposed_as_the_DPA_found_no_GDPR_violations_and_closed_the_case_determining_the_claimant_s_request_was_abusive_and_excessive
2532,q52_text_No_fine_was_imposed_as_no_infringement_was_found_the_case_was_filed_due_to_lack_of_evidence_of_GDPR_violation
2533,q52_text_No_fine_was_imposed_as_no_infringement_was_found_the_case_was_archived_due_to_lack_of_evidence_of_violations
2534,q52_text_No_fine_was_imposed_as_the_appeal_overturned_the_resolution_due_to_insufficient_evidence_of_the_defendant_s_involvement_in_the_alleged_data_processing_violation
2535,q52_text_No_fine_was_imposed_as_no_infringement_was_found_the_camera_installation_was_deemed_compliant_with_data_protection_principles
2536,q52_text_No_fine_imposed_warning_issued_due_to_unintentional_nature_immediate_corrective_actions_no_harm_and_first_time_violation
2537,q52_text_No_fine_imposed_violations_deemed_minor_due_to_affecting_only_two_data_subjects_occurring_in_2020_and_defendant_having_since_implemented_system_upgrades_A_reprimand_was_issued_instead
2538,q52_text_No_fine_imposed_temporary_limitation_ordered_due_to_high_risk_to_fundamental_rights_especially_for_minors_and_vulnerable_individuals_with_irreparable_damage_potential_from_biometric_data_processing_violations
2539,q52_text_No_fine_imposed_resolution_focuses_on_compliance_order_requiring_defendant_to_respond_to_access_request_within_10_business_days_with_potential_penalties_for_non_compliance_under_Article_72_1_m_LOPDGDD
2540,q52_text_No_fine_imposed_reprimand_issued_due_to_failure_to_conduct_DPIA_and_invalid_consent_with_mitigating_factors_including_remedial_actions_taken
2541,q52_text_No_fine_was_imposed_as_the_DPA_found_the_processing_compliant_with_data_protection_regulations_after_the_defendant_conducted_a_required_impact_assessment_and_implemented_appropriate_measures
2542,q52_text_No_fine_was_imposed_as_the_case_was_archived_due_to_the_statute_of_limitations_expiring_before_the_initiation_of_the_sanctioning_procedure
2543,q52_text_No_fine_imposed_only_warning_and_corrective_measures_due_to_lack_of_legal_basis_for_body_camera_data_processing_with_order_to_cease_processing_and_delete_collected_data
2544,q52_text_No_fine_was_imposed_as_the_controller_complied_with_breach_notification_requirements_had_adequate_security_measures_and_took_appropriate_remedial_actions_The_DPA_found_no_GDPR_violations_warranting_a_penalty
2545,q52_text_No_fine_was_imposed_as_this_is_a_non_binding_advisory_opinion_regarding_lawful_processing_of_employee_sick_leave_data_under_GDPR_Article_6_1_c_and_national_employment_law
2546,q52_text_No_fine_was_imposed_as_the_processing_was_found_lawful_under_national_law_the_opinion_provided_non_binding_clarification_without_enforcement_action
2547,q52_text_No_fine_was_imposed_as_the_procedure_was_archived_due_to_inability_to_identify_the_responsible_party
2548,q52_text_No_fine_was_imposed_as_the_defendant_is_a_public_sector_body_instead_a_reprimand_was_issued_Aggravating_factors_included_the_nature_and_duration_of_violations_while_mitigating_factors_included_immediate_cessation_and_cooperation
2549,q52_text_No_fine_was_imposed_as_the_defendant_eventually_complied_with_the_access_request_though_extemporaneously_and_no_additional_actions_were_required
2550,q52_text_No_fine_was_imposed_as_the_defendant_complied_during_proceedings_resolving_the_complaint
2551,q52_text_No_fine_was_imposed_as_the_claim_was_dismissed_the_defendant_complied_with_data_subject_rights_by_responding_to_access_and_deletion_requests_and_providing_reasoned_denial_for_deletion_based_on_valid_debt
2552,q52_text_No_fine_was_imposed_as_the_case_was_archived_with_no_violations_found
2553,q52_text_No_fine_was_imposed_as_the_claim_was_dismissed_with_no_administrative_responsibilities_found_to_be_purged_in_this_case
2554,q52_text_No_fine_was_imposed_as_the_case_was_resolved_through_formal_procedures_rather_than_sanctions_The_DPA_considered_the_delayed_but_eventual_compliance_and_restoration_of_data_subject_rights_as_sufficient_remedy
2555,q52_text_No_fine_was_imposed_as_the_case_was_resolved_formally_Google_LLC_eventually_complied_by_responding_to_the_erasure_request_though_late_restoring_the_data_subject_s_rights_without_further_sanctions
2556,q52_text_No_fine_was_imposed_as_the_case_was_resolved_amicably_through_deletion_of_the_webpage_before_formal_proceedings_concluded
2557,q52_text_No_fine_was_imposed_as_the_case_was_filed_due_to_proven_lawful_processing_based_on_consent
2558,q52_text_No_fine_was_imposed_as_the_case_was_dismissed_due_to_the_website_no_longer_existing_and_the_complaint_being_moot_the_decision_upheld_the_prior_archiving_resolution
2559,q52_text_No_fine_imposed_provisional_measures_ordered_to_suspend_processing_due_to_imminent_GDPR_violations_and_risks_to_data_subjects_rights
2560,q52_text_No_fine_imposed_only_reprimand_and_compliance_order_due_to_violation_of_consent_requirements_under_Article_7_GDPR
2561,q52_text_No_fine_was_imposed_as_this_is_a_non_binding_opinion_response_to_a_query_not_an_enforcement_decision
2562,q52_text_No_fine_imposed_as_this_is_a_non_binding_opinion_not_an_enforcement_decision
2563,q52_text_No_fine_imposed_due_to_minor_nature_of_infringement_lack_of_recidivism_and_defendant_s_cooperation_warning_issued_instead_with_compliance_order_to_rectify_consent_mechanisms
2564,q52_text_No_fine_imposed_due_to_minor_infringement_affecting_one_person_occurred_far_back_in_time_human_error_factor_no_prior_infringements_and_remedial_actions_taken_reprimand_issued_instead
2565,q52_text_No_fine_imposed_due_to_minor_infringement_affecting_one_person_with_non_sensitive_data_no_prior_infringements_and_defendant_improved_information_and_cooperated
2566,q52_text_No_fine_imposed_due_to_defendant_being_public_sector_body_only_warnings_and_compliance_order_issued
2567,q52_text_No_fine_imposed_due_to_defendant_being_a_minor_a_warning_was_issued_instead_considering_the_disproportionate_burden_a_fine_would_impose_along_with_an_order_to_cease_processing_without_legal_basis
2568,q52_text_No_fine_imposed_due_to_Spanish_law_prohibiting_fines_for_public_entities_violations_addressed_through_warnings_and_corrective_orders_including_risk_analysis_impact_assessment_and_compliance_audit_within_six_months
2569,q52_text_No_fine_imposed_as_no_GDPR_violation_was_found_case_archived_due_to_household_exemption_applicability
2570,q52_text_No_fine_imposed_due_to_mitigating_factors_including_COVID_19_impact_and_remedial_steps_taken_reprimand_issued_with_compliance_order_requiring_improvement_within_six_months
2571,q52_text_NOT_MENTIONED
2572,q52_text_NOT_DISCUSSED
2573,q52_text_MISSING
2574,q52_text_Initial_proposed_fine_was_10_000_for_Article_5_1_f_violation_Reduced_by_20_to_8_000_for_voluntary_payment_and_further_20_to_6_000_for_recognition_of_responsibility_No_fine_for_Article_32_violation_only_warning
2575,q52_text_Initial_proposed_fine_of_2000_reduced_by_40_to_1200_due_to_voluntary_payment_and_acknowledgment_of_liability_Fine_calculated_based_on_violation_of_Article_13_GDPR
2576,q52_text_Initial_proposed_fine_of_2000_reduced_by_20_for_voluntary_payment_and_another_20_for_acknowledgment_of_responsibility_resulting_in_1200_final_fine_aggravating_factors_included_nature_gravity_and_negligence_mitigating_factors_included_cooperation_and_corrective_actions
2577,q52_text_No_fine_imposed_due_to_minor_violation_mitigating_factors_including_cooperation_and_remedial_actions_and_violations_occurring_far_back_in_time
2578,q52_text_No_fine_imposed_due_to_mitigating_factors_serious_post_Schrems_II_analysis_extensive_measures_taken_IP_truncation_cookie_hashing_and_cooperation_Violation_deemed_serious_but_gap_in_legal_clarity_considered
2579,q52_text_No_fine_imposed_only_corrective_measures_ordered
2580,q52_text_No_fine_imposed_case_archived_due_to_lack_of_evidence_of_infringement_after_RAE_ceased_data_processing
2581,q52_text_No_fine_imposed_only_a_warning_and_compliance_order_issued_for_failure_to_provide_adequate_privacy_policy_information_under_Article_13_GDPR
2582,q52_text_No_fine_imposed_corrective_measures_focused_on_compliance_orders_rather_than_financial_penalties_due_to_the_nature_of_the_violation_and_procedural_context
2583,q52_text_No_fine_imposed_case_resolved_through_administrative_procedure_without_penalty_due_to_lack_of_response_and_cooperation_from_defendant
2584,q52_text_No_fine_imposed_case_filed_due_to_inability_to_identify_defendant_through_tax_identification_preventing_sanctioning_actions_despite_potential_infringements
2585,q52_text_No_fine_imposed_case_filed_as_no_infringing_party_identified_and_content_removed
2586,q52_text_No_fine_imposed_case_closed_without_action_due_to_oversight_reason_and_remedial_measures_taken
2587,q52_text_No_fine_imposed_a_warning_was_issued_instead_due_to_the_minor_nature_of_the_infringement_immediate_remedial_actions_taken_full_cooperation_and_no_prior_infringements_considering_it_a_slight_violation_under_Article_83_2_GDPR
2588,q52_text_No_fine_imposed_due_to_public_sector_body_status_only_a_warning_issued_under_Article_77_2_LOPDGDD_considering_the_infringement_and_subsequent_corrective_measures_taken
2589,q52_text_No_fine_imposed_a_reprimand_was_issued_due_to_the_public_sector_status_of_the_defendant_with_a_compliance_order_to_implement_information_legends_within_one_month
2590,q52_text_No_fine_imposed_DPA_considered_defendant_s_cooperation_mitigation_efforts_and_external_factors_beyond_defendant_s_control_META_s_non_response_as_mitigating_factors_Violation_was_ongoing_but_partially_addressed
2591,q52_text_No_fine_imposed_due_to_remedial_actions_taken_MFA_implementation_contract_reviews_system_upgrades_and_consideration_of_breach_circumstances_though_security_failures_were_significant_aggravating_factors
2592,q52_text_No_fine_imposed_due_to_qualified_decrease_in_guilt_under_Article_45_5_LOPD_Factors_included_absence_of_recidivism_no_damage_documented_and_lack_of_connection_between_defendant_s_activity_and_data_processing_A_warning_and_compliance_order_were_issued_instead
2593,q52_text_No_fine_imposed_due_to_public_sector_status_warning_issued_instead_Corrective_measures_ordered_to_implement_technical_organizational_measures_ensuring_confidentiality_including_using_internal_notice_boards_and_restricting_website_access_to_interested_parties_only
2594,q52_text_No_fine_imposed_due_to_public_sector_status_under_Article_83_7_GDPR_and_LOPDGDD_Article_77_resulting_in_a_warning_instead_Sanction_graded_as_serious_infringement_under_LOPDGDD_Article_73_v_for_failing_to_appoint_DPO_Requirement_to_appoint_DPO_within_one_month
2595,q52_text_No_fine_was_imposed_as_this_is_a_non_binding_advisory_opinion_not_an_enforcement_decision
2596,q52_text_No_fine_was_imposed_as_this_is_a_non_binding_opinion_not_an_enforcement_decision
2597,q36_text_The_opinion_discusses_mandatory_employee_participation_in_video_recording_for_marketing_purposes_concluding_consent_is_required_but_unlikely_valid_due_to_power_imbalance_and_mandatory_nature_Legal_bases_under_employment_law_are_limited_to_rights_obligations_arising_from_employment_relationship
2598,q52_text_The_DPA_issued_a_warning_instead_of_a_fine_due_to_the_unintentional_and_negligent_nature_of_the_breach_the_defendant_s_eventual_cooperation_and_mitigating_circumstances_like_illness_and_COVID_19_considering_it_sufficient_and_proportionate
2599,q52_text_The_fine_of_5_000_EUR_was_imposed_for_violations_of_Article_32_GDPR_due_to_failure_to_implement_adequate_measures_against_unauthorized_employee_access_affecting_five_passengers_data_Mitigating_factors_included_the_defendant_s_notification_and_cooperation_No_aggravating_factors_were_explicitly_noted_and_the_small_scale_influenced_the_amount
2600,q52_text_The_fine_of_460_000_EUR_was_set_under_Article_83_5_a_for_violations_of_basic_processing_principles_in_Article_5_considering_the_high_gravity_number_of_affected_persons_over_114_000_gross_negligence_and_long_duration_as_aggravating_factors_Mitigating_factors_included_full_cooperation_quick_remedial_actions_like_system_fixes_and_ISO_certifications_The_amount_is_proportionate_to_the_company_s_revenues_and_below_statutory_caps_to_ensure_effectiveness_without_financial_distress
2601,q52_text_The_fine_of_3_000_EUR_was_imposed_for_multiple_violations_1_000_EUR_for_Article_32_GDPR_security_1_000_EUR_for_Article_13_GDPR_privacy_information_and_1_000_EUR_for_LSSI_Article_22_2_cookies_Aggravating_factors_included_negligence_lack_of_mitigation_and_non_cooperation
2602,q52_text_The_fine_of_2_000_EUR_was_imposed_for_violating_Article_32_and_Article_5_1_f_due_to_a_data_breach_affecting_1_300_users_No_detailed_calculation_reasoning_provided_beyond_the_violation_facts
2603,q52_text_The_fine_for_Article_6_violation_is_set_at_3_000_EUR_considering_local_scope_number_of_affected_individuals_lack_of_preventive_measures_negligence_no_prior_sanctions_and_defendant_s_status_as_a_natural_person_Factors_under_Article_83_2_are_weighed_for_proportionality_No_fine_for_Article_13_due_to_potential_disproportionality_given_the_other_sanction
2604,q52_text_The_decision_did_not_impose_a_fine_it_resolved_jurisdictional_issues_by_identifying_BayLDA_as_the_lead_supervisory_authority_and_referring_the_case
2605,q52_text_The_DPA_imposed_warnings_instead_of_fines_due_to_the_defendant_being_a_public_sector_body_under_Spanish_law_considering_the_violations_of_Articles_5_1_f_25_32_and_33_GDPR_with_aggravating_factors_including_negligence_and_mitigating_factors_including_post_incident_security_improvements
2606,q52_text_The_fine_of_SEK_350_000_was_imposed_for_violations_of_Articles_5_and_32_considering_the_systematic_long_term_surveillance_of_employees_in_privacy_sensitive_situations_lack_of_masking_and_absence_of_guidelines_Aggravating_factors_included_gravity_and_duration_mitigating_factors_included_cooperation_and_cessation_of_surveillance
2607,q52_text_TYPE_The_fine_was_imposed_for_violations_of_Articles_25_and_32_due_to_inadequate_security_measures_leading_to_a_data_breach_affecting_564_individuals_with_the_amount_reflecting_the_gravity_of_the_infringement
2608,q52_text_TYPE_The_fine_was_based_on_the_systematic_and_long_term_nature_of_the_violations_involving_sensitive_health_data_sent_unencrypted_and_stored_insecurely_Aggravating_factors_included_duration_large_volume_of_data_and_violation_of_internal_guidelines_Mitigation_considered_the_implementation_of_encryption_solutions_in_September_2019
2609,q52_text_TYPE_The_fine_of_70_000_was_based_on_the_intentional_nature_and_gravity_of_the_violation_considering_the_defendant_s_status_as_a_large_company_Aggravating_factors_included_intentionality_and_the_connection_to_data_processing_activities_Mitigating_factors_included_the_limited_number_of_affected_data_subjects
2610,q52_text_TYPE_The_fine_of_10_000_was_imposed_for_an_accuracy_violation_under_Article_5_1_d_GDPR_considering_the_nature_of_the_infringement_and_the_defendant_s_business_involving_regular_data_processing_with_no_cooperation_or_mitigation_noted
2611,q52_text_TYPE_STRING_No_fine_imposed_due_to_minor_violation_nature_Factors_considered_immediate_remediation_limited_scope_1372_customers_unintentional_error_during_GDPR_implementation_no_serious_consequences_to_data_subjects
2612,q52_text_TYPE_STRING_Fine_imposed_for_sending_28_5_million_unsolicited_marketing_messages_without_valid_consent_Amount_reflects_scale_and_nature_of_infringement
2613,q52_text_The_fine_of_PLN_18_192_EUR_4_000_equivalent_was_imposed_for_lack_of_cooperation_with_the_DPA_considering_the_intentional_continuous_nature_of_the_breach_lack_of_mitigation_and_estimated_company_size_it_was_set_below_statutory_caps_as_effective_proportionate_and_dissuasive
2614,q52_text_The_fine_of_SEK_4_000_000_was_imposed_for_multiple_security_violations_involving_sensitive_data_of_over_100_000_data_subjects_primarily_children_with_aggravating_factors_including_the_nature_of_data_and_duration_and_mitigating_factors_for_remediation_actions
2615,q52_text_TYPE_No_fine_was_imposed_the_resolution_focused_on_ordering_compliance_with_the_access_request_within_ten_business_days_emphasizing_restoration_of_rights_rather_than_punitive_measures
2616,q52_text_The_fine_was_based_on_the_systematic_and_long_term_nature_of_the_violation_involving_sensitive_health_data_sent_unencrypted_internally_mitigated_by_encryption_of_transmission_and_cessation_of_processing_upon_discovery
2617,q52_text_The_fine_was_calculated_based_on_the_serious_nature_of_violating_confidentiality_of_health_data_negligence_given_the_defendant_s_experience_high_number_of_affected_data_subjects_all_clinic_visitors_during_the_period_and_the_specific_aggravating_factors_under_Article_83_2_The_total_fine_combines_20_000_for_Article_5_1_f_violation_and_10_000_for_Article_32_violation
2618,q52_text_The_fine_was_calculated_based_on_the_negligence_of_the_defendant_in_modifying_a_contract_without_proper_verification_considering_the_nature_and_gravity_of_the_infringements_under_Articles_6_and_32_GDPR_with_aggravating_factors_applied
2619,q52_text_The_fine_was_calculated_based_on_the_nature_gravity_and_duration_of_the_violation_affecting_489_000_data_subjects_and_1_5_million_records_Aggravating_factors_included_negligence_external_cause_and_data_categories_affected_Mitigating_factors_included_cooperation_and_remedial_actions
2620,q52_text_The_fine_was_calculated_based_on_the_nature_gravity_and_duration_of_the_infringements_the_number_of_affected_data_subjects_1_35_million_negligence_in_security_measures_and_mitigating_actions_taken_The_total_fine_of_3_5_million_reflects_the_serious_breaches_of_Articles_5_1_f_and_32_GDPR
2621,q52_text_The_fine_was_calculated_based_on_multiple_GDPR_violations_including_lack_of_DPIA_unlawful_processing_of_biometric_data_and_data_minimization_failures_Reductions_were_applied_for_voluntary_payment_and_recognition_of_responsibility_resulting_in_a_total_fine_of_120_000
2622,q52_text_The_fine_was_calculated_based_on_a_starting_point_of_3_25_of_turnover_considering_the_nature_gravity_and_duration_of_the_infringement_sensitive_data_involved_and_negligent_security_practices_Mitigating_factors_included_cooperation_and_remedial_actions_but_no_financial_gain_was_identified
2623,q52_text_The_fine_was_based_on_the_seriousness_and_duration_of_violations_the_large_scale_of_processing_and_sensitive_financial_data_involved_Mitigation_considered_improvements_during_supervision_The_amount_is_SEK_7_5_million_below_the_4_turnover_cap
2624,q52_text_The_fine_of_10_000_was_based_on_the_very_serious_nature_of_the_infringement_causing_loss_of_control_over_personal_data_negligence_despite_professionalism_and_sensitivity_of_image_voice_data_It_was_set_below_statutory_caps_considering_company_size_and_business_volume
2625,q52_text_The_fine_of_70_000_was_based_on_the_nature_and_severity_of_the_confidentiality_breach_negligence_in_following_internal_protocols_and_the_defendant_s_connection_to_data_processing_activities_Aggravating_factors_included_the_breach_s_impact_and_lack_of_due_diligence
2626,q52_text_The_fine_of_6_000_was_set_considering_aggravating_factors_like_intentionality_and_lack_of_adequate_procedures_and_mitigating_factors_including_the_defendant_s_status_as_a_microenterprise_low_data_volume_and_limited_number_of_affected_data_subjects
2627,q52_text_The_fine_of_50_000_was_imposed_for_a_security_breach_under_Article_5_1_f_GDPR_considering_the_nature_and_negligence_of_the_violation_the_link_to_Vodafone_s_data_processing_activities_and_its_status_as_a_large_enterprise_while_noting_only_two_data_subjects_were_affected_with_non_material_harm
2628,q52_text_The_fine_of_3_000_was_imposed_for_a_security_breach_involving_sensitive_medical_data_of_29_workers_considering_the_entity_s_SME_status_lack_of_cooperation_and_failure_to_implement_adequate_measures_but_below_the_2_turnover_cap
2629,q52_text_The_fine_of_2000_was_imposed_for_violating_Article_5_1_c_GDPR_considering_the_nature_of_the_offense_intentionality_due_to_a_prior_infringement_and_mitigating_factors_like_being_a_small_establishment_with_limited_data_protection_knowledge
2630,q52_text_The_fine_of_2_000_was_imposed_for_violation_of_Article_5_1_f_GDPR_due_to_repeated_unauthorized_disclosures_of_debtor_lists_via_email_and_bulletin_board_postings_considering_the_nature_and_duration_of_the_infringement
2631,q52_text_TYPE_STRING
2632,q52_text_TYPE_No_fine_was_imposed_the_decision_focused_on_corrective_measures_requiring_the_defendant_to_establish_joint_controller_agreements_within_60_days_to_ensure_compliance_with_GDPR_accountability_and_transparency_obligations
2633,q52_text_No_fine_was_imposed_as_this_is_an_advisory_opinion_on_a_proposed_data_processing_activity_not_an_enforcement_decision
2634,q52_text_No_fine_was_imposed_a_warning_was_issued_under_Article_77_LOPDGDD_due_to_the_defendant_being_a_public_sector_body_with_mitigating_factors_including_immediate_cessation_data_deletion_and_cooperation
2635,q52_text_No_fine_was_imposed_the_procedure_was_archived_as_no_violation_of_LSSI_Article_22_2_was_found_after_verification_that_cookies_were_technical_and_necessary_and_the_website_complied_with_regulations
2636,q52_text_No_fine_was_imposed_only_a_warning_and_compliance_order_were_issued_for_the_violation_of_Article_5_1_f_GDPR
2637,q52_text_No_fine_was_imposed_only_a_warning_and_compliance_order_were_issued_for_LSSI_cookie_violations_considering_the_defendant_was_a_natural_person
2638,q52_text_No_fine_was_imposed_only_a_reprimand_was_issued_as_corrective_measures_had_already_been_implemented_by_the_defendant_upon_learning_of_the_procedure
2639,q52_text_No_fine_was_imposed_corrective_measures_were_ordered_to_cease_biometric_processing_and_implement_an_alternative_system_with_compliance_required_within_two_months
2640,q52_text_No_fine_was_imposed_corrective_measures_were_ordered_to_adjust_camera_angles_to_limit_recording_to_necessary_areas_only_based_on_violations_of_data_minimization_and_purpose_limitation_principles_without_aggravating_financial_factors_discussed
2641,q52_text_No_fine_was_imposed_a_reprimand_was_issued_instead_due_to_the_minor_nature_of_the_infringement_involving_delayed_response_to_an_access_request
2642,q52_text_No_fine_was_imposed_the_resolution_focused_on_compliance_orders_to_address_the_erasure_request_properly_within_ten_business_days
2643,q52_text_No_fine_was_imposed_a_reprimand_was_issued_due_to_the_security_breach_caused_by_a_technical_failure_with_mitigating_actions_taken_by_the_defendant
2644,q52_text_No_fine_was_imposed_a_reprimand_was_issued_due_to_the_nature_of_the_breach_mitigating_factors_including_cooperation_and_remedial_actions_and_the_lack_of_documented_harm_to_data_subjects
2645,q52_text_No_fine_was_imposed_due_to_the_public_sector_status_of_the_defendant_corrective_measures_were_ordered_instead_considering_the_nature_of_the_violations_and_the_defendant_s_cooperation_and_mitigation_actions
2646,q52_text_No_fine_was_imposed_as_this_was_an_inspection_supervision_procedure_focused_on_corrective_measures_rather_than_sanctions_The_decision_emphasized_ensuring_compliance_with_GDPR_security_and_minimisation_principles_through_rectification_Separate_misdemeanor_proceedings_handle_any_sanctions
2647,q52_text_No_fine_was_imposed_as_this_was_an_advisory_opinion_on_legal_compliance_rather_than_an_enforcement_action_against_specific_violations
2648,q52_text_No_fine_was_imposed_as_this_is_an_advisory_opinion_without_enforcement_actions_or_violations_found
2649,q52_text_No_fine_was_imposed_the_resolution_focused_on_compliance_orders_requiring_Google_to_delist_specific_URLs_from_search_results_where_personal_data_was_no_longer_relevant_or_publicly_available
2650,q52_text_No_fine_was_imposed_the_resolution_focused_on_ordering_compliance_with_the_access_request_within_10_working_days_emphasizing_corrective_measures_rather_than_financial_penalties
2651,q52_text_TYPE_No_fine_was_imposed_due_to_KRY_s_cooperation_mitigation_efforts_and_the_DPA_s_assessment_that_an_order_for_compliance_was_proportionate_aggravating_factors_included_the_nature_of_violations_and_sensitive_data_while_mitigating_factors_included_KRY_s_actions_to_improve
2652,q52_text_TYPE_Fine_imposed_for_breach_of_Article_32_security_obligations_due_to_inadequate_measures_against_cyber_attack_resulting_in_data_deletion_and_unavailability
2653,q52_text_TYPE_Fines_were_imposed_for_specific_violations_of_Articles_12_and_15_totaling_11_000_EUR_with_corrective_measures_ordered_to_ensure_compliance_with_data_subject_access_rights
2654,q52_text_TYPE_Fine_of_1000_EUR_imposed_for_failure_to_respond_to_erasure_request_within_legal_timeframe_No_aggravating_or_mitigating_factors_discussed_Fine_amount_not_linked_to_turnover
2655,q52_text_TYPE_Fine_of_10_000_lei_approx_2000_EUR_imposed_for_cookie_violation_under_national_law_Warning_for_GDPR_transparency_violation_No_detailed_calculation_reasoning_provided
2656,q52_text_TYPE_Fine_imposed_for_security_breach_and_failure_to_notify_data_subjects_aggravating_factors_included_nature_of_violation_and_data_categories_affected
2657,q52_text_TYPE_Fine_imposed_for_illegal_processing_of_special_category_data_aggravating_factors_included_nature_gravity_and_data_categories_corrective_measure_ordered_for_compliance
2658,q52_text_TYPE_Fine_imposed_for_failure_to_communicate_information_to_DPA_amount_based_on_violation_severity_without_detailed_calculation_factors_discussed
2659,q52_text_TYPE_Fine_imposed_for_GDPR_violations_including_unauthorized_data_processing_and_lack_of_legal_basis_Corrective_measure_ordered_for_data_anonymization
2660,q52_text_No_fine_was_imposed_the_resolution_focused_on_ordering_compliance_with_the_data_subject_s_access_request_within_ten_days
2661,q52_text_TYPE_Fine_for_transparency_violation_2M_EUR_considers_severity_duration_negligence_high_data_volume_and_business_link_fine_for_legality_violation_4M_EUR_factors_in_nature_scope_responsibility_benefits_and_damages_total_6M_EUR_below_caps_no_mitigations_sufficient
2662,q52_text_TYPE_Fine_based_on_gravity_of_breach_involving_special_category_data_and_harm_caused_mitigated_by_immediate_deletion_action
2663,q52_text_TYPE_A_fine_of_2000_EUR_was_imposed_for_security_violations_under_Article_32_considering_the_gravity_of_the_breach_involving_health_data_and_unauthorized_disclosures_with_corrective_measures_ordered_for_compliance
2664,q52_text_Proposed_fine_of_3000_EUR_for_LSSI_Article_22_2_violation_reduced_by_20_for_liability_acknowledgment_and_another_20_for_voluntary_payment_resulting_in_1800_EUR_paid_Factors_considered_include_intentionality_and_duration_since_October_2019_complaint_Procedure_terminated_upon_payment
2665,q52_text_Penalty_based_on_serious_contravention_of_PECR_sending_752_425_unsolicited_marketing_texts_without_valid_consent_over_6_months_targeting_vulnerable_individuals_with_no_significant_mitigation
2666,q52_text_No_monetary_fine_imposed_due_to_public_sector_status_under_LOPDGDD_Article_77_only_warning_issued_Violation_duration_from_GDPR_applicability_in_2018_Mitigating_factors_include_contracting_external_service_in_2020_but_DPO_not_appointed_or_notified
2667,q52_text_Initial_fines_set_at_50_000_for_Article_5_1_f_violation_and_30_000_for_Article_32_violation_totaling_80_000_Reduced_by_20_for_voluntary_payment_and_20_for_acknowledgment_of_responsibility_resulting_in_a_final_fine_of_48_000_Aggravating_factors_included_nature_gravity_duration_and_lack_of_adequate_measures_mitigating_factors_included_cooperation_and_remediation
2668,q52_text_Initial_fines_of_3000_for_Article_5_1_c_and_2000_for_Article_13_were_reduced_to_3000_total_due_to_recognition_of_responsibility_and_voluntary_payment_Aggravating_factors_included_sensitive_data_categories_mitigating_factors_included_cooperation_and_remedial_actions
2669,q52_text_Initial_fine_30_000_reduced_to_18_000_due_to_voluntary_payment_and_acknowledgment_of_responsibility_Aggravated_by_negligence_and_basic_data_categories_mitigated_by_cooperation
2670,q52_text_Fine_imposed_for_security_breach_due_to_inadequate_measures_amount_based_on_violation_severity_and_corrective_order_for_security_plan_implementation
2671,q52_text_Fine_imposed_for_unlawful_processing_of_minor_s_image_without_consent_Aggravating_factors_included_nature_of_violation_and_involvement_of_child_data_No_mitigating_factors_identified
2672,q52_text_Fine_imposed_for_security_violations_under_Articles_5_f_and_32_considering_moral_and_economic_damages_to_data_subjects_lack_of_sufficient_measures_and_inefficiency_of_employee_training
2673,q52_text_Fine_imposed_for_security_violations_under_Article_32_specifically_inadequate_measures_and_unauthorized_data_processing_via_personal_devices
2674,q52_text_Fine_imposed_for_security_violation_due_to_inadequate_measures_amount_based_on_breach_severity_and_negligence_with_compliance_order_to_implement_measures_within_30_days
2675,q52_text_Fine_imposed_for_security_breaches_under_GDPR_and_national_law_totaling_1500_EUR_equivalent_due_to_inadequate_measures_leading_to_unauthorized_data_access
2676,q52_text_Fine_imposed_for_security_breach_involving_children_s_data_cooperation_and_mitigation_considered_amount_based_on_violation_gravity_and_specific_protection_needed_for_minors
2677,q52_text_Fine_imposed_for_non_cooperation_with_DPA_investigation_no_specific_calculation_details_provided_beyond_the_fixed_amount_for_the_violation
2678,q52_text_Fine_imposed_for_violation_of_Article_28_3_due_to_lack_of_documented_instructions_to_processor_amount_based_on_nature_of_infringement_without_detailed_calculation_reasoning_provided
2679,q52_text_Fine_imposed_for_lack_of_legal_basis_in_data_sharing_and_security_failures_warning_for_inadequate_technical_measures_corrective_orders_issued_for_compliance_and_training
2680,q52_text_Fine_imposed_for_lack_of_cooperation_and_failure_to_provide_information_considered_serious_and_continuous_amount_set_at_EUR_5000_equivalent_based_on_estimated_company_size_and_activity_scale_using_average_exchange_rate
2681,q52_text_Fine_imposed_for_failure_to_cooperate_with_DPA_investigation_amount_set_at_4_000_based_on_violation_severity_and_lack_of_response
2682,q52_text_Fine_imposed_for_breach_of_Article_32_security_obligations_due_to_unauthorized_data_transmission_via_WhatsApp_amount_based_on_violation_severity
2683,q52_text_Fine_imposed_for_Article_32_violations_due_to_inadequate_security_measures_considered_aggravating_factors_of_nature_gravity_and_negligence_mitigated_by_cooperation_and_remedial_actions_amount_reflects_proportionality
2684,q52_text_Fine_imposed_for_Article_32_security_violations_due_to_employee_misconduct_causing_unauthorized_data_access_and_disclosure_over_several_years_considering_the_nature_gravity_and_duration_of_infringements
2685,q52_text_Fine_imposed_for_violating_Article_5_1_a_and_Article_6_1_due_to_unlawful_processing_via_audio_video_surveillance_without_legal_basis_amount_based_on_nature_and_gravity_of_infringement
2686,q52_text_Fine_imposed_for_violation_of_Article_32_2_GDPR_due_to_inadequate_security_measures_leading_to_unauthorized_processing_amount_based_on_criteria_in_Article_83_considering_the_nature_and_duration_of_the_violation
2687,q52_text_Fine_calculated_based_on_negligent_action_duration_of_violation_and_impact_on_data_subject_rights_Two_separate_fines_imposed_for_Article_5_1_d_and_Article_17_violations_totaling_100_000
2688,q52_text_Fine_of_1_500_imposed_for_violations_of_Articles_6_and_13_GDPR_with_1_000_for_lack_of_legal_basis_and_500_for_lack_of_information_considering_the_conduct_as_gross_negligence_and_affecting_communal_areas_disproportionately
2689,q52_text_Fine_of_200_000_imposed_for_violation_of_storage_limitation_principle_considering_16_year_duration_previous_infringements_by_defendant_and_defendant_s_large_enterprise_status_with_significant_turnover
2690,q52_text_Fine_of_20_000_imposed_for_Article_6_violation_due_to_lack_of_legitimate_basis_for_audio_recording_Aggravating_factors_included_duration_since_2018_and_number_of_affected_data_subjects_workers_and_customers_Mitigating_factors_considered_SME_status_and_low_data_processing_linkage
2691,q52_text_Fine_of_2_000_proposed_for_violation_of_Article_5_1_c_GDPR_reduced_to_1_600_due_to_voluntary_payment_Considered_lower_scale_penalty_for_this_conduct
2692,q52_text_Fine_of_12_000_imposed_for_violation_of_Article_6_1_GDPR_considering_aggravating_factors_including_nature_and_duration_of_infringement_over_a_year_negligence_and_involvement_of_special_category_data_health_related_with_no_mitigating_factors_applied
2693,q52_text_Fine_of_1000_imposed_for_violation_of_Article_5_1_c_GDPR_considering_the_defendant_s_negligent_conduct_and_previous_warning_for_similar_facts_placing_it_at_the_lower_end_of_the_scale
2694,q52_text_Fine_of_10_000_imposed_for_violation_of_Article_6_1_GDPR_considering_the_nature_and_gravity_of_the_infringement_intentionality_negligence_and_categories_of_data_affected_No_mitigating_factors_noted
2695,q52_text_Fine_of_1_000_imposed_for_violation_of_Article_5_1_f_GDPR_considering_the_nature_gravity_and_duration_of_the_breach_involving_public_display_of_personal_data_in_meeting_minutes_The_defendant_did_not_cooperate_or_respond_to_the_DPA
2696,q52_text_Fine_imposed_for_violation_of_Article_5_1_c_GDPR_due_to_excessive_data_processing_aggravating_factor_was_processing_of_special_category_health_data_fine_set_at_50_000
2697,q52_text_Fine_of_1_000_imposed_for_LSSI_Article_21_violation_due_to_sending_commercial_SMS_after_data_deletion_request_Aggravated_by_lack_of_diligence
2698,q52_text_Fine_of_5000_EUR_imposed_for_violations_of_data_minimization_and_accountability_principles_processing_was_excessive_and_consent_invalid_in_employer_employee_context
2699,q52_text_Fine_of_3_000_euros_imposed_for_LSSI_violation_related_to_cookie_consent_mechanisms_considering_intentionality_and_duration_of_the_infringement_since_September_2018
2700,q52_text_Fine_initially_set_at_75_000_reduced_to_60_000_for_voluntary_payment_and_further_to_45_000_for_acknowledgment_of_responsibility_considering_aggravating_factors_duration_negligence_data_categories_and_mitigating_factors_cooperation_remedial_actions
2701,q52_text_Fine_initially_proposed_at_40_000_reduced_to_24_000_due_to_defendant_s_acknowledgment_of_responsibility_and_voluntary_payment_applying_cumulative_20_reductions
2702,q52_text_Fine_imposed_for_violations_of_Articles_5_6_9_17_and_32_due_to_unauthorized_data_disclosure_and_inadequate_security_measures_totaling_10_000_EUR
2703,q52_text_Fine_calculated_based_on_seriousness_of_infringements_high_sensitivity_of_genetic_data_and_number_of_affected_subjects_Adjusted_downward_due_to_defendant_s_financial_distress_and_partial_cooperation_but_increased_for_aggravating_factors_like_delayed_breach_notification
2704,q52_text_Fine_calculated_based_on_nature_gravity_of_infringements_duration_negligence_previous_infringements_and_cooperation_Article_6_violation_200_000_Article_25_violation_1_000_000_Aggravating_factors_included_systematic_issues_affecting_all_customers
2705,q52_text_Initial_fine_set_at_75_000_for_Article_6_violation_reduced_to_60_000_for_acknowledgment_of_responsibility_and_further_to_45_000_for_voluntary_payment_aggravating_factors_included_negligence_and_basic_personal_data_affected_mitigating_factors_included_cooperation_and_remedial_measures
2706,q36_text_Violation_of_Article_12_3_for_failing_to_inform_complainant_of_deletion_outcome_without_undue_delay_no_violation_of_Article_17_deletion_obligation_found
2707,q36_text_Violation_of_Article_5_1_f_security_principle_due_to_inadequate_technical_and_organizational_measures_leading_to_unauthorized_access_and_loss_of_data_integrity_and_confidentiality
2708,q36_text_Violation_of_Article_5_f_security_principle_and_Article_32_due_to_insufficient_technical_and_organizational_measures_leading_to_unauthorized_disclosure_of_personal_data_via_email_and_social_media
2709,q36_text_Violation_of_Article_32_1_b_and_2_GDPR_due_to_inadequate_security_measures_leading_to_unauthorized_disclosure_of_personal_data_including_children_s_data_in_a_contest_platform
2710,q36_text_Violation_of_Article_32_security_obligations_due_to_inadequate_technical_and_organizational_measures_specifically_failure_to_test_configuration_changes_and_ensure_confidentiality_integrity_and_resilience_of_processing_systems
2711,q36_text_Violation_of_Article_32_security_obligations_due_to_inadequate_technical_and_organizational_measures_leading_to_unauthorized_disclosure_access_of_personal_data
2712,q36_text_Violation_of_Article_32_security_obligations_due_to_inadequate_technical_and_organizational_measures_including_failure_to_ensure_authorized_personnel_only_process_data_upon_request
2713,q36_text_UNCLEAR
2714,q36_text_Violations_found_in_data_subject_rights_handling_under_Articles_12_15_and_17_but_no_Article_5_or_6_principles_were_discussed_or_violated
2715,q36_text_Trygg_Hansa_violated_Article_5_1f_and_32_1_by_failing_to_implement_appropriate_security_measures_allowing_unauthorized_access_to_sensitive_customer_data_over_an_extended_period
2716,q36_text_Ticketmaster_failed_to_ensure_appropriate_security_of_personal_data_by_not_implementing_adequate_technical_and_organizational_measures_to_protect_against_unauthorized_processing_specifically_by_including_a_third_party_chat_bot_on_payment_pages_without_sufficient_security_controls
2717,q36_text_The_school_failed_to_ensure_appropriate_security_of_personal_data_including_special_category_data_due_to_inadequate_policies_and_procedures_leading_to_unauthorized_disclosure_in_a_classroom_environment
2718,q36_text_The_privacy_policy_complies_with_Article_13_GDPR_requirements_for_information_provision_The_cookie_policy_violates_LSSI_Article_22_2_due_to_lack_of_easy_rejection_mechanism_for_all_cookies
2719,q36_text_The_opinion_discusses_whether_handwritten_signatures_constitute_personal_data_and_examines_potential_legal_bases_for_disclosure_but_does_not_determine_violations_as_it_is_a_non_binding_opinion_outside_an_inspection_procedure
2720,q36_text_The_opinion_discusses_potential_issues_with_legal_basis_for_processing_health_data_emphasizing_that_consent_in_employment_relationships_is_problematic_due_to_power_imbalance_and_that_purpose_limitation_and_data_minimization_principles_must_be_observed
2721,q36_text_Violation_of_confidentiality_and_accountability_principles_due_to_inadequate_security_measures_specifically_failure_to_implement_regular_testing_and_validation_in_IT_systems_leading_to_unauthorized_access
2722,q36_text_Violations_of_Article_32_security_requirements_found_due_to_lack_of_MFA_and_inadequate_organizational_measures_for_cloud_server_protection_leading_to_data_breach_exposing_sensitive_criminal_and_special_category_data
2723,q52_text_Fine_calculated_based_on_nature_gravity_duration_of_infringement_intentional_conduct_large_volume_of_affected_data_subjects_and_entity_s_size_Aggravating_factors_included_design_of_financial_product_conditioning_consent_on_fee_exemption_while_cooperation_and_remedial_actions_were_mitigating
2724,q52_text_A_fine_of_600_was_initially_proposed_for_violating_Article_5_1_f_GDPR_The_defendant_paid_480_using_a_voluntary_payment_reduction_terminating_the_procedure_The_fine_was_below_statutory_caps
2725,q52_text_Fine_calculated_based_on_nature_gravity_duration_of_infringement_and_negligence_10_000_for_access_violation_5_000_for_erasure_violation_Aggravating_factors_included_high_data_processing_activity_and_lack_of_diligence_mitigating_factor_was_partial_response_to_requests
2726,q52_text_Fine_based_on_violation_of_Article_6_1_GDPR_with_aggravating_factors_including_scope_of_data_processed_link_to_business_activity_and_continued_nature_of_infringement_no_mitigating_factors_applied
2727,q52_text_Fine_based_on_nature_gravity_duration_intentional_non_compliance_after_DPA_notification_previous_infringements_and_categories_of_data_Amount_reflects_public_sector_cap_under_national_law
2728,q52_text_Fine_based_on_nature_gravity_duration_of_violations_negligence_repeat_offenses_high_turnover_large_scale_of_processing_200M_actions_and_failure_to_implement_adequate_controls_despite_prior_sanctions_Total_fine_8_15M_for_multiple_infringements_under_GDPR_LSSICE_and_LGT
2729,q52_text_Fine_based_on_nature_of_data_criminal_convictions_duration_negligence_and_lack_of_legal_basis_Aggravated_by_data_category_and_number_affected_mitigated_by_cooperation_Amount_set_at_2M_considering_turnover_but_below_caps
2730,q52_text_A_warning_was_issued_instead_of_a_fine_due_to_the_defendant_being_an_SME_lack_of_prior_infringements_and_prompt_remedial_actions_to_update_information_practices
2731,q52_text_A_fine_of_2000_EUR_was_imposed_for_violations_of_Articles_12_and_13_specifically_for_inadequate_information_provision_and_excessive_conditions_for_rights_exercise_with_corrective_measures_ordered_to_ensure_future_compliance
2732,q36_text_Violations_of_Article_5_1_d_and_f_and_2_for_inaccurate_data_processing_and_inadequate_security_and_Article_17_for_failure_to_comply_with_erasure_requests
2733,q52_text_A_fine_of_2000_EUR_was_imposed_for_the_very_serious_infringement_of_Article_5_1_c_GDPR_under_Article_83_5_The_amount_reflects_the_balance_of_circumstances_related_to_the_nature_of_the_violation_involving_excessive_processing_of_personal_data_No_aggravating_or_mitigating_factors_beyond_the_infraction_itself_were_detailed
2734,q36_lang_UNKNOWN
2735,q36_lang_ENGLISH_LIKELY
2736,q36_text_Website_lacked_proper_privacy_policy_referencing_outdated_law_and_collected_personal_data_without_proper_legal_basis_or_information_to_users_Personal_image_was_published_without_consent_or_other_legitimization
2737,q36_text_Vodafone_violated_Article_5_1_f_GDPR_by_failing_to_ensure_adequate_security_of_personal_data_resulting_in_a_confidentiality_breach_where_a_customer_s_invoice_was_sent_to_a_neighbor_s_address_with_mixed_personal_details
2738,q36_text_Violations_of_lawfulness_fairness_transparency_purpose_limitation_and_security_principles_due_to_lack_of_valid_consent_for_marketing_SMS_and_failure_to_honor_deletion_objection_requests
2739,q52_text_Fine_of_2000_imposed_for_GPS_monitoring_violations_including_lack_of_legal_basis_transparency_failures_and_excessive_storage_warnings_issued_for_information_obligation_breaches
2740,q52_text_Fine_of_2000_imposed_for_violation_of_Article_5_1_c_GDPR_due_to_disproportionate_video_surveillance_capturing_common_areas_and_private_spaces_Considered_aggravating_that_defendant_was_aware_of_illegality_but_did_not_cooperate_No_previous_infringements_noted
2741,q52_text_Fine_of_25_000_for_Article_5_violation_and_50_000_for_Article_13_violation_Aggravating_factors_included_nature_of_infringement_and_negligence_No_mitigating_factors_applied
2742,q52_text_Fines_imposed_for_violations_of_Articles_6_5000_and_13_4000_GDPR_totaling_9000_Aggravating_factors_included_nature_of_violation_and_basic_personal_identifiers_affected
2743,q52_text_Infringements_deemed_minor_reprimand_issued_instead_of_fine_due_to_improvements_made_cooperation_and_no_previous_infringements
2744,q52_text_Fines_were_set_at_50_000_for_Article_5_1_f_violation_and_20_000_for_Article_32_1_violation_considering_the_gravity_negligence_and_the_defendant_s_large_scale_No_reductions_applied_due_to_late_responsibility_recognition
2745,q52_text_Fines_were_imposed_for_violations_of_Articles_6_17_and_28_GDPR_totaling_300_000_The_violations_were_considered_negligent_and_continuous_with_aggravating_factors_including_the_nature_and_duration_of_the_infringements_and_the_defendant_s_professional_activity_involving_personal_data_processing
2746,q52_text_Fines_were_calculated_based_on_negligence_entity_size_and_link_to_data_processing_activities_with_aggravating_factors_outweighing_mitigating_ones
2747,q52_text_Fines_set_at_1_000_for_Article_5_1_c_violation_and_500_for_Article_13_violation_based_on_aggravating_factors_including_nature_of_offense_negligence_lack_of_cooperation_and_prior_warnings_with_total_fine_of_1_500_being_proportionate_and_dissuasive
2748,q52_text_Fines_imposed_for_violations_of_accuracy_security_and_erasure_obligations_aggravating_factors_included_nature_and_negligence_while_mitigation_included_cooperation_and_remedial_actions
2749,q52_text_Fines_imposed_for_violations_of_Articles_5_1_a_and_f_and_6_1_a_totaling_150_EUR_based_on_the_gravity_and_unauthorized_disclosure_affecting_383_persons
2750,q52_text_Initial_fine_of_1000_reduced_by_20_for_responsibility_recognition_and_another_20_for_voluntary_payment_resulting_in_600_Cooperation_and_acknowledgment_considered_mitigating
2751,q52_text_Fines_imposed_for_violations_of_Article_9_10_000_and_Article_13_7_000_GDPR_Aggravating_factor_considered_was_nature_gravity_and_duration_of_infringement_No_mitigating_factors_applied
2752,q52_text_Fines_imposed_for_violations_of_Article_5_1_f_50_000_and_Article_32_20_000_aggravated_by_defendant_s_role_in_personal_data_processing_activities
2753,q52_text_Fines_imposed_for_specific_violations_1000_EUR_for_art_17_and_21_3_1000_EUR_for_art_5_1_a_b_warning_for_art_15_1_with_art_12_corrective_measures_for_compliance_and_procedures
2754,q52_text_Fines_imposed_for_multiple_GDPR_violations_3000_EUR_for_unlawful_processing_and_lack_of_transparency_2000_EUR_for_excessive_storage_total_5000_EUR_reflecting_severity_and_negligence
2755,q52_text_Fine_set_at_75_000_based_on_aggravating_factors_including_duration_of_violation_negligence_and_processing_of_basic_personal_identifiers_The_amount_reflects_the_serious_nature_of_processing_without_legal_basis
2756,q52_text_Fine_set_at_70_000_considering_SME_status_and_business_activity_link_to_data_processing_aggravating_factor_applied_due_to_nature_and_duration_of_violation_without_mitigating_factors
2757,q52_text_Initial_fine_of_100_000_reduced_by_40_to_60_000_due_to_acknowledgment_of_liability_and_voluntary_payment_factors_included_nature_of_breach_data_categories_affected_and_cooperation
2758,q52_text_Initial_fine_of_200_000_reduced_by_40_to_120_000_due_to_voluntary_payment_and_acknowledgment_of_liability_aggravating_factors_included_severity_of_identity_forgery_and_previous_infringements_while_mitigation_included_cooperation_and_remedial_actions
2759,q52_text_Fine_of_250_000_imposed_for_processing_biometric_data_without_legal_basis_under_Article_9_GDPR_considering_nature_gravity_duration_negligence_and_involvement_of_minors_below_statutory_caps
2760,q52_text_Initial_fine_set_at_100_000_for_Article_5_1_d_violation_reduced_to_80_000_for_voluntary_payment_and_further_to_60_000_for_acknowledgment_of_responsibility_applying_cumulative_20_reductions_per_Spanish_administrative_procedure_law
2761,q52_text_Initial_fine_set_at_5_000_considering_basic_identifiers_affected_as_aggravating_factor_Reduced_to_4_000_due_to_voluntary_payment_though_defendant_did_not_acknowledge_responsibility_Cooperation_in_remedying_violation_was_noted_as_mitigating
2762,q52_text_Initial_fine_set_at_40_000_for_lack_of_diligence_in_verifying_identity_reduced_to_24_000_due_to_voluntary_payment_and_acknowledgment_of_responsibility_within_hearing_period
2763,q52_text_Initial_fine_set_at_200_000_for_violation_of_Article_6_1_GDPR_considering_nature_duration_previous_infringements_and_link_to_data_processing_activities_Reduced_to_120_000_due_to_voluntary_payment_and_recognition_of_responsibility
2764,q52_text_Initial_fine_set_at_2_000_for_deliberate_use_of_another_s_image_for_deception_reduced_to_1_200_due_to_voluntary_payment_and_recognition_of_responsibility_applying_cumulative_20_reductions
2765,q52_text_Initial_fine_set_at_100_000_reduced_to_80_000_due_to_voluntary_payment_Aggravated_by_previous_infringements_mitigated_by_effective_incident_resolution
2766,q52_text_Initial_fine_set_at_100_000_reduced_to_60_000_due_to_acknowledgment_of_liability_and_voluntary_payment_considered_serious_due_to_scope_and_negligence_but_mitigated_by_cooperation_and_immediate_correction
2767,q52_text_Initial_fine_proposed_was_2000_for_Article_6_violation_Defendant_paid_1600_voluntarily_with_20_reduction_under_LPACAP_Article_85_terminating_procedure_without_admission_of_responsibility
2768,q52_text_Initial_fine_of_3000_reduced_by_40_to_1800_due_to_voluntary_payment_and_acknowledgment_of_responsibility_under_Article_85_LPACAP
2769,q52_text_Initial_fine_proposed_was_10_000_reduced_to_6_000_due_to_voluntary_payment_and_acknowledgment_of_responsibility_aggravating_factor_was_serious_lack_of_diligence_mitigating_factors_included_local_scope_and_non_significant_harm
2770,q52_text_Initial_fine_proposed_was_10_000_reduced_to_6_000_due_to_recognition_of_responsibility_and_voluntary_payment_Aggravating_factors_included_negligence_mitigating_factors_included_cooperation_and_data_deletion
2771,q52_text_Initial_fine_proposed_at_50_000_reduced_to_30_000_due_to_acknowledgment_of_responsibility_and_voluntary_payment_Aggravating_factors_negligent_action_affecting_basic_identifiers_Mitigating_cooperation_and_remedial_measures
2772,q52_text_Initial_fine_of_50_000_reduced_to_40_000_due_to_voluntary_payment_Aggravating_factor_negligence_in_identity_verification_Mitigating_factor_immediate_cancellation_of_services_and_debt_payment
2773,q52_text_Initial_fine_of_5_000_was_reduced_by_20_for_voluntary_payment_and_another_20_for_acknowledgment_of_responsibility_resulting_in_3_000_aggravating_factors_included_negligence_duration_and_data_categories_while_mitigation_included_cooperation_and_remedial_actions
2774,q52_text_Initial_fine_of_4000_proposed_for_GDPR_and_LSSI_violations_Reduced_by_20_for_voluntary_payment_and_20_for_recognition_of_responsibility_resulting_in_2400_Aggravating_factors_included_nature_of_data_and_complaint_initiation
2775,q52_text_Fine_set_at_60_000_reduced_to_48_000_for_voluntary_payment_aggravating_factors_were_intentionality_negligence_and_hindering_DPA_supervision_no_mitigating_factors_applied
2776,q52_text_Fine_set_at_500_000_based_on_violation_duration_ongoing_until_inspection_special_category_health_data_involvement_and_defendant_s_role_in_healthcare_processing_represents_0_3_of_turnover_below_2_cap
2777,q52_text_Fine_set_at_50_000_initially_reduced_by_40_to_30_000_due_to_voluntary_payment_and_acknowledgment_of_liability_Aggravating_factors_included_nature_of_violation_involving_minors_and_previous_infringement_mitigating_factor_was_full_cooperation
2778,q52_text_Fine_of_5_000_imposed_for_violation_of_Article_5_1_f_GDPR_due_to_negligent_public_exposure_of_personal_data_Aggravating_factors_included_negligence_and_basic_data_categories_affected
2779,q52_text_Fine_reduced_by_20_due_to_voluntary_payment_initial_proposed_fine_was_1500_for_violation_of_Article_5_1_c_GDPR_final_amount_1200_aggravating_factor_was_nature_gravity_duration_mitigating_factor_was_cooperation
2780,q52_text_Fine_of_8_000_imposed_for_LSSI_cookie_violations_across_four_websites_Aggravated_by_intentionality_and_duration_since_first_complaint_in_April_2019_No_mitigating_factors_mentioned
2781,q52_text_Fine_of_8_000_imposed_for_Article_6_1_violation_publishing_personal_data_without_legal_basis_Aggravating_factors_negligent_action_and_complaint_initiated_discovery_Warning_issued_for_Article_13_violation_outdated_privacy_policy
2782,q52_text_Fine_of_75_000_imposed_for_violation_of_Article_6_GDPR_due_to_lack_of_lawful_basis_for_processing_Aggravating_factors_included_the_nature_gravity_of_the_violation_and_involvement_of_basic_personal_identifiers_The_fine_is_below_statutory_caps
2783,q52_text_Fine_of_500_imposed_for_violation_of_Article_6_1_GDPR_considering_the_seriousness_and_impact_on_the_data_subject_lack_of_cooperation_and_absence_of_mitigating_factors
2784,q52_text_Fine_of_5_000_imposed_for_violation_of_Article_6_1_GDPR_due_to_lack_of_valid_consent_for_employee_photo_publication_Aggravated_by_defendant_s_professional_link_to_data_processing_SME_status_considered
2785,q52_text_Fine_of_4_000_imposed_for_Article_6_violation_considered_unintentional_negligence_with_basic_identifiers_affected_below_statutory_caps
2786,q52_text_Fine_set_at_50_000_based_on_violation_nature_duration_since_June_2019_and_defendant_s_business_link_to_data_processing_aggravating_factors_included_negligence_and_professional_duty_of_care
2787,q52_text_Fine_of_4_000_imposed_for_Article_13_violation_based_on_negligence_duration_and_data_categories_affected_warning_issued_for_Article_7_violation_due_to_lack_of_evidence_of_actual_harm_from_invalid_consent_practices
2788,q52_text_Fine_of_300_imposed_for_violation_of_Article_5_1_c_GDPR_considering_nature_and_gravity_of_infringement_involving_excessive_data_collection_through_video_surveillance_No_mitigating_factors_applied
2789,q52_text_Fine_of_3_000_imposed_under_LSSI_for_cookie_consent_violation_graduated_based_on_intentionality_and_duration_of_infringement_not_GDPR
2790,q52_text_Fine_of_3_000_imposed_for_violations_of_Article_5_1_c_2_000_and_Article_13_1_000_considering_the_serious_negligence_in_controlling_public_space_and_lack_of_proper_signage_with_no_mitigating_factors_noted
2791,q52_text_Fine_of_3_000_imposed_for_LSSI_cookie_violation_based_on_intentionality_and_duration_of_infringement_GDPR_violation_resulted_only_in_a_warning
2792,q52_text_Fine_of_3_000_for_Article_5_1_f_violation_and_2_000_for_Article_32_violation_Mitigated_due_to_limited_affected_individuals_2_and_no_serious_harm_but_aggravated_by_nature_of_security_failure
2793,q52_text_Fine_reduced_by_40_due_to_voluntary_payment_and_acknowledgment_of_liability_initial_fine_was_1000_based_on_violation_severity_and_cooperation
2794,q52_text_Fine_reduced_from_250_000_to_150_000_due_to_voluntary_payment_and_acknowledgment_of_responsibility_Aggravating_factors_included_nature_gravity_duration_negligence_and_impact_on_data_subject_s_financial_rights_Mitigating_factor_was_cooperation
2795,q52_text_Fine_reduced_from_2M_to_1_2M_due_to_recognition_of_responsibility_and_voluntary_payment_aggravating_factors_included_nature_duration_negligence_and_previous_infringements_mitigating_factors_included_cooperation_and_remedial_actions
2796,q52_text_Fine_reduced_from_50_000_to_30_000_due_to_defendant_s_recognition_of_responsibility_and_voluntary_payment_considered_for_nature_of_violation_involving_sensitive_data_of_rape_victim_and_cooperation
2797,q52_text_Fine_reduced_from_50_000_to_30_000_due_to_voluntary_payment_and_recognition_of_responsibility_Aggravating_factors_included_nature_of_infringement_negligence_and_sensitive_data_categories_Mitigating_factor_was_cooperation
2798,q52_text_Fine_reduced_from_70_000_to_42_000_due_to_voluntary_payment_and_acknowledgment_of_responsibility_based_on_violation_of_data_minimization_principle_affecting_99_data_subjects_with_no_intentionality_but_negligence_found
2799,q52_text_Fine_reduced_on_appeal_due_to_procedural_flaws_considered_nature_gravity_duration_unintentional_negligence_data_categories_PESEL_numbers_high_risk_cooperation_mitigation_actions_no_prior_infringements_and_financial_capacity_1_67_of_turnover
2800,q52_text_Fine_reduced_to_24_000_due_to_voluntary_payment_and_cooperation_aggravating_factor_was_defendant_s_business_activity_involving_continuous_data_processing_mitigating_factors_included_cooperation_and_data_deletion_measures
2801,q52_text_Fine_set_at_SEK_300_000_considering_low_seriousness_SME_status_partial_mitigation_measures_like_IP_truncation_and_proportionality_violation_duration_and_data_volume_were_aggravating_factors
2802,q52_text_Fine_set_at_90_000_based_on_serious_contravention_of_PECR_negligent_failure_to_prevent_breaches_financial_gain_intent_and_ignoring_guidance_mitigated_by_AMEX_s_internal_review_and_process_changes
2803,q52_text_Fine_set_at_10_000_for_GDPR_violation_due_to_lack_of_diligence_in_handling_erasure_request_and_5_000_for_LSSI_violation_for_sending_unsolicited_advertising_emails_without_consent_totaling_15_000_based_on_aggravating_factors_including_intentionality_and_negligence
2804,q52_text_Fine_set_at_20_000_based_on_intentionality_negligence_and_previous_infringements_as_aggravating_factors_under_Article_83_2_GDPR_below_statutory_caps
2805,q52_text_Fine_set_at_200_000_considering_nature_gravity_duration_of_violation_previous_infringements_lack_of_mitigating_factors_and_need_for_proportionality_deterrence
2806,q52_text_Fine_set_at_2M_initially_reduced_to_1_6M_for_voluntary_payment_aggravating_factors_included_nature_gravity_duration_and_negligence_mitigating_factor_was_cooperation_fine_based_on_violation_of_Article_6_1_GDPR_for_invalid_consent_mechanism
2807,q52_text_Fine_set_at_3_000_considering_nature_of_infringement_affecting_third_parties_rights_negligence_in_lacking_mandatory_information_posters_no_previous_infringements_and_defendant_being_an_individual_running_a_small_hotel_establishment
2808,q52_text_Fine_set_at_40_000_initially_reduced_to_24_000_due_to_defendant_s_acknowledgment_of_responsibility_and_voluntary_payment_factors_included_nature_and_gravity_of_violation_affecting_data_legitimacy_principle
2809,q52_text_Fine_set_at_5_000_for_GDPR_violation_based_on_intentionality_personal_data_nature_and_non_cooperation_3_000_for_LSSI_cookie_violation_due_to_intentional_non_compliance_and_duration
2810,isic_section_G
2811,isic_section_D
2812,raw_q23_NOT_MENTIONED
2813,dpa_name_canonical_National_Supervisory_Authority
2814,dpa_name_canonical_Romanian_Supervisory_Authority
2815,dpa_name_canonical_President_of_the_Personal_Data_Protection_Office
2816,dpa_name_canonical_President_of_the_Office_for_Personal_Data_Protection
2817,dpa_name_canonical_Office_for_the_Protection_of_Personal_Data_of_the_Slovak_Republic
2818,dpa_name_canonical_National_Supervisory_Authority_for_the_Processing_of_Personal_Data
2819,dpa_name_canonical_National_Supervisory_Authority_for_Personal_Data_Processing
2820,dpa_name_canonical_NOT_DISCUSSED
2821,dpa_name_canonical_Spanish_Agency_for_Data_Protection
2822,dpa_name_canonical_MISSING
2823,dpa_name_canonical_Integrity_Protection_Authority
2824,dpa_name_canonical_Integritetsskyddsmyndigheten_IMY
2825,dpa_name_canonical_Integritetsskyddsmyndigheten
2826,dpa_name_canonical_Information_Commissioner_s_Office
2827,dpa_name_canonical_Information_Commissioner_of_the_Republic_of_Slovenia
2828,dpa_name_canonical_STRING
2829,dpa_name_canonical_Spanish_Data_Protection_Agency
2830,dpa_name_canonical_Information_Commissioner_IP
2831,dpa_name_canonical_UNCLEAR
2832,decision_date_raw_2020_07_16
2833,decision_date_raw_2020_06_30
2834,decision_date_raw_2020_06_10
2835,decision_date_raw_2020_04_14
2836,decision_date_raw_2020_02_14
2837,decision_date_raw_2019_10_29
2838,dpa_name_canonical_The_National_Supervisory_Authority_for_the_Processing_of_Personal_Data
2839,dpa_name_canonical_Spanish_Data_Protection_Agency_AEPD
2840,dpa_name_canonical_The_National_Supervisory_Authority_for_Personal_Data_Processing
2841,dpa_name_canonical_The_National_Supervisory_Authority
2842,dpa_name_canonical_The_Information_Commissioner
2843,dpa_name_canonical_Swedish_Data_Protection_Authority
2844,dpa_name_canonical_Swedish_Authority_for_Privacy_Protection_IMY
2845,dpa_name_canonical_Swedish_Authority_for_Privacy_Protection
2846,dpa_name_canonical_Information_Commissioner_Slovenia
2847,dpa_name_canonical_Information_Commissioner
2848,decision_date_raw_2020_11_23
2849,dpa_name_raw_National_Supervisory_Authority_for_the_Processing_of_Personal_Data
2850,dpa_name_raw_Spanish_Data_Protection_Agency_AEPD
2851,dpa_name_raw_STRING
2852,dpa_name_raw_Romanian_Supervisory_Authority
2853,dpa_name_raw_President_of_the_Personal_Data_Protection_Office
2854,dpa_name_raw_President_of_the_Office_for_Personal_Data_Protection
2855,dpa_name_raw_Office_for_the_Protection_of_Personal_Data_of_the_Slovak_Republic
2856,dpa_name_raw_National_Supervisory_Authority_for_Personal_Data_Processing
2857,dpa_name_raw_Swedish_Authority_for_Privacy_Protection_IMY
2858,dpa_name_raw_National_Supervisory_Authority
2859,dpa_name_raw_NOT_DISCUSSED
2860,dpa_name_raw_MISSING
2861,dpa_name_raw_Integrity_Protection_Authority
2862,dpa_name_raw_Integritetsskyddsmyndigheten_IMY
2863,dpa_name_raw_Integritetsskyddsmyndigheten
2864,dpa_name_raw_Swedish_Authority_for_Privacy_Protection
2865,dpa_name_raw_Swedish_Data_Protection_Authority
2866,dpa_name_canonical_Informacijski_poobla_enec
2867,dpa_name_canonical_Agencia_Espa_ola_de_Protecci_n_de_Datos
2868,dpa_name_canonical_Datainspektionen
2869,dpa_name_canonical_Council_for_Transparency_and_Protection_of_Data_of_Andalusia
2870,dpa_name_canonical_Comiss_o_Nacional_de_Prote_o_de_Dados
2871,dpa_name_canonical_Catalan_Data_Protection_Authority
2872,dpa_name_canonical_Autoritatea_Na_ional_de_Supraveghere_a_Prelucr_rii_Datelor_cu_Caracter_Personal_ANSPDCP
2873,dpa_name_canonical_Autoritatea_Na_ional_de_Supraveghere_a_Prelucr_rii_Datelor_cu_Caracter_Personal
2874,dpa_name_canonical_ANSPDCP
2875,dpa_name_raw_The_Information_Commissioner
2876,dpa_name_canonical_A_N_S_P_D_C_P_1
2877,dpa_name_canonical_A_N_S_P_D_C_P
2878,dpa_name_raw_UNCLEAR
2879,dpa_name_raw_The_National_Supervisory_Authority_for_the_Processing_of_Personal_Data
2880,dpa_name_raw_The_National_Supervisory_Authority_for_Personal_Data_Processing
2881,dpa_name_raw_The_National_Supervisory_Authority
2882,decision_date_raw_2020_11_13
2883,decision_date_raw_2020_12_02
2884,dpa_name_raw_Information_Commissioner_of_the_Republic_of_Slovenia
2885,decision_date_2020_06_30_00_00_00_00_00
2886,decision_date_2021_01_22_00_00_00_00_00
2887,decision_date_2020_12_03_00_00_00_00_00
2888,decision_date_2020_12_02_00_00_00_00_00
2889,decision_date_2020_11_23_00_00_00_00_00
2890,decision_date_2020_11_13_00_00_00_00_00
2891,decision_date_2020_07_16_00_00_00_00_00
2892,decision_date_2020_06_10_00_00_00_00_00
2893,decision_date_2021_03_31_00_00_00_00_00
2894,decision_date_2020_04_14_00_00_00_00_00
2895,decision_date_2020_02_14_00_00_00_00_00
2896,decision_date_2019_10_29_00_00_00_00_00
2897,decision_date_raw_MISSING
2898,decision_date_raw_2025_06_24
2899,decision_date_raw_2025_06_05
2900,decision_date_2021_03_25_00_00_00_00_00
2901,decision_date_2021_04_06_00_00_00_00_00
2902,decision_date_raw_2024_12_19
2903,decision_date_2021_12_13_00_00_00_00_00
2904,decision_date_2022_05_22_00_00_00_00_00
2905,decision_date_2022_03_29_00_00_00_00_00
2906,decision_date_2022_03_28_00_00_00_00_00
2907,decision_date_2022_02_28_00_00_00_00_00
2908,decision_date_2022_02_14_00_00_00_00_00
2909,decision_date_2022_01_26_00_00_00_00_00
2910,decision_date_2021_12_01_00_00_00_00_00
2911,decision_date_2021_04_27_00_00_00_00_00
2912,decision_date_2021_11_15_00_00_00_00_00
2913,decision_date_2021_10_04_00_00_00_00_00
2914,decision_date_2021_07_05_00_00_00_00_00
2915,decision_date_2021_06_09_00_00_00_00_00
2916,decision_date_2021_05_21_00_00_00_00_00
2917,decision_date_2021_05_17_00_00_00_00_00
2918,decision_date_raw_2025_04_30
2919,decision_date_raw_2024_12_05
2920,decision_date_raw_2020_12_03
2921,decision_date_raw_2021_06_09
2922,decision_date_raw_2022_01_26
2923,decision_date_raw_2021_12_13
2924,decision_date_raw_2021_12_01
2925,decision_date_raw_2021_11_15
2926,decision_date_raw_2021_10_04
2927,decision_date_raw_2021_07_05
2928,decision_date_raw_2021_05_21
2929,decision_date_raw_2022_02_28
2930,decision_date_raw_2021_05_17
2931,decision_date_raw_2021_04_27
2932,decision_date_raw_2021_04_06
2933,decision_date_raw_2021_03_31
2934,decision_date_raw_2021_03_25
2935,decision_date_raw_2021_01_22
2936,decision_date_raw_2022_02_14
2937,decision_date_raw_2022_03_28
2938,decision_date_raw_2024_07_09
2939,decision_date_raw_2023_04_30
2940,decision_date_raw_2024_03_25
2941,decision_date_raw_2024_01_31
2942,decision_date_raw_2024_01_16
2943,decision_date_raw_2023_08_28
2944,decision_date_raw_2023_06_30
2945,decision_date_raw_2023_06_12
2946,decision_date_raw_2023_03_31
2947,decision_date_raw_2022_03_29
2948,decision_date_raw_2023_01_19
2949,decision_date_raw_2022_10_10
2950,decision_date_raw_2022_10_04
2951,decision_date_raw_2022_10_03
2952,decision_date_raw_2022_07_06
2953,decision_date_raw_2022_05_22
2954,dpa_name_raw_Information_Commissioner_s_Office
2955,dpa_name_raw_Information_Commissioner_Slovenia
2956,isic_section_C
2957,q41_aggrav_MANNER_BECAME_KNOWN
2958,q42_mitig_TECHNICAL_ORGANIZATIONAL_MEASURES
2959,q42_mitig_INTENT_NEGLIGENCE
2960,q42_mitig_NATURE_GRAVITY_DURATION
2961,q41_aggrav_OTHER_CIRCUMSTANCES
2962,q41_aggrav_CODES_CERTIFICATION
2963,q41_aggrav_COMPLIANCE_PRIOR_ORDERS
2964,q41_aggrav_COOPERATION_WITH_AUTHORITY
2965,q42_mitig_DATA_CATEGORIES_AFFECTED
2966,q41_aggrav_PREVIOUS_INFRINGEMENTS
2967,q41_aggrav_TECHNICAL_ORGANIZATIONAL_MEASURES
2968,q41_aggrav_MITIGATION_ACTIONS
2969,q31_violated_NOT_DETERMINED
2970,q31_violated_NONE_VIOLATED
2971,q31_violated_ACCURACY
2972,q42_mitig_PREVIOUS_INFRINGEMENTS
2973,q42_mitig_MANNER_BECAME_KNOWN
2974,q30_discussed_STORAGE_LIMITATION
2975,q47_remedial_NONE_MENTIONED
2976,q54_scopes_COMPLETE_PROCESSING_BAN
2977,q50_other_measures_AUDIT_REQUIREMENT
2978,q50_other_measures_PERIODIC_REPORTING
2979,q50_other_measures_CERTIFICATION_WITHDRAWAL
2980,q50_other_measures_DATA_DELETION_ORDER
2981,q50_other_measures_PROCESSING_BAN
2982,q47_remedial_COMPENSATION_TO_SUBJECTS
2983,q42_mitig_COMPLIANCE_PRIOR_ORDERS
2984,q47_remedial_DPO_APPOINTMENT
2985,q46_vuln_NOT_DISCUSSED
2986,q46_vuln_NONE_MENTIONED
2987,q46_vuln_ELDERLY
2988,q42_mitig_OTHER_CIRCUMSTANCES
2989,q42_mitig_CODES_CERTIFICATION
2990,q30_discussed_NONE_DISCUSSED
2991,q28_mitigations_UNCLEAR
2992,q54_scopes_DATA_CATEGORY_LIMITATION
2993,turnover_log1p
2994,q15_case_initiation_REFERRAL_FROM_OTHER_AUTHORITY
2995,q15_case_initiation_EX_OFFICIO_DPA_INITIATIVE
2996,q10_org_class_UNCLEAR
2997,q10_org_class_NOT_APPLICABLE
2998,fine_to_turnover_ratio
2999,turnover_outlier_flag
3000,turnover_positive
3001,q15_case_initiation_JOINT_INVESTIGATION
3002,turnover_numeric_valid
3003,fine_outlier_flag
3004,fine_numeric_valid
3005,country_whitelist_ok
3006,country_mapped_from_uk
3007,ingest_warning_count
3008,q15_case_initiation_MEDIA_PUBLIC_ATTENTION
3009,q15_case_initiation_FOLLOW_UP_PRIOR_CASE
3010,q28_mitigations_NOT_APPLICABLE
3011,q25_sensitive_data_NOT_APPLICABLE
3012,q28_mitigations_NONE_MENTIONED
3013,q28_mitigations_COOPERATION_WITH_DPA
3014,q28_mitigations_LEGAL_ADVICE
3015,q28_mitigations_EXTERNAL_AUDIT
3016,q28_mitigations_SECURITY_IMPROVEMENTS
3017,q25_sensitive_data_UNCLEAR
3018,q21_breach_types_UNCLEAR
3019,q15_case_initiation_OTHER
3020,q21_breach_types_NOT_MENTIONED
3021,q21_breach_types_NOT_APPLICABLE
3022,q21_breach_types_SYSTEM_MALFUNCTION
3023,q21_breach_types_TECHNICAL_FAILURE
3024,q15_case_initiation_UNCLEAR
3025,q15_case_initiation_NOT_MENTIONED
3026,q54_scopes_SPECIFIC_PURPOSE_LIMITATION
3027,q54_scopes_GEOGRAPHICAL_LIMITATION
3028,dpa_name_raw_Information_Commissioner_IP
3029,ingest_warnings_incomplete_record_missing_Q1_Q2_Q3_Q4_Q5_Q6_Q7_Q8_Q9_Q10
3030,country_code_SE
3031,country_code_PT
3032,country_code_PL
3033,country_code_MISSING
3034,country_code_GB
3035,ingest_warnings_incomplete_record_missing_Q68
3036,ingest_warnings_MISSING
3037,country_code_SK
3038,ingest_missing_questions_Q68
3039,ingest_missing_questions_Q1_Q2_Q3_Q4_Q5_Q6_Q7_Q8_Q9_Q10_Q11_Q12_Q13_Q14_Q15_Q16_Q17_Q18_Q19_Q20_Q21_Q22_Q23_Q24_Q25_Q26_Q27_Q28_Q29_Q30_Q31_Q32_Q33_Q34_Q35_Q36_Q37_Q38_Q39_Q40_Q41_Q42_Q43_Q44_Q45_Q46_Q47_Q48_Q49_Q50_Q51_Q52_Q53_Q54_Q55_Q56_Q57_Q58_Q59_Q60_Q61_Q62_Q63_Q64_Q65_Q66_Q67_Q68
3040,ingest_missing_questions_MISSING
3041,ingest_parser_version_1_1_0
3042,q64_transfer_violations_NOT_APPLICABLE
3043,q64_transfer_violations_INADEQUATE_CONTRACTUAL_CLAUSES
3044,country_code_SI
3045,country_code_UNCLEAR
3046,q64_transfer_violations_SCHREMS_II_ISSUES
3047,dpa_name_raw_Autoritatea_Na_ional_de_Supraveghere_a_Prelucr_rii_Datelor_cu_Caracter_Personal_ANSPDCP
3048,dpa_name_raw_Information_Commissioner
3049,dpa_name_raw_Informacijski_poobla_enec
3050,dpa_name_raw_Datainspektionen
3051,dpa_name_raw_Council_for_Transparency_and_Protection_of_Data_of_Andalusia
3052,dpa_name_raw_Comiss_o_Nacional_de_Prote_o_de_Dados
3053,dpa_name_raw_Catalan_Data_Protection_Authority
3054,dpa_name_raw_Autoritatea_Na_ional_de_Supraveghere_a_Prelucr_rii_Datelor_cu_Caracter_Personal
3055,country_group_EU
3056,dpa_name_raw_Agencia_Espa_ola_de_Protecci_n_de_Datos
3057,dpa_name_raw_ANSPDCP
3058,dpa_name_raw_A_N_S_P_D_C_P_1
3059,dpa_name_raw_A_N_S_P_D_C_P
3060,country_group_NON_EEA
3061,country_group_MISSING
3062,q64_transfer_violations_NO_IMPACT_ASSESSMENT
3063,q64_transfer_violations_INVALID_TRANSFER_MECHANISM
3064,q54_scopes_TEMPORAL_LIMITATION
3065,q57_rights_violated_DATA_PORTABILITY
3066,q58_access_issues_INADEQUATE_RESPONSE
3067,q58_access_issues_EXCESSIVE_FEES
3068,q58_access_issues_EXCESSIVE_DELAY
3069,q57_rights_violated_NOT_DETERMINED
3070,q57_rights_violated_NONE_VIOLATED
3071,q57_rights_violated_AUTOMATED_DECISION_MAKING
3072,q57_rights_violated_RESTRICTION_OF_PROCESSING
3073,q58_access_issues_SCOPE_LIMITATIONS
3074,q57_rights_violated_RECTIFICATION
3075,q56_rights_discussed_AUTOMATED_DECISION_MAKING
3076,q56_rights_discussed_OBJECTION
3077,q56_rights_discussed_RESTRICTION_OF_PROCESSING
3078,q56_rights_discussed_RECTIFICATION
3079,q54_scopes_NOT_APPLICABLE
3080,q58_access_issues_IDENTITY_VERIFICATION_ISSUES
3081,q58_access_issues_NO_ISSUES_FOUND
3082,q64_transfer_violations_NO_ADEQUATE_SAFEGUARDS
3083,q61_dpo_issues_INADEQUATE_QUALIFICATIONS
3084,q61_dpo_issues_NOT_APPLICABLE
3085,q61_dpo_issues_NO_ISSUES_FOUND
3086,q61_dpo_issues_CONFLICT_OF_INTEREST
3087,q61_dpo_issues_INADEQUATE_INVOLVEMENT
3088,q61_dpo_issues_LACK_OF_RESOURCES
3089,q61_dpo_issues_INSUFFICIENT_INDEPENDENCE
3090,q61_dpo_issues_NO_DPO_APPOINTED
3091,q58_access_issues_NOT_APPLICABLE
3092,q59_adm_issues_NOT_APPLICABLE
3093,q59_adm_issues_NO_ISSUES_FOUND
3094,q59_adm_issues_NO_EXPLANATION_PROVIDED
3095,q59_adm_issues_PROFILING_WITHOUT_CONSENT
3096,q59_adm_issues_INADEQUATE_SAFEGUARDS
3097,q59_adm_issues_LACK_OF_HUMAN_INTERVENTION
3098,decision_date_2022_07_06_00_00_00_00_00
3099,decision_date_2022_10_03_00_00_00_00_00
3100,decision_date_2022_10_04_00_00_00_00_00
3101,isic_code_93
3102,isic_code_D3510
3103,isic_code_D
3104,isic_code_C10
3105,isic_code_94
3106,isic_code_9321
3107,isic_code_9311
3108,isic_code_8690
3109,isic_code_G47_6
3110,isic_code_8620
3111,isic_code_8610
3112,isic_code_86
3113,isic_code_8510
3114,isic_code_8411
3115,isic_code_84
3116,isic_code_Financial_service_activities_except_insurance_and_pension_funding
3117,isic_code_G47_91
3118,isic_code_7911
3119,isic_code_J
3120,isic_code_K
3121,isic_code_J63_11
3122,isic_code_J63_Information_service_activities
3123,isic_code_J6201_Computer_programming_activities
3124,isic_code_J61
3125,isic_code_J_Information_and_communication
3126,isic_code_H5229
3127,isic_code_G4711
3128,isic_code_H51_Air_transport
3129,isic_code_H51
3130,isic_code_H4920
3131,isic_code_H49_H52
3132,isic_code_H49_Land_transport_and_transport_via_pipelines
3133,isic_code_H49
3134,isic_code_8299
3135,isic_code_78
3136,isic_code_K64_1
3137,isic_code_4322
3138,isic_code_5510
3139,isic_code_5224
3140,isic_code_51
3141,isic_code_4772
3142,isic_code_47
3143,isic_code_46
3144,isic_code_3510
3145,isic_code_5610
3146,isic_code_35
3147,isic_code_1102
3148,turnover_raw_TYPE_NUMBER_66551000
3149,turnover_raw_TYPE_NUMBER_564590423
3150,turnover_raw_TYPE_NUMBER_16154950
3151,turnover_raw_TYPE_NUMBER_1450000000
3152,isic_code_56
3153,isic_code_5621
3154,isic_code_7310
3155,isic_code_6419
3156,isic_code_6910
3157,isic_code_69
3158,isic_code_6810
3159,isic_code_6512
3160,isic_code_65
3161,isic_code_6420
3162,isic_code_64
3163,isic_code_58
3164,isic_code_63
3165,isic_code_6209
3166,isic_code_6201
3167,isic_code_6110
3168,isic_code_61
3169,isic_code_5813
3170,isic_code_K64
3171,isic_code_K64_19
3172,decision_date_2022_10_10_00_00_00_00_00
3173,isic_desc_Legal_activities
3174,isic_desc_Other_business_support_service_activities_n_e_c
3175,isic_desc_Operation_of_sports_facilities
3176,isic_desc_Non_life_insurance
3177,isic_desc_Medical_and_dental_practice_activities
3178,isic_desc_Manufacture_of_wines
3179,isic_desc_Legal_and_accounting_activities
3180,isic_desc_Insurance_reinsurance_and_pension_funding_except_compulsory_social_security
3181,isic_desc_Other_information_technology_and_computer_service_activities
3182,isic_desc_Information_service_activities
3183,isic_desc_Information_and_communication
3184,isic_desc_Human_health_and_social_work_activities
3185,isic_desc_Human_health_activities
3186,isic_desc_Hospital_activities
3187,isic_desc_General_public_administration_activities
3188,isic_desc_Other_human_health_activities
3189,isic_desc_Other_monetary_intermediation
3190,isic_desc_Financial_service_activities_except_insurance_and_pension_funding
3191,isic_desc_Retail_trade_except_of_motor_vehicles_and_motorcycles
3192,isic_desc_Wired_telecommunications_activities
3193,isic_desc_Wholesale_trade_except_of_motor_vehicles_and_motorcycles
3194,isic_desc_Travel_agency_activities
3195,isic_desc_Telecommunications
3196,isic_desc_Sports_activities_and_amusement_and_recreation_activities
3197,isic_desc_Short_term_accommodation_activities
3198,isic_desc_Retail_sale_of_pharmaceutical_and_medical_goods_cosmetic_and_toilet_articles_in_specialized_stores
3199,isic_desc_Plumbing_heat_and_air_conditioning_installation
3200,isic_desc_Restaurants_and_mobile_food_service_activities
3201,isic_desc_Real_estate_activities_with_own_or_leased_property
3202,isic_desc_Publishing_of_newspapers_journals_and_periodicals
3203,isic_desc_Publishing_activities
3204,isic_desc_Public_administration_and_defence_compulsory_social_security
3205,isic_desc_Pre_primary_and_primary_education
3206,isic_desc_Food_and_beverage_service_activities
3207,isic_desc_Financial_and_insurance_activities
3208,isic_code_K64_99
3209,isic_code_P8520
3210,isic_code_R94_Activities_of_membership_organisations
3211,isic_code_R900
3212,isic_code_Q86
3213,isic_code_Q_Human_health_and_social_work_activities
3214,isic_code_Q
3215,isic_code_P8530
3216,isic_code_P85
3217,isic_code_S94
3218,isic_code_O84
3219,isic_code_O
3220,isic_code_NOT_DISCUSSED
3221,isic_code_MISSING
3222,isic_code_K6499
3223,isic_code_K6419
3224,isic_code_REAL_ESTATE_ACTIVITIES
3225,isic_code_S9499
3226,isic_desc_Event_catering
3227,isic_desc_Advertising
3228,isic_desc_Employment_activities
3229,isic_desc_Electricity_gas_steam_and_air_conditioning_supply
3230,isic_desc_Electric_power_generation_transmission_and_distribution
3231,isic_desc_Computer_programming_activities
3232,isic_desc_Cargo_handling
3233,isic_desc_Air_transport
3234,isic_desc_Activities_of_membership_organizations
3235,isic_code_STRING_K
3236,isic_desc_Activities_of_holding_companies
3237,isic_desc_Activities_of_amusement_parks_and_theme_parks
3238,isic_code_UNKNOWN
3239,isic_code_UNCLEAR
3240,isic_code_Telecommunications
3241,isic_code_STRING_581_Publishing_of_books_periodicals_and_other_publishing_activities
3242,turnover_raw_TYPE_NUMBER_11181007
3243,turnover_raw_MISSING
3244,turnover_raw_902440
3245,fine_raw_20000
3246,fine_raw_24000
3247,fine_raw_2400
3248,fine_raw_2310000
3249,fine_raw_2100000
3250,fine_raw_2000000
3251,fine_raw_200000
3252,fine_raw_2000
3253,fine_raw_25000
3254,fine_raw_18192
3255,fine_raw_18000
3256,fine_raw_1800
3257,fine_raw_17000
3258,fine_raw_1600000
3259,fine_raw_16000
3260,fine_raw_2500
3261,fine_raw_250000
3262,fine_raw_150000
3263,fine_raw_40000
3264,fine_raw_500
3265,fine_raw_48000
3266,fine_raw_460000
3267,fine_raw_45000
3268,fine_raw_42000
3269,fine_raw_4000000
3270,fine_raw_4000
3271,fine_raw_300
3272,fine_raw_35000000
3273,fine_raw_3500000
3274,fine_raw_350000
3275,fine_raw_300000
3276,fine_raw_30000
3277,fine_raw_3000
3278,fine_raw_1600
3279,fine_raw_15000
3280,turnover_raw_698710610
3281,decision_date_2024_01_31_00_00_00_00_00
3282,decision_date_2025_06_05_00_00_00_00_00
3283,decision_date_2025_04_30_00_00_00_00_00
3284,decision_date_2024_12_19_00_00_00_00_00
3285,decision_date_2024_12_05_00_00_00_00_00
3286,decision_date_2024_07_09_00_00_00_00_00
3287,decision_date_2024_03_25_00_00_00_00_00
3288,decision_date_2024_01_16_00_00_00_00_00
3289,decision_date_MISSING
3290,decision_date_2023_08_28_00_00_00_00_00
3291,decision_date_2023_06_30_00_00_00_00_00
3292,decision_date_2023_06_12_00_00_00_00_00
3293,decision_date_2023_04_30_00_00_00_00_00
3294,decision_date_2023_03_31_00_00_00_00_00
3295,decision_date_2023_01_19_00_00_00_00_00
3296,decision_date_2025_06_24_00_00_00_00_00
3297,decision_date_error_MISSING
3298,fine_raw_1500
3299,fine_raw_1200
3300,fine_raw_150
3301,fine_raw_1350000
3302,fine_raw_1250000
3303,fine_raw_1200000
3304,fine_raw_120000
3305,fine_raw_12000
3306,fine_raw_100000
3307,decision_quarter_MISSING
3308,fine_raw_10000
3309,fine_raw_1000
3310,decision_quarter_Q4
3311,decision_quarter_Q3
3312,decision_quarter_Q2
3313,decision_quarter_Q1
3314,fine_raw_5000
3315,fine_raw_50000
3316,fine_raw_500000
3317,turnover_raw_0
3318,turnover_raw_1428000000
3319,turnover_raw_1310563000
3320,turnover_raw_1091000000
3321,turnover_raw_107746223
3322,turnover_raw_102912000
3323,turnover_raw_10093659000
3324,fine_raw_TYPE_NUMBER_0_1
3325,turnover_raw_1600000000
3326,fine_raw_TYPE_NUMBER_75000_1
3327,fine_raw_TYPE_NUMBER_96000
3328,fine_raw_TYPE_NUMBER_900
3329,fine_raw_TYPE_NUMBER_8000
3330,fine_raw_TYPE_NUMBER_75000
3331,fine_raw_TYPE_NUMBER_70000
3332,turnover_raw_1451967
3333,turnover_raw_168251493
3334,fine_raw_55000
3335,turnover_raw_461000000
3336,turnover_raw_64855216
3337,turnover_raw_54000000000
3338,turnover_raw_5201368
3339,turnover_raw_51631296
3340,turnover_raw_4992744
3341,turnover_raw_49848815
3342,turnover_raw_400000000
3343,turnover_raw_2177703000
3344,turnover_raw_34816282
3345,turnover_raw_3000001
3346,turnover_raw_2928817000
3347,turnover_raw_247757
3348,turnover_raw_237000000
3349,turnover_raw_2367061000
3350,fine_raw_TYPE_NUMBER_6255
3351,fine_raw_TYPE_NUMBER_6000
3352,fine_raw_TYPE_NUMBER_56000
3353,fine_raw_7500000
3354,fine_raw_90000
3355,fine_raw_9000
3356,fine_raw_900
3357,fine_raw_8150000
3358,fine_raw_80000
3359,fine_raw_8000
3360,fine_raw_75000
3361,fine_raw_TYPE_NUMBER_50000
3362,fine_raw_72000
3363,fine_raw_70000
3364,fine_raw_600000
3365,fine_raw_60000
3366,fine_raw_6000
3367,fine_raw_600
3368,fine_raw_98000
3369,fine_raw_MISSING
3370,fine_raw_TYPE_NUMBER_0
3371,fine_raw_TYPE_NUMBER_10000
3372,fine_raw_TYPE_NUMBER_12000
3373,fine_raw_TYPE_NUMBER_1500
3374,fine_raw_TYPE_NUMBER_20000
3375,fine_raw_TYPE_NUMBER_24000
3376,fine_raw_TYPE_NUMBER_240000
3377,fine_raw_TYPE_NUMBER_300
3378,fine_raw_TYPE_NUMBER_3000
3379,fine_raw_TYPE_NUMBER_300000
3380,fine_raw_TYPE_NUMBER_360000
3381,fine_raw_TYPE_NUMBER_4000
3382,fine_raw_TYPE_NUMBER_480
3383,fine_raw_TYPE_NUMBER_500
3384,fine_raw_TYPE_NUMBER_5000
3385,q52_text_The_fine_was_calculated_using_a_five_step_process_considering_the_seriousness_of_processing_special_category_data_of_145_400_individuals_negligence_previous_infringements_and_mitigating_actions_The_initial_850_000_was_increased_to_1_350_000_to_ensure_it_was_effective_proportionate_and_dissuasive_considering_the_company_s_financial_situation_and_the_need_for_deterrence
3386,q52_text_The_fine_was_graduated_based_on_GDPR_Article_83_2_criteria_2_000_for_Article_5_1_f_violation_and_1_000_for_Article_32_violation_considering_the_nature_gravity_and_lack_of_security_measures_Total_fine_is_3_000
3387,q52_text_The_fine_was_imposed_for_disclosing_sensitive_data_without_legal_basis_considering_the_nature_and_gravity_of_the_violation_and_the_categories_of_data_affected
3388,raw_q7_FOURTH_PARTY_LOGISTICS_S_L
3389,raw_q7_GENERAL_DIRECTORATE_OF_THE_POLICE
3390,raw_q7_GARANTIZA_AUTOMOCI_N_SL
3391,raw_q7_G_G_G
3392,raw_q7_Fusiona_Soluciones_Energ_ticas_S_A
3393,raw_q7_Farmacia_Ardealul_SRL
3394,raw_q7_FUENLABRADA_CITY_COUNCIL
3395,raw_q7_FACEBOOK_IRELAND_LTD
3396,raw_q7_GLOBAL_BUSINESS_TRAVEL_SPAIN_S_L_U
3397,raw_q7_Expressen_Lifestyle_AB
3398,raw_q7_Executive_Board_of_the_Rescue_Service_stra_Skaraborg
3399,raw_q7_Eulen_Servicios_Sociosanitarios_SA
3400,raw_q7_Enel_Energie_Muntenia_SA
3401,raw_q7_Ellos_Group_AB
3402,raw_q7_Easylife_Limited
3403,raw_q7_GESTI_N_DE_PATRIMONIOS_ANFIPOLIS_SOCIEDAD_DE_RESPONSABILIDAD_LIMITADA
3404,raw_q7_GLOVOAPP23_S_L
3405,raw_q7_ELECTROTECNIA_BASTIDA_S_L
3406,raw_q7_Glove_Technology_SRL
3407,raw_q7_HOLALUZ_CLIDOM_S_A
3408,raw_q7_HIGHCLIFFE_ESTATES_MARBELLA_S_L
3409,raw_q7_HEALTH_SERVICE_OF_THE_PRINCIPALITY_OF_ASTURIAS
3410,raw_q7_HAZTEOIR_ORG
3411,raw_q7_HANDBALL_FEDERATION_OF_THE_PRINCIPALITY_OF_ASTURIAS
3412,raw_q7_HANDBALL_FEDERATION_OF_CASTILLA_LA_MANCHA
3413,raw_q7_Global_Ports_s_Services_S_R_L
3414,raw_q7_GOOGLE_INC
3415,raw_q7_General_Secretariat_for_Innovation_and_Quality_of_the_Public_Justice_Service
3416,raw_q7_General_School_Complex_in_D
3417,raw_q7_GRUPO_NORCONSULTING_S_L
3418,raw_q7_GOOGLE_SPAIN_SL
3419,raw_q7_GOOGLE_LLC_GOOGLE_SPAIN_S_L
3420,raw_q7_GOOGLE_LLC
3421,raw_q7_EMPRESA_MUNICIPAL_TRANSPORTES_URBANOS_S_A_DE_GIJ_N
3422,raw_q7_EL_LE_N_DE_EL_ESPA_OL_PUBLICACIONES_S_A
3423,raw_q7_I_DE_REDES_EL_CTRICAS_INTELIGENTES_S_A_U
3424,raw_q7_CONSELLER_A_DE_EDUCACI_N_UNIVERSIDAD_Y_FORMACI_N_PROFESIONAL_DE_LA_XUNTA_DE_GALICIA
3425,raw_q7_Chief_National_Surveyor
3426,raw_q7_Chelmer_Valley_High_School
3427,raw_q7_Caja_Rural_San_Jos_de_Nules_S_Cooperativa_de_Cr_dito_of_the_Valencian_Community
3428,raw_q7_Cabinet_Office
3429,raw_q7_CURENERG_A_COMERCIALIZADOR_DE_LTIMO_RECURSO_S_A_U
3430,raw_q7_COUNSELING_OF_EDUCATION_UNIVERSITY_AND_VOCATIONAL_TRAINING_OF_THE_BOARD_OF_GALICIA
3431,raw_q7_CONECTA5_TELECINCO_S_A_U
3432,raw_q7_City_Council_of_La_Canonja
3433,raw_q7_COMUNIDAD_DE_PROPIETARIOS_L_L_L
3434,raw_q7_COMUNIDAD_DE_PROPIETARIOS_A_A_A
3435,raw_q7_COMUNIDAD_DE_OWNERS_R_R_R
3436,raw_q7_COMMUNITY_OF_OWNERS_RRR
3437,raw_q7_COMERCIALIZADORA_REGULADA_GAS_POWER_S_A
3438,raw_q7_COLEGIO_VIRGEN_DE_EUROPA_S_L
3439,raw_q7_City_Council_of_Jerez_de_la_Frontera
3440,raw_q7_Clyde_Valley_Housing_Association
3441,raw_q7_EDP_SOLAR_ESPA_A_S_A
3442,raw_q7_Dagens_Industri_Aktiebolag
3443,raw_q7_EDP_Energ_a_S_A_U
3444,raw_q7_EASYJET_AIRLINE_COMPANY_LIMITED
3445,raw_q7_Don_B_B_B
3446,raw_q7_Don_A_A_A
3447,raw_q7_Digital_Medical_Supply_Sweden_AB_KRY
3448,raw_q7_Denmar_Nacrut_SRL
3449,raw_q7_DR_MAR_N_CIRUGIA_PL_STICA_S_L_P
3450,raw_q7_Corint_Logistic_SRL
3451,raw_q7_DIRECTORATE_GENERAL_OF_THE_POLICE
3452,raw_q7_DIGI_SPAIN_TELECOM_S_L
3453,raw_q7_DEPARTMENT_OF_ECONOMY_KNOWLEDGE_AND_EMPLOYMENT
3454,raw_q7_DENTOESTETIC_CENTRO_DE_SALUD_Y_EST_TICA_DENTAL_S_L
3455,raw_q7_D_D_D
3456,raw_q7_D_B_B_B
3457,raw_q7_Hospital_Board_in_the_Uppsala_Region
3458,raw_q7_IAMSAT_Muntenia_SA
3459,raw_q7_CL_NICA_VIVANTA_S_L
3460,raw_q7_NIANTIC_INC
3461,raw_q7_Nordea_Bank_Abp_branch_in_Sweden
3462,raw_q7_Nordax_Bank_AB
3463,raw_q7_National_Authority_for_Consumer_Protection
3464,raw_q7_NOT_MENTIONED
3465,raw_q7_NOT_DISCUSSED
3466,raw_q7_NN_Pensii_Societate_de_Administrare_a_unei_Fond_de_Pensii_Administrat_Privat_S_A
3467,raw_q7_NBQ_TECHNOLOGY_S_A_U
3468,raw_q7_Not_explicitly_stated_in_the_provided_text
3469,raw_q7_Municipality
3470,raw_q7_Mr_T_P_conducting_business_under_the_name_T
3471,raw_q7_Modaone_SRL
3472,raw_q7_Ministry_of_Finance
3473,raw_q7_Meta_Platforms_Ireland_Limited
3474,raw_q7_Mermaids
3475,raw_q7_Norfolk_County_Council
3476,raw_q7_Nottinghamshire_County_Council
3477,raw_q7_MUXERS_CONCEPT_SL
3478,raw_q7_PLAY_ORENES_S_L
3479,raw_q7_Profi_Rom_Food_Srl
3480,raw_q7_Pro_Economica_Foundation_Pro_Economica_Alap_tv_ny
3481,raw_q7_Parkside_Community_Primary_School
3482,raw_q7_Pactum_Poland_Sp_z_o_o
3483,raw_q7_POSADA_LAS_ANIMAS_VIGO_SPAIN_S_L
3484,raw_q7_PNP_Sp_ka_Akcyjna
3485,raw_q7_PAGE_GROUP_EUROPE_S_L
3486,raw_q7_ONE_UNITED_PROPERTIES_S_A
3487,raw_q7_Orange_Romania_SA
3488,raw_q7_OWNERS_COMMUNITY_ADDRESS_1
3489,raw_q7_ORI_S_L
3490,raw_q7_ORGANIC_AND_NATUR_03_S_L
3491,raw_q7_ORANGE_ESPAGNE_S_A_U
3492,raw_q7_OPEN_BANK_S_A
3493,raw_q7_Meedea_Construct_Prest_SRL
3494,raw_q7_MOURO_PRODUCTIONS_S_R_L
3495,raw_q7_IBERDROLA_CLIENTES_SAU
3496,raw_q7_INTERCAMBIADOR_DE_TRANSPORTES_AVENIDA_DE_AMERICA_S_A_U
3497,raw_q7_KUKIMBIA_S_L
3498,raw_q7_Jozef_Stefan_Institute
3499,raw_q7_JUST_LANDED_S_L
3500,raw_q7_JOKER_PREMIUM_INVEX_S_L
3501,raw_q7_Institut_Enric_Borr_s_de_Badalona
3502,raw_q7_IZA_OBRAS_Y_PROMOCIONES_S_A
3503,raw_q7_ING_BANK_NV_Amsterdam_Bucharest_Branch
3504,raw_q7_LODEJU_S_L
3505,raw_q7_ING_BANK_N_V_BRANCH_IN_SPAIN
3506,raw_q7_INDECEMI_S_L
3507,raw_q7_IMNOVA_RESORT_SL
3508,raw_q7_IKEA_Romania_S_R_L
3509,raw_q7_IKEA_ROMANIA_SA
3510,raw_q7_IBERIA_L_NEAS_A_REAS_DE_ESPA_A_S_A_OPERADORA_UNIPERSONAL
3511,raw_q7_Klarna_Bank_AB
3512,raw_q7_LORO_PARQUE_S_A
3513,raw_q7_MISSING
3514,raw_q7_MARINA_SALUD_S_A
3515,raw_q7_MINISTRY_OF_HEALTH_OF_THE_COMMUNITY_OF_MADRID
3516,raw_q7_MIGUEL_IB_EZ_BEZANILLA_S_L
3517,raw_q7_MIGUEL_HERN_NDEZ_DE_ELCHE_UNIVERSITY
3518,raw_q7_METRO_BILBAO_S_A
3519,raw_q7_MASTER_DISTANCIA_S_A
3520,raw_q7_MARKETING_ACCOMMODATION_SOLUTIONS_FZ_L_L_C
3521,raw_q7_MARIELI_GABRIELA_S_L
3522,raw_q7_LOSADA_ADVOCATS_S_L
3523,raw_q7_MAPFRE_ESPA_A_COMPA_A_DE_SEGUROS_Y_REASEGUROS_S_A
3524,raw_q7_MAG_Interactive_AB
3525,raw_q7_Libra_Internet_Bank_SA
3526,raw_q7_Levales_Solicitors_LLP
3527,raw_q7_Lensway_Group_AB
3528,raw_q7_LVCENTVM_LEGAL_S_L
3529,raw_q7_COFIDIS_S_A_SUCURSAL_EN_ESPA_A
3530,raw_q7_CITY_COUNCIL_OF_LA_PUEBLA_DEL_R_O_Seville_Local_Police
3531,q52_text_The_fine_was_imposed_for_non_cooperation_with_the_DPA_s_investigation_and_failure_to_comply_with_a_prior_remedial_order_reflecting_the_seriousness_of_obstructing_supervisory_authority_actions
3532,raw_q3_2024_10_31
3533,raw_q3_2025_04_30
3534,raw_q3_2025_04_25
3535,raw_q3_2025_02_00
3536,raw_q3_2024_12_19
3537,raw_q3_2024_12_05
3538,raw_q3_2024_11_30
3539,raw_q3_2024_10_23
3540,raw_q3_2025_06_24
3541,raw_q3_2024_10_16
3542,raw_q3_2024_08_00
3543,raw_q3_2024_07_09
3544,raw_q3_2024_05_27
3545,raw_q3_2024_03_28
3546,raw_q3_2024_03_25
3547,raw_q3_2025_06_05
3548,raw_q3_MISSING
3549,raw_q3_2024_01_16
3550,raw_q5_MODIFIED
3551,raw_q6_MISSING
3552,raw_q5_UPHELD_OVERTURNED_MODIFIED_REFERRED_BACK_NOT_APPLICABLE_NOT_DISCUSSED
3553,raw_q5_UPHELD
3554,raw_q5_OVERTURNED
3555,raw_q5_NOT_DISCUSSED
3556,raw_q5_NOT_APPLICABLE
3557,raw_q5_MISSING
3558,raw_q3_YYYY_MM_DD_2021_09_15
3559,raw_q4_YES_NO_UNCLEAR_NOT_DISCUSSED
3560,raw_q4_YES
3561,raw_q4_NOT_DISCUSSED
3562,raw_q4_NO
3563,raw_q4_MISSING
3564,raw_q3_YYYY_MM_DD_2023_06_26
3565,raw_q3_2024_01_31
3566,raw_q3_2023_10_26
3567,raw_q6_NOT_DISCUSSED
3568,raw_q3_2022_09_08
3569,raw_q3_2022_10_31
3570,raw_q3_2022_10_22
3571,raw_q3_2022_10_10
3572,raw_q3_2022_10_04
3573,raw_q3_2022_10_03
3574,raw_q3_2022_09_19
3575,raw_q3_2022_08_19
3576,raw_q3_2022_11_21
3577,raw_q3_2022_07_06
3578,raw_q3_2022_06_27
3579,raw_q3_2022_06_01
3580,raw_q3_2022_05_27
3581,raw_q3_2022_05_22
3582,raw_q3_2022_05_13
3583,raw_q3_2022_11_18
3584,raw_q3_2022_12_07
3585,raw_q3_2023_10_24
3586,raw_q3_2023_06_06
3587,raw_q3_2023_08_28
3588,raw_q3_2023_08_11
3589,raw_q3_2023_07_31
3590,raw_q3_2023_06_30
3591,raw_q3_2023_06_27
3592,raw_q3_2023_06_12
3593,raw_q3_2023_04_30
3594,raw_q3_2022_12_22
3595,raw_q3_2023_03_31
3596,raw_q3_2023_03_23
3597,raw_q3_2023_03_15
3598,raw_q3_2023_03_00
3599,raw_q3_2023_01_19
3600,raw_q3_2023_01_12
3601,raw_q6_NO
3602,raw_q6_UNCLEAR
3603,raw_q7_CITY_COUNCIL_OF_IMPROVEMENT_OF_THE_FIELD
3604,raw_q7_BODY_LINE_SRL
3605,raw_q7_Banco_Bilbao_Vizcaya_Argentaria_SA
3606,raw_q7_Banca_Transilvania_SA
3607,raw_q7_Banca_Comercial_Rom_n_SA
3608,raw_q7_Banca_Comercial_Rom_n_S_A
3609,raw_q7_BURGOS_CLUB_DE_F_TBOL_S_A_D
3610,raw_q7_BRISTOL_LOGISTICS_SA
3611,raw_q7_BODEGAS_DINASTIA_SL
3612,raw_q7_Board_of_Education_in_the_city_of_Stockholm
3613,raw_q7_BIROU_GAS_S_L
3614,raw_q7_BBB
3615,raw_q7_BASER_COMERCIALIZADORA_DE_REFERENCIA_S_A
3616,raw_q7_BAR_XXXX_OFFICE
3617,raw_q7_BANKIA_S_A
3618,raw_q7_BANCO_SANTANDER_S_A
3619,raw_q7_Birthlink
3620,raw_q7_CABINETE_DE_NEUROCIENCIAS_S_L
3621,raw_q7_BANCO_BILBAO_VIZCAYA_ARGENTARIA_S_A
3622,raw_q7_CASA_GRACIO_OPERATION_SLU
3623,raw_q7_CITY_COUNCIL_OF_CACABELOS
3624,raw_q7_CITY_COUNCIL_OF_BURGOS
3625,raw_q7_CHATWITH_IO_WORLDWIDE_S_L
3626,raw_q7_CENTRO_M_DICO_SALUS_BALEARES_S_L
3627,raw_q7_CDON_AB
3628,raw_q7_CASTILLA_LA_MANCHA_HEALTH_SERVICE
3629,raw_q7_CANARYCLICK_CONSULTING_SL
3630,raw_q7_CABRERA_GIL_ABOGADOS_S_L_P
3631,raw_q7_CALLESGARCIA_SC
3632,raw_q7_CAJA_DE_SEGUROS_REUNIDOS_INSURANCE_AND_REASEGUROS_COMPANY_S_A_CASER
3633,raw_q7_CAIXABANK_SA
3634,raw_q7_CAIXABANK_S_A_1
3635,raw_q7_CAIXABANK_S_A
3636,raw_q7_CAFE_BAR_NINA_Nina_Cb
3637,raw_q7_BANCO_CETELEM_S_A
3638,raw_q7_BABY_PALACE_S_L
3639,raw_q6_YES
3640,raw_q7_ADD_EVENT_STAFF_SL
3641,raw_q7_ALL_ABOUT_WATER_S_L
3642,raw_q7_ALDANITI_INTERNATIONAL_NETWORK_LTD
3643,raw_q7_AIRE_NETWORKS_DEL_MEDITERR_NEO_S_L
3644,raw_q7_AIR_EUROPA_LINEAS_A_REAS_SA
3645,raw_q7_AG_BROKER_ASIGURARE_S_R_L
3646,raw_q7_ADNAYA_GREEN_SOLUTIONS_S_L
3647,raw_q7_AD735_DATA_MEDIA_ADVERTISING_S_L
3648,raw_q7_ARANOW_PACKAGING_MACHINERY_S_L
3649,raw_q7_AAA
3650,raw_q7_A_A_A_COMPANY_1
3651,raw_q7_A_A_A
3652,raw_q7_4FINANCE_SPAIN_FINANCIAL_SERVICES_S_A_U
3653,raw_q7_23andMe_Inc
3654,raw_q7_20_A_OS_DE_M_SICA_A_I_E
3655,raw_q7_AMAZON_ROAD_TRANSPORT_SPAIN_S_L
3656,raw_q7_ASOCIACI_N_CULTURAL_ASSOCIATION_1
3657,raw_q7_B_B_B
3658,raw_q7_AUTOMOVILES_FERSAN_S_A
3659,raw_q7_Association_of_Mutual_Aid_Houses_FLEXICREDIT
3660,raw_q7_Asociatia_de_Proprietari_Avia_iei_Park
3661,raw_q7_Apa_Canal_Ilfov_SA
3662,raw_q7_American_Express_Services_Europe_Limited
3663,raw_q7_Aktiebolaget_Trav_och_Galopp
3664,raw_q7_Agricola_International_SA
3665,raw_q7_AUTO_DESGUACES_IGLESIAS_SL
3666,raw_q7_ASOCIACI_N_ESPA_OLA_PARA_LA_PREVENCI_N_DEL_ACOSACOLAR
3667,raw_q7_AUDAX_RENOVABLES_S_A
3668,raw_q7_ATRESMEDIA_CORPORACI_N_DE_MEDIOS_DE_COMUNICACI_N_S_A
3669,raw_q7_ASSOCIATION_OF_VICTIMS_BY_JUDICIAL_ARBITRARITIES_JAVA
3670,raw_q7_ASSOCIATION_OF_TECHNICIANS_AND_AEROSPACE_SECTOR_PROFESSIONALS
3671,raw_q7_ASSOCIATION_OF_PENITENTIARY_WORKERS_YOUR_ABANDONMENT_CAN_KILL_ME
3672,raw_q7_ASSOCIACIO_DE_CA_ADORS_D_ALZIRA
3673,raw_q7_QUIR_N_PREVENCI_N_S_L_U
3674,raw_q7_REAL_CLUB_N_UTICO_DE_RIBADEO
3675,raw_q7_RED_WHITE_2022_MANAGEMENT_S_A
3676,raw_q12_K64_19
3677,raw_q12_NOT_MENTIONED
3678,raw_q12_NOT_DISCUSSED
3679,raw_q12_MISSING
3680,raw_q12_K6499
3681,raw_q12_K6419
3682,raw_q12_K64_99
3683,raw_q12_K64_1
3684,raw_q12_O84
3685,raw_q12_K64
3686,raw_q12_K
3687,raw_q12_J63_11
3688,raw_q12_J63_Information_service_activities
3689,raw_q12_J6201_Computer_programming_activities
3690,raw_q12_J61
3691,raw_q12_O
3692,raw_q12_P85
3693,raw_q12_J
3694,raw_q12_S94
3695,raw_q12_UNCLEAR
3696,raw_q12_Telecommunications
3697,raw_q12_STRING_581_Publishing_of_books_periodicals_and_other_publishing_activities
3698,raw_q12_STRING_K
3699,raw_q12_STRING
3700,raw_q12_S9499
3701,raw_q12_REAL_ESTATE_ACTIVITIES
3702,raw_q12_P8520
3703,raw_q12_R94_Activities_of_membership_organisations
3704,raw_q12_R900
3705,raw_q12_Q86
3706,raw_q12_Q_Human_health_and_social_work_activities
3707,raw_q12_Q
3708,raw_q12_P8530
3709,raw_q12_J_Information_and_communication
3710,raw_q12_H5229
3711,raw_q13_MISSING
3712,raw_q12_8411
3713,raw_q12_8620
3714,raw_q12_8610
3715,raw_q12_86_10
3716,raw_q12_86_Human_health_activities
3717,raw_q12_8510
3718,raw_q12_8425
3719,raw_q12_84
3720,raw_q12_8690
3721,raw_q12_8299
3722,raw_q12_7911
3723,raw_q12_78_20_Activities_of_employment_placement_agencies
3724,raw_q12_7310
3725,raw_q12_69100
3726,raw_q12_6910
3727,raw_q12_8623
3728,raw_q12_9311
3729,raw_q12_H51_Air_transport
3730,raw_q12_G47_91
3731,raw_q12_H51
3732,raw_q12_H4920
3733,raw_q12_H49_H52
3734,raw_q12_H49_Land_transport_and_transport_via_pipelines
3735,raw_q12_H49
3736,raw_q12_G4711
3737,raw_q12_G47_6
3738,raw_q12_93130
3739,raw_q12_Financial_service_activities_except_insurance_and_pension_funding
3740,raw_q12_D3510
3741,raw_q12_D
3742,raw_q12_C10
3743,raw_q12_94990
3744,raw_q12_9321
3745,raw_q12_UNKNOWN
3746,raw_q13_NOT_DISCUSSED
3747,raw_q7_RIPOBRUNA_2007_S_L
3748,raw_q20_NOT_MENTIONED
3749,raw_q21_HUMAN_ERROR_ORGANIZATIONAL_FAILURE_1
3750,raw_q21_HUMAN_ERROR_ORGANIZATIONAL_FAILURE
3751,raw_q21_HUMAN_ERROR
3752,raw_q21_CYBER_ATTACK_HUMAN_ERROR
3753,raw_q21_CYBER_ATTACK
3754,raw_q20_OVER_6_MONTHS
3755,raw_q20_NOT_DISCUSSED
3756,raw_q21_NOT_APPLICABLE
3757,raw_q20_NOT_APPLICABLE
3758,raw_q20_MISSING
3759,raw_q20_1_TO_6_MONTHS
3760,raw_q20_1_TO_4_WEEKS
3761,raw_q19_YES_WITHIN_72H
3762,raw_q19_UNCLEAR
3763,raw_q21_MISSING
3764,raw_q21_NOT_DISCUSSED
3765,raw_q19_NOT_MENTIONED
3766,raw_q22_INTERNAL_CAUSE
3767,raw_q23_NOT_DISCUSSED
3768,raw_q23_MISSING
3769,raw_q22_NOT_DISCUSSED
3770,raw_q22_NOT_APPLICABLE
3771,raw_q22_MIXED_CAUSES
3772,raw_q22_MISSING
3773,raw_q22_EXTERNAL_CAUSE
3774,raw_q21_ORGANIZATIONAL_FAILURE
3775,raw_q21_TECHNICAL_FAILURE_ORGANIZATIONAL_FAILURE_1
3776,raw_q21_TECHNICAL_FAILURE_CYBER_ATTACK
3777,raw_q21_TECHNICAL_FAILURE_ORGANIZATIONAL_FAILURE
3778,raw_q21_TECHNICAL_FAILURE
3779,raw_q21_ORGANIZATIONAL_FAILURE_HUMAN_ERROR_1
3780,raw_q21_ORGANIZATIONAL_FAILURE_HUMAN_ERROR
3781,raw_q19_NO_LATE
3782,raw_q19_NOT_DISCUSSED
3783,raw_q13_NOT_MENTIONED
3784,raw_q14_UNDER_2M
3785,raw_q15_NOT_DISCUSSED
3786,raw_q15_MISSING
3787,raw_q15_MEDIA_PUBLIC_ATTENTION
3788,raw_q15_EX_OFFICIO_DPA_INITIATIVE
3789,raw_q15_COMPLAINT
3790,raw_q15_BREACH_NOTIFICATION
3791,raw_q14_NOT_DISCUSSED
3792,raw_q15_REFERRAL_FROM_OTHER_AUTHORITY
3793,raw_q14_MISSING
3794,raw_q14_50M_TO_250M
3795,raw_q14_2M_TO_10M
3796,raw_q14_250M_TO_1B
3797,raw_q14_10M_TO_50M
3798,raw_q13_YES
3799,raw_q15_NOT_MENTIONED
3800,raw_q16_MISSING
3801,raw_q19_NOT_APPLICABLE
3802,raw_q18_MISSING
3803,raw_q19_MISSING
3804,raw_q18_YES_SUBMITTED
3805,raw_q18_NO_NOT_SUBMITTED
3806,raw_q18_NOT_MENTIONED
3807,raw_q18_NOT_DISCUSSED
3808,raw_q18_NOT_APPLICABLE
3809,raw_q17_YES_REQUIRED
3810,raw_q16_NO
3811,raw_q17_NOT_MENTIONED
3812,raw_q17_NOT_DISCUSSED
3813,raw_q17_NOT_APPLICABLE
3814,raw_q17_MISSING
3815,ingest_question_count
3816,raw_q16_NOT_DISCUSSED
3817,raw_q12_6810
3818,raw_q12_65120
3819,raw_q12_6512_Direct_insurance
3820,raw_q7_Ticketmaster_UK_Limited
3821,raw_q7_UNIQUE_HOTEL_APARTMENT_S_L
3822,raw_q7_UNCLEAR
3823,raw_q7_Turner_Broadcasting_System_Espa_a_S_L
3824,raw_q7_Tuckers_Solicitors_LLP
3825,raw_q7_Trygg_Hansa_F_rs_kring_branch
3826,raw_q7_Trionic_Sverige_AB
3827,raw_q7_Tiana_City_Council
3828,raw_q7_UNIVERSITAT_POLIT_CNICA_DE_VAL_NCIA
3829,raw_q7_The_Regional_Board_of_the_Uppsala_Region
3830,raw_q7_The_Money_Hive_Limited
3831,raw_q7_Telekom_Romania_Communications_SA
3832,raw_q7_Telef_nica_M_viles_Espa_a_S_A_U
3833,raw_q7_Tehnoplus_Industry_SRL
3834,raw_q7_TOUR_PEOPLE_MAX_S_L
3835,raw_q7_UNITED_PARCEL_SERVICE_ESPA_A_LTD_AND_COMPA_IA_SRC
3836,raw_q7_UNIVERSITY_OF_NAVARRA
3837,raw_q7_TNT_EXPRESS_WORLDWIDE_SPAIN_S_L
3838,raw_q7_Vodafone_Spain_S_A_U
3839,raw_q7_XFERA_M_VILES_S_A
3840,raw_q7_Worldcoin_Foundation
3841,raw_q7_WW_E_SERVICES_IBERIA_S_L_U
3842,raw_q7_WORKING_CAPITAL_MANAGEMENT_ESPA_A_S_L
3843,raw_q7_WALLNER_EUROPA_S_L
3844,raw_q7_Volvo_Personvagnar_AB
3845,raw_q7_Virgin_Mobile_Polska_Sp_z_o_o_legal_successor_P4_Sp_z_o_o
3846,raw_q7_Uppsalahem_AB
3847,raw_q7_VODAFONE_Romania_S_A
3848,raw_q7_VODAFONE_ESPA_A_SAU
3849,raw_q7_VODAFONE_ESPA_A_S_A_U
3850,raw_q7_VACACIONES_EDREAMS_S_L
3851,raw_q7_V_M_P_Sp_z_o_o
3852,raw_q7_Urban_Home_Development_S_R_L
3853,raw_q7_TODOTECNICOS24H_S_L
3854,raw_q7_TERRA_BRASA_Y_MAR_S_L
3855,raw_q12_6512
3856,raw_q7_SAGE_SPAIN_SL
3857,raw_q7_SCIENTIFIC_SOCIETY_OF_MEDICAL_ONCOLOGY_FOUNDATION
3858,raw_q7_SCHOOL_FITNESS_HOLIDAY_FRANCHISING_S_L_U
3859,raw_q7_SC_Prestige_Media_PHG_SRL
3860,raw_q7_SC_Nobiotic_Pharma_SRL
3861,raw_q7_SC_Grupex_2000_SRL
3862,raw_q7_SC_CNTAR_TAROM_SA
3863,raw_q7_S_C_Type_Top_Food_Industry_S_R_L
3864,raw_q7_SEGURCAIXA_ADESLAS_S_A_OF_INSURANCE_AND_REINSURANCE
3865,raw_q7_S_C_Medicover_S_R_L
3866,raw_q7_S_C_Apollo_Salon_S_R_L
3867,raw_q7_Raiffeisen_Bank_S_A
3868,raw_q7_Radiotelevisi_n_del_Principado_de_Asturias
3869,raw_q7_ROYAL_SPANISH_ACADEMY
3870,raw_q7_ROCA_ASOCIADOS_ABOGADOS_Y_ECONOMISTAS_S_L_P
3871,raw_q7_SEAN_SERIOS_S_L
3872,raw_q7_SERVICIOS_LOG_STICOS_MARTORELL_SIGLO_XXI_S_L
3873,raw_q7_TELEF_NICA_SERVICIOS_INTEGRALES_DE_DISTRIBUCI_N_S_A
3874,raw_q7_Sanatatea_Press_Group_SRL
3875,raw_q7_TELEF_NICA_M_VILES_ESPA_A_S_A_U
3876,raw_q7_TELEF_NICA_DE_ESPA_A_SAU
3877,raw_q7_TELEF_NICA_DE_ESPA_A_S_A_U
3878,raw_q7_TELEFONICA_MOVILES_ESPA_A_SAU
3879,raw_q7_Suministrador_Ib_rico_de_Energ_a_S_L
3880,raw_q7_Sector_1_of_the_Municipality_of_Bucharest
3881,raw_q7_Sahlgrenska_University_Hospital
3882,raw_q7_SIDECU_S_A
3883,raw_q7_Saga_Personal_Finance_Limited
3884,raw_q7_SUPERCOR_S_A
3885,raw_q7_SUDREZIDEN_IAL_Broker_S_R_L
3886,raw_q7_STRING
3887,raw_q7_STATE_AGENCY_OF_TAX_ADMINISTRATION
3888,raw_q7_SOUND_SOUL_S_L
3889,raw_q7_XFERA_M_VILES_SA
3890,raw_q7_Your_Consulting_SRL
3891,raw_q7_natural_person_operator_doctor
3892,raw_q12_4322
3893,raw_q12_5510
3894,raw_q12_5224
3895,raw_q12_51_10
3896,raw_q12_4772
3897,raw_q12_47_91
3898,raw_q12_4649_Wholesale_of_furniture_carpets_and_lighting_equipment
3899,raw_q12_35140
3900,raw_q12_5610
3901,raw_q12_3510
3902,raw_q12_35_11
3903,raw_q12_1102
3904,raw_q11_UNCLEAR
3905,raw_q11_REGIONAL_PROVINCIAL
3906,raw_q11_NOT_DISCUSSED
3907,raw_q12_56_10
3908,raw_q12_5621
3909,raw_q7_the_taxpayer
3910,raw_q12_63_11
3911,raw_q12_6420
3912,raw_q12_6419_Monetary_intermediation
3913,raw_q12_6419
3914,raw_q12_64_99_Other_financial_service_activities_except_insurance_and_pension_funding
3915,raw_q12_63_12_Data_processing_hosting_and_related_activities
3916,raw_q12_63_12
3917,raw_q12_6209
3918,raw_q12_58
3919,raw_q12_6201
3920,raw_q12_6110
3921,raw_q12_61_20
3922,raw_q12_61_10
3923,raw_q12_61
3924,raw_q12_5813
3925,raw_q11_NOT_APPLICABLE
3926,raw_q11_NATIONAL_FEDERAL
3927,raw_q11_MISSING
3928,raw_q9_JOINT_CONTROLLER
3929,raw_q10_LARGE_ENTERPRISE
3930,raw_q9_UNCLEAR
3931,raw_q9_PROCESSOR
3932,raw_q9_NOT_MENTIONED
3933,raw_q9_NOT_DISCUSSED
3934,raw_q9_MISSING
3935,raw_q9_BOTH_CONTROLLER_AND_PROCESSOR
3936,raw_q11_LOCAL_MUNICIPAL
3937,raw_q8_PUBLIC_SECTOR_BODY
3938,raw_q8_ORGANIZATION
3939,raw_q8_NOT_MENTIONED
3940,raw_q8_NOT_DISCUSSED
3941,raw_q8_NATURAL_PERSON
3942,raw_q8_MISSING
3943,raw_q10_LARGE_ENTERPRISE_MULTINATIONAL
3944,raw_q10_LARGE_ENTERPRISE_MULTINATIONAL_NOT_MENTIONED
3945,raw_q10_LARGE_ENTERPRISE_NOT_MENTIONED
3946,raw_q10_LARGE_ENTERPRISE_MULTINATIONAL_1
3947,raw_q10_LARGE_ENTERPRISE_NOT_MENTIONED_1
3948,raw_q10_MISSING
3949,raw_q10_MULTINATIONAL
3950,raw_q10_MULTINATIONAL_NOT_MENTIONED
3951,raw_q10_NON_PROFIT
3952,raw_q10_NON_PROFIT_NOT_MENTIONED
3953,raw_q10_NOT_DISCUSSED
3954,raw_q10_PUBLIC_SECTOR_BODY_NOT_MENTIONED
3955,raw_q10_SME_NOT_MENTIONED
3956,raw_q10_SME_NOT_MENTIONED_UNCLEAR
3957,raw_q10_SME_LARGE_ENTERPRISE
3958,raw_q10_SME_LARGE_ENTERPRISE_NOT_MENTIONED_UNCLEAR
3959,raw_q10_SME_NOT_MENTIONED_UNCLEAR_1
3960,raw_q3_2022_05_11
3961,raw_q3_2022_03_31
3962,raw_q3_2022_03_29
3963,q68_text_A_homeowners_association_posted_debtor_lists_by_apartment_number_on_a_bulletin_board_and_emailed_them_to_all_members_repeatedly_outside_legal_exceptions_violating_GDPR_Article_5_1_f_confidentiality_fined_2_000
3964,q68_text_A_package_delivery_company_delivered_a_mobile_phone_to_a_wrong_address_exposing_complainant_s_personal_data_on_the_label_The_Spanish_DPA_found_a_breach_of_Article_5_1_f_GDPR_due_to_lack_of_confidentiality_and_imposed_a_70_000_fine_plus_compliance_measures_citing_negligence_and_failure_to_follow_internal_protocols
3965,q68_text_A_notary_office_scanned_a_claimant_s_ID_for_money_laundering_compliance_without_immediate_Article_13_GDPR_information_leading_to_a_reprimand_and_compliance_order_due_to_delayed_response_and_lack_of_transparency_mitigated_by_cooperation_and_public_sector_status
3966,q68_text_A_mother_filed_a_complaint_against_CaixaBank_for_failing_to_provide_requested_account_information_of_her_minor_daughter_and_improperly_disclosing_data_of_another_daughter_The_Spanish_DPA_found_a_violation_of_Article_32_1_GDPR_due_to_inadequate_security_measures_imposing_a_25_000_fine_and_a_compliance_order_to_prevent_future_incidents
3967,q68_text_A_minor_recorded_and_disseminated_images_of_another_minor_being_attacked_without_legal_basis_under_Article_6_GDPR_DPA_issued_a_warning_and_compliance_order_considering_a_fine_disproportionate
3968,q68_text_A_medical_clinic_used_a_laser_thermometer_at_its_entrance_during_COVID_19_making_body_temperature_results_visible_to_others_in_the_waiting_area_violating_GDPR_confidentiality_principles_The_Spanish_DPA_imposed_a_30_000_fine_for_breaches_of_Articles_5_1_f_and_32_citing_negligence_and_health_data_sensitivity_despite_the_defendant_s_claim_that_no_data_processing_occurred
3969,q68_text_A_homeowners_association_sent_individualized_heating_consumption_data_to_all_members_via_email_violating_GDPR_confidentiality_The_Spanish_DPA_overturned_an_initial_dismissal_imposed_a_480_fine_and_ordered_compliance_measures_within_one_month_The_defendant_paid_voluntarily_terminating_the_procedure
3970,q68_text_A_data_subject_complained_to_the_Spanish_DPA_that_CaixaBank_failed_to_adequately_respond_to_her_access_request_under_Article_15_GDPR_The_DPA_upheld_the_complaint_finding_the_bank_s_response_incomplete_and_ordered_compliance_within_10_days_emphasizing_the_right_to_access_personal_data_and_related_information_without_resolving_contractual_disputes
3971,q68_text_AEPD_issued_provisional_measures_against_Meta_Platforms_Ireland_Limited_to_suspend_implementation_of_Election_Day_Information_and_Voter_Information_Unit_features_in_Spain_citing_lack_of_legal_basis_under_Article_6_excessive_data_processing_and_imminent_risks_to_data_subjects_rights_ahead_of_EU_parliamentary_elections
3972,q68_text_A_complaint_alleged_unauthorized_power_increase_in_an_electricity_contract_The_Spanish_DPA_found_the_defendant_violated_Article_6_GDPR_by_processing_without_valid_legal_basis_and_Article_32_GDPR_due_to_an_inadequate_security_protocol_imposing_fines_totaling_150_000_for_negligence_in_verifying_representation
3973,q68_text_A_company_used_a_video_surveillance_system_with_audio_recording_to_monitor_an_employee_leading_to_dismissal_the_Spanish_DPA_found_no_lawful_basis_under_Article_6_GDPR_for_voice_data_processing_imposed_a_6_000_fine_and_ordered_compliance_within_one_month_citing_disproportionality_and_Constitutional_Court_doctrine
3974,q68_text_A_Spanish_owners_community_published_lists_of_debtor_and_non_debtor_residents_with_personal_data_on_bulletin_boards_accessible_to_outsiders_violating_GDPR_Article_5_1_f_security_principle_The_DPA_imposed_a_500_fine_reduced_due_to_full_cooperation_remediation_no_prior_infringements_and_the_COVID_19_pandemic_context
3975,q68_text_A_Spanish_cafe_bar_was_fined_2000_for_installing_a_video_surveillance_camera_that_captured_images_of_third_parties_in_a_transit_area_without_justification_violating_GDPR_Article_5_1_c_on_data_minimization_with_aggravating_factors_including_prior_infringement_and_lack_of_cooperation
3976,q68_text_A_Catalan_high_school_used_facial_fingerprint_recognition_for_student_attendance_since_2011_without_valid_legal_basis_under_Article_9_inadequate_information_provision_and_no_processor_contract_The_DPA_issued_a_reprimand_but_no_fine_due_to_public_sector_status_noting_cooperation_and_system_dismantlement
3977,q67_lang_UNKNOWN
3978,q68_text_AEPD_initiated_procedure_PS_00100_2020_against_ARANOW_PACKAGING_MACHINERY_S_L_following_complaint_on_03_10_2019_about_missing_privacy_and_cookie_policies_on_website_Privacy_policy_found_compliant_with_GDPR_Article_13_cookie_policy_violated_LSSI_Article_22_2_for_lacking_easy_rejection_mechanism_Proposed_3000_EUR_fine_reduced_to_1800_EUR_via_voluntary_payment_on_22_06_2020_terminating_procedure
3979,q68_text_ANPC_used_body_cameras_to_record_controls_without_legal_basis_processing_personal_data_unlawfully_DPA_issued_warning_and_ordered_cessation_of_processing_and_data_deletion_citing_violation_of_Article_5_1_a_and_lack_of_Article_6_basis
3980,q67_text_WP29_Guidelines_on_Personal_Data_Breach_Notification
3981,q68_text_BODY_LINE_SRL_fined_10_000_EUR_for_posting_customer_audio_video_on_social_media_revealing_ethnic_origin_without_legal_basis_failing_to_delete_data_upon_request_and_inadequate_security_measures_for_surveillance_data_corrective_orders_issued_for_compliance_and_deletion
3982,q68_text_CNPD_ordered_Worldcoin_Foundation_to_temporarily_halt_biometric_data_collection_in_Portugal_for_90_days_due_to_invalid_consent_insufficient_information_inability_to_erase_data_and_processing_of_minors_data_without_legal_consent_citing_high_risks_to_fundamental_rights
3983,q68_text_CNPD_initially_ordered_Worldcoin_Foundation_to_halt_biometric_data_collection_in_Portugal_for_90_days_Worldcoin_appealed_claiming_BayLDA_was_lead_authority_due_to_its_German_establishment_ZipCode_GmbH_CNPD_determined_ZipCode_was_Worldcoin_s_sole_EU_establishment_making_BayLDA_the_lead_supervisory_authority_under_GDPR_one_stop_shop_mechanism_CNPD_referred_the_case_to_BayLDA_and_revoked_its_prior_order
3984,q68_text_CDON_AB_violated_GDPR_Articles_5_1c_12_2_and_12_6_by_imposing_burdensome_identity_verification_for_erasure_requests_requiring_excessive_personal_data_without_justification_IMY_issued_a_reprimand_due_to_minor_violation_cooperation_and_improved_routines
3985,q68_text_Bankia_now_CaixaBank_conditioned_consent_for_marketing_data_processing_on_exemption_from_account_fees_for_ON_product_customers_violating_GDPR_Article_7_4_Spanish_DPA_imposed_2_1M_fine_for_non_free_consent_and_pre_ticked_boxes_during_online_registrations_considering_intentionality_large_scale_and_entity_cooperation
3986,q68_text_Banco_Santander_disclosed_a_claimant_s_mortgage_loan_amortization_table_to_a_third_party_due_to_human_error_violating_GDPR_Articles_5_1_f_and_32_1_The_Spanish_DPA_imposed_fines_totaling_70_000_and_a_compliance_order_citing_negligence_and_the_entity_s_large_scale_with_no_fine_reductions_due_to_late_responsibility_acknowledgment
3987,q68_text_Banca_Transilvania_SA_fined_100_000_for_violating_GDPR_Articles_5_f_and_32_after_employee_mishandling_led_to_public_disclosure_of_client_and_employee_personal_data_via_email_and_social_media_causing_moral_and_economic_harm
3988,q68_text_BBVA_disclosed_a_lawyer_s_private_address_to_their_client_during_a_claim_process_violating_GDPR_Articles_5_1_b_5_1_f_and_32_resulting_in_a_70_000_fine_for_negligence_and_inadequate_security_measures
3989,q68_text_ATG_processed_personal_data_without_valid_consent_due_to_cookie_banner_making_withdrawal_harder_than_giving_consent_and_using_misleading_design_colors_contrast_favoring_acceptance_Swedish_DPA_issued_reprimand_no_fine_as_minor_infringement_with_mitigating_factors_improvements_made_cooperation_no_prior_violations_Cross_border_case_with_Austrian_DPA_as_concerned_authority
3990,q68_text_BBVA_consulted_complainant_s_credit_data_without_valid_contract_DPA_found_Article_6_1_violation_due_to_lack_of_lawfulness_30_000_fine_reduced_to_18_000_after_voluntary_payment_and_responsibility_acknowledgment
3991,q68_text_BBVA_bank_employee_forged_complainant_s_signature_on_data_protection_consent_documents_for_commercial_purposes_and_profiling_AEPD_imposed_120_000_fine_for_violating_Article_6_1_GDPR_reduced_from_200_000_due_to_acknowledgment_and_payment
3992,q68_text_Appeal_upheld_overturning_a_2_000_fine_against_G_G_G_for_alleged_GDPR_Article_6_violation_due_to_insufficient_evidence_linking_the_defendant_to_the_dissemination_of_a_video_on_pacot_es_investigation_revealed_unreliable_IP_data_and_lack_of_proof_of_authorship
3993,q68_text_Appeal_by_A_A_A_via_IMI_Austria_against_Spanish_DPA_s_archiving_of_complaint_against_Turner_Broadcasting_System_Espa_a_for_LSSI_violations_website_redirected_to_different_entity_making_complaint_moot_appeal_dismissed_upholding_original_resolution
3994,q68_text_Amazon_Spain_subsidiary_required_job_applicants_to_provide_criminal_record_certificates_without_legal_basis_under_Article_10_GDPR_DPA_fined_2M_for_unlawful_processing_rejecting_consent_and_legitimate_interest_claims_and_ordered_compliance_measures
3995,q68_text_Air_Europa_suffered_a_cyberattack_from_May_to_August_2018_compromising_489_000_customers_bank_card_data_The_Spanish_DPA_found_violations_of_Articles_32_1_inadequate_security_measures_and_33_late_breach_notification_imposing_fines_of_500_000_and_100_000_respectively_citing_negligence_and_failure_to_protect_data_adequately
3996,q67_lang_ENGLISH_LIKELY
3997,q67_text_WP260_rev_01_WP251_rev_01
3998,q68_text_Catalan_DPA_found_La_Canonja_City_Council_violated_GDPR_Articles_5_and_35_by_using_fingerprint_biometrics_for_employee_time_tracking_without_legal_basis_or_impact_assessment_ordered_cessation_and_alternative_system_implementation_within_two_months_with_no_fine_imposed
3999,q67_text_NONE
4000,q67_text_Opinion_3_2012_on_biometric_technologies_Opinion_2_2017_on_data_processing_at_work_CEPD_Guide_3_2019_on_video_devices
4001,q67_text_Not_mentioned
4002,q67_text_Not_explicitly_referenced_but_CJEU_case_law_Lindqvist_C_212_2013_and_GDPR_recitals_mentioned
4003,q67_text_None_mentioned
4004,q67_text_NOT_MENTIONED
4005,q67_text_NOT_APPLICABLE
4006,q67_text_MISSING
4007,q67_text_Opinion_4_2007_on_concept_of_personal_data_Opinion_06_2014_on_legitimate_interests
4008,q67_text_Judgment_of_the_Court_of_Justice_of_the_European_Union_case_C_807_21_Deutsche_Wohnen
4009,q67_text_Judgment_of_the_Court_of_Justice_of_the_European_Union_of_May_13_2014
4010,q67_text_Judgment_of_the_Court_of_Justice_of_the_European_Union_of_5_December_2023_in_Case_C_807_21_Deutsche_Wohnen
4011,q67_text_Instruction_1_2006_AEPD
4012,q67_text_ICO_Guidance_on_Data_Security_NCSC_guidance_on_passwords_and_logging
4013,q67_text_Guidelines_on_the_implementation_of_the_Court_of_Justice_of_the_European_Union_Judgment_on_Google_Spain_and_inc_v_AEPD_and_Mario_Costeja_C_131_12
4014,q67_text_Opinion_3_2012_on_the_evolution_of_biometric_technologies
4015,q67_text_Opinion_4_2007_on_the_concept_of_personal_data_by_the_Article_29_Working_Party
4016,q67_text_WP250_Guidelines_on_personal_data_breach_notification_Guidelines_01_2021_on_examples_of_personal_data_breach_notification
4017,q67_text_TYPE_Recitals_39_75_76_83_of_GDPR
4018,q67_text_WP248_Guidelines_on_Data_Protection_Impact_Assessment
4019,q67_text_UNCLEAR
4020,q67_text_TYPE_STRING_None_mentioned
4021,q67_text_TYPE_STRING_1
4022,q67_text_TYPE_STRING
4023,q67_text_TYPE_Recitals_39_75_76_83_148_of_the_GDPR
4024,q67_text_TYPE_Not_explicitly_mentioned
4025,q67_text_Opinion_4_2007_on_the_concept_of_personal_data_of_the_Group_of_Article_29
4026,q67_text_TYPE_NOT_MENTIONED
4027,q67_text_TYPE_EDPB_Guidelines_07_2020_on_the_concepts_of_controller_and_processor
4028,q67_text_TYPE_EDPB_Guidelines_05_2020_on_consent_WP29_Guidelines_on_transparency_WP29_Opinion_6_2014_on_legitimate_interest
4029,q67_text_TYPE
4030,q67_text_Schrems_II_ruling_C_311_18
4031,q67_text_Regulation_EU_2016_679_GDPR_Organic_Law_3_2018_LOPDGDD_Law_41_2002_Patient_Autonomy_Law
4032,q68_text_CaixaBank_processed_client_data_for_anti_money_laundering_checks_via_TGSS_without_valid_consent_Spanish_DPA_found_consent_not_free_specific_or_informed_fining_1_2M_after_reductions_for_cooperation_and_payment
4033,q68_text_City_Council_of_Jerez_de_la_Frontera_processed_claimant_s_and_spouse_s_personal_data_without_legal_basis_by_assuming_community_property_regime_without_verification_leading_to_unauthorized_debt_communication_and_data_requests_DPA_issued_warning_under_Article_77_2_LOPDGDD_for_Article_6_GDPR_violation
4034,q68_text_Slovenian_DPA_provided_a_non_binding_opinion_on_distance_education_processing_stating_legal_obligation_under_Article_6_1_c_is_the_appropriate_basis_for_schools_not_consent_and_emphasized_data_minimization_and_security_principles
4035,q68_text_Natural_person_installed_video_surveillance_cameras_on_home_facade_capturing_public_roads_and_private_areas_excessively_without_information_sign_violating_GDPR_Articles_5_1_c_data_minimization_and_13_information_obligations_fined_1_500_total_and_ordered_to_reorient_cameras_and_install_signage_within_10_days_with_aggravating_factors_including_negligence_and_non_cooperation
4036,q68_text_Orange_fined_1_2M_for_GDPR_violations_200K_for_unlawful_SIM_duplicate_processing_Art_6_and_1M_for_inadequate_data_protection_by_design_Art_25_Case_initiated_by_complaint_after_fraudulent_SIM_swap_led_to_9K_theft_DPA_found_Orange_s_measures_insufficient_to_prevent_agent_misuse_with_previous_infringements_noted
4037,q68_text_Orange_Spain_fined_200_000_for_providing_duplicate_eSIM_to_impersonator_without_identity_verification_violating_Article_6_1_GDPR_DPA_found_lack_of_due_diligence_despite_security_measures_with_aggravating_factors_including_previous_similar_infringements
4038,q68_text_Nordax_Bank_AB_failed_to_handle_complainant_s_data_subject_rights_requests_under_Articles_12_15_and_17_IMY_issued_reprimand_and_compliance_orders_due_to_minor_infringement_affecting_one_person_human_error_no_prior_breaches_and_cross_border_cooperation_with_Norway_Denmark_Finland_and_Germany
4039,q68_text_Non_profit_association_published_claimant_s_home_address_on_Twitter_without_legal_basis_immediate_removal_and_cooperation_led_to_warning_instead_of_fine_under_Article_83_5_a_GDPR_for_violating_Article_6_lawfulness_and_Article_5_confidentiality_principles
4040,q68_text_Non_binding_opinion_addressing_employer_processing_of_employee_COVID_19_test_data_and_health_card_numbers_discusses_legal_bases_under_GDPR_Article_6_and_9_emphasizes_problematic_consent_in_employment_contexts_references_EDPB_guidelines_and_advises_on_purpose_limitation_and_data_minimization_principles
4041,q68_text_Natural_person_operated_website_publishing_personal_data_of_383_individuals_without_lawful_basis_fined_150_EUR_for_violating_Articles_5_1_a_f_and_6_1_a_GDPR
4042,q68_text_NOT_DISCUSSED
4043,q68_text_Polish_DPA_fined_PNP_Sp_ka_Akcyjna_EUR_5000_for_failing_to_cooperate_and_provide_information_requested_during_complaint_investigation_violating_Articles_31_and_58_1_e_GDPR_violation_was_continuous_from_October_2019_deemed_serious_due_to_hindering_proceedings
4044,q68_text_Media_outlet_CONECTA5_TELECINCO_published_unaltered_victim_voice_recording_in_news_coverage_AEPD_found_violation_of_Article_5_1_c_GDPR_data_minimization_and_ordered_immediate_content_removal_Defendant_argued_voice_wasn_t_personal_data_but_complied_with_removal_order
4045,q68_text_Media_company_published_unaltered_audio_of_rape_victim_s_court_statement_violating_data_minimization_fined_30_000_after_appeal_and_cooperation_DPA_found_voice_identifiable_personal_data_and_freedom_of_information_did_not_justify_unnecessary_disclosure
4046,q68_text_MISSING
4047,q68_text_MAG_Interactive_AB_violated_Article_12_3_by_delaying_notification_of_deletion_outcome_until_Nov_2020_for_May_2019_request_no_Article_17_violation_found_case_closed_without_action_due_to_oversight_and_implemented_procedural_improvements
4048,q68_text_Klarna_Bank_AB_fined_SEK_7_5M_by_Swedish_DPA_for_transparency_violations_in_data_protection_information_from_March_to_June_2020_failing_to_adequately_inform_on_purposes_legal_bases_data_sharing_storage_rights_and_automated_decisions_affecting_millions_of_users
4049,q68_text_Insufficient_information_provided_to_summarize_case_facts_issues_or_reasoning
4050,q68_text_Polish_DPA_fined_Chief_National_Surveyor_12_732_for_failing_to_notify_a_48_hour_disclosure_of_land_register_numbers_personal_data_on_its_website_and_not_informing_data_subjects_despite_explicit_DPA_instruction_violations_were_intentional_and_repeat_offenses
4051,q68_text_Polish_DPA_fined_Pactum_Poland_Sp_z_o_o_PLN_18_192_for_failing_to_cooperate_in_a_complaint_investigation_violating_Articles_31_and_58_1_e_GDPR_by_not_responding_to_multiple_requests_for_information_deemed_intentional_and_ongoing_since_July_2020_with_no_mitigation_or_cooperation
4052,q68_text_Individual_installed_video_surveillance_cameras_in_common_areas_without_authorization_or_information_signs_violating_GDPR_Articles_6_and_13_fined_1_500_and_ordered_to_remove_cameras_and_provide_proof_within_15_days
4053,q68_text_Romanian_DPA_fined_SC_Nobiotic_Pharma_SRL_2000_for_failing_to_provide_information_during_an_investigation_into_unsolicited_SMS_complaints_violating_Article_58_1_cooperation_obligations
4054,q68_text_Slovenian_DPA_issued_a_non_binding_advisory_opinion_clarifying_data_access_rights_under_GDPR_Article_15_and_national_laws_specifically_addressing_police_data_processing_exemptions_under_national_security_provisions_without_any_enforcement_actions
4055,q68_text_Slovenian_DPA_initiated_ex_officio_inspection_of_a_bar_s_video_surveillance_system_finding_it_recorded_beyond_necessary_areas_e_g_entire_terrace_and_interior_without_valid_legal_basis_under_legitimate_interests_violating_data_minimization_and_purpose_limitation_ordered_camera_adjustments_to_limit_recording_to_entrance_and_cash_register_only_with_no_fine_imposed
4056,q68_text_Slovak_DPA_issued_advisory_opinion_to_Ministry_of_Finance_finding_that_FATCA_related_tax_treaties_lack_GDPR_compliant_safeguards_for_US_data_transfers_referencing_EDPB_guidelines_and_CJEU_Schrems_II_ruling_recommending_pan_European_coordination
4057,q68_text_School_used_facial_recognition_for_cashless_catering_without_prior_DPIA_and_relied_on_invalid_opt_out_consent_reprimanded_for_Article_35_1_violation_with_remedial_steps_noted
4058,q68_text_Romanian_DPA_fined_Tehnoplus_Industry_SRL_5000_EUR_for_excessive_GPS_monitoring_of_employee_without_proper_legal_basis_information_or_storage_limits_ordered_compliance_reassessment_and_data_limitation
4059,q68_text_Romanian_DPA_fined_Sanatatea_Press_Group_SRL_2_000_EUR_on_12_08_2020_for_breaching_Article_32_and_5_1_f_GDPR_Investigation_followed_controller_s_breach_notification_of_erroneous_login_data_transmission_during_online_event_exposing_emails_usernames_of_1_300_users_Violation_due_to_inadequate_security_measures_no_harm_materialized_subjects_notification_not_discussed
4060,q68_text_Romanian_DPA_fined_RED_WHITE_2022_MANAGEMENT_S_A_5000_for_violating_GDPR_Article_28_3_by_failing_to_provide_documented_instructions_to_its_processor_when_sending_a_crowdfunding_email_to_a_supporter_database
4061,q68_text_Polish_DPA_fined_Virgin_Mobile_Polska_P4_350k_for_GDPR_security_breaches_inadequate_IT_measures_led_to_unauthorized_access_affecting_114_963_prepaid_subscribers_data_including_PESEL_numbers_Violated_Articles_5_1_f_5_2_25_1_32_1_b_d_32_2_Fine_based_on_negligence_high_risk_but_mitigated_by_cooperation_and_remediation
4062,q68_text_Romanian_DPA_fined_Meedea_Construct_Prest_SRL_2000_for_unlawfully_disclosing_a_former_employee_s_personal_and_health_data_to_a_third_party_violating_GDPR_principles_of_lawfulness_purpose_limitation_security_and_accountability
4063,q68_text_Romanian_DPA_fined_Global_Ports_s_Services_2000_for_GPS_monitoring_of_employee_without_legal_basis_information_or_storage_limits_issued_warnings_and_compliance_orders_for_transparency_and_storage_violations
4064,q68_text_Romanian_DPA_fined_Corint_Logistic_SRL_2000_EUR_and_issued_warning_for_GDPR_violations_lack_of_consent_for_marketing_SMS_failure_to_honor_deletion_objection_requests_and_inadequate_response_to_access_requests_corrective_orders_for_compliance_procedures
4065,q68_text_Profi_Rom_Food_Srl_fined_10_000_for_sharing_employee_ID_data_without_legal_basis_and_warned_for_security_failures_after_employee_leaked_video_data_via_WhatsApp_DPA_ordered_compliance_measures_and_training
4066,q68_text_Polish_school_processed_student_data_via_surveys_without_legal_basis_under_Article_6_1_c_violating_Article_5_1_a_DPA_issued_warning_due_to_unintentional_violation_immediate_corrective_actions_no_harm_and_first_time_offense
4067,q68_text_Polish_DPA_issued_a_warning_to_a_sole_proprietor_for_failing_to_cooperate_in_a_complaint_investigation_by_not_responding_to_information_requests_over_months_citing_illness_and_COVID_19_no_fine_imposed_due_to_eventual_cooperation_and_mitigating_factors
4068,q68_text_Individual_installed_video_surveillance_cameras_on_property_facade_capturing_common_areas_and_neighbors_private_spaces_without_authorization_or_proper_signage_Spanish_DPA_found_violation_of_GDPR_Article_5_1_c_data_minimization_principle_imposed_2000_fine_and_compliance_order_to_rectify_or_remove_system
4069,q68_text_Individual_installed_video_surveillance_cameras_capturing_neighbor_s_property_images_violating_GDPR_Article_5_1_c_data_minimization_Spanish_DPA_imposed_300_fine_and_compliance_order_to_remove_readjust_cameras_within_10_days
4070,q68_text_Civil_Guard_refers_complaint_against_self_employed_gas_installer_A_A_A_for_leaving_behind_a_Dietario_Perpetuo_diary_containing_names_surnames_IDs_addresses_and_phones_of_clients_without_consent_or_information_AEPD_initiates_proceedings_for_Article_6_1_a_and_Article_13_GDPR_violations_finds_unlawful_processing_of_personal_data_lacking_lawful_basis_and_failure_to_inform_data_subjects_Imposes_3_000_EUR_fine_for_Article_6_breach_warning_for_Article_13_and_orders_compliance_with_information_duties_within_one_month_citing_local_scope_negligence_and_no_prior_infringements
4071,q68_text_Complaint_about_access_to_recorded_phone_conversation_Nordea_provided_transcript_and_edited_audio_file_DPA_found_compliance_with_Article_15_and_closed_case_without_action
4072,q68_text_Complaint_alleged_RAE_transferred_personal_data_to_Google_LLC_via_Google_Analytics_without_adequate_safeguards_post_Schrems_II_DPA_archived_case_finding_no_evidence_of_infringement_as_RAE_ceased_processing_and_claimed_public_interest_basis
4073,q68_text_Complaint_alleged_LSSI_violation_for_cookie_policy_on_westwing_es_AEPD_verified_cookies_were_technical_necessary_found_no_infringement_archived_procedure_without_sanction
4074,q68_text_Complaint_against_SAGE_SPAIN_SL_for_failure_to_respond_to_data_subject_access_request_within_legal_timeframe_defendant_eventually_complied_during_procedure_resolving_the_issue_without_fine_or_corrective_measures
4075,q68_text_Complaint_against_Google_for_failure_to_comply_with_erasure_request_regarding_a_Google_My_Business_review_during_proceedings_Google_removed_the_content_resolving_the_issue_without_fine_or_further_action
4076,q68_text_Complaint_against_Google_LLC_for_delayed_response_to_erasure_request_under_GDPR_Article_17_Spanish_DPA_found_violation_due_to_untimely_handling_but_no_fine_imposed_as_rights_were_restored_post_complaint
4077,q68_text_Complaint_against_BBB_for_video_surveillance_cameras_oriented_towards_public_space_DPA_found_violation_of_Article_5_1_c_GDPR_data_minimization_as_system_captured_unnecessary_third_party_data_defendant_paid_reduced_fine_of_1200_after_acknowledging_responsibility_and_voluntary_payment
4078,q68_text_Complainant_on_Robinson_List_received_unsolicited_marketing_call_from_Iberdrola_client_s_telesales_collaborator_on_June_19_2020_due_to_human_error_AEPD_initiated_sanctioning_procedure_for_violation_of_Article_21_GDPR_right_to_object_proposing_10_000_EUR_fine_under_LGT_minor_infringement_Procedure_terminated_after_voluntary_payment_of_6_000_EUR_with_reductions_for_responsibility_acknowledgment_and_cooperation
4079,q68_text_Complaint_alleged_video_surveillance_camera_on_pub_facade_captured_excessive_public_space_Spanish_DPA_investigation_found_no_violation_as_capture_was_minimal_and_necessary_for_security_resulting_in_no_penalty
4080,q68_text_Complainant_A_A_A_filed_complaint_against_Bankia_S_A_on_20_Sep_2019_for_retaining_personal_data_16_years_after_ceasing_client_status_discovered_during_re_onboarding_AEPD_initiated_sanction_procedure_PS_00076_2020_on_8_Jun_2020_for_Article_5_1_b_GDPR_violation_on_storage_limitation_Bankia_claimed_data_blocked_per_retention_policy_but_procedure_terminated_voluntarily_via_decision_R_00387_2020
4081,q68_text_Claimant_sought_delisting_of_personal_data_from_Google_search_results_linking_to_Constitutional_Court_ruling_AEPD_upheld_claim_against_Google_for_one_URL_where_data_was_outdated_dismissed_against_Constitutional_Court_citing_jurisdictional_limits_no_fine_imposed_compliance_order_issued
4082,q68_text_Claimant_requested_deletion_of_nine_URLs_from_Google_search_results_citing_personal_data_without_consent_AEPD_dismissed_the_claim_finding_URLs_related_to_professional_activity_e_g_public_exams_BORME_publications_were_of_public_interest_with_legitimate_interests_prevailing_under_Article_17_3_a_GDPR_for_freedom_of_expression_No_violations_or_fines_imposed
4083,q68_text_Claimant_filed_complaint_on_May_4_2020_against_City_Council_of_Mejora_del_Campo_for_lacking_DPO_AEPD_initiated_sanctioning_procedure_on_September_30_2020_for_Article_37_1_GDPR_violation_defendant_did_not_respond_Issued_warning_and_ordered_DPO_appointment_within_one_month_no_fine_due_to_public_body_status
4084,q68_text_Claimant_filed_access_request_against_university_DPA_found_request_excessive_abusive_under_Article_12_5_GDPR_no_violations_by_defendant_case_closed_without_fine
4085,q68_text_Claimant_alleged_failure_to_respond_to_access_and_deletion_requests_regarding_a_debt_Spanish_DPA_found_defendant_provided_access_and_reasoned_deletion_denial_based_on_enforceable_debt_dismissed_claim_with_no_violations_or_fine
4086,q68_text_Complaint_alleged_unauthorized_data_processing_via_email_from_corporate_account_DPA_archived_case_ruling_processing_was_exclusively_personal_domestic_activity_under_GDPR_Article_2_2_c_thus_outside_GDPR_scope_No_infringement_found
4087,q68_text_Complaint_alleged_video_surveillance_cameras_capturing_public_private_spaces_without_authorization_investigation_found_cameras_limited_to_defendant_s_private_property_with_proper_signage_no_evidence_of_public_space_capture_or_GDPR_violation_case_archived
4088,q68_text_Individual_hotel_operator_fined_3_000_for_violating_GDPR_Article_5_1_c_by_installing_video_surveillance_cameras_capturing_disproportionate_public_space_images_without_mandatory_information_posters_DPA_considered_lack_of_previous_infringements_and_small_business_status_in_setting_fine
4089,q68_text_IKEA_Romania_SA_fined_1000_for_GDPR_Article_32_security_breach_children_s_contest_data_mistakenly_published_online_for_40_hours_exposing_114_individuals_data_DPA_emphasized_need_for_specific_child_data_protection
4090,q68_text_Individual_defendant_B_B_B_fined_1000_for_violating_GDPR_Article_5_1_c_data_minimization_by_orienting_home_video_surveillance_cameras_to_capture_excessive_public_and_third_party_private_space_despite_prior_warning_ordered_to_mask_cameras_and_remove_any_affecting_transit_areas_within_one_month
4091,q68_text_Individual_B_B_B_published_complainant_s_personal_data_on_Facebook_without_lawful_basis_Spanish_DPA_initiated_procedure_defendant_paid_reduced_600_fine_and_must_delete_data_within_10_days_Violation_of_Article_6_1_GDPR
4092,q68_text_Individual_A_A_A_used_claimant_B_B_B_s_photos_to_create_fake_Tinder_WhatsApp_profiles_for_deceptive_interactions_Spanish_DPA_found_Article_5_1_a_GDPR_violation_imposed_2_000_fine_reduced_to_1_200_via_voluntary_payment_and_responsibility_recognition_terminating_the_procedure
4093,q68_text_Individual_A_A_A_repeatedly_posted_complainant_s_resume_containing_personal_data_on_Facebook_groups_without_consent_Spanish_DPA_found_violation_of_consent_principle_Article_6_1_LOPD_GDPR_issued_warning_and_compliance_order_to_remove_data_but_no_fine_due_to_mitigating_factors_including_first_offense_and_no_proven_harm
4094,q68_text_ING_Spain_fined_1_6M_for_GDPR_Article_6_violation_required_non_freely_given_consent_via_adhesion_clause_for_TGSS_data_verification_in_account_openings_despite_AML_regulations_not_mandating_this_method_DPA_found_consent_invalid_and_ordered_compliance_within_6_months
4095,q68_text_IMY_reprimanded_Trionic_Sverige_AB_for_unlawfully_disclosing_complainant_s_data_without_legal_basis_under_Article_6_1_and_insufficient_recipient_information_under_Article_13_1_e_considering_it_a_minor_infringement_with_no_fine_due_to_limited_impact_and_cooperation
4096,q68_text_I_DE_a_large_Spanish_electricity_distributor_suffered_a_cyberattack_in_March_2022_exploiting_a_vulnerability_in_its_GEA_web_application_leading_to_unauthorized_access_and_exfiltration_of_personal_data_of_1_35_million_customers_The_Spanish_DPA_found_violations_of_Articles_5_1_f_confidentiality_breach_and_32_inadequate_security_measures_GDPR_imposing_fines_totaling_3_5_million_due_to_the_scale_of_processing_negligence_and_mitigating_actions_taken
4097,q68_text_Complaint_filed_regarding_video_surveillance_cameras_allegedly_oriented_towards_complainant_s_home_potentially_violating_data_minimisation_principle_defendant_denied_responsibility_Spanish_DPA_archived_procedure_as_responsible_party_could_not_be_identified_no_sanctions_imposed
4098,q68_text_Glove_Technology_SRL_fined_5_000_for_processing_employee_data_via_audio_video_surveillance_without_legal_basis_under_Article_6_1_violating_Article_5_1_a_ordered_to_cease_processing_and_delete_data_immediately
4099,q68_text_Flexicredit_sanctioned_3000_for_GDPR_Article_32_2_violation_inadequate_security_measures_allowed_employee_to_fraudulently_obtain_17_loans_using_falsified_documents_without_proper_identity_verification_processing_personal_data_of_multiple_subjects
4100,q68_text_Eulen_as_processor_sent_six_emails_over_three_years_without_blind_copy_exposing_recipients_email_addresses_and_names_to_50_others_each_time_The_Catalan_DPA_found_a_confidentiality_breach_under_Article_5_1_f_GDPR_imposing_a_3_000_fine_reduced_to_1_800_for_cooperation_and_voluntary_payment
4101,q68_text_Ellos_Group_AB_violated_Article_32_1_GDPR_by_insufficient_security_in_its_merge_customer_process_allowing_unauthorized_access_to_purchase_history_via_publicly_available_data_IMY_issued_a_reprimand_considering_it_a_minor_infringement_due_to_negligence_single_affected_person_no_sensitive_data_and_prompt_mitigation_actions
4102,q68_text_Easylife_Limited_a_UK_mail_order_company_inferred_health_conditions_from_customer_purchase_data_to_target_telemarketing_of_health_supplements_without_lawful_basis_or_transparency_processing_special_category_data_unlawfully_The_ICO_imposed_a_1_35M_fine_for_violating_Article_5_1_a_GDPR_citing_negligence_scale_affecting_145_400_individuals_and_prior_compliance_issues
4103,q68_text_EDP_Solar_Espa_a_sent_an_email_to_99_solar_project_participants_containing_an_attachment_with_excessive_personal_data_beyond_necessity_violating_GDPR_Article_5_1_c_fined_42_000_after_reductions_for_cooperation_and_acknowledgment_with_a_compliance_order_to_adjust_data_processing_practices
4104,q67_text_Guidelines_on_the_application_and_setting_of_administrative_fines_for_the_purposes_of_Regulation_2016_679
4105,q67_text_Guidelines_5_2020_on_consent_under_Regulation_EU_2016_679
4106,q67_text_Guidelines_5_2020_on_consent
4107,q67_text_Answer_68_EasyJet_violated_Article_15_GDPR_by_failing_to_respond_to_a_data_subject_access_request_within_the_required_one_month_period_taking_nearly_four_months_The_Spanish_DPA_imposed_an_8_000_fine_after_a_voluntary_payment_reduction_citing_the_violation_duration_as_aggravating_but_cooperation_and_compliance_as_mitigating
4108,q67_text_Answer_68_Klarna_Bank_AB_received_two_cross_border_access_requests_one_was_delayed_over_5_months_violating_Article_12_3_IMY_issued_a_reprimand_under_Article_58_2_b_considering_it_a_minor_infringement_with_no_fine_imposed
4109,q67_text_Answer_68_Iberia_airline_fined_20_000_for_processing_personal_data_without_legal_basis_after_data_subject_withdrew_consent_and_requested_deletion_with_aggravating_factors_of_negligence_and_previous_similar_infringement
4110,q67_text_Answer_68_Iberdrola_Clientes_SAU_violated_GDPR_Article_5_1_f_security_principle_when_a_third_party_received_claimant_s_invoice_with_personal_data_fine_reduced_to_24_000_after_acknowledgment_and_payment
4111,q67_text_Answer_68_ING_Bank_Bucharest_Branch_fined_3000_for_GDPR_Article_32_violation_after_unauthorized_WhatsApp_transmission_of_customer_data_file_lacking_adequate_security_measures
4112,q67_text_Answer_68_Farmacia_Ardealul_SRL_fined_2_500_for_GDPR_Article_32_security_breach_due_to_malware_on_website_compromising_customer_bank_data_corrective_order_to_implement_security_testing_plan
4113,q67_text_Answer_68_Enel_Energie_Muntenia_SA_fined_3000_for_Article_32_violation_inadequate_security_measures_led_to_email_disclosure_of_client_data_to_wrong_recipient_compliance_order_issued_to_implement_measures_within_30_days
4114,q67_text_Answer_68_Curenerg_a_unlawfully_transferred_complainant_s_personal_data_to_Iberdrola_Clientes_without_legal_basis_due_to_salesperson_error_DPA_imposed_60_000_fine_after_reductions_for_acknowledgment_and_payment_citing_violation_of_Article_6_GDPR
4115,q67_text_Answer_68_Norfolk_County_Council_failed_to_respond_to_251_of_511_subject_access_requests_within_statutory_deadlines_over_one_year_ICO_issued_reprimand_due_to_COVID_19_mitigating_factors_and_remedial_actions_requiring_compliance_improvements_within_six_months
4116,q67_text_Answer_68_Complaint_against_clinic_for_using_surgeon_s_image_without_consent_DPA_found_valid_consent_via_signed_contract_case_filed_with_no_violation_or_fine
4117,q67_text_Answer_68_Clyde_Valley_Housing_Association_reprimanded_for_a_security_breach_when_a_customer_portal_exposed_residents_personal_data_due_to_a_technical_failure_data_was_accessible_for_5_days_after_initial_report_until_suspension
4118,q67_text_Answer_68_Claimant_reported_manipulated_images_of_minor_daughter_on_pornographic_site_AEPD_investigated_but_could_not_identify_infringing_party_content_removed_promptly_case_filed_with_no_violations_found
4119,q67_text_Answer_68_Claimant_filed_complaint_on_May_21_2020_against_Burgos_City_Council_for_lacking_DPO_AEPD_initiated_sanctioning_procedure_November_17_2020_for_Article_37_GDPR_violation_council_contracted_external_service_August_18_2020_but_failed_to_appoint_and_notify_DPO_AEPD_issued_warning_and_ordered_DPO_appointment_within_2_months_citing_public_body_rules_under_LOPDGDD_Article_77_allowing_non_monetary_sanctions
4120,q67_text_Answer_68_Claimant_alleged_Niantic_violated_GDPR_by_sharing_location_data_with_players_using_GPS_spoofing_Spanish_DPA_investigated_and_archived_the_case_finding_Niantic_obtained_proper_consent_and_had_mechanisms_to_address_cheating_with_no_GDPR_violations_identified
4121,q67_text_Answer_68_Banco_Cetelem_processed_complainant_s_bank_account_data_without_lawful_basis_charged_debts_to_wrong_account_over_multiple_months_failed_to_fully_erase_data_after_request_and_transferred_data_to_third_party_Fined_150_000_for_Article_6_and_17_violations_with_compliance_order_to_rectify_processing_within_3_months
4122,q67_text_Answer_68_Law_firm_LVCENTVM_LEGAL_S_L_obtained_personal_data_via_court_order_for_IP_infringement_claims_but_failed_to_fully_inform_data_subjects_per_Article_14_GDPR_DPA_issued_a_warning_considering_SME_status_and_remediation
4123,q67_text_Answer_68_Orange_Espa_a_processed_claimant_s_phone_line_portability_without_verifying_identity_enabling_fraud_leading_to_unauthorized_bank_transfers_AEPD_found_Article_6_violation_imposed_30_000_fine_after_reductions_for_acknowledgment_and_payment
4124,q67_text_Answer_68_AMEX_sent_4M_marketing_emails_without_consent_over_12_months_misclassifying_them_as_servicing_ICO_fined_90k_for_PECR_breach_citing_negligence_and_financial_benefit_with_mitigation_for_corrective_actions
4125,q67_text_Answer_68_Romanian_DPA_investigated_TAROM_airline_after_breach_notification_found_Article_32_GDPR_violations_for_inadequate_measures_allowing_unauthorized_employee_access_to_five_passengers_data_causing_confidentiality_loss_and_disclosure_Imposed_5_000_EUR_fine_and_ordered_review_update_of_measures_procedures_and_employee_training
4126,q67_text_Answer_68_Spanish_DPA_fined_AD735_DATA_MEDIA_ADVERTISING_S_L_15_000_for_failing_to_delete_complainant_s_data_after_erasure_request_under_GDPR_Article_17_and_sending_unsolicited_advertising_emails_without_consent_under_LSSI_Article_21_citing_lack_of_diligence_and_intentionality_as_aggravating_factors
4127,q67_text_Answer_68_Spanish_DPA_dismissed_complaint_against_local_police_for_photographing_ID_during_COVID_19_perimeter_control_finding_the_action_justified_under_public_security_laws_and_compliant_with_GDPR_security_requirements_using_official_equipment_with_subsequent_deletion
4128,q67_text_Answer_68_Spanish_DPA_archived_case_against_Cacabelos_City_Council_for_unauthorized_access_to_municipal_registry_data_by_a_council_member_in_early_2019_finding_security_violations_under_Article_5_1_f_GDPR_but_dismissing_due_to_statute_of_limitations_expiring_before_procedure_initiation
4129,q67_text_Answer_68_Spanish_DPA_archived_case_against_AUTOMOVILES_FERSAN_S_A_after_finding_no_GDPR_violation_defendant_used_claimant_s_data_legitimately_under_contract_basis_for_vehicle_purchase_where_claimant_was_co_owner_not_as_unauthorized_guarantor
4130,q67_text_Answer_68_Slovenian_Information_Commissioner_issued_non_binding_opinion_regarding_municipality_s_refusal_to_disclose_objectors_signatures_in_land_sale_process_confirmed_signatures_are_personal_data_but_did_not_assess_legality_of_processing_due_to_lack_of_inspection_procedure
4131,q67_text_Answer_68_Slovenian_Information_Commissioner_issued_non_binding_opinion_on_employer_processing_of_employee_sick_leave_data_confirming_Article_6_1_c_legal_basis_under_national_employment_law_for_limited_information_movement_regimen_absence_duration_but_not_medical_diagnosis_with_reference_to_existing_guidelines
4132,q67_text_Answer_68_Romanian_DPA_fined_Sector_1_of_Bucharest_Municipality_10_000_lei_approx_2_000_EUR_for_failing_to_respond_to_information_requests_and_comply_with_a_remedial_order_violating_Article_58_1_a_and_e_GDPR_due_to_non_cooperation_during_an_investigation_into_a_local_energy_program_s_data_handling
4133,q67_text_Answer_68_Orange_Romania_SA_fined_40_000_EUR_for_GDPR_violations_failed_to_properly_handle_data_erasure_requests_Art_12_17_and_excessively_collected_stored_personal_data_including_identity_documents_beyond_necessity_Art_5_6_7_Corrective_measures_included_immediate_data_deletion_and_compliance_improvements
4134,q67_text_Answer_68_Romanian_DPA_fined_S_C_Type_Top_Food_Industry_5000_EUR_for_excessive_video_surveillance_of_employees_in_locker_rooms_and_dining_area_under_theft_prevention_purpose_violated_data_minimization_and_accountability_principles_consent_invalid_due_to_employer_power_imbalance_no_other_legal_basis_ordered_compliance_measures_to_limit_camera_angles_and_ensure_data_minimization
4135,q67_text_Answer_68_Romanian_DPA_fined_Modaone_SRL_2000_EUR_for_violating_Articles_12_and_13_by_failing_to_provide_complete_data_processing_information_and_imposing_excessive_conditions_for_rights_exercise_with_corrective_orders_to_obtain_consent_for_marketing_and_update_website_terms
4136,q67_text_Answer_68_Romanian_DPA_fined_BCR_5000_EUR_for_Article_32_security_violations_inadequate_measures_led_to_employee_using_personal_phone_and_WhatsApp_to_collect_and_transmit_customer_ID_copies_including_minors_data
4137,q67_text_Answer_68_Romanian_DPA_fined_AG_BROKER_ASIGURARE_S_R_L_5_000_EUR_for_Article_32_security_violation_after_a_cyber_attack_exposed_customer_personal_data_due_to_inadequate_network_storage_access_controls
4138,q67_text_Answer_68_Raiffeisen_Bank_S_A_fined_20_000_for_GDPR_Article_32_security_violations_after_employees_illegally_accessed_and_disclosed_customer_data_over_years_leading_to_financial_harm_corrective_orders_include_implementing_procedural_plans_and_employee_training
4139,q67_text_Answer_68_Polish_DPA_UODO_investigated_telecom_firm_V_M_P_Sp_z_o_o_after_self_reported_Dec_2019_breach_where_vulnerability_in_prepaid_registration_system_allowed_unauthorized_access_to_114_963_subscribers_data_names_PESEL_IDs_phone_numbers_Violations_of_Arts_5_1_f_5_2_25_1_32_1_b_d_32_2_due_to_inadequate_security_measures_lack_of_regular_testing_evaluation_superficial_risk_analysis_and_failure_to_verify_system_validation_enabling_external_cyber_attack_Imposed_460_000_EUR_fine_for_gross_negligence_and_high_risk_to_data_subjects_mitigated_by_cooperation_notifications_and_post_breach_ISO_27001_27701_certifications_with_system_fixes
4140,q67_text_Answer_68_BBVA_bank_employee_erroneously_attached_a_third_party_s_account_contract_to_a_customer_via_app_chat_exposing_personal_data_Spanish_DPA_found_violations_of_GDPR_Articles_5_1_f_and_32_imposing_a_80_000_fine_reduced_to_48_000_due_to_voluntary_payment_and_acknowledgment_of_responsibility_Case_terminated_upon_payment
4141,q67_text_Answer_68_AEPD_initiated_sanctioning_procedure_based_on_Torrevieja_Municipal_Police_inspection_of_UNIQUE_HOTEL_APARTMENT_S_L_on_15_05_2023_revealing_scanned_client_DNI_documents_in_registration_book_without_numerical_annotations_or_reporting_to_security_forces_Violation_of_GDPR_Article_5_1_c_data_minimisation_confirmed_as_full_ID_scans_exceed_requirements_under_Organic_Law_4_2015_and_Order_INT_1922_2003_for_traveler_registration_Fine_of_2000_EUR_imposed_under_Article_83_5_entity_ordered_to_adapt_client_data_management_within_one_month
4142,q67_text_Guidelines_5_2020
4143,q52_text_The_fine_was_reduced_by_40_due_to_voluntary_payment_and_recognition_of_responsibility_Initial_fines_were_13_000_for_data_minimization_violation_and_7_000_for_information_obligation_violation_totaling_20_000_before_reductions_The_defendant_s_SME_status_and_cooperation_were_considered
4144,q52_text_The_fine_was_set_at_25_000_considering_the_charity_s_financial_situation_the_nature_of_the_data_breach_involving_vulnerable_individuals_the_duration_of_the_violation_and_the_prompt_remedial_actions_taken_by_Mermaids_The_Commissioner_balanced_the_need_for_a_deterrent_effect_with_the_charity_s_ability_to_continue_operations
4145,q52_text_The_fine_was_set_at_SEK_35_million_considering_the_violation_s_severity_duration_and_sensitive_data_involved_but_reduced_due_to_proportionality_focusing_on_the_branch_s_specific_turnover_rather_than_the_full_parent_company_turnover
4146,q52_text_The_fine_was_set_at_SEK_3_5_million_based_on_the_gravity_and_duration_of_the_violations_the_large_scale_of_processing_sensitive_health_data_and_the_defendant_s_prior_infringement_history_The_amount_is_below_the_statutory_cap_but_deemed_effective_and_proportionate
4147,q52_text_The_fine_was_reduced_to_500_due_to_mitigating_factors_no_prior_infringements_full_recognition_and_remediation_of_the_violation_cooperation_with_the_authority_measures_taken_to_mitigate_harm_including_apologies_and_the_exceptional_context_of_the_COVID_19_pandemic_preventing_a_regular_meeting
4148,q52_text_The_fine_was_reduced_from_2000_to_1600_due_to_voluntary_payment_aggravating_factors_included_intentionality_and_duration_while_mitigation_included_proactive_compliance_efforts
4149,q52_text_The_fine_was_reduced_from_600_000_to_500_000_considering_the_Cabinet_Office_s_cooperation_mitigation_actions_and_the_short_duration_of_the_breach_but_remained_significant_due_to_the_serious_nature_of_the_security_failures_and_the_need_for_deterrence_given_the_defendant_s_resources_and_profile
4150,q52_text_The_fine_was_initially_set_at_70_000_based_on_the_nature_and_gravity_of_the_breach_involving_health_data_then_reduced_by_40_to_42_000_due_to_the_defendant_s_acknowledgment_of_liability_and_voluntary_payment_with_cooperation_and_mitigation_actions_considered
4151,q52_text_The_fine_was_set_at_25_000_considering_aggravating_factors_nature_and_gravity_of_the_security_breach_negligence_involvement_of_minors_data_and_the_defendant_s_large_business_volume_No_mitigating_factors_were_applied
4152,q52_text_The_fine_was_initially_set_at_40_000_for_non_compliance_with_a_prior_resolution_It_was_reduced_to_24_000_due_to_the_defendant_s_recognition_of_responsibility_and_voluntary_payment_applying_cumulative_20_reductions
4153,q52_text_The_fine_was_initially_set_at_120_000_for_two_violations_but_reduced_to_72_000_due_to_the_defendant_s_recognition_of_responsibility_and_voluntary_payment_considering_SME_status_and_cooperation
4154,q52_text_The_fine_was_initially_set_at_1_5M_based_on_the_severity_and_duration_of_the_breach_but_reduced_to_1_25M_due_to_COVID_19_financial_impact_considerations_Factors_included_negligence_high_number_of_affected_data_subjects_and_sensitive_data_involved_mitigated_by_cooperation_and_remedial_actions
4155,q52_text_The_fine_was_initially_proposed_at_5_000_for_LSSI_violations_reduced_to_3_000_due_to_voluntary_payment_and_acknowledgment_of_responsibility_terminating_the_procedure
4156,q52_text_The_fine_was_initially_proposed_at_1_500_but_reduced_to_900_due_to_the_defendant_s_acknowledgment_of_responsibility_and_voluntary_payment_considering_it_a_small_family_business_with_prior_cooperation_and_no_previous_sanctions
4157,q52_text_The_fine_was_imposed_for_violation_of_Article_32_due_to_inadequate_security_measures_against_cyber_attack_resulting_in_unauthorized_data_disclosure
4158,q52_text_The_fine_was_set_at_20_000_reduced_to_16_000_for_voluntary_payment_Aggravating_factors_included_nature_gravity_affecting_500_employees_negligence_in_not_conducting_DPIA_and_lack_of_organizational_measures_No_mitigating_factors_were_applied
4159,q52_text_The_fine_was_set_at_3_000_based_on_aggravating_factors_number_affected_duration_and_mitigating_factors_lack_of_intent_security_measures_A_40_reduction_was_applied_for_acknowledgment_of_responsibility_and_voluntary_payment_resulting_in_1_800_paid
4160,q67_text_ARTICLE_29_Guidelines_on_Data_Protection_Impact_Assessment_DPIA_wp248rev_01
4161,q52_text_The_total_fine_of_12_000_was_imposed_for_three_violations_2_000_for_Article_13_GDPR_breach_inadequate_privacy_policy_information_5_000_for_Article_5_1_a_GDPR_breach_dark_patterns_affecting_lawfulness_and_fairness_and_5_000_for_LSSI_Article_22_2_breach_cookie_policy_deficiencies_Aggravating_factors_included_the_nature_gravity_and_duration_of_the_violations_and_intentionality_or_negligence
4162,q52_lang_UNKNOWN
4163,q52_lang_ENGLISH_LIKELY
4164,q52_text_Warning_issued_instead_of_fine_due_to_immediate_removal_no_prior_sanctions_no_intent_to_harm_and_full_cooperation_Violation_was_minor_and_quickly_corrected
4165,q52_text_Warning_imposed_due_to_public_sector_body_status_under_LOPDGDD_Article_77_violations_of_Articles_5_1_f_25_32_and_34_GDPR_aggravating_factor_from_previous_similar_infringements
4166,q52_text_UNCLEAR
4167,q52_text_Total_fine_of_40_000_EUR_imposed_for_violations_of_Articles_5_6_7_and_12_17_split_equally_between_two_infringement_categories_aggravating_factors_included_nature_gravity_duration_and_negligence_no_mitigating_factors_mentioned
4168,q52_text_The_proposed_fine_was_10_000_EUR_for_a_minor_infringement_under_LGT_related_to_Article_21_GDPR_Reductions_of_20_for_acknowledgment_of_responsibility_and_another_20_for_voluntary_payment_resulted_in_6_000_EUR_The_amount_considered_the_economic_situation_but_no_specific_factors_beyond_procedure_termination
4169,q52_text_The_fine_was_set_at_5_000_initially_reduced_to_3_000_due_to_voluntary_payment_and_acknowledgment_of_responsibility_considering_aggravating_factors_like_lack_of_cooperation_and_mitigating_factors_like_internal_measures_taken
4170,q52_text_The_procedure_was_initiated_for_violation_of_Article_5_1_b_GDPR_on_storage_limitation_Aggravating_factor_was_the_long_duration_of_over_16_years_No_fine_details_provided_as_procedure_terminated_voluntarily
4171,q52_text_The_penalty_was_initially_calculated_at_36_750_based_on_seriousness_and_turnover_adjustment_but_reduced_to_18_000_due_to_financial_hardship_considerations_The_infringements_involved_high_risk_processing_of_sensitive_data_with_negligent_security_failures_and_a_29_month_breach_notification_delay
4172,q52_text_The_initial_proposed_fine_was_10_000_reduced_to_8_000_due_to_voluntary_payment_The_DPA_considered_the_duration_of_the_violation_as_aggravating_but_noted_the_defendant_s_cooperation_and_eventual_compliance_as_mitigating_factors
4173,q52_text_The_initial_proposed_fine_was_1_500_reduced_to_1_200_due_to_voluntary_payment_the_reduction_was_applied_for_ceasing_the_offending_activity_and_cooperation_though_no_acknowledgment_of_liability_was_made
4174,q52_text_The_infringement_was_minor_and_corrected_post_complaint_a_reprimand_was_issued_instead_of_a_fine_due_to_negligence_lack_of_intent_cooperation_and_remedial_actions_taken_considering_it_a_one_off_error_without_similar_records
4175,q52_text_The_infringement_was_considered_minor_due_to_negligence_affecting_only_one_person_no_sensitive_data_involved_immediate_mitigation_actions_taken_and_no_previous_infringements_A_reprimand_was_issued_instead_of_a_fine
4176,q67_text_Answer_68_Spanish_DPA_fined_B_B_B_9000_for_publishing_claimant_s_photos_without_consent_Article_6_violation_and_inadequate_privacy_policy_Article_13_violation_Defendant_failed_to_respond_to_claims_or_provide_required_information
4177,q67_text_Answer_68_Spanish_DPA_fined_CANARYCLICK_CONSULTING_SL_8_000_for_LSSI_cookie_violations_on_four_websites_lacking_proper_consent_mechanisms_and_imposed_warning_for_GDPR_Article_7_violation_due_to_generic_consent_collection_for_commercial_purposes_unrelated_to_contract_Defendant_required_to_comply_within_one_month
4178,q67_text_Answer_68_Spanish_DPA_fined_CASER_24_000_for_modifying_insurance_policy_data_without_legal_basis_after_complaint_defendant_acknowledged_responsibility_and_paid_voluntarily_terminating_the_procedure
4179,q67_text_EDPB_Guidelines_4_2019_on_Article_25
4180,q67_text_EDPB_Opinion_04_2024_Guidelines_for_identifying_a_controller_or_processor_s_lead_supervisory_authority
4181,q67_text_EDPB_Guidelines_on_dark_patterns_in_social_media_interfaces
4182,q67_text_EDPB_Guidelines_on_administrative_fines_calculation_04_2022_v2_1_2017_guidelines
4183,q67_text_EDPB_Guidelines_on_Data_Protection_Impact_Assessment_Article_29_Working_Party_Opinion_3_2012_on_biometric_technologies
4184,q67_text_EDPB_Guidelines_No_4_2019_on_Article_25_Data_protection_by_design_and_by_default
4185,q67_text_EDPB_Guidelines_4_2019_on_Article_25_Data_Protection_by_Design_and_by_Default_EDPB_Guidelines_04_2022_on_calculation_of_administrative_fines
4186,q67_text_EDPB_Guidelines_07_2020_on_the_concepts_of_controller_and_processor_in_the_GDPR
4187,q67_text_EDPB_Recommendations_01_2020_on_measures_to_complement_transfer_tools
4188,q67_text_EDPB_Guidelines_07_2020_on_controller_and_processor_concepts_EDPB_Guidelines_05_2022_on_facial_recognition_in_law_enforcement
4189,q67_text_EDPB_Guidelines_05_2022_on_facial_recognition_EDPB_Guidelines_3_2019_on_video_devices
4190,q67_text_EDPB_Guidelines_05_2020_on_consent_EDPB_Guidelines_03_2022_on_misleading_design_patterns_Cookie_Banner_Taskforce_report
4191,q67_text_EDPB_Guidelines_05_2020_on_consent
4192,q67_text_EDPB_Guidelines_04_2022_on_calculation_of_fines
4193,q67_text_EDPB_Guidelines_01_2022_on_data_subject_rights_Right_of_access
4194,q67_text_EDPB_Opinion_on_Anonymization_Techniques_and_Methods
4195,q67_text_EDPB_Recommendations_01_2020_on_supplementary_measures_for_data_transfers
4196,q67_text_Answer_68_Spanish_DPA_fined_FOURTH_PARTY_LOGISTICS_72_000_for_GDPR_Article_28_violations_subcontracting_without_proper_contracts_and_authorizations_as_a_processor_reduced_due_to_cooperation_and_voluntary_payment
4197,q67_text_Guide_on_Cookies
4198,q67_text_Guidelines_3_2019_on_processing_of_personal_data_through_video_devices
4199,q67_text_Guidelines_2_2019_on_the_processing_of_personal_data_under_Article_6_1_b_GDPR
4200,q67_text_Guidelines_07_2020_on_concepts_of_data_controller_and_processor
4201,q67_text_Guidelines_07_2020_on_concepts_of_controller_and_processor
4202,q67_text_Guidelines_05_2020_on_consent_under_Regulation_2016_679
4203,q67_text_Guidelines_05_2020_on_consent
4204,q67_text_EDPB_guidelines_on_special_category_data_and_legitimate_interests
4205,q67_text_EDPB_Statement_No_04_2021_Guidelines_No_2_2020_on_Articles_46_2_a_46_3_b
4206,q67_text_EDPB_guidelines_on_impact_assessment_WP248_rev_01
4207,q67_text_EDPB_guidelines_on_consent_transparency_and_children_s_data_protection_referenced_implicitly_through_GDPR_articles
4208,q67_text_EDPB_guidelines_on_consent_as_a_legal_basis_for_processing_personal_data_in_employment_relationships
4209,q67_text_EDPB_guidelines_not_referenced_ICO_guidance_and_industry_standards_ISO27000_NIST_NCSC_cited
4210,q67_text_EDPB_guidelines_04_2022_on_calculation_of_administrative_fines
4211,q67_text_EDPB_guidelines_01_2022_on_the_right_of_access
4212,q67_text_CNS_opinion_63_2018
4213,q67_text_CJEU_judgment_of_13_May_2014_Google_Spain
4214,q67_text_CJEU_Judgment_of_May_13_2014
4215,q67_text_Answer_68_Spanish_DPA_fined_a_gym_chain_3_000_for_failing_to_provide_adequate_information_to_data_subjects_under_Article_13_GDPR_after_repeated_complaints_and_delayed_compliance_the_defendant_acknowledged_responsibility_and_paid_voluntarily
4216,q67_text_Answer_68_Spanish_restaurant_added_complainant_s_phone_number_to_promotional_WhatsApp_group_without_consent_DPA_found_violation_of_Article_6_1_GDPR_lawfulness_imposed_500_fine_due_to_seriousness_lack_of_cooperation_and_no_lawful_basis
4217,q67_text_Answer_68_Spanish_law_firm_LOSADA_ADVOCATS_S_L_sent_email_without_blind_copy_exposing_recipients_email_addresses_AEPD_found_violations_of_Article_5_1_f_and_Article_32_GDPR_Defendant_paid_reduced_6_000_fine_voluntarily_accepting_responsibility_Case_terminated
4218,q67_text_Answer_68_Spanish_dental_clinic_failed_to_respond_to_patient_s_GDPR_access_request_for_medical_records_AEPD_ordered_compliance_within_10_days_citing_violation_of_Article_15_and_security_accountability_principles_with_no_fine_issued
4219,q67_text_Answer_68_Spanish_DPA_sanctioned_ATPSA_for_emailing_electoral_roll_with_personal_data_to_multiple_recipients_without_security_violating_GDPR_Article_5_1_f_no_fine_imposed_only_reprimand_and_compliance_orders_due_to_lack_of_cooperation_and_initial_procedural_closure_overturned_on_appeal
4220,q67_text_Answer_68_Spanish_DPA_received_complaint_against_Facebook_Ireland_for_unauthorized_profile_creation_with_incorrect_data_Arts_6_17_GDPR_Case_transferred_to_Irish_DPC_as_lead_authority_Facebook_deleted_the_webpage_amicably_Claimant_did_not_respond_to_resolution_notification_Case_filed_without_fine
4221,q67_text_Answer_68_Spanish_DPA_issued_warning_and_compliance_order_to_natural_person_website_owner_for_LSSI_cookie_violations_inadequate_first_layer_banner_information_and_missing_cookie_rejection_mechanism_based_on_complaint_about_wedding_event_company_s_website_No_GDPR_fines_imposed
4222,q67_text_Answer_68_Spanish_DPA_fined_XFERA_M_VILES_3_000_for_sending_unsolicited_commercial_SMS_to_a_customer_who_had_objected_violating_LSSI_Article_21_case_terminated_after_voluntary_payment_and_acknowledgment
4223,q67_text_CJEU_Case_C_101_01_Lindqvist
4224,q67_text_Answer_68_Spanish_DPA_fined_TOUR_PEOPLE_MAX_S_L_1_200_for_making_an_unsolicited_commercial_call_to_a_Robinson_list_registrant_without_consent_violating_GDPR_Article_21_the_company_paid_voluntarily_terminating_the_procedure
4225,q67_text_Answer_68_Spanish_DPA_fined_JUST_LANDED_S_L_3_000_for_LSSI_cookie_violations_no_consent_mechanism_and_issued_warning_for_GDPR_Article_13_violation_English_only_privacy_policy_Compliance_orders_required_Spanish_translation_and_proper_cookie_consent_within_one_month
4226,q67_text_Answer_68_Spanish_DPA_fined_JOKER_PREMIUM_INVEX_6_000_for_processing_personal_data_without_legal_basis_in_advertising_campaign_defendant_acknowledged_responsibility_cooperated_deleted_data_and_paid_voluntarily
4227,q67_text_Answer_68_Spanish_DPA_fined_INDECEMI_5_000_total_for_GDPR_security_breaches_3_000_for_Article_5_1_f_violation_confidentiality_principle_and_2_000_for_Article_32_violation_inadequate_security_measures_after_emailing_claimant_s_personal_data_to_wrong_recipient_affecting_two_individuals_defendant_did_not_cooperate_during_investigation
4228,q67_text_Answer_68_Spanish_DPA_fined_HIGHCLIFFE_ESTATES_MARBELLA_8_000_for_publishing_personal_data_without_legal_basis_Article_6_1_GDPR_and_issued_warning_for_outdated_privacy_policy_referencing_repealed_law_Article_13_Violations_discovered_via_complaint_Defendant_failed_to_cooperate_or_respond_to_proceedings
4229,q67_text_Answer_68_Spanish_DPA_fined_HAZTEOIR_ORG_4_000_for_publishing_brochure_with_names_photos_of_three_individuals_without_legal_basis_under_Article_6_GDPR_Defendant_removed_data_promptly_but_denied_responsibility_fine_reduced_via_voluntary_payment_procedure_Violation_involved_lack_of_transparency_and_lawful_processing_justification
4230,q67_text_Answer_68_Swedish_DPA_fined_Sahlgrenska_University_Hospital_SEK_3_5M_for_failing_to_conduct_needs_and_risk_analyses_before_granting_system_access_permissions_and_not_restricting_user_access_to_necessary_data_only_violating_Articles_5_1_f_5_2_and_32_of_GDPR_with_aggravating_factors_including_prior_infringement_and_large_scale_of_sensitive_health_data_processing
4231,q67_text_Answer_68_Telef_nica_Espa_a_processed_complainant_s_phone_data_without_legal_basis_for_internal_testing_campaigns_resulting_in_247_nuisance_calls_DPA_imposed_75_000_fine_reduced_to_45_000_via_voluntary_payment_and_acknowledgment_violation_of_Article_6_GDPR_due_to_lack_of_consent_or_other_lawful_basis
4232,q67_text_Answer_68_Telef_nica_M_viles_Espa_a_charged_invoices_to_a_non_customer_s_bank_account_without_legal_basis_violating_Article_6_1_GDPR_The_Spanish_DPA_imposed_a_75_000_fine_due_to_negligence_duration_and_processing_of_personal_banking_data
4233,q67_text_Answer_68_The_Madrid_Ministry_of_Health_failed_to_secure_its_COVID_19_vaccination_appointment_website_exposing_personal_data_due_to_a_programming_error_and_did_not_notify_the_DPA_of_the_breach_the_Spanish_DPA_issued_warnings_for_violations_of_GDPR_Articles_5_1_f_25_32_and_33_citing_inadequate_security_measures_and_breach_notification_failure
4234,q67_text_Answer_68_Two_Romanian_insurance_operators_fined_1500_EUR_and_1000_EUR_for_GDPR_Article_32_security_breaches_after_configuration_changes_to_web_apps_led_to_unauthorized_data_access_affecting_2_persons_each_DPA_cited_lack_of_testing_and_inadequate_measures_ordering_compliance_improvements
4235,q67_text_Answer_68_UK_ICO_fined_The_Money_Hive_Limited_50_000_for_sending_752_425_unsolicited_marketing_texts_without_valid_consent_over_6_months_bundling_consent_with_loan_applications_affecting_financially_vulnerable_individuals
4236,q67_text_Answer_68_UK_charity_Mermaids_fined_25_000_for_GDPR_security_breach_internal_email_group_with_personal_data_of_550_individuals_including_children_and_special_category_health_data_was_publicly_accessible_via_search_engines_from_May_2018_to_June_2019_due_to_inadequate_security_settings_DPA_found_negligent_organizational_failures_but_noted_prompt_cooperation_and_remediation
4237,q67_text_Answer_68_UK_law_firm_breached_Article_32_security_requirements_when_external_threat_actor_accessed_cloud_server_via_compromised_credentials_exposing_8_234_subjects_sensitive_criminal_special_category_data_ICO_issued_reprimand_due_to_lack_of_MFA_and_inadequate_organizational_measures_but_no_fine_imposed_considering_remedial_actions_taken
4238,q67_text_Answer_68_Uppsala_Region_sent_sensitive_patient_data_unencrypted_via_email_internally_from_May_2018_to_May_2019_violating_Article_32_GDPR_security_requirements_fined_SEK_300_000_due_to_systematic_handling_high_data_sensitivity_and_internal_policy_breach_mitigated_by_encrypted_transmission_and_immediate_cessation
4239,q67_text_Answer_68_Vodafone_Espa_a_sent_electronic_invoice_notifications_to_former_customer_without_legal_basis_after_multiple_data_deletion_requests_and_prior_sanctions_violating_Article_6_1_GDPR_DPA_initiated_procedure_based_on_complaint_set_200_000_fine_reduced_to_120_000_due_to_voluntary_payment_and_responsibility_recognition_terminating_the_case
4240,q67_text_Answer_68_Vodafone_Romania_fined_1500_EUR_for_GDPR_Article_32_security_violations_due_to_inadequate_measures_causing_unauthorized_data_access_for_70_individuals_over_months_initiated_via_breach_notifications
4241,q67_text_Answer_68_Vodafone_Spain_processed_personal_data_without_legal_basis_after_fraudulent_mobile_line_contracts_using_claimant_s_identity_DPA_found_Article_6_1_violation_due_to_lack_of_diligence_in_identity_verification_50_000_fine_reduced_to_40_000_via_voluntary_payment
4242,q67_text_Article_29_Working_Group_Opinion_06_2014
4243,q67_text_Article_29_Working_Party_Guidelines_on_administrative_fines
4244,q67_text_Article_29_Working_Party_Opinion_06_2014_on_legitimate_interests
4245,q67_text_Article_29_Working_Party_guidelines_on_application_and_determination_of_administrative_fines_2017
4246,q67_text_C_487_21
4247,q68_text_Slovenian_DPA_issued_a_non_binding_opinion_in_response_to_a_complaint_about_online_publication_of_a_self_employed_cultural_worker_s_data_concluding_that_such_data_are_not_protected_under_GDPR_as_they_constitute_business_entity_information_under_national_law_based_on_constitutional_case_law_and_specific_acts
4248,q68_text_Slovenian_Information_Commissioner_issued_a_non_binding_opinion_clarifying_jurisdictional_roles_for_drone_regulation_IP_monitors_GDPR_compliance_and_impact_assessments_Civil_Aviation_Agency_handles_flight_safety_with_no_enforcement_actions_or_violations_discussed
4249,raw_q3_2022_03_28
4250,raw_q1_ISO_3166_1_ALPHA_2_GB
4251,raw_q1_ISO_3166_1_ALPHA_2_SK
4252,raw_q1_ISO_3166_1_ALPHA_2_SI
4253,raw_q1_ISO_3166_1_ALPHA_2_SE
4254,raw_q1_ISO_3166_1_ALPHA_2_RO
4255,raw_q1_ISO_3166_1_ALPHA_2_PT
4256,raw_q1_ISO_3166_1_ALPHA_2_PL
4257,raw_q1_ES
4258,raw_q1_ISO_3166_1_ALPHA_2_UNCLEAR
4259,art34_notification_required_note_direct
4260,art34_notification_required_note_MISSING
4261,art34_notification_required_YES_REQUIRED
4262,art34_notification_required_NO_NOT_REQUIRED
4263,art34_notification_required_NOT_MENTIONED
4264,art34_notification_required_NOT_APPLICABLE
4265,raw_q1_ISO_3166_1_ALPHA_2_UK
4266,raw_q1_ISO_3166_1_ALPHA_2_GB_1
4267,art34_notification_required_DISPUTED_REQUIREMENT
4268,raw_q2_Autoritatea_Na_ional_de_Supraveghere_a_Prelucr_rii_Datelor_cu_Caracter_Personal_ANSPDCP
4269,raw_q2_Information_Commissioner
4270,raw_q2_Informacijski_poobla_enec
4271,raw_q2_Datainspektionen
4272,raw_q2_Council_for_Transparency_and_Protection_of_Data_of_Andalusia
4273,raw_q2_Comiss_o_Nacional_de_Prote_o_de_Dados
4274,raw_q2_Catalan_Data_Protection_Authority
4275,raw_q2_Autoritatea_Na_ional_de_Supraveghere_a_Prelucr_rii_Datelor_cu_Caracter_Personal
4276,raw_q1_ISO_3166_1_ALPHA_2_SE_1
4277,raw_q2_Agencia_Espa_ola_de_Protecci_n_de_Datos
4278,raw_q2_ANSPDCP
4279,raw_q2_A_N_S_P_D_C_P_1
4280,raw_q2_A_N_S_P_D_C_P
4281,raw_q1_MISSING
4282,raw_q1_ISO_3166_1_ALPHA_2_UNCLEAR_1
4283,art34_notification_required_MISSING
4284,data_subjects_notified_note_direct
4285,raw_q2_Information_Commissioner_Slovenia
4286,art33_notification_submitted_YES_SUBMITTED
4287,art33_notification_timeliness_NO_LATE
4288,art33_notification_timeliness_NOT_MENTIONED
4289,art33_notification_timeliness_NOT_APPLICABLE
4290,art33_notification_timeliness_MISSING
4291,art33_notification_submitted_note_direct
4292,art33_notification_submitted_note_MISSING
4293,art33_notification_submitted_NO_NOT_SUBMITTED
4294,art33_notification_timeliness_YES_WITHIN_72H
4295,art33_notification_submitted_NOT_MENTIONED
4296,art33_notification_submitted_NOT_APPLICABLE
4297,art33_notification_submitted_MISSING
4298,art33_notification_required_note_direct
4299,art33_notification_required_note_MISSING
4300,art33_notification_required_YES_REQUIRED
4301,art33_notification_timeliness_UNCLEAR
4302,art33_notification_timeliness_note_MISSING
4303,data_subjects_notified_note_MISSING
4304,art33_notification_delay_band_note_direct
4305,data_subjects_notified_YES_NOTIFIED
4306,data_subjects_notified_PARTIALLY_NOTIFIED
4307,data_subjects_notified_NO_NOT_NOTIFIED
4308,data_subjects_notified_NOT_MENTIONED
4309,data_subjects_notified_NOT_APPLICABLE
4310,data_subjects_notified_MISSING
4311,art33_notification_delay_band_note_MISSING
4312,art33_notification_timeliness_note_direct
4313,art33_notification_delay_band_OVER_6_MONTHS
4314,art33_notification_delay_band_NOT_MENTIONED
4315,art33_notification_delay_band_NOT_APPLICABLE
4316,art33_notification_delay_band_MISSING
4317,art33_notification_delay_band_1_TO_6_MONTHS
4318,art33_notification_delay_band_1_TO_4_WEEKS
4319,raw_q2_Information_Commissioner_IP
4320,raw_q2_Information_Commissioner_of_the_Republic_of_Slovenia
4321,q68_text_Slovenian_Information_Commissioner_issued_non_binding_opinion_on_mandatory_employee_video_recording_for_client_greeting_cards_Opinion_states_processing_requires_valid_consent_under_Article_6_1_a_but_consent_is_unlikely_valid_due_to_employment_power_imbalance_and_mandatory_nature_References_EDPB_guidelines_on_consent_in_employment_contexts
4322,raw_q3_2021_01_22
4323,raw_q3_2021_05_17
4324,raw_q3_2021_04_27
4325,raw_q3_2021_04_06
4326,raw_q3_2021_03_31
4327,raw_q3_2021_03_25
4328,raw_q3_2021_03_21
4329,raw_q3_2020_12_14
4330,raw_q3_2021_06_09
4331,raw_q3_2020_12_03
4332,raw_q3_2020_12_02
4333,raw_q3_2020_11_26
4334,raw_q3_2020_11_23
4335,raw_q3_2020_11_20
4336,raw_q3_2020_11_13
4337,raw_q3_2021_05_21
4338,raw_q3_2021_07_05
4339,raw_q3_2020_08_12
4340,raw_q3_2021_12_13
4341,raw_q3_2022_02_28
4342,raw_q3_2022_02_24
4343,raw_q3_2022_02_22
4344,raw_q3_2022_02_14
4345,raw_q3_2022_01_26
4346,raw_q3_2022_01_07
4347,raw_q3_2021_12_01
4348,raw_q3_2021_10_04
4349,raw_q3_2021_11_20
4350,raw_q3_2021_11_15
4351,raw_q3_2021_11_13
4352,raw_q3_2021_11_11
4353,raw_q3_2021_10_26
4354,raw_q3_2021_10_14
4355,raw_q3_2020_11_04
4356,raw_q3_2020_07_16
4357,raw_q2_Information_Commissioner_s_Office
4358,raw_q2_National_Supervisory_Authority_for_the_Processing_of_Personal_Data
4359,raw_q2_Spanish_Agency_for_Data_Protection
4360,raw_q2_STRING
4361,raw_q2_Romanian_Supervisory_Authority
4362,raw_q2_President_of_the_Personal_Data_Protection_Office
4363,raw_q2_President_of_the_Office_for_Personal_Data_Protection
4364,raw_q2_Office_for_the_Protection_of_Personal_Data_of_the_Slovak_Republic
4365,raw_q2_National_Supervisory_Authority_for_Personal_Data_Processing
4366,raw_q2_Spanish_Data_Protection_Agency_AEPD
4367,raw_q2_National_Supervisory_Authority
4368,raw_q2_NOT_DISCUSSED
4369,raw_q2_MISSING
4370,raw_q2_Integrity_Protection_Authority
4371,raw_q2_Integritetsskyddsmyndigheten_IMY
4372,raw_q2_Integritetsskyddsmyndigheten
4373,raw_q2_Spanish_Data_Protection_Agency
4374,raw_q2_Swedish_Authority_for_Privacy_Protection
4375,raw_q3_2020_07_06
4376,raw_q3_2020_02_14
4377,raw_q3_2020_06_30
4378,raw_q3_2020_06_10
4379,raw_q3_2020_04_22
4380,raw_q3_2020_04_14
4381,raw_q3_2020_03_20
4382,raw_q3_2020_02_25
4383,raw_q3_2019_10_29
4384,raw_q2_Swedish_Authority_for_Privacy_Protection_IMY
4385,raw_q2_UNCLEAR
4386,raw_q2_The_National_Supervisory_Authority_for_the_Processing_of_Personal_Data
4387,raw_q2_The_National_Supervisory_Authority_for_Personal_Data_Processing
4388,raw_q2_The_National_Supervisory_Authority
4389,raw_q2_The_Information_Commissioner
4390,raw_q2_Swedish_Data_Protection_Authority
4391,art33_notification_required_NOT_MENTIONED
4392,art33_notification_required_MISSING
4393,schema_echo_fields_Q12_Q7
4394,q68_text_Spanish_DPA_fined_XFERA_M_VILES_24_000_for_failing_to_comply_with_a_prior_resolution_ordering_response_to_a_data_subject_s_access_request_after_the_defendant_recognized_responsibility_and_made_voluntary_payment
4395,q68_text_Spanish_DPA_fined_company_4_000_for_failing_to_respond_to_information_requests_during_investigation_violating_Article_58_1_GDPR_ordered_compliance_within_10_days
4396,q68_text_Spanish_DPA_fined_beauty_center_1_000_for_LSSI_violation_sent_commercial_SMS_after_data_deletion_request_demonstrating_lack_of_diligence_in_data_management
4397,q68_text_Spanish_DPA_fined_a_property_owners_community_1_000_for_violating_GDPR_Article_5_1_f_by_publicly_displaying_meeting_minutes_with_residents_personal_data_names_addresses_debts_in_a_building_entrance_display_case_for_over_8_months_failing_to_ensure_confidentiality_The_defendant_did_not_cooperate_A_compliance_order_was_issued_to_remove_the_minutes_and_prevent_future_displays
4398,q68_text_Spanish_DPA_fined_a_plastic_surgery_clinic_2400_for_lacking_privacy_and_cookies_policies_on_its_website_violating_GDPR_Article_13_and_LSSI_Article_22_2_Defendant_paid_voluntarily_admitting_responsibility_leading_to_procedure_termination
4399,q68_text_Spanish_DPA_fined_a_medical_oncology_foundation_42_000_for_GDPR_Article_5_1_f_security_violation_after_a_cyberattack_breached_health_data_of_2_622_patients_the_defendant_acknowledged_liability_cooperated_and_implemented_post_breach_measures_leading_to_a_reduced_fine
4400,q68_text_Spanish_DPA_fined_a_hunters_association_3_000_for_GDPR_violations_disseminating_a_member_s_personal_data_via_WhatsApp_without_authorization_breaching_Article_5_1_f_confidentiality_and_lacking_adequate_security_measures_Article_32_No_cooperation_from_defendant
4401,q68_text_Spanish_DPA_fined_Telef_nica_75_000_for_unlawful_processing_under_Article_6_GDPR_A_phone_line_portability_was_executed_without_valid_consent_due_to_human_error_in_verification_procedures_causing_loss_of_service_to_the_data_subject_The_DPA_found_no_lawful_basis_for_processing_personal_data
4402,q68_text_Spanish_DPA_fined_energy_company_60_000_for_sending_a_contract_with_complainant_s_new_address_data_to_their_old_address_due_to_failure_to_update_records_violating_GDPR_accuracy_principle_company_paid_fine_and_acknowledged_responsibility
4403,q68_text_Spanish_DPA_fined_Suministrador_Ib_rico_de_Energ_a_70_000_for_processing_complainant_s_electricity_data_without_legal_basis_after_contract_withdrawal_violation_involved_unauthorized_January_2022_processing_despite_August_2021_cancellation_lacking_consent_or_contract_justification
4404,q68_text_Spanish_DPA_fined_Segurcaixa_Adeslas_300_000_for_sending_marketing_emails_without_legal_basis_to_a_complainant_on_the_Robinson_list_failing_to_respond_to_deletion_requests_under_Article_17_GDPR_and_lacking_proper_data_processing_agreements_with_insurance_agents_under_Article_28_GDPR_The_violations_were_continuous_and_negligent
4405,q68_text_Spanish_DPA_fined_SEAN_SERIOS_S_L_12_000_for_publishing_a_reordered_list_of_candidates_names_surnames_and_scores_from_a_public_health_service_selection_process_on_its_website_without_a_valid_legal_basis_under_Article_6_1_GDPR_as_legitimate_interest_did_not_prevail_over_data_subjects_rights_and_the_processing_involved_special_category_data_health_related
4406,q68_text_Spanish_DPA_fined_Quir_n_Prevenci_n_30_000_for_GDPR_breaches_Article_5_1_f_confidentiality_violation_and_Article_32_security_failure_due_to_unredacted_personal_data_in_a_workplace_mediation_report_sent_to_involved_parties_Defendant_paid_voluntarily_admitting_responsibility
4407,q68_text_Spanish_DPA_fined_ORI_S_L_1200_for_failing_to_provide_adequate_privacy_information_on_website_forms_Company_acknowledged_liability_and_paid_voluntarily_Required_to_implement_compliance_measures_within_one_month
4408,q68_text_Spanish_DPA_fined_ORGANIC_AND_NATUR_03_S_L_4_000_for_failing_to_update_privacy_policy_to_GDPR_standards_Article_13_violation_and_issued_a_warning_for_obtaining_generic_consent_for_data_transfers_and_marketing_without_specific_purposes_Article_7_violation_following_a_complaint_about_non_compliant_contract_clauses
4409,q68_text_Spanish_DPA_fined_cultural_association_3000_for_disseminating_images_of_a_minor_without_parental_consent_via_WeChat_groups_Violation_of_Article_6_1_a_GDPR_due_to_lack_of_lawful_basis_Case_initiated_by_complaint_defendant_non_cooperative
4410,q68_text_Spanish_DPA_fined_individual_hotel_owner_1200_reduced_from_1500_for_violating_GDPR_Article_5_1_c_by_requiring_ID_document_copies_photos_during_check_in_processing_excessive_data_beyond_legal_requirements_defendant_paid_voluntarily_and_cooperated_ordered_to_cease_practice_and_prove_compliance_within_2_months
4411,q68_text_Spanish_DPA_fined_MOURO_PRODUCTIONS_12_000_reduced_from_20_000_for_violating_GDPR_Articles_5_1_c_data_minimization_and_13_information_obligations_by_requiring_photocopies_of_IDs_for_minor_event_access_and_providing_outdated_privacy_information_The_defendant_paid_voluntarily_and_recognized_responsibility_Compliance_orders_were_issued_to_update_policies
4412,q68_text_Spanish_DPA_issued_reprimand_to_ADD_EVENT_STAFF_SL_for_violating_Article_7_GDPR_by_conditioning_event_attendance_on_consent_for_advertising_and_image_processing_requiring_protocol_adaptation_within_one_month
4413,q68_text_Spanish_DPA_resolved_a_complaint_against_COFIDIS_S_A_for_failing_to_respond_to_a_data_subject_s_erasure_request_under_Article_17_GDPR_ordered_compliance_within_ten_days_but_imposed_no_fine
4414,q68_text_Spanish_DPA_issued_warning_to_hospitality_firm_for_invalid_consent_based_on_entrance_poster_for_photographing_and_publishing_customer_images_on_social_media_consent_not_informed_specific_free_or_unequivocal_per_GDPR_Articles_6_1_and_7_with_compliance_order_to_rectify_within_one_month
4415,q68_text_Spanish_DPA_issued_warning_to_Galician_education_authority_for_violating_GDPR_confidentiality_by_publishing_student_admission_lists_on_school_facade_visible_publicly_and_unrestricted_website_without_security_measures_ordering_compliance_within_one_month_to_use_internal_boards_and_restricted_access
4416,q68_text_Spanish_DPA_issued_warning_to_Castilla_La_Mancha_Health_Service_for_GDPR_Article_5_1_f_security_breach_involving_431_patients_health_data_due_to_technical_misconfiguration_in_VITROPATH_system_requiring_risk_analysis_impact_assessment_and_audit_within_six_months_no_fine_due_to_public_entity_status
4417,q68_text_Spanish_DPA_issued_warning_and_compliance_order_to_non_profit_association_for_inadequate_website_privacy_policy_lacking_Article_13_GDPR_information_including_data_subject_rights_and_complaint_procedures_no_fine_imposed
4418,q68_text_Spanish_DPA_issued_reprimand_to_GlovoApp_for_failing_to_process_data_erasure_requests_via_chat_violating_Article_12_GDPR_infringement_deemed_minor_due_to_negligence_cooperation_and_corrective_actions_taken_cross_border_case_with_Poland_and_Portugal_as_concerned_authorities
4419,q68_text_Spanish_DPA_issued_a_warning_to_a_regional_education_authority_for_failing_to_adequately_inform_employees_about_fingerprint_based_time_control_processing_violating_Article_13_GDPR_no_fine_due_to_public_sector_status_and_remedial_actions_taken
4420,q68_text_Spanish_DPA_fined_individual_website_owner_1800_for_GDPR_violations_lack_of_consent_mechanism_Art_6_inadequate_privacy_policy_information_Art_13_and_cookie_non_compliance_LSSI_Art_22_2_Case_terminated_after_voluntary_payment_and_acknowledgment
4421,q68_text_Spanish_DPA_issued_a_warning_to_a_community_of_owners_for_violating_GDPR_Article_5_1_f_by_publicly_displaying_a_resident_s_personal_data_name_debt_amount_on_a_notice_board_ordered_compliance_within_one_month
4422,q68_text_Spanish_DPA_issued_a_warning_to_EDREAMS_for_charging_a_50_fee_to_correct_a_passenger_s_name_error_on_a_flight_booking_violating_GDPR_Article_12_5_on_free_exercise_of_data_subject_rights_no_fine_due_to_minor_nature_immediate_remediation_and_cooperation
4423,q68_text_Spanish_DPA_investigated_Metro_Bilbao_s_temperature_screening_of_subway_users_during_COVID_19_found_no_personal_data_processing_occurred_as_measurements_weren_t_linked_to_identifiable_individuals_leading_to_case_closure_without_fine_or_corrective_measures
4424,q68_text_Spanish_DPA_investigated_Fuenlabrada_City_Council_s_drone_traffic_surveillance_after_complaint_about_inadequate_signage_Found_processing_compliant_with_GDPR_after_defendant_conducted_required_impact_assessment_and_provided_information_through_multiple_channels_Case_dismissed_with_no_fine_imposed
4425,q68_text_Spanish_DPA_handled_complaint_against_MARIELI_GABRIELA_S_L_for_unauthorized_bank_charges_from_ex_employee_s_account_without_legal_basis_defendant_failed_to_respond_to_inquiries_infringement_of_Article_6_1_found_no_fine_issued_due_to_procedural_resolution
4426,q68_text_Spanish_DPA_fined_law_firm_5_000_for_publishing_employee_photos_on_website_without_valid_consent_Defendant_claimed_implied_consent_via_email_but_failed_to_provide_required_information_or_unambiguous_consent_Ordered_to_comply_within_3_months
4427,q68_text_Spanish_DPA_fined_NBQ_TECHNOLOGY_24_000_for_processing_personal_data_without_legal_basis_after_identity_theft_led_to_fraudulent_loan_application_defendant_paid_voluntarily_acknowledging_responsibility
4428,q68_text_Spanish_DPA_fined_MIGUEL_IB_EZ_BEZANILLA_S_L_3_000_EUR_for_GDPR_violations_insecure_HTTP_protocol_outdated_privacy_policy_referencing_old_law_and_non_compliant_cookie_banner_The_entity_failed_to_cooperate_leading_to_aggravated_penalties_and_a_compliance_order
4429,schema_echo_fields_Q12_Q67_Q7
4430,q68_text_Spanish_DPA_fined_A_A_A_600_for_GDPR_Article_5_1_c_violation_due_to_excessive_collection_of_ID_copies_for_user_verification_defendant_acknowledged_liability_paid_voluntarily_and_must_implement_compliant_measures_within_3_months
4431,q68_text_Spanish_DPA_fined_BODEGAS_DINASTIA_SL_1600_for_LSSI_cookie_consent_violations_on_two_websites_privacy_policies_were_compliant_but_cookie_banners_lacked_clarity_and_granular_control_resolved_via_voluntary_payment_and_compliance_order
4432,q68_text_Spanish_DPA_fined_BIROU_GAS_60_000_reduced_to_48_000_for_failing_to_respond_to_information_requests_under_Article_58_1_GDPR_violation_hindered_investigation_aggravating_factors_were_negligence_and_company_size_voluntary_payment_terminated_procedure
4433,q68_text_Spanish_DPA_fined_Atresmedia_30_000_for_violating_GDPR_Article_5_1_c_by_publishing_minors_voices_in_a_news_video_without_distortion_failing_data_minimization_Defendant_acknowledged_liability_and_paid_voluntarily_measures_ordered_to_ensure_future_compliance_and_maintain_provisional_data_processing_suspension
4434,q68_text_Spanish_DPA_fined_AUTO_DESGUACES_IGLESIAS_SL_900_for_GDPR_Article_5_1_c_violation_due_to_surveillance_cameras_capturing_excessive_public_space_images_reduced_from_1_500_for_cooperation_acknowledgment_and_SME_status
4435,q68_text_Spanish_DPA_fined_AIRE_NETWORKS_60_000_for_GDPR_Article_5_1_f_security_breach_due_to_credential_leaks_enabling_SIM_duplication_and_bank_fraud_defendant_acknowledged_liability_and_paid_voluntarily
4436,q68_text_Spanish_DPA_fined_ADNAYA_GREEN_SOLUTIONS_10_000_for_unlawfully_transferring_complainant_s_personal_data_to_a_third_party_without_legal_basis_affecting_approximately_300_400_data_subjects_with_no_cooperation_from_defendant
4437,q68_text_Spanish_DPA_fined_20_A_OS_DE_M_SICA_A_I_E_3000_for_collecting_excessive_ID_copies_violating_data_minimization_and_inadequate_privacy_information_Defendant_cooperated_admitted_responsibility_paid_reduced_fine_and_implemented_corrective_measures_Case_initiated_by_complaint_regarding_minor_event_authorizations
4438,q68_text_Spanish_DPA_fined_CAIXABANK_200_000_for_retaining_ex_customer_s_data_16_years_post_mortgage_cancellation_violating_GDPR_storage_limitation_principle_based_on_complaint_and_appeal_process
4439,q68_text_Spanish_DPA_filed_complaint_against_UK_based_ALDANITI_INTERNATIONAL_NETWORK_LTD_for_unsolicited_marketing_emails_and_cookie_consent_issues_but_case_closed_due_to_inability_to_obtain_defendant_s_tax_identification_preventing_sanctioning_procedure_initiation_despite_cross_border_coordination_via_IMI_system
4440,q68_text_Spanish_DPA_dismissed_complaints_against_tax_agency_for_fingerprint_based_access_control_system_finding_no_Article_13_violation_as_employees_were_adequately_informed_pre_data_collection_biometric_processing_deemed_lawful_under_labor_law_exemptions_with_sufficient_safeguards
4441,q68_text_Spanish_DPA_dismissed_claim_against_neuroscience_clinic_for_incomplete_erasure_of_complainant_s_image_data_from_social_media_Defendant_partially_complied_but_faced_technical_barriers_with_META_platforms_DPA_found_security_principle_violation_but_considered_defendant_s_cooperation_and_mitigation_efforts_sufficient_without_fine
4442,q68_text_Spanish_DPA_archived_complaint_against_University_of_Navarra_alleging_coercion_in_COVID_19_vaccination_data_collection_found_processing_voluntary_informed_consent_based_and_compliant_with_legal_obligations_for_public_health_with_no_evidence_of_infringement
4443,q68_text_Slovenian_media_publisher_posted_article_and_PDF_criminal_complaint_on_website_about_bank_recapitalization_with_black_boxes_over_birth_dates_EM_O_IDs_addresses_poorly_redacted_removable_via_copy_paste_or_PDF_tools_exposing_data_of_suspects_Bank_of_Slovenia_officials_and_others_DPA_initiated_ex_officio_inspection_found_violations_of_Art_5_1_c_data_minimisation_unnecessary_data_published_and_Art_32_security_inadequate_protection_but_allowed_names_as_public_figures_under_freedom_of_expression_balancing_ordered_proper_anonymization_deletion_within_5_days_no_fine
4444,q68_text_Slovenian_Information_Commissioner_provided_a_non_binding_opinion_on_a_complaint_about_a_bank_s_data_request_from_a_politically_exposed_person_confirming_legal_basis_under_Article_6_1_c_for_anti_money_laundering_obligations_but_deferring_adequacy_assessment_to_other_authorities
4445,q68_text_Spanish_DPA_fined_Burgos_CF_120_000_for_implementing_a_biometric_fingerprint_access_system_without_necessity_valid_DPIA_or_legal_basis_violating_Articles_5_9_13_35_GDPR_The_system_processed_special_category_data_disproportionately_the_club_recognized_responsibility_and_paid_the_reduced_fine
4446,q68_text_Spanish_DPA_fined_CALLESGARCIA_SC_4_000_for_using_claimant_s_wedding_photo_in_advertising_without_consent_violating_Article_6_GDPR_defendant_non_cooperative_fine_based_on_negligence_and_basic_data_affected
4447,q68_text_Spanish_DPA_fined_MARKETING_ACCOMMODATION_SOLUTIONS_75_000_for_GDPR_violations_25_000_for_excessive_data_collection_ID_images_beyond_legal_requirement_under_Article_5_1_c_and_50_000_for_inadequate_privacy_information_under_Article_13_Defendant_a_UAE_based_holiday_rental_provider_did_not_cooperate_with_investigation
4448,q68_text_Spanish_DPA_fined_IZA_OBRAS_Y_PROMOCIONES_S_A_50_000_for_violating_GDPR_Article_5_1_c_by_excessively_disclosing_employee_health_data_and_email_address_to_a_public_entity_during_an_administrative_defense_without_consent_and_beyond_necessity
4449,q68_text_Spanish_DPA_fined_MARINA_SALUD_500_000_for_violating_GDPR_Article_28_2_by_failing_to_inform_the_data_controller_Valencian_Health_Ministry_of_subcontractor_changes_post_GDPR_despite_prior_general_authorization_violation_involved_health_data_and_persisted_until_2023_inspection
4450,q68_text_Spanish_DPA_fined_MAPFRE_30_000_reduced_to_24_000_for_processing_claimant_s_data_without_legal_basis_under_Article_6_1_GDPR_as_claimant_was_listed_as_policyholder_on_one_policy_without_consent_or_contract_defendant_cooperated_and_deleted_data
4451,q68_text_Spanish_DPA_fined_Loro_Parque_250_000_for_processing_biometric_fingerprint_data_without_legal_basis_under_Article_9_GDPR_for_Twin_Ticket_park_access_violating_principles_of_lawfulness_security_and_accountability_and_ordered_cessation_of_processing
4452,q68_text_Spanish_DPA_fined_LODEJU_S_L_3_000_for_installing_hidden_cameras_recording_public_space_without_proper_signage_violating_GDPR_Articles_5_1_c_data_minimization_and_13_transparency_due_to_serious_negligence_and_lack_of_cooperation
4453,q68_text_Spanish_DPA_fined_JAVA_association_5_000_for_publishing_personal_data_without_consent_GDPR_Art_6_1_and_3_000_for_non_compliant_cookie_banner_LSSI_Art_22_2_citing_intentionality_data_sensitivity_and_non_cooperation
4454,q68_text_Spanish_DPA_fined_Iberdrola_100_000_for_maintaining_inaccurate_customer_address_data_and_failing_to_comply_with_erasure_request_violating_Articles_5_1_d_and_17_GDPR_Violation_persisted_for_years_despite_customer_notifications
4455,q68_text_Spanish_DPA_fined_IMNOVA_RESORT_SL_3_000_under_LSSI_for_installing_cookies_without_valid_consent_mechanism_on_website_required_compliance_within_one_month_No_GDPR_violations_discussed
4456,q68_text_Spanish_DPA_fined_CASA_GRACIO_OPERATION_SLU_6_000_for_video_surveillance_capturing_excessive_public_space_violating_GDPR_data_minimization_defendant_paid_voluntarily_acknowledging_responsibility
4457,q68_text_Spanish_DPA_fined_GRUPO_NORCONSULTING_15_000_for_failing_to_properly_respond_to_data_subject_s_access_and_erasure_requests_under_Articles_15_and_17_GDPR_The_company_an_SME_in_HR_did_not_provide_complete_information_or_deletion_despite_repeated_requests_showing_negligence_Cross_border_case_with_multiple_concerned_authorities
4458,q68_text_Spanish_DPA_fined_GLOBAL_BUSINESS_TRAVEL_SPAIN_S_L_U_3_000_for_GDPR_Article_32_violation_after_an_employee_scanned_and_emailed_a_claimant_s_health_data_without_authorization_the_defendant_acknowledged_responsibility_and_paid_voluntarily_leading_to_case_termination
4459,q68_text_Spanish_DPA_fined_GARANTIZA_AUTOMOCI_N_SL_3_000_euros_for_LSSI_violation_website_lacked_first_layer_cookie_banner_and_management_mechanism_with_infringement_ongoing_since_at_least_September_2018_ordered_compliance_within_one_month
4460,q68_text_Spanish_DPA_fined_Fusiona_Soluciones_Energ_ticas_50_000_for_violating_GDPR_Article_6_1_by_unlawfully_including_claimant_s_data_in_a_credit_file_for_a_non_existent_debt_with_no_cooperation_from_defendant_fine_based_on_violation_duration_and_business_nature
4461,q68_text_Spanish_DPA_fined_ELECTROTECNIA_BASTIDA_S_L_3_000_for_violating_GDPR_Article_32_1_after_medical_data_of_29_workers_was_found_abandoned_in_a_public_area_citing_lack_of_security_measures_and_non_cooperation_with_SME_status_considered_in_penalty_calculation
4462,q68_text_Spanish_DPA_fined_CHATWITH_IO_WORLDWIDE_S_L_12_000_for_GDPR_and_LSSI_violations_inadequate_privacy_policy_information_Art_13_use_of_dark_patterns_in_cookie_consent_undermining_lawfulness_and_fairness_Art_5_1_a_and_non_compliant_cookie_installation_and_information_LSSI_Art_22_2_The_defendant_failed_to_cooperate_and_corrective_orders_were_issued_to_achieve_compliance_within_one_month
4463,q68_text_Spanish_DPA_terminated_proceedings_against_ITAA_after_a_security_guard_recorded_CCTV_footage_of_an_assault_on_a_mobile_phone_and_shared_it_via_WhatsApp_The_controller_had_adequate_security_measures_notified_the_breach_within_72_hours_and_took_appropriate_actions_No_GDPR_violations_found
4464,q68_text_Spanish_Handball_Federation_processed_athletes_COVID_19_health_data_without_valid_legal_basis_under_Article_9_GDPR_incorrectly_citing_EU_Regulation_2021_953_and_vital_interests_Also_failed_to_provide_required_information_under_Article_13_Fined_10_000_for_Article_9_violation_and_7_000_for_Article_13_violation
4465,q68_text_Spanish_Ministry_of_Justice_entity_failed_to_implement_adequate_security_measures_in_nationality_application_causing_repeated_data_breaches_where_36_applicants_personal_data_was_wrongly_disclosed_DPA_issued_warnings_for_violations_of_GDPR_Articles_5_1_f_25_32_and_34_citing_prior_similar_incidents_as_aggravating
4466,q68_text_Trygg_Hansa_Insurance_branch_failed_to_secure_sensitive_customer_data_allowing_unauthorized_access_via_web_vulnerabilities_from_October_2018_to_February_2021_affecting_650_000_customers_Swedish_DPA_imposed_a_SEK_35_million_fine_for_violations_of_Articles_5_1f_and_32_1_considering_the_breach_s_severity_but_reducing_the_amount_based_on_proportionality
4467,q68_text_UPS_Espa_a_delivered_package_to_claimant_s_neighbor_without_consent_violating_GDPR_Articles_5_1_f_and_32_fined_70_000_total_DPA_found_UPS_failed_as_processor_to_ensure_data_confidentiality_and_adequate_security_measures
4468,q68_text_UNCLEAR
4469,q68_text_UK_primary_school_reprimanded_for_GDPR_security_breach_unauthorized_disclosure_of_special_category_data_affecting_four_individuals_including_children_due_to_inadequate_policies_and_procedures_no_fine_issued_due_to_mitigation_and_remedial_actions
4470,q68_text_UK_charity_Birthlink_destroyed_4_800_manual_adoption_records_containing_irreplaceable_sensitive_data_in_April_2021_without_authorization_or_security_measures_The_ICO_found_violations_of_Articles_5_1_f_5_2_32_and_33_29_month_delayed_breach_report_A_18_000_fine_was_imposed_considering_financial_hardship_with_negligence_cited_due_to_lack_of_GDPR_understanding_and_policies
4471,q68_text_UK_ICO_fined_Tuckers_Solicitors_LLP_98_000_for_GDPR_Article_5_1_f_security_violations_due_to_a_ransomware_attack_exploiting_lack_of_MFA_delayed_patching_and_unencrypted_data_affecting_over_972_000_files_including_sensitive_legal_case_data_negligence_found_but_cooperation_and_remediation_mitigated_the_penalty
4472,q68_text_UK_ICO_fined_23andMe_2_31M_for_GDPR_security_failures_after_a_credential_stuffing_attack_exposed_genetic_and_health_data_of_155_592_UK_customers_The_company_lacked_MFA_effective_monitoring_and_breach_response_causing_distress_and_non_material_harm
4473,q68_text_Ticketmaster_UK_suffered_a_data_breach_from_May_to_June_2018_due_to_a_malicious_script_in_a_third_party_chat_bot_on_payment_pages_exposing_9_4M_EEA_subjects_data_including_payment_details_The_ICO_found_violations_of_Articles_5_1_f_and_32_GDPR_for_inadequate_security_measures_imposing_a_1_25M_fine_reduced_due_to_COVID_19_impact
4474,q68_text_Vodafone_Espa_a_sanctioned_8_15M_for_systematic_GDPR_LSSICE_and_LGT_violations_in_marketing_operations_inadequate_processor_controls_insufficient_oversight_international_data_transfer_breaches_and_failure_to_honor_opposition_rights_despite_191_complaints_and_200M_processing_actions_DPA_cited_negligence_repeat_offenses_and_scale_of_infringements
4475,q68_text_Tiana_City_Council_created_a_WhatsApp_group_for_municipal_communications_without_providing_full_GDPR_Article_13_information_initially_and_failed_to_ensure_data_confidentiality_leading_to_violations_of_Articles_13_and_25_1_GDPR_no_fine_imposed_due_to_public_sector_status_but_reprimand_and_compliance_orders_issued
4476,q68_text_The_UK_ICO_fined_the_Cabinet_Office_500_000_for_a_data_breach_where_postal_addresses_of_2020_New_Year_Honours_recipients_were_published_online_due_to_inadequate_security_measures_and_human_error_citing_violations_of_GDPR_Articles_5_1_f_and_32_1_with_the_fine_reflecting_the_seriousness_negligence_and_need_for_deterrence_despite_mitigation_efforts
4477,q68_text_The_Slovenian_DPA_provided_a_non_binding_opinion_on_a_proposed_COVID_19_data_analysis_system_questioning_whether_the_data_was_truly_anonymized_emphasizing_the_need_for_a_legal_basis_if_personal_data_is_involved_and_citing_constitutional_protections_for_communication_privacy
4478,q68_text_Telekom_Romania_Communications_SA_fined_6_000_for_violating_GDPR_Article_5_1_d_f_2_inaccurate_data_and_security_and_Article_17_erasure_request_non_compliance_following_a_complaint_corrective_orders_issued_for_data_accuracy_and_erasure_process_improvements
4479,q68_text_Telef_nica_processed_claimant_s_data_without_legal_basis_after_identity_theft_in_phone_service_contracting_leading_to_debt_and_credit_file_inclusion_DPA_found_Article_6_1_violation_imposed_45_000_fine_after_reductions_for_cooperation_and_responsibility_acknowledgment
4480,q68_text_Telef_nica_Espa_a_processed_claimant_s_data_without_valid_consent_for_mobile_line_and_bank_details_after_identity_theft_failed_to_prove_authorization_for_ownership_change_or_direct_debit_fined_55_000_for_Article_6_1_violation_with_aggravating_factors
4481,q68_text_Vodafone_Espa_a_fined_50_000_for_violating_GDPR_Article_5_1_f_security_principle_after_sending_a_customer_s_invoice_to_a_neighbor_s_address_due_to_a_data_migration_error_with_the_DPA_citing_negligence_and_lack_of_cooperation
4482,q68_text_Vodafone_Spain_processed_SIM_duplicate_request_without_verifying_identity_enabling_fraud_fined_80_000_for_Article_6_violation_with_history_of_similar_breaches_cited
4483,q68_text_Spanish_credit_cooperative_publicly_displayed_members_personal_data_on_a_notice_board_violating_GDPR_confidentiality_AEPD_imposed_5_000_fine_and_compliance_order_citing_negligence_and_basic_data_exposure_as_aggravating_factors
4484,schema_echo_fields_Q10_Q11_Q12_Q13_Q14_Q15_Q16_Q17_Q18_Q19_Q2_Q20_Q21_Q22_Q23_Q24_Q25_Q26_Q27_Q28_Q29_Q3_Q30_Q31_Q32_Q33_Q34_Q35_Q36_Q37_Q38_Q39_Q4_Q40_Q41_Q42_Q43_Q44_Q45_Q46_Q47_Q48_Q49_Q5_Q50_Q51_Q52_Q53_Q54_Q55_Q56_Q57_Q58_Q59_Q6_Q60_Q61_Q62_Q63_Q64_Q65_Q66_Q67_Q68_Q7_Q8_Q9
4485,schema_echo_fields_Q12_Q67
4486,schema_echo_fields_Q12
4487,schema_echo_fields_Q10_Q11_Q13_Q14_Q15_Q16_Q17_Q18_Q19_Q20_Q21_Q22_Q23_Q24_Q25_Q26_Q27_Q28_Q29_Q3_Q30_Q31_Q32_Q33_Q34_Q35_Q39_Q4_Q40_Q41_Q42_Q43_Q44_Q45_Q46_Q47_Q48_Q49_Q5_Q50_Q51_Q53_Q54_Q55_Q56_Q57_Q58_Q59_Q6_Q60_Q61_Q62_Q63_Q64_Q65_Q66_Q8_Q9
4488,schema_echo_fields_Q10_Q11_Q13_Q14_Q15_Q16_Q17_Q18_Q19_Q20_Q21_Q22_Q23_Q24_Q25_Q26_Q27_Q28_Q29_Q3_Q30_Q31_Q32_Q33_Q34_Q35_Q39_Q4_Q40_Q41_Q42_Q43_Q44_Q45_Q46_Q47_Q48_Q49_Q5_Q50_Q51_Q53_Q54_Q55_Q56_Q57_Q58_Q59_Q6_Q60_Q61_Q62_Q63_Q64_Q65_Q66_Q67_Q8_Q9
4489,schema_echo_fields_Q10_Q11_Q13_Q14_Q15_Q16_Q17_Q18_Q19_Q20_Q21_Q22_Q23_Q24_Q25_Q26_Q27_Q28_Q29_Q3_Q30_Q31_Q32_Q33_Q34_Q35_Q37_Q38_Q39_Q4_Q40_Q41_Q42_Q43_Q44_Q45_Q46_Q47_Q48_Q49_Q5_Q50_Q51_Q53_Q54_Q55_Q56_Q57_Q58_Q59_Q6_Q60_Q61_Q62_Q63_Q64_Q65_Q66_Q8_Q9
4490,schema_echo_fields_Q10_Q11_Q13_Q14_Q15_Q16_Q17_Q18_Q19_Q20_Q21_Q22_Q23_Q24_Q25_Q26_Q27_Q28_Q29_Q3_Q30_Q31_Q32_Q33_Q34_Q35_Q37_Q38_Q39_Q4_Q40_Q41_Q42_Q43_Q44_Q45_Q46_Q47_Q48_Q49_Q5_Q50_Q51_Q53_Q54_Q55_Q56_Q57_Q58_Q59_Q6_Q60_Q61_Q62_Q63_Q64_Q65_Q66_Q67_Q8_Q9
4491,schema_echo_fields_Q10_Q11_Q12_Q13_Q14_Q15_Q16_Q17_Q18_Q19_Q20_Q21_Q22_Q23_Q24_Q25_Q26_Q27_Q28_Q29_Q3_Q30_Q31_Q32_Q33_Q34_Q35_Q39_Q4_Q40_Q41_Q42_Q43_Q44_Q45_Q46_Q47_Q48_Q49_Q5_Q50_Q51_Q53_Q54_Q55_Q56_Q57_Q58_Q59_Q6_Q60_Q61_Q62_Q63_Q64_Q65_Q66_Q67_Q8_Q9
4492,q68_lang_ENGLISH_LIKELY
4493,schema_echo_fields_Q10_Q11_Q12_Q13_Q14_Q15_Q16_Q17_Q18_Q19_Q20_Q21_Q22_Q23_Q24_Q25_Q26_Q27_Q28_Q29_Q3_Q30_Q31_Q32_Q33_Q34_Q35_Q38_Q39_Q4_Q40_Q41_Q42_Q43_Q44_Q45_Q46_Q47_Q48_Q49_Q5_Q50_Q51_Q53_Q54_Q55_Q56_Q57_Q58_Q59_Q6_Q60_Q61_Q62_Q63_Q64_Q65_Q66_Q67_Q8_Q9
4494,schema_echo_fields_Q10_Q11_Q12_Q13_Q14_Q15_Q16_Q17_Q18_Q19_Q20_Q21_Q22_Q23_Q24_Q25_Q26_Q27_Q28_Q29_Q3_Q30_Q31_Q32_Q33_Q34_Q35_Q37_Q38_Q39_Q4_Q40_Q41_Q42_Q43_Q44_Q45_Q46_Q47_Q48_Q49_Q5_Q50_Q51_Q53_Q54_Q55_Q56_Q57_Q58_Q59_Q6_Q60_Q61_Q62_Q63_Q64_Q65_Q66_Q8_Q9
4495,schema_echo_fields_Q10_Q11_Q12_Q13_Q14_Q15_Q16_Q17_Q18_Q19_Q20_Q21_Q22_Q23_Q24_Q25_Q26_Q27_Q28_Q29_Q3_Q30_Q31_Q32_Q33_Q34_Q35_Q37_Q38_Q39_Q4_Q40_Q41_Q42_Q43_Q44_Q45_Q46_Q47_Q48_Q49_Q5_Q50_Q51_Q53_Q54_Q55_Q56_Q57_Q58_Q59_Q6_Q60_Q61_Q62_Q63_Q64_Q65_Q66_Q67_Q8_Q9
4496,schema_echo_fields_Q10_Q11_Q12_Q13_Q14_Q15_Q16_Q17_Q18_Q19_Q20_Q21_Q22_Q23_Q24_Q25_Q26_Q27_Q28_Q29_Q3_Q30_Q31_Q32_Q33_Q34_Q35_Q36_Q37_Q38_Q39_Q4_Q40_Q41_Q42_Q43_Q44_Q45_Q46_Q47_Q48_Q49_Q5_Q50_Q51_Q52_Q53_Q54_Q55_Q56_Q57_Q58_Q59_Q6_Q60_Q61_Q62_Q63_Q64_Q65_Q66_Q67_Q68_Q7_Q8_Q9
4497,schema_echo_fields_MISSING
4498,q68_lang_UNKNOWN
4499,q68_text_TYPE_TNT_Spain_inaccurately_processed_a_customer_s_personal_data_by_associating_a_personal_shipment_with_a_company_account_issuing_an_invoice_to_the_company_containing_the_claimant_s_data_violating_GDPR_Article_5_1_d_accuracy_principle_resulting_in_a_10_000_fine_due_to_the_nature_of_the_infringement_and_lack_of_cooperation
4500,q68_text_TYPE_Swedish_DPA_found_KRY_violated_GDPR_Articles_5_1_f_5_2_32_1_and_32_2_by_failing_to_conduct_adequate_needs_and_risk_analyses_and_not_restricting_user_access_to_patient_data_in_journal_systems_affecting_450_000_patients_no_fine_imposed_due_to_cooperation_and_improvements_but_compliance_order_issued_to_complete_analyses_by_February_2021
4501,q68_text_TYPE_Slovenian_DPA_found_a_public_sector_body_failed_to_establish_joint_controller_agreements_with_users_of_its_data_intermediary_service_violating_GDPR_accountability_ordered_compliance_within_60_days_without_a_fine_citing_EDPB_guidelines_and_CJEU_case_law_on_joint_controllership
4502,q68_text_Spanish_restaurant_RIPOBRUNA_2007_S_L_fined_1_600_for_video_surveillance_cameras_oriented_toward_public_space_without_justification_violating_GDPR_Article_5_1_c_data_minimization_principle_Case_initiated_via_complaint_defendant_paid_reduced_fine_voluntarily
4503,q68_text_Swedish_DPA_reprimanded_Lensway_Group_AB_for_violating_Articles_12_2_and_12_6_by_requiring_excessive_identity_verification_copy_of_ID_and_signature_via_post_for_two_2020_deletion_requests_failing_to_facilitate_rights_and_ensure_security_no_fine_due_to_minor_nature_and_subsequent_system_upgrades
4504,q68_text_Swedish_DPA_fined_a_municipal_rescue_service_EUR_350_000_for_24_7_camera_surveillance_at_fire_stations_from_2018_2021_violating_GDPR_Articles_5_1_a_and_c_due_to_unfair_monitoring_of_employees_changing_in_alarm_stands_without_masking_and_excessive_data_collection_and_Article_32_due_to_lack_of_security_guidelines_Legal_basis_under_Article_6_1_e_was_valid_but_principles_were_breached
4505,q68_text_Swedish_DPA_fined_Stockholm_Board_of_Education_SEK_4M_for_GDPR_security_breaches_in_School_Platform_subsystems_allowing_unauthorized_access_to_sensitive_student_data_over_extended_periods_citing_violations_of_Articles_5_1_f_32_1_and_35_with_over_100_000_data_subjects_affected
4506,q68_text_Swedish_DPA_fined_CDON_AB_SEK_300_000_for_violating_Article_44_GDPR_by_transferring_personal_data_to_the_US_via_Google_Analytics_without_adequate_safeguards_as_data_constituted_personal_data_and_US_surveillance_laws_posed_risks_ordered_compliance_within_one_month
4507,q68_text_Swedish_DPA_IMY_found_Dagens_Industri_violated_Article_44_GDPR_by_transferring_personal_data_to_US_via_Google_Analytics_without_adequate_Chapter_V_safeguards_despite_measures_ordered_compliance_within_one_month_but_no_fine_due_to_mitigating_efforts_and_post_Schrems_II_legal_gap
4508,q68_text_Spanish_sports_federation_reprimanded_for_lacking_a_DPO_and_outdated_privacy_policy_referencing_repealed_law_corrected_issues_during_procedure_resulting_in_no_fine
4509,q68_text_Spanish_restaurant_MUXERS_CONCEPT_installed_hidden_audio_microphones_in_workplace_areas_including_an_office_for_security_and_labor_control_since_2018_DPA_found_no_legitimate_basis_under_Article_6_GDPR_as_recording_conversations_was_disproportionate_and_violated_lawfulness_principle_imposing_20_000_fine_considering_duration_affected_subjects_and_SME_status
4510,q68_text_TYPE_SUPERCOR_installed_a_temporary_video_surveillance_camera_in_an_employee_rest_area_to_investigate_theft_capturing_images_used_to_dismiss_two_employees_The_Spanish_DPA_found_this_violated_Article_6_GDPR_as_processing_lacked_a_legal_basis_was_disproportionate_and_breached_the_explicit_prohibition_in_national_law_against_surveillance_in_rest_areas_A_70_000_fine_was_imposed_considering_the_intentionality_and_the_defendant_s_size
4511,q68_text_Spanish_regional_public_body_collected_unnecessary_special_category_data_gender_identity_via_forms_without_legal_basis_DPA_issued_warnings_and_compliance_order_to_cease_processing_and_adjust_procedures_within_six_months
4512,q68_text_Spanish_regional_health_service_failed_to_properly_respond_to_multiple_access_requests_for_a_deceased_patient_s_medical_records_The_DPA_found_violations_of_GDPR_Articles_5_security_accountability_and_15_access_rights_but_accepted_the_belated_compliance_as_restoring_rights_and_issued_only_a_reprimand_without_fine
4513,q68_text_Spanish_police_failed_to_respond_to_a_data_subject_s_repeated_access_requests_for_photographs_and_fingerprints_the_DPA_ordered_compliance_within_ten_days_due_to_non_cooperation_and_violation_of_accountability_principles_with_no_fine_imposed
4514,q68_text_Spanish_media_company_fined_10_000_for_violating_data_minimization_principle_by_publishing_identifiable_image_and_voice_of_a_private_individual_in_a_news_article_without_anonymization_despite_viral_social_media_presence_DPA_upheld_fine_on_appeal_rejecting_journalistic_exemption_claims_and_emphasizing_proportionality_requirements_under_GDPR_Article_5_1_c
4515,q68_text_Spanish_logistics_company_implemented_fingerprint_timekeeping_system_for_520_employees_without_DPIA_DPA_found_violation_of_Article_35_GDPR_due_to_biometric_data_processing_risks_20_000_fine_imposed_reduced_to_16_000_after_voluntary_payment_Consent_invalid_due_to_employment_context_power_imbalance
4516,q68_text_Spanish_law_firm_disclosed_complainant_s_personal_data_name_address_to_third_party_without_consent_in_legal_dispute_context_DPA_found_Article_6_violation_imposed_2000_fine_reduced_to_1600_via_voluntary_payment_without_admission_of_liability_terminating_procedure
4517,q68_text_TYPE_A_data_subject_complained_to_the_Spanish_DPA_about_a_municipal_transport_company_s_failure_to_respond_adequately_to_an_access_request_for_job_selection_process_recordings_The_DPA_found_the_company_violated_Article_15_GDPR_by_not_providing_the_data_or_a_proper_refusal_ordering_compliance_within_ten_days_without_imposing_a_fine
4518,q68_text_TYPE_AEPD_sanctions_CAIXABANK_6M_EUR_for_transparency_2M_and_legality_4M_violations_in_client_data_processing_non_uniform_vague_info_on_categories_purposes_bases_invalid_consents_lacking_specificity_freedom_unjustified_legitimate_interests_illegal_group_data_sharing_without_basis_requires_compliance_within_6_months
4519,q68_text_TYPE_Banca_Comercial_Rom_n_SA_fined_2_000_for_GDPR_violations_under_Articles_25_and_32_after_a_technical_error_caused_emails_with_personal_data_of_564_customers_to_be_sent_to_wrong_recipients_involving_financial_and_identity_data_DPA_found_inadequate_security_measures
4520,q68_text_TYPE_Doctor_filmed_patient_without_consent_posted_video_on_Facebook_disclosing_health_data_fined_2000_and_ordered_to_ensure_GDPR_compliance
4521,q68_text_TYPE_Hospital_board_sent_sensitive_health_data_unencrypted_via_email_to_third_countries_and_stored_it_in_Outlook_violating_Articles_5_1_f_and_32_1_IMY_imposed_a_1_6M_SEK_fine_due_to_systematic_long_term_processing_of_high_risk_data_contrary_to_internal_guidelines_with_mitigation_for_post_incident_encryption_implementation
4522,q68_text_TYPE_IKEA_Romania_fined_1000_EUR_for_failing_to_respond_within_legal_timeframe_to_a_data_subject_s_repeated_erasure_requests_under_Article_17_GDPR_violating_Article_12_3_Corrective_measure_ordered_to_ensure_future_compliance
4523,q68_text_TYPE_Libra_Internet_Bank_SA_fined_11_000_EUR_for_failing_to_fully_comply_with_a_data_subject_s_access_request_under_Articles_12_and_15_GDPR_including_not_providing_a_copy_of_personal_data_and_necessary_information_corrective_orders_issued_to_facilitate_rights_exercise
4524,q68_text_TYPE_Romanian_DPA_fined_Medicover_S_R_L_2000_EUR_for_GDPR_Article_32_security_failures_allowing_unauthorized_access_to_health_and_personal_data_via_email_postal_mishandling_corrective_orders_include_updating_security_measures_and_employee_training
4525,q68_text_TYPE_Romanian_DPA_fined_Pro_Economica_Foundation_1000_for_Article_32_security_violation_after_cyber_attack_deleted_personal_data_from_server_ordered_security_measures_update
4526,q68_text_TYPE_Romanian_DPA_fined_S_C_Apollo_Salon_S_R_L_3_000_for_failing_to_provide_requested_information_during_an_investigation_initiated_by_a_complaint_about_unsolicited_SMS_despite_deletion_requests_violation_under_Article_83_5_e
4527,q68_text_TYPE_Romanian_DPA_fined_SUDREZIDEN_IAL_Broker_S_R_L_10_000_for_GDPR_violations_inadequate_security_measures_led_to_unauthorized_disclosure_of_personal_data_of_509_subjects_via_an_Excel_file_published_online_and_failure_to_notify_data_subjects_of_the_breach_also_issued_warnings_for_cookie_consent_violations
4528,q68_text_TYPE_Romanian_DPA_fined_Urban_Home_Development_S_R_L_10_000_lei_approx_2000_EUR_for_installing_cookies_without_consent_under_national_law_and_issued_warning_for_GDPR_transparency_violation_failure_to_display_operator_identity_on_website_Corrective_orders_update_privacy_policy_and_reconfigure_cookie_installation
4529,q68_text_TYPE_SC_Grupex_2000_SRL_fined_1000_for_illegally_processing_patient_data_in_a_video_on_its_website_without_legal_basis_violating_Articles_5_and_6_GDPR_corrective_order_issued_for_compliance
4530,q68_text_TYPE_SC_Prestige_Media_PHG_SRL_fined_5000_for_publishing_23_employee_termination_decisions_online_without_legal_basis_violating_GDPR_Articles_5_and_6_Ordered_to_anonymize_data
4531,q68_text_TYPE_STRING
4532,q68_text_TYPE_STRING_UK_ICO_fined_Saga_Personal_Finance_Ltd_75_000_for_sending_28_5_million_unsolicited_marketing_messages_without_valid_consent_violating_GDPR_lawfulness_principle_under_Article_5_1_a
4533,q68_text_TYPE_STRING_Swedish_DPA_IMY_ex_officio_investigation_into_Expressen_Lifestyle_AB_successor_to_Bonnier_Magazines_for_incorrect_legal_basis_information_on_website_registration_flow_May_2018_June_2019_Website_text_implied_consent_basis_while_company_relied_on_contract_legitimate_interests_Violation_of_Article_13_1_c_Reprimand_issued_due_to_minor_nature_immediate_correction_limited_affected_customers_1372_unintentional_error_during_GDPR_implementation_no_serious_harm
4534,q64_transfer_violations_status_NOT_MENTIONED
