decision_id,assignment_rank,is_primary,parse_status,isic_code,isic_level,description,section,section_description,division,division_description,group,group_description,reference_version,source_token
United Kingdom_18,1,1,MATCHED,6209,CLASS,Other information technology and computer service activities,J,Information and communication,62,"Computer programming, consultancy and related activities",620,"Computer programming, consultancy and related activities",3de77d05ace5,6209
United Kingdom_20,1,1,MATCHED,88,DIVISION,Social work activities without accommodation,Q,Human health and social work activities,88,Social work activities without accommodation,,,3de77d05ace5,88
United Kingdom_10,,0,UNRECOGNIZED,STRING,UNKNOWN,,,,,,,,3de77d05ace5,STRING
United Kingdom_7,,0,UNRECOGNIZED,STRING,UNKNOWN,,,,,,,,3de77d05ace5,STRING
United Kingdom_16,1,1,MATCHED,5510,CLASS,Short term accommodation activities,I,Accommodation and food service activities,55,Accommodation,551,Short term accommodation activities,3de77d05ace5,5510
United Kingdom_17,1,1,MATCHED,5610,CLASS,Restaurants and mobile food service activities,I,Accommodation and food service activities,56,Food and beverage service activities,561,Restaurants and mobile food service activities,3de77d05ace5,5610
United Kingdom_21,1,1,MATCHED,94,DIVISION,Activities of membership organizations,S,Other service activities,94,Activities of membership organizations,,,3de77d05ace5,94
United Kingdom_19,,0,UNRECOGNIZED,"Financial service activities, except insurance and pension funding",UNKNOWN,,,,,,,,3de77d05ace5,"Financial service activities, except insurance and pension funding"
United Kingdom_26,1,1,MATCHED,45,DIVISION,Wholesale and retail trade and repair of motor vehicles and motorcycles,G,Wholesale and retail trade; repair of motor vehicles and motorcycles,45,Wholesale and retail trade and repair of motor vehicles and motorcycles,,,3de77d05ace5,45
United Kingdom_25,1,1,MATCHED,6810,CLASS,Real estate activities with own or leased property,L,Real estate activities,68,Real estate activities,681,Real estate activities with own or leased property,3de77d05ace5,6810
United Kingdom_23,1,1,MATCHED,8411,CLASS,General public administration activities,O,Public administration and defence; compulsory social security,84,Public administration and defence; compulsory social security,841,Administration of the State and the economic and social policy of the community,3de77d05ace5,8411
United Kingdom_24,1,1,MATCHED,84,DIVISION,Public administration and defence; compulsory social security,O,Public administration and defence; compulsory social security,84,Public administration and defence; compulsory social security,,,3de77d05ace5,84
United Kingdom_29,1,1,MATCHED,6312,CLASS,Web portals,J,Information and communication,63,Information service activities,631,"Data processing, hosting and related activities; web portals",3de77d05ace5,6312
United Kingdom_27,,0,UNRECOGNIZED,STRING,UNKNOWN,,,,,,,,3de77d05ace5,STRING
United Kingdom_28,1,1,MATCHED,6910,CLASS,Legal activities,M,"Professional, scientific and technical activities",69,Legal and accounting activities,691,Legal activities,3de77d05ace5,6910
United Kingdom_22,,0,UNRECOGNIZED,STRING,UNKNOWN,,,,,,,,3de77d05ace5,STRING
United Kingdom_30,,0,UNRECOGNIZED,STRING,UNKNOWN,,,,,,,,3de77d05ace5,STRING
United Kingdom_32,1,1,MATCHED,6630,CLASS,Fund management activities,K,Financial and insurance activities,66,Activities auxiliary to financial service and insurance activities,663,Fund management activities,3de77d05ace5,6630
United Kingdom_33,,0,UNRECOGNIZED,STRING,UNKNOWN,,,,,,,,3de77d05ace5,STRING
United Kingdom_31,,0,UNRECOGNIZED,STRING,UNKNOWN,,,,,,,,3de77d05ace5,STRING
United Kingdom_36,,0,UNRECOGNIZED,NOT_DISCUSSED,UNKNOWN,,,,,,,,3de77d05ace5,NOT_DISCUSSED
United Kingdom_34,1,1,MATCHED,94,DIVISION,Activities of membership organizations,S,Other service activities,94,Activities of membership organizations,,,3de77d05ace5,94
United Kingdom_37,1,1,MATCHED,84,DIVISION,Public administration and defence; compulsory social security,O,Public administration and defence; compulsory social security,84,Public administration and defence; compulsory social security,,,3de77d05ace5,84
United Kingdom_35,1,1,MATCHED,85,DIVISION,Education,P,Education,85,Education,,,3de77d05ace5,85
United Kingdom_39,1,1,MATCHED,6910,CLASS,Legal activities,M,"Professional, scientific and technical activities",69,Legal and accounting activities,691,Legal activities,3de77d05ace5,6910
United Kingdom_45,1,1,MATCHED,O,SECTION,Public administration and defence; compulsory social security,O,Public administration and defence; compulsory social security,,,,,3de77d05ace5,O
United Kingdom_40,1,1,MATCHED,8299,CLASS,Other business support service activities n.e.c.,N,Administrative and support service activities,82,"Office administrative, office support and other business support activities",829,Business support service activities n.e.c.,3de77d05ace5,8299
United Kingdom_43,,0,UNRECOGNIZED,STRING,UNKNOWN,,,,,,,,3de77d05ace5,STRING
United Kingdom_44,1,1,MATCHED,4791,CLASS,Retail sale via mail order houses or via Internet,G,Wholesale and retail trade; repair of motor vehicles and motorcycles,47,"Retail trade, except of motor vehicles and motorcycles",479,"Retail trade not in stores, stalls or markets",3de77d05ace5,4791
United Kingdom_41,1,1,MATCHED,94,DIVISION,Activities of membership organizations,S,Other service activities,94,Activities of membership organizations,,,3de77d05ace5,94
United Kingdom_46,,0,UNRECOGNIZED,STRING,UNKNOWN,,,,,,,,3de77d05ace5,STRING
United Kingdom_48,,0,UNRECOGNIZED,STRING,UNKNOWN,,,,,,,,3de77d05ace5,STRING
United Kingdom_53,,0,UNRECOGNIZED,STRING,UNKNOWN,,,,,,,,3de77d05ace5,STRING
United Kingdom_52,1,1,MATCHED,K,SECTION,Financial and insurance activities,K,Financial and insurance activities,,,,,3de77d05ace5,K
United Kingdom_51,1,1,MATCHED,5320,CLASS,Courier activities,H,Transportation and storage,53,Postal and courier activities,532,Courier activities,3de77d05ace5,5320
United Kingdom_47,,0,UNRECOGNIZED,STRING,UNKNOWN,,,,,,,,3de77d05ace5,STRING
United Kingdom_49,1,1,MATCHED,8411,CLASS,General public administration activities,O,Public administration and defence; compulsory social security,84,Public administration and defence; compulsory social security,841,Administration of the State and the economic and social policy of the community,3de77d05ace5,8411
United Kingdom_50,,0,UNRECOGNIZED,NOT_MENTIONED,UNKNOWN,,,,,,,,3de77d05ace5,NOT_MENTIONED
United Kingdom_54,,0,UNRECOGNIZED,UNCLEAR,UNKNOWN,,,,,,,,3de77d05ace5,UNCLEAR
United Kingdom_55,1,1,MATCHED,8411,CLASS,General public administration activities,O,Public administration and defence; compulsory social security,84,Public administration and defence; compulsory social security,841,Administration of the State and the economic and social policy of the community,3de77d05ace5,8411
United Kingdom_59,1,1,MATCHED,6499,CLASS,"Other financial service activities, except insurance and pension funding activities, n.e.c.",K,Financial and insurance activities,64,"Financial service activities, except insurance and pension funding",649,"Other financial service activities, except insurance and pension funding activities",3de77d05ace5,6499
United Kingdom_56,,0,UNRECOGNIZED,STRING,UNKNOWN,,,,,,,,3de77d05ace5,STRING
United Kingdom_61,,0,UNRECOGNIZED,STRING,UNKNOWN,,,,,,,,3de77d05ace5,STRING
United Kingdom_60,1,1,MATCHED,6910,CLASS,Legal activities,M,"Professional, scientific and technical activities",69,Legal and accounting activities,691,Legal activities,3de77d05ace5,6910
United Kingdom_57,1,1,MATCHED,86,DIVISION,Human health activities,Q,Human health and social work activities,86,Human health activities,,,3de77d05ace5,86
United Kingdom_63,,0,UNRECOGNIZED,NOT_DISCUSSED,UNKNOWN,,,,,,,,3de77d05ace5,NOT_DISCUSSED
United Kingdom_62,1,1,MATCHED,45,DIVISION,Wholesale and retail trade and repair of motor vehicles and motorcycles,G,Wholesale and retail trade; repair of motor vehicles and motorcycles,45,Wholesale and retail trade and repair of motor vehicles and motorcycles,,,3de77d05ace5,45
Sweden_2,1,1,MATCHED,86,DIVISION,Human health activities,Q,Human health and social work activities,86,Human health activities,,,3de77d05ace5,86
Sweden_3,1,1,MATCHED,86,DIVISION,Human health activities,Q,Human health and social work activities,86,Human health activities,,,3de77d05ace5,86
Sweden_4,1,1,MATCHED,86,DIVISION,Human health activities,Q,Human health and social work activities,86,Human health activities,,,3de77d05ace5,86
Sweden_1,1,1,MATCHED,63,DIVISION,Information service activities,J,Information and communication,63,Information service activities,,,3de77d05ace5,63
Sweden_5,1,1,MATCHED,86,DIVISION,Human health activities,Q,Human health and social work activities,86,Human health activities,,,3de77d05ace5,86
Sweden_7,1,1,MATCHED,8411,CLASS,General public administration activities,O,Public administration and defence; compulsory social security,84,Public administration and defence; compulsory social security,841,Administration of the State and the economic and social policy of the community,3de77d05ace5,8411
Sweden_6,1,1,MATCHED,86,DIVISION,Human health activities,Q,Human health and social work activities,86,Human health activities,,,3de77d05ace5,86
Sweden_9,1,1,MATCHED,P,SECTION,Education,P,Education,,,,,3de77d05ace5,P
Sweden_10,1,1,MATCHED,8411,CLASS,General public administration activities,O,Public administration and defence; compulsory social security,84,Public administration and defence; compulsory social security,841,Administration of the State and the economic and social policy of the community,3de77d05ace5,8411
Sweden_11,,0,UNRECOGNIZED,STRING,UNKNOWN,,,,,,,,3de77d05ace5,STRING
Sweden_12,1,1,MATCHED,476,GROUP,Retail sale of cultural and recreation goods in specialized stores,G,Wholesale and retail trade; repair of motor vehicles and motorcycles,47,"Retail trade, except of motor vehicles and motorcycles",476,Retail sale of cultural and recreation goods in specialized stores,3de77d05ace5,476
Sweden_14,1,1,MATCHED,6810,CLASS,Real estate activities with own or leased property,L,Real estate activities,68,Real estate activities,681,Real estate activities with own or leased property,3de77d05ace5,6810
Sweden_15,1,1,MATCHED,J,SECTION,Information and communication,J,Information and communication,,,,,3de77d05ace5,J
Sweden_18,1,1,MATCHED,84,DIVISION,Public administration and defence; compulsory social security,O,Public administration and defence; compulsory social security,84,Public administration and defence; compulsory social security,,,3de77d05ace5,84
Sweden_13,1,1,MATCHED,86,DIVISION,Human health activities,Q,Human health and social work activities,86,Human health activities,,,3de77d05ace5,86
Sweden_16,,0,UNRECOGNIZED,NOT_MENTIONED,UNKNOWN,,,,,,,,3de77d05ace5,NOT_MENTIONED
Sweden_20,1,1,MATCHED,6419,CLASS,Other monetary intermediation,K,Financial and insurance activities,64,"Financial service activities, except insurance and pension funding",641,Monetary intermediation,3de77d05ace5,6419
Sweden_21,,0,UNRECOGNIZED,"STRING:581 - Publishing of books, periodicals and other publishing activities",UNKNOWN,,,,,,,,3de77d05ace5,"STRING:581 - Publishing of books, periodicals and other publishing activities"
Sweden_22,1,1,MATCHED,62,DIVISION,"Computer programming, consultancy and related activities",J,Information and communication,62,"Computer programming, consultancy and related activities",,,3de77d05ace5,62
Sweden_23,1,1,MATCHED,86,DIVISION,Human health activities,Q,Human health and social work activities,86,Human health activities,,,3de77d05ace5,86
Sweden_26,1,1,MATCHED,6419,CLASS,Other monetary intermediation,K,Financial and insurance activities,64,"Financial service activities, except insurance and pension funding",641,Monetary intermediation,3de77d05ace5,6419
Sweden_24,1,1,MATCHED,J,SECTION,Information and communication,J,Information and communication,,,,,3de77d05ace5,J
Sweden_27,,0,UNRECOGNIZED,STRING,UNKNOWN,,,,,,,,3de77d05ace5,STRING
Sweden_30,1,1,MATCHED,4791,CLASS,Retail sale via mail order houses or via Internet,G,Wholesale and retail trade; repair of motor vehicles and motorcycles,47,"Retail trade, except of motor vehicles and motorcycles",479,"Retail trade not in stores, stalls or markets",3de77d05ace5,4791
Sweden_31,1,1,MATCHED,63,DIVISION,Information service activities,J,Information and communication,63,Information service activities,,,3de77d05ace5,63
Sweden_33,1,1,MATCHED,4791,CLASS,Retail sale via mail order houses or via Internet,G,Wholesale and retail trade; repair of motor vehicles and motorcycles,47,"Retail trade, except of motor vehicles and motorcycles",479,"Retail trade not in stores, stalls or markets",3de77d05ace5,4791
Sweden_29,,0,UNRECOGNIZED,STRING,UNKNOWN,,,,,,,,3de77d05ace5,STRING
Sweden_32,1,1,MATCHED,6419,CLASS,Other monetary intermediation,K,Financial and insurance activities,64,"Financial service activities, except insurance and pension funding",641,Monetary intermediation,3de77d05ace5,6419
Sweden_36,1,1,MATCHED,4791,CLASS,Retail sale via mail order houses or via Internet,G,Wholesale and retail trade; repair of motor vehicles and motorcycles,47,"Retail trade, except of motor vehicles and motorcycles",479,"Retail trade not in stores, stalls or markets",3de77d05ace5,4791
Sweden_34,1,1,MATCHED,5813,CLASS,"Publishing of newspapers, journals and periodicals",J,Information and communication,58,Publishing activities,581,"Publishing of books, periodicals and other publishing activities",3de77d05ace5,5813
Sweden_35,1,1,MATCHED,6110,CLASS,Wired telecommunications activities,J,Information and communication,61,Telecommunications,611,Wired telecommunications activities,3de77d05ace5,6110
Sweden_37,1,1,MATCHED,6512,CLASS,Non-life insurance,K,Financial and insurance activities,65,"Insurance, reinsurance and pension funding, except compulsory social security",651,Insurance,3de77d05ace5,6512
Sweden_38,1,1,MATCHED,4791,CLASS,Retail sale via mail order houses or via Internet,G,Wholesale and retail trade; repair of motor vehicles and motorcycles,47,"Retail trade, except of motor vehicles and motorcycles",479,"Retail trade not in stores, stalls or markets",3de77d05ace5,4791
Sweden_40,,0,UNRECOGNIZED,STRING,UNKNOWN,,,,,,,,3de77d05ace5,STRING
Sweden_41,,0,UNRECOGNIZED,STRING,UNKNOWN,,,,,,,,3de77d05ace5,STRING
Sweden_39,1,1,MATCHED,6430,CLASS,"Trusts, funds and similar financial entities",K,Financial and insurance activities,64,"Financial service activities, except insurance and pension funding",643,"Trusts, funds and similar financial entities",3de77d05ace5,6430
Sweden_44,,0,UNRECOGNIZED,STRING,UNKNOWN,,,,,,,,3de77d05ace5,STRING
Sweden_42,,0,UNRECOGNIZED,STRING:K64.19,UNKNOWN,,,,,,,,3de77d05ace5,STRING:K64.19
Sweden_43,1,1,MATCHED,86,DIVISION,Human health activities,Q,Human health and social work activities,86,Human health activities,,,3de77d05ace5,86
Sweden_46,,0,UNRECOGNIZED,STRING,UNKNOWN,,,,,,,,3de77d05ace5,STRING
Sweden_45,,0,UNRECOGNIZED,STRING,UNKNOWN,,,,,,,,3de77d05ace5,STRING
Sweden_47,1,1,MATCHED,6419,CLASS,Other monetary intermediation,K,Financial and insurance activities,64,"Financial service activities, except insurance and pension funding",641,Monetary intermediation,3de77d05ace5,6419
Sweden_48,1,1,MATCHED,63,DIVISION,Information service activities,J,Information and communication,63,Information service activities,,,3de77d05ace5,63
Sweden_49,1,1,MATCHED,86,DIVISION,Human health activities,Q,Human health and social work activities,86,Human health activities,,,3de77d05ace5,86
Sweden_50,,0,UNRECOGNIZED,STRING,UNKNOWN,,,,,,,,3de77d05ace5,STRING
Spain_1,,0,UNRECOGNIZED,NOT_MENTIONED,UNKNOWN,,,,,,,,3de77d05ace5,NOT_MENTIONED
Sweden_54,,0,UNRECOGNIZED,STRING,UNKNOWN,,,,,,,,3de77d05ace5,STRING
Sweden_57,1,1,MATCHED,6419,CLASS,Other monetary intermediation,K,Financial and insurance activities,64,"Financial service activities, except insurance and pension funding",641,Monetary intermediation,3de77d05ace5,6419
Sweden_52,1,1,MATCHED,631,GROUP,"Data processing, hosting and related activities; web portals",J,Information and communication,63,Information service activities,631,"Data processing, hosting and related activities; web portals",3de77d05ace5,631
Sweden_51,1,1,MATCHED,8020,CLASS,Security systems service activities,N,Administrative and support service activities,80,Security and investigation activities,802,Security systems service activities,3de77d05ace5,8020
Sweden_53,1,1,MATCHED,86,DIVISION,Human health activities,Q,Human health and social work activities,86,Human health activities,,,3de77d05ace5,86
Spain_3,,0,UNRECOGNIZED,NOT_MENTIONED,UNKNOWN,,,,,,,,3de77d05ace5,NOT_MENTIONED
Spain_2,1,1,MATCHED,84,DIVISION,Public administration and defence; compulsory social security,O,Public administration and defence; compulsory social security,84,Public administration and defence; compulsory social security,,,3de77d05ace5,84
Spain_4,1,1,MATCHED,6201,CLASS,Computer programming activities,J,Information and communication,62,"Computer programming, consultancy and related activities",620,"Computer programming, consultancy and related activities",3de77d05ace5,6201
Spain_6,,0,UNRECOGNIZED,STRING,UNKNOWN,,,,,,,,3de77d05ace5,STRING
Spain_5,,0,UNRECOGNIZED,STRING,UNKNOWN,,,,,,,,3de77d05ace5,STRING
Spain_7,1,1,MATCHED,6311,CLASS,"Data processing, hosting and related activities",J,Information and communication,63,Information service activities,631,"Data processing, hosting and related activities; web portals",3de77d05ace5,6311
Spain_8,,0,UNRECOGNIZED,STRING,UNKNOWN,,,,,,,,3de77d05ace5,STRING
Spain_9,,0,UNRECOGNIZED,STRING,UNKNOWN,,,,,,,,3de77d05ace5,STRING
Spain_10,1,1,MATCHED,8411,CLASS,General public administration activities,O,Public administration and defence; compulsory social security,84,Public administration and defence; compulsory social security,841,Administration of the State and the economic and social policy of the community,3de77d05ace5,8411
Spain_12,,0,UNRECOGNIZED,NOT_MENTIONED,UNKNOWN,,,,,,,,3de77d05ace5,NOT_MENTIONED
Spain_11,1,1,MATCHED,S,SECTION,Other service activities,S,Other service activities,,,,,3de77d05ace5,S
Spain_15,,0,UNRECOGNIZED,PUBLIC ADMINISTRATION AND DEFENCE; COMPULSORY SOCIAL SECURITY,UNKNOWN,,,,,,,,3de77d05ace5,PUBLIC ADMINISTRATION AND DEFENCE; COMPULSORY SOCIAL SECURITY
Spain_13,,0,UNRECOGNIZED,STRING,UNKNOWN,,,,,,,,3de77d05ace5,STRING
Spain_16,1,1,MATCHED,8411,CLASS,General public administration activities,O,Public administration and defence; compulsory social security,84,Public administration and defence; compulsory social security,841,Administration of the State and the economic and social policy of the community,3de77d05ace5,8411
Spain_14,1,1,MATCHED,6399,CLASS,Other information service activities n.e.c.,J,Information and communication,63,Information service activities,639,Other information service activities,3de77d05ace5,6399
Spain_17,,0,UNRECOGNIZED,STRING,UNKNOWN,,,,,,,,3de77d05ace5,STRING
Spain_18,1,1,MATCHED,4711,CLASS,"Retail sale in non-specialized stores with food, beverages or tobacco predominating",G,Wholesale and retail trade; repair of motor vehicles and motorcycles,47,"Retail trade, except of motor vehicles and motorcycles",471,Retail sale in non-specialized stores,3de77d05ace5,4711
Spain_19,,0,UNRECOGNIZED,NOT_MENTIONED,UNKNOWN,,,,,,,,3de77d05ace5,NOT_MENTIONED
Spain_20,,0,UNRECOGNIZED,STRING,UNKNOWN,,,,,,,,3de77d05ace5,STRING
Spain_21,1,1,MATCHED,6312,CLASS,Web portals,J,Information and communication,63,Information service activities,631,"Data processing, hosting and related activities; web portals",3de77d05ace5,6312
Spain_22,,0,UNRECOGNIZED,NOT_MENTIONED,UNKNOWN,,,,,,,,3de77d05ace5,NOT_MENTIONED
Spain_23,,0,UNRECOGNIZED,STRING,UNKNOWN,,,,,,,,3de77d05ace5,STRING
Spain_25,1,1,MATCHED,9311,CLASS,Operation of sports facilities,R,"Arts, entertainment and recreation",93,Sports activities and amusement and recreation activities,931,Sports activities,3de77d05ace5,9311
Spain_24,1,1,MATCHED,63,DIVISION,Information service activities,J,Information and communication,63,Information service activities,,,3de77d05ace5,63
Spain_26,,0,UNRECOGNIZED,NOT_MENTIONED,UNKNOWN,,,,,,,,3de77d05ace5,NOT_MENTIONED
Spain_27,1,1,MATCHED,4791,CLASS,Retail sale via mail order houses or via Internet,G,Wholesale and retail trade; repair of motor vehicles and motorcycles,47,"Retail trade, except of motor vehicles and motorcycles",479,"Retail trade not in stores, stalls or markets",3de77d05ace5,4791
Spain_28,1,1,MATCHED,6419,CLASS,Other monetary intermediation,K,Financial and insurance activities,64,"Financial service activities, except insurance and pension funding",641,Monetary intermediation,3de77d05ace5,6419
Spain_30,1,1,MATCHED,6419,CLASS,Other monetary intermediation,K,Financial and insurance activities,64,"Financial service activities, except insurance and pension funding",641,Monetary intermediation,3de77d05ace5,6419
Spain_32,1,1,MATCHED,8411,CLASS,General public administration activities,O,Public administration and defence; compulsory social security,84,Public administration and defence; compulsory social security,841,Administration of the State and the economic and social policy of the community,3de77d05ace5,8411
Spain_29,1,1,MATCHED,8411,CLASS,General public administration activities,O,Public administration and defence; compulsory social security,84,Public administration and defence; compulsory social security,841,Administration of the State and the economic and social policy of the community,3de77d05ace5,8411
Spain_31,1,1,MATCHED,6201,CLASS,Computer programming activities,J,Information and communication,62,"Computer programming, consultancy and related activities",620,"Computer programming, consultancy and related activities",3de77d05ace5,6201
Spain_33,,0,UNRECOGNIZED,STRING,UNKNOWN,,,,,,,,3de77d05ace5,STRING
Spain_35,1,1,MATCHED,8411,CLASS,General public administration activities,O,Public administration and defence; compulsory social security,84,Public administration and defence; compulsory social security,841,Administration of the State and the economic and social policy of the community,3de77d05ace5,8411
Spain_34,,0,UNRECOGNIZED,STRING,UNKNOWN,,,,,,,,3de77d05ace5,STRING
Spain_36,,0,UNRECOGNIZED,NOT_MENTIONED,UNKNOWN,,,,,,,,3de77d05ace5,NOT_MENTIONED
Spain_38,,0,UNRECOGNIZED,STRING,UNKNOWN,,,,,,,,3de77d05ace5,STRING
Spain_40,,0,UNRECOGNIZED,STRING,UNKNOWN,,,,,,,,3de77d05ace5,STRING
Spain_41,,0,UNRECOGNIZED,STRING,UNKNOWN,,,,,,,,3de77d05ace5,STRING
Spain_37,,0,UNRECOGNIZED,STRING,UNKNOWN,,,,,,,,3de77d05ace5,STRING
Spain_42,,0,UNRECOGNIZED,STRING,UNKNOWN,,,,,,,,3de77d05ace5,STRING
Spain_43,,0,UNRECOGNIZED,STRING,UNKNOWN,,,,,,,,3de77d05ace5,STRING
Spain_45,,0,UNRECOGNIZED,STRING,UNKNOWN,,,,,,,,3de77d05ace5,STRING
Spain_47,,0,UNRECOGNIZED,STRING,UNKNOWN,,,,,,,,3de77d05ace5,STRING
Spain_48,,0,UNRECOGNIZED,STRING,UNKNOWN,,,,,,,,3de77d05ace5,STRING
Spain_51,,0,UNRECOGNIZED,NOT_MENTIONED,UNKNOWN,,,,,,,,3de77d05ace5,NOT_MENTIONED
Spain_49,1,1,MATCHED,351,GROUP,"Electric power generation, transmission and distribution",D,"Electricity, gas, steam and air conditioning supply",35,"Electricity, gas, steam and air conditioning supply",351,"Electric power generation, transmission and distribution",3de77d05ace5,351
Spain_46,,0,UNRECOGNIZED,STRING,UNKNOWN,,,,,,,,3de77d05ace5,STRING
Spain_52,,0,UNRECOGNIZED,NOT_MENTIONED,UNKNOWN,,,,,,,,3de77d05ace5,NOT_MENTIONED
Spain_50,1,1,MATCHED,68,DIVISION,Real estate activities,L,Real estate activities,68,Real estate activities,,,3de77d05ace5,68
Spain_53,,0,UNRECOGNIZED,NOT_MENTIONED,UNKNOWN,,,,,,,,3de77d05ace5,NOT_MENTIONED
Spain_56,,0,UNRECOGNIZED,STRING,UNKNOWN,,,,,,,,3de77d05ace5,STRING
Spain_55,1,1,MATCHED,6920,CLASS,"Accounting, bookkeeping and auditing activities; tax consultancy",M,"Professional, scientific and technical activities",69,Legal and accounting activities,692,"Accounting, bookkeeping and auditing activities; tax consultancy",3de77d05ace5,6920
Spain_54,,0,UNRECOGNIZED,STRING,UNKNOWN,,,,,,,,3de77d05ace5,STRING
Spain_57,,0,UNRECOGNIZED,STRING,UNKNOWN,,,,,,,,3de77d05ace5,STRING
Spain_58,1,1,MATCHED,4649,CLASS,Wholesale of other household goods,G,Wholesale and retail trade; repair of motor vehicles and motorcycles,46,"Wholesale trade, except of motor vehicles and motorcycles",464,Wholesale of household goods,3de77d05ace5,4649
Spain_59,1,1,MATCHED,6419,CLASS,Other monetary intermediation,K,Financial and insurance activities,64,"Financial service activities, except insurance and pension funding",641,Monetary intermediation,3de77d05ace5,6419
Spain_61,,0,UNRECOGNIZED,STRING,UNKNOWN,,,,,,,,3de77d05ace5,STRING
Spain_60,,0,UNRECOGNIZED,STRING,UNKNOWN,,,,,,,,3de77d05ace5,STRING
Spain_62,1,1,MATCHED,61,DIVISION,Telecommunications,J,Information and communication,61,Telecommunications,,,3de77d05ace5,61
Spain_63,,0,UNRECOGNIZED,NOT_MENTIONED,UNKNOWN,,,,,,,,3de77d05ace5,NOT_MENTIONED
Spain_64,1,1,MATCHED,6419,CLASS,Other monetary intermediation,K,Financial and insurance activities,64,"Financial service activities, except insurance and pension funding",641,Monetary intermediation,3de77d05ace5,6419
Spain_65,,0,UNRECOGNIZED,STRING,UNKNOWN,,,,,,,,3de77d05ace5,STRING
Spain_66,,0,UNRECOGNIZED,STRING,UNKNOWN,,,,,,,,3de77d05ace5,STRING
Spain_67,1,1,MATCHED,94,DIVISION,Activities of membership organizations,S,Other service activities,94,Activities of membership organizations,,,3de77d05ace5,94
Spain_69,,0,UNRECOGNIZED,STRING,UNKNOWN,,,,,,,,3de77d05ace5,STRING
Spain_71,,0,UNRECOGNIZED,STRING,UNKNOWN,,,,,,,,3de77d05ace5,STRING
Spain_70,1,1,MATCHED,8542,CLASS,Cultural education,P,Education,85,Education,854,Other education,3de77d05ace5,8542
Spain_68,1,1,MATCHED,6512,CLASS,Non-life insurance,K,Financial and insurance activities,65,"Insurance, reinsurance and pension funding, except compulsory social security",651,Insurance,3de77d05ace5,6512
Spain_73,,0,UNRECOGNIZED,NOT_MENTIONED,UNKNOWN,,,,,,,,3de77d05ace5,NOT_MENTIONED
Spain_74,,0,UNRECOGNIZED,NOT_MENTIONED,UNKNOWN,,,,,,,,3de77d05ace5,NOT_MENTIONED
Spain_72,,0,UNRECOGNIZED,STRING,UNKNOWN,,,,,,,,3de77d05ace5,STRING
Spain_77,,0,UNRECOGNIZED,NOT_MENTIONED,UNKNOWN,,,,,,,,3de77d05ace5,NOT_MENTIONED
Spain_75,1,1,MATCHED,6419,CLASS,Other monetary intermediation,K,Financial and insurance activities,64,"Financial service activities, except insurance and pension funding",641,Monetary intermediation,3de77d05ace5,6419
Spain_81,1,1,MATCHED,6419,CLASS,Other monetary intermediation,K,Financial and insurance activities,64,"Financial service activities, except insurance and pension funding",641,Monetary intermediation,3de77d05ace5,6419
Spain_78,1,1,MATCHED,8230,CLASS,Organization of conventions and trade shows,N,Administrative and support service activities,82,"Office administrative, office support and other business support activities",823,Organization of conventions and trade shows,3de77d05ace5,8230
Spain_76,,0,UNRECOGNIZED,STRING,UNKNOWN,,,,,,,,3de77d05ace5,STRING
Spain_82,1,1,MATCHED,6419,CLASS,Other monetary intermediation,K,Financial and insurance activities,64,"Financial service activities, except insurance and pension funding",641,Monetary intermediation,3de77d05ace5,6419
Spain_80,1,1,MATCHED,9412,CLASS,Activities of professional membership organizations,S,Other service activities,94,Activities of membership organizations,941,"Activities of business, employers and professional membership organizations",3de77d05ace5,9412
Spain_83,,0,UNRECOGNIZED,Q (Human health and social work activities),UNKNOWN,,,,,,,,3de77d05ace5,Q (Human health and social work activities)
Spain_85,,0,UNRECOGNIZED,NOT_MENTIONED,UNKNOWN,,,,,,,,3de77d05ace5,NOT_MENTIONED
Spain_84,,0,UNRECOGNIZED,STRING,UNKNOWN,,,,,,,,3de77d05ace5,STRING
Spain_87,,0,UNRECOGNIZED,NOT_MENTIONED,UNKNOWN,,,,,,,,3de77d05ace5,NOT_MENTIONED
Spain_86,,0,UNRECOGNIZED,NOT_DISCUSSED,UNKNOWN,,,,,,,,3de77d05ace5,NOT_DISCUSSED
Spain_88,1,1,MATCHED,8610,CLASS,Hospital activities,Q,Human health and social work activities,86,Human health activities,861,Hospital activities,3de77d05ace5,8610
Spain_91,,0,UNRECOGNIZED,NOT_MENTIONED,UNKNOWN,,,,,,,,3de77d05ace5,NOT_MENTIONED
Spain_93,,0,UNRECOGNIZED,STRING,UNKNOWN,,,,,,,,3de77d05ace5,STRING
Spain_89,1,1,MATCHED,620,GROUP,"Computer programming, consultancy and related activities",J,Information and communication,62,"Computer programming, consultancy and related activities",620,"Computer programming, consultancy and related activities",3de77d05ace5,620
Spain_90,1,1,MATCHED,6512,CLASS,Non-life insurance,K,Financial and insurance activities,65,"Insurance, reinsurance and pension funding, except compulsory social security",651,Insurance,3de77d05ace5,6512
Spain_94,,0,UNRECOGNIZED,NOT_MENTIONED,UNKNOWN,,,,,,,,3de77d05ace5,NOT_MENTIONED
Spain_95,,0,UNRECOGNIZED,NOT_MENTIONED,UNKNOWN,,,,,,,,3de77d05ace5,NOT_MENTIONED
Spain_92,1,1,MATCHED,86,DIVISION,Human health activities,Q,Human health and social work activities,86,Human health activities,,,3de77d05ace5,86
Spain_96,1,1,MATCHED,84,DIVISION,Public administration and defence; compulsory social security,O,Public administration and defence; compulsory social security,84,Public administration and defence; compulsory social security,,,3de77d05ace5,84
Spain_98,1,1,MATCHED,6512,CLASS,Non-life insurance,K,Financial and insurance activities,65,"Insurance, reinsurance and pension funding, except compulsory social security",651,Insurance,3de77d05ace5,6512
Spain_99,,0,UNRECOGNIZED,NOT_MENTIONED,UNKNOWN,,,,,,,,3de77d05ace5,NOT_MENTIONED
Spain_100,,0,UNRECOGNIZED,STRING,UNKNOWN,,,,,,,,3de77d05ace5,STRING
Spain_97,,0,UNRECOGNIZED,NOT_MENTIONED,UNKNOWN,,,,,,,,3de77d05ace5,NOT_MENTIONED
Spain_103,1,1,MATCHED,6499,CLASS,"Other financial service activities, except insurance and pension funding activities, n.e.c.",K,Financial and insurance activities,64,"Financial service activities, except insurance and pension funding",649,"Other financial service activities, except insurance and pension funding activities",3de77d05ace5,6499
Spain_102,,0,UNRECOGNIZED,NOT_MENTIONED,UNKNOWN,,,,,,,,3de77d05ace5,NOT_MENTIONED
Spain_101,1,1,MATCHED,61,DIVISION,Telecommunications,J,Information and communication,61,Telecommunications,,,3de77d05ace5,61
Spain_107,1,1,MATCHED,61,DIVISION,Telecommunications,J,Information and communication,61,Telecommunications,,,3de77d05ace5,61
Spain_105,1,1,MATCHED,86,DIVISION,Human health activities,Q,Human health and social work activities,86,Human health activities,,,3de77d05ace5,86
Spain_106,,0,UNRECOGNIZED,STRING,UNKNOWN,,,,,,,,3de77d05ace5,STRING
Spain_104,,0,UNRECOGNIZED,STRING,UNKNOWN,,,,,,,,3de77d05ace5,STRING
Spain_108,1,1,MATCHED,8411,CLASS,General public administration activities,O,Public administration and defence; compulsory social security,84,Public administration and defence; compulsory social security,841,Administration of the State and the economic and social policy of the community,3de77d05ace5,8411
Spain_110,,0,UNRECOGNIZED,NOT_MENTIONED,UNKNOWN,,,,,,,,3de77d05ace5,NOT_MENTIONED
Spain_111,,0,UNRECOGNIZED,STRING,UNKNOWN,,,,,,,,3de77d05ace5,STRING
Spain_109,,0,UNRECOGNIZED,NOT_MENTIONED,UNKNOWN,,,,,,,,3de77d05ace5,NOT_MENTIONED
Spain_112,1,1,MATCHED,51,DIVISION,Air transport,H,Transportation and storage,51,Air transport,,,3de77d05ace5,51
Spain_116,,0,UNRECOGNIZED,STRING,UNKNOWN,,,,,,,,3de77d05ace5,STRING
Spain_117,1,1,MATCHED,6311,CLASS,"Data processing, hosting and related activities",J,Information and communication,63,Information service activities,631,"Data processing, hosting and related activities; web portals",3de77d05ace5,6311
Spain_115,1,1,MATCHED,3510,CLASS,"Electric power generation, transmission and distribution",D,"Electricity, gas, steam and air conditioning supply",35,"Electricity, gas, steam and air conditioning supply",351,"Electric power generation, transmission and distribution",3de77d05ace5,3510
Spain_114,,0,UNRECOGNIZED,NOT_MENTIONED,UNKNOWN,,,,,,,,3de77d05ace5,NOT_MENTIONED
Spain_119,,0,UNRECOGNIZED,STRING,UNKNOWN,,,,,,,,3de77d05ace5,STRING
Spain_113,,0,UNRECOGNIZED,STRING,UNKNOWN,,,,,,,,3de77d05ace5,STRING
Spain_118,,0,UNRECOGNIZED,NOT_MENTIONED,UNKNOWN,,,,,,,,3de77d05ace5,NOT_MENTIONED
Spain_121,,0,UNRECOGNIZED,NOT_MENTIONED,UNKNOWN,,,,,,,,3de77d05ace5,NOT_MENTIONED
Spain_120,1,1,MATCHED,35,DIVISION,"Electricity, gas, steam and air conditioning supply",D,"Electricity, gas, steam and air conditioning supply",35,"Electricity, gas, steam and air conditioning supply",,,3de77d05ace5,35
Spain_122,1,1,MATCHED,86,DIVISION,Human health activities,Q,Human health and social work activities,86,Human health activities,,,3de77d05ace5,86
Spain_124,,0,UNRECOGNIZED,NOT_MENTIONED,UNKNOWN,,,,,,,,3de77d05ace5,NOT_MENTIONED
Spain_126,1,1,MATCHED,6110,CLASS,Wired telecommunications activities,J,Information and communication,61,Telecommunications,611,Wired telecommunications activities,3de77d05ace5,6110
Spain_125,,0,UNRECOGNIZED,NOT_MENTIONED,UNKNOWN,,,,,,,,3de77d05ace5,NOT_MENTIONED
Spain_127,,0,UNRECOGNIZED,NOT_MENTIONED,UNKNOWN,,,,,,,,3de77d05ace5,NOT_MENTIONED
Spain_123,,0,UNRECOGNIZED,STRING,UNKNOWN,,,,,,,,3de77d05ace5,STRING
Spain_130,,0,UNRECOGNIZED,NOT_MENTIONED,UNKNOWN,,,,,,,,3de77d05ace5,NOT_MENTIONED
Spain_129,,0,UNRECOGNIZED,NOT_MENTIONED,UNKNOWN,,,,,,,,3de77d05ace5,NOT_MENTIONED
Spain_128,,0,UNRECOGNIZED,NOT_MENTIONED,UNKNOWN,,,,,,,,3de77d05ace5,NOT_MENTIONED
Spain_133,,0,UNRECOGNIZED,STRING,UNKNOWN,,,,,,,,3de77d05ace5,STRING
Spain_131,,0,UNRECOGNIZED,NOT_MENTIONED,UNKNOWN,,,,,,,,3de77d05ace5,NOT_MENTIONED
Spain_132,1,1,MATCHED,5813,CLASS,"Publishing of newspapers, journals and periodicals",J,Information and communication,58,Publishing activities,581,"Publishing of books, periodicals and other publishing activities",3de77d05ace5,5813
Spain_134,1,1,MATCHED,49,DIVISION,Land transport and transport via pipelines,H,Transportation and storage,49,Land transport and transport via pipelines,,,3de77d05ace5,49
Spain_134,2,0,MATCHED,52,DIVISION,Warehousing and support activities for transportation,H,Transportation and storage,52,Warehousing and support activities for transportation,,,3de77d05ace5,52
Spain_137,,0,UNRECOGNIZED,NOT_MENTIONED,UNKNOWN,,,,,,,,3de77d05ace5,NOT_MENTIONED
Spain_135,,0,UNRECOGNIZED,NOT_MENTIONED,UNKNOWN,,,,,,,,3de77d05ace5,NOT_MENTIONED
Spain_136,,0,UNRECOGNIZED,STRING,UNKNOWN,,,,,,,,3de77d05ace5,STRING
Spain_138,,0,UNRECOGNIZED,NOT_MENTIONED,UNKNOWN,,,,,,,,3de77d05ace5,NOT_MENTIONED
Spain_139,,0,UNRECOGNIZED,NACE Rev. 2: 78.10 (Activities of employment placement agencies),UNKNOWN,,,,,,,,3de77d05ace5,NACE Rev. 2: 78.10 (Activities of employment placement agencies)
Spain_141,,0,UNRECOGNIZED,NOT_MENTIONED,UNKNOWN,,,,,,,,3de77d05ace5,NOT_MENTIONED
Spain_140,1,1,MATCHED,9321,CLASS,Activities of amusement parks and theme parks,R,"Arts, entertainment and recreation",93,Sports activities and amusement and recreation activities,932,Other amusement and recreation activities,3de77d05ace5,9321
Spain_142,1,1,MATCHED,61,DIVISION,Telecommunications,J,Information and communication,61,Telecommunications,,,3de77d05ace5,61
Spain_143,,0,UNRECOGNIZED,STRING,UNKNOWN,,,,,,,,3de77d05ace5,STRING
Spain_144,1,1,MATCHED,8411,CLASS,General public administration activities,O,Public administration and defence; compulsory social security,84,Public administration and defence; compulsory social security,841,Administration of the State and the economic and social policy of the community,3de77d05ace5,8411
Spain_146,,0,UNRECOGNIZED,NOT_MENTIONED,UNKNOWN,,,,,,,,3de77d05ace5,NOT_MENTIONED
Spain_147,,0,UNRECOGNIZED,STRING,UNKNOWN,,,,,,,,3de77d05ace5,STRING
Spain_149,1,1,MATCHED,6312,CLASS,Web portals,J,Information and communication,63,Information service activities,631,"Data processing, hosting and related activities; web portals",3de77d05ace5,6312
Spain_151,1,1,MATCHED,9311,CLASS,Operation of sports facilities,R,"Arts, entertainment and recreation",93,Sports activities and amusement and recreation activities,931,Sports activities,3de77d05ace5,9311
Spain_150,1,1,MATCHED,17,DIVISION,Manufacture of paper and paper products,C,Manufacturing,17,Manufacture of paper and paper products,,,3de77d05ace5,17
Spain_152,1,1,MATCHED,6110,CLASS,Wired telecommunications activities,J,Information and communication,61,Telecommunications,611,Wired telecommunications activities,3de77d05ace5,6110
Spain_154,1,1,MATCHED,6419,CLASS,Other monetary intermediation,K,Financial and insurance activities,64,"Financial service activities, except insurance and pension funding",641,Monetary intermediation,3de77d05ace5,6419
Spain_153,1,1,MATCHED,9311,CLASS,Operation of sports facilities,R,"Arts, entertainment and recreation",93,Sports activities and amusement and recreation activities,931,Sports activities,3de77d05ace5,9311
Spain_155,1,1,MATCHED,641,GROUP,Monetary intermediation,K,Financial and insurance activities,64,"Financial service activities, except insurance and pension funding",641,Monetary intermediation,3de77d05ace5,641
Spain_156,,0,UNRECOGNIZED,STRING,UNKNOWN,,,,,,,,3de77d05ace5,STRING
Spain_158,,0,UNRECOGNIZED,STRING,UNKNOWN,,,,,,,,3de77d05ace5,STRING
Spain_157,1,1,MATCHED,9311,CLASS,Operation of sports facilities,R,"Arts, entertainment and recreation",93,Sports activities and amusement and recreation activities,931,Sports activities,3de77d05ace5,9311
Spain_160,1,1,MATCHED,6419,CLASS,Other monetary intermediation,K,Financial and insurance activities,64,"Financial service activities, except insurance and pension funding",641,Monetary intermediation,3de77d05ace5,6419
Spain_159,1,1,MATCHED,1071,CLASS,Manufacture of bakery products,C,Manufacturing,10,Manufacture of food products,107,Manufacture of other food products,3de77d05ace5,1071
Spain_162,,0,UNRECOGNIZED,NOT_MENTIONED,UNKNOWN,,,,,,,,3de77d05ace5,NOT_MENTIONED
Spain_161,1,1,MATCHED,6120,CLASS,Wireless telecommunications activities,J,Information and communication,61,Telecommunications,612,Wireless telecommunications activities,3de77d05ace5,6120
Spain_164,,0,UNRECOGNIZED,NOT_MENTIONED,UNKNOWN,,,,,,,,3de77d05ace5,NOT_MENTIONED
Spain_165,1,1,MATCHED,6419,CLASS,Other monetary intermediation,K,Financial and insurance activities,64,"Financial service activities, except insurance and pension funding",641,Monetary intermediation,3de77d05ace5,6419
Spain_163,1,1,MATCHED,6419,CLASS,Other monetary intermediation,K,Financial and insurance activities,64,"Financial service activities, except insurance and pension funding",641,Monetary intermediation,3de77d05ace5,6419
Spain_168,1,1,MATCHED,8411,CLASS,General public administration activities,O,Public administration and defence; compulsory social security,84,Public administration and defence; compulsory social security,841,Administration of the State and the economic and social policy of the community,3de77d05ace5,8411
Spain_169,,0,UNRECOGNIZED,STRING,UNKNOWN,,,,,,,,3de77d05ace5,STRING
Spain_166,1,1,MATCHED,6419,CLASS,Other monetary intermediation,K,Financial and insurance activities,64,"Financial service activities, except insurance and pension funding",641,Monetary intermediation,3de77d05ace5,6419
Spain_174,1,1,MATCHED,5229,CLASS,Other transportation support activities,H,Transportation and storage,52,Warehousing and support activities for transportation,522,Support activities for transportation,3de77d05ace5,5229
Spain_173,,0,UNRECOGNIZED,NOT_MENTIONED,UNKNOWN,,,,,,,,3de77d05ace5,NOT_MENTIONED
Spain_171,,0,UNRECOGNIZED,STRING,UNKNOWN,,,,,,,,3de77d05ace5,STRING
Spain_172,1,1,MATCHED,6499,CLASS,"Other financial service activities, except insurance and pension funding activities, n.e.c.",K,Financial and insurance activities,64,"Financial service activities, except insurance and pension funding",649,"Other financial service activities, except insurance and pension funding activities",3de77d05ace5,6499
Spain_179,,0,UNRECOGNIZED,NOT_DISCUSSED,UNKNOWN,,,,,,,,3de77d05ace5,NOT_DISCUSSED
Spain_178,1,1,MATCHED,3510,CLASS,"Electric power generation, transmission and distribution",D,"Electricity, gas, steam and air conditioning supply",35,"Electricity, gas, steam and air conditioning supply",351,"Electric power generation, transmission and distribution",3de77d05ace5,3510
Spain_177,1,1,MATCHED,4711,CLASS,"Retail sale in non-specialized stores with food, beverages or tobacco predominating",G,Wholesale and retail trade; repair of motor vehicles and motorcycles,47,"Retail trade, except of motor vehicles and motorcycles",471,Retail sale in non-specialized stores,3de77d05ace5,4711
Spain_175,1,1,MATCHED,6499,CLASS,"Other financial service activities, except insurance and pension funding activities, n.e.c.",K,Financial and insurance activities,64,"Financial service activities, except insurance and pension funding",649,"Other financial service activities, except insurance and pension funding activities",3de77d05ace5,6499
Spain_176,,0,UNRECOGNIZED,STRING,UNKNOWN,,,,,,,,3de77d05ace5,STRING
Spain_181,1,1,MATCHED,6419,CLASS,Other monetary intermediation,K,Financial and insurance activities,64,"Financial service activities, except insurance and pension funding",641,Monetary intermediation,3de77d05ace5,6419
Spain_187,,0,UNRECOGNIZED,NOT_MENTIONED,UNKNOWN,,,,,,,,3de77d05ace5,NOT_MENTIONED
Spain_180,1,1,MATCHED,3510,CLASS,"Electric power generation, transmission and distribution",D,"Electricity, gas, steam and air conditioning supply",35,"Electricity, gas, steam and air conditioning supply",351,"Electric power generation, transmission and distribution",3de77d05ace5,3510
Spain_182,1,1,MATCHED,3510,CLASS,"Electric power generation, transmission and distribution",D,"Electricity, gas, steam and air conditioning supply",35,"Electricity, gas, steam and air conditioning supply",351,"Electric power generation, transmission and distribution",3de77d05ace5,3510
Spain_186,1,1,MATCHED,6419,CLASS,Other monetary intermediation,K,Financial and insurance activities,64,"Financial service activities, except insurance and pension funding",641,Monetary intermediation,3de77d05ace5,6419
Spain_185,1,1,MATCHED,35,DIVISION,"Electricity, gas, steam and air conditioning supply",D,"Electricity, gas, steam and air conditioning supply",35,"Electricity, gas, steam and air conditioning supply",,,3de77d05ace5,35
Spain_188,1,1,MATCHED,8610,CLASS,Hospital activities,Q,Human health and social work activities,86,Human health activities,861,Hospital activities,3de77d05ace5,8610
Spain_189,,0,UNRECOGNIZED,NOT_MENTIONED,UNKNOWN,,,,,,,,3de77d05ace5,NOT_MENTIONED
Spain_183,,0,UNRECOGNIZED,STRING,UNKNOWN,,,,,,,,3de77d05ace5,STRING
Spain_190,,0,UNRECOGNIZED,NOT_MENTIONED,UNKNOWN,,,,,,,,3de77d05ace5,NOT_MENTIONED
Spain_191,1,1,MATCHED,6820,CLASS,Real estate activities on a fee or contract basis,L,Real estate activities,68,Real estate activities,682,Real estate activities on a fee or contract basis,3de77d05ace5,6820
Spain_194,1,1,MATCHED,5510,CLASS,Short term accommodation activities,I,Accommodation and food service activities,55,Accommodation,551,Short term accommodation activities,3de77d05ace5,5510
Spain_192,1,1,MATCHED,61,DIVISION,Telecommunications,J,Information and communication,61,Telecommunications,,,3de77d05ace5,61
Spain_193,1,1,MATCHED,6499,CLASS,"Other financial service activities, except insurance and pension funding activities, n.e.c.",K,Financial and insurance activities,64,"Financial service activities, except insurance and pension funding",649,"Other financial service activities, except insurance and pension funding activities",3de77d05ace5,6499
Spain_196,,0,UNRECOGNIZED,NOT_MENTIONED,UNKNOWN,,,,,,,,3de77d05ace5,NOT_MENTIONED
Spain_195,1,1,MATCHED,5813,CLASS,"Publishing of newspapers, journals and periodicals",J,Information and communication,58,Publishing activities,581,"Publishing of books, periodicals and other publishing activities",3de77d05ace5,5813
Spain_200,,0,UNRECOGNIZED,NOT_MENTIONED,UNKNOWN,,,,,,,,3de77d05ace5,NOT_MENTIONED
Spain_199,,0,UNRECOGNIZED,NOT_MENTIONED,UNKNOWN,,,,,,,,3de77d05ace5,NOT_MENTIONED
Spain_197,,0,UNRECOGNIZED,STRING,UNKNOWN,,,,,,,,3de77d05ace5,STRING
Spain_198,,0,UNRECOGNIZED,STRING,UNKNOWN,,,,,,,,3de77d05ace5,STRING
Spain_202,,0,UNRECOGNIZED,NOT_MENTIONED,UNKNOWN,,,,,,,,3de77d05ace5,NOT_MENTIONED
Spain_201,1,1,MATCHED,900,GROUP,"Creative, arts and entertainment activities",R,"Arts, entertainment and recreation",90,"Creative, arts and entertainment activities",900,"Creative, arts and entertainment activities",3de77d05ace5,900
Spain_203,,0,UNRECOGNIZED,STRING,UNKNOWN,,,,,,,,3de77d05ace5,STRING
Spain_206,1,1,MATCHED,6910,CLASS,Legal activities,M,"Professional, scientific and technical activities",69,Legal and accounting activities,691,Legal activities,3de77d05ace5,6910
Spain_205,1,1,MATCHED,6110,CLASS,Wired telecommunications activities,J,Information and communication,61,Telecommunications,611,Wired telecommunications activities,3de77d05ace5,6110
Spain_204,1,1,MATCHED,9321,CLASS,Activities of amusement parks and theme parks,R,"Arts, entertainment and recreation",93,Sports activities and amusement and recreation activities,932,Other amusement and recreation activities,3de77d05ace5,9321
Spain_208,1,1,MATCHED,6499,CLASS,"Other financial service activities, except insurance and pension funding activities, n.e.c.",K,Financial and insurance activities,64,"Financial service activities, except insurance and pension funding",649,"Other financial service activities, except insurance and pension funding activities",3de77d05ace5,6499
Spain_207,,0,UNRECOGNIZED,STRING,UNKNOWN,,,,,,,,3de77d05ace5,STRING
Spain_209,1,1,MATCHED,5510,CLASS,Short term accommodation activities,I,Accommodation and food service activities,55,Accommodation,551,Short term accommodation activities,3de77d05ace5,5510
Spain_210,1,1,MATCHED,35,DIVISION,"Electricity, gas, steam and air conditioning supply",D,"Electricity, gas, steam and air conditioning supply",35,"Electricity, gas, steam and air conditioning supply",,,3de77d05ace5,35
Spain_212,1,1,MATCHED,8690,CLASS,Other human health activities,Q,Human health and social work activities,86,Human health activities,869,Other human health activities,3de77d05ace5,8690
Spain_211,,0,UNRECOGNIZED,STRING,UNKNOWN,,,,,,,,3de77d05ace5,STRING
Spain_214,,0,UNRECOGNIZED,NOT_MENTIONED,UNKNOWN,,,,,,,,3de77d05ace5,NOT_MENTIONED
Spain_215,1,1,MATCHED,6419,CLASS,Other monetary intermediation,K,Financial and insurance activities,64,"Financial service activities, except insurance and pension funding",641,Monetary intermediation,3de77d05ace5,6419
Spain_219,,0,UNRECOGNIZED,NOT_DISCUSSED,UNKNOWN,,,,,,,,3de77d05ace5,NOT_DISCUSSED
Spain_216,,0,UNRECOGNIZED,NOT_MENTIONED,UNKNOWN,,,,,,,,3de77d05ace5,NOT_MENTIONED
Spain_217,1,1,MATCHED,6419,CLASS,Other monetary intermediation,K,Financial and insurance activities,64,"Financial service activities, except insurance and pension funding",641,Monetary intermediation,3de77d05ace5,6419
Spain_220,1,1,MATCHED,5621,CLASS,Event catering,I,Accommodation and food service activities,56,Food and beverage service activities,562,Event catering and other food service activities,3de77d05ace5,5621
Spain_218,1,1,MATCHED,53,DIVISION,Postal and courier activities,H,Transportation and storage,53,Postal and courier activities,,,3de77d05ace5,53
Spain_221,,0,UNRECOGNIZED,STRING,UNKNOWN,,,,,,,,3de77d05ace5,STRING
Spain_222,1,1,MATCHED,6419,CLASS,Other monetary intermediation,K,Financial and insurance activities,64,"Financial service activities, except insurance and pension funding",641,Monetary intermediation,3de77d05ace5,6419
Spain_224,,0,UNRECOGNIZED,STRING,UNKNOWN,,,,,,,,3de77d05ace5,STRING
Spain_225,1,1,MATCHED,52,DIVISION,Warehousing and support activities for transportation,H,Transportation and storage,52,Warehousing and support activities for transportation,,,3de77d05ace5,52
Spain_228,,0,UNRECOGNIZED,NOT_MENTIONED,UNKNOWN,,,,,,,,3de77d05ace5,NOT_MENTIONED
Spain_227,1,1,MATCHED,J,SECTION,Information and communication,J,Information and communication,,,,,3de77d05ace5,J
Spain_226,,0,UNRECOGNIZED,STRING,UNKNOWN,,,,,,,,3de77d05ace5,STRING
Spain_230,,0,UNRECOGNIZED,NOT_MENTIONED,UNKNOWN,,,,,,,,3de77d05ace5,NOT_MENTIONED
Spain_231,1,1,MATCHED,5914,CLASS,Motion picture projection activities,J,Information and communication,59,"Motion picture, video and television programme production, sound recording and music publishing activities",591,"Motion picture, video and television programme activities",3de77d05ace5,5914
Spain_232,,0,UNRECOGNIZED,NOT_MENTIONED,UNKNOWN,,,,,,,,3de77d05ace5,NOT_MENTIONED
Spain_233,,0,UNRECOGNIZED,STRING,UNKNOWN,,,,,,,,3de77d05ace5,STRING
Spain_235,1,1,MATCHED,9311,CLASS,Operation of sports facilities,R,"Arts, entertainment and recreation",93,Sports activities and amusement and recreation activities,931,Sports activities,3de77d05ace5,9311
Spain_237,1,1,MATCHED,86,DIVISION,Human health activities,Q,Human health and social work activities,86,Human health activities,,,3de77d05ace5,86
Spain_240,,0,UNRECOGNIZED,NOT_MENTIONED,UNKNOWN,,,,,,,,3de77d05ace5,NOT_MENTIONED
Spain_238,1,1,MATCHED,63,DIVISION,Information service activities,J,Information and communication,63,Information service activities,,,3de77d05ace5,63
Spain_239,1,1,MATCHED,35,DIVISION,"Electricity, gas, steam and air conditioning supply",D,"Electricity, gas, steam and air conditioning supply",35,"Electricity, gas, steam and air conditioning supply",,,3de77d05ace5,35
Spain_236,1,1,MATCHED,6499,CLASS,"Other financial service activities, except insurance and pension funding activities, n.e.c.",K,Financial and insurance activities,64,"Financial service activities, except insurance and pension funding",649,"Other financial service activities, except insurance and pension funding activities",3de77d05ace5,6499
Spain_241,,0,UNRECOGNIZED,STRING,UNKNOWN,,,,,,,,3de77d05ace5,STRING
Spain_243,,0,UNRECOGNIZED,NOT_MENTIONED,UNKNOWN,,,,,,,,3de77d05ace5,NOT_MENTIONED
Spain_242,,0,UNRECOGNIZED,STRING,UNKNOWN,,,,,,,,3de77d05ace5,STRING
Spain_244,,0,UNRECOGNIZED,STRING,UNKNOWN,,,,,,,,3de77d05ace5,STRING
Spain_245,,0,UNRECOGNIZED,NOT_MENTIONED,UNKNOWN,,,,,,,,3de77d05ace5,NOT_MENTIONED
Spain_247,,0,UNRECOGNIZED,NOT_MENTIONED,UNKNOWN,,,,,,,,3de77d05ace5,NOT_MENTIONED
Spain_246,,0,UNRECOGNIZED,STRING,UNKNOWN,,,,,,,,3de77d05ace5,STRING
Spain_250,1,1,MATCHED,8411,CLASS,General public administration activities,O,Public administration and defence; compulsory social security,84,Public administration and defence; compulsory social security,841,Administration of the State and the economic and social policy of the community,3de77d05ace5,8411
Spain_248,,0,UNRECOGNIZED,STRING,UNKNOWN,,,,,,,,3de77d05ace5,STRING
Spain_249,,0,UNRECOGNIZED,STRING,UNKNOWN,,,,,,,,3de77d05ace5,STRING
Spain_252,,0,UNRECOGNIZED,NOT_MENTIONED,UNKNOWN,,,,,,,,3de77d05ace5,NOT_MENTIONED
Spain_251,,0,UNRECOGNIZED,STRING,UNKNOWN,,,,,,,,3de77d05ace5,STRING
Spain_253,,0,UNRECOGNIZED,STRING,UNKNOWN,,,,,,,,3de77d05ace5,STRING
Spain_254,1,1,MATCHED,8510,CLASS,Pre-primary and primary education,P,Education,85,Education,851,Pre-primary and primary education,3de77d05ace5,8510
Spain_255,1,1,MATCHED,35,DIVISION,"Electricity, gas, steam and air conditioning supply",D,"Electricity, gas, steam and air conditioning supply",35,"Electricity, gas, steam and air conditioning supply",,,3de77d05ace5,35
Spain_259,,0,UNRECOGNIZED,NOT_MENTIONED,UNKNOWN,,,,,,,,3de77d05ace5,NOT_MENTIONED
Spain_258,,0,UNRECOGNIZED,STRING,UNKNOWN,,,,,,,,3de77d05ace5,STRING
Spain_260,,0,UNRECOGNIZED,STRING,UNKNOWN,,,,,,,,3de77d05ace5,STRING
Spain_256,1,1,MATCHED,620,GROUP,"Computer programming, consultancy and related activities",J,Information and communication,62,"Computer programming, consultancy and related activities",620,"Computer programming, consultancy and related activities",3de77d05ace5,620
Spain_261,,0,UNRECOGNIZED,STRING,UNKNOWN,,,,,,,,3de77d05ace5,STRING
Spain_262,,0,UNRECOGNIZED,Q (Human health and social work activities),UNKNOWN,,,,,,,,3de77d05ace5,Q (Human health and social work activities)
Spain_263,,0,UNRECOGNIZED,STRING,UNKNOWN,,,,,,,,3de77d05ace5,STRING
Spain_264,1,1,MATCHED,61,DIVISION,Telecommunications,J,Information and communication,61,Telecommunications,,,3de77d05ace5,61
Spain_265,1,1,MATCHED,7911,CLASS,Travel agency activities,N,Administrative and support service activities,79,"Travel agency, tour operator, reservation service and related activities",791,Travel agency and tour operator activities,3de77d05ace5,7911
Spain_266,,0,UNRECOGNIZED,NOT_MENTIONED,UNKNOWN,,,,,,,,3de77d05ace5,NOT_MENTIONED
Spain_267,,0,UNRECOGNIZED,NOT_MENTIONED,UNKNOWN,,,,,,,,3de77d05ace5,NOT_MENTIONED
Spain_269,,0,UNRECOGNIZED,STRING,UNKNOWN,,,,,,,,3de77d05ace5,STRING
Spain_270,,0,UNRECOGNIZED,STRING,UNKNOWN,,,,,,,,3de77d05ace5,STRING
Spain_268,,0,UNRECOGNIZED,STRING,UNKNOWN,,,,,,,,3de77d05ace5,STRING
Spain_272,1,1,MATCHED,6910,CLASS,Legal activities,M,"Professional, scientific and technical activities",69,Legal and accounting activities,691,Legal activities,3de77d05ace5,6910
Spain_271,,0,UNRECOGNIZED,STRING,UNKNOWN,,,,,,,,3de77d05ace5,STRING
Spain_273,,0,UNRECOGNIZED,STRING,UNKNOWN,,,,,,,,3de77d05ace5,STRING
Spain_274,,0,UNRECOGNIZED,STRING,UNKNOWN,,,,,,,,3de77d05ace5,STRING
Spain_275,1,1,MATCHED,5224,CLASS,Cargo handling,H,Transportation and storage,52,Warehousing and support activities for transportation,522,Support activities for transportation,3de77d05ace5,5224
Spain_276,,0,UNRECOGNIZED,STRING,UNKNOWN,,,,,,,,3de77d05ace5,STRING
Spain_278,,0,UNRECOGNIZED,STRING,UNKNOWN,,,,,,,,3de77d05ace5,STRING
Spain_280,,0,UNRECOGNIZED,STRING,UNKNOWN,,,,,,,,3de77d05ace5,STRING
Spain_281,,0,UNRECOGNIZED,STRING,UNKNOWN,,,,,,,,3de77d05ace5,STRING
Spain_279,,0,UNRECOGNIZED,NOT_MENTIONED,UNKNOWN,,,,,,,,3de77d05ace5,NOT_MENTIONED
Spain_282,1,1,MATCHED,6419,CLASS,Other monetary intermediation,K,Financial and insurance activities,64,"Financial service activities, except insurance and pension funding",641,Monetary intermediation,3de77d05ace5,6419
Spain_277,,0,UNRECOGNIZED,STRING,UNKNOWN,,,,,,,,3de77d05ace5,STRING
Spain_288,,0,UNRECOGNIZED,UNCLEAR,UNKNOWN,,,,,,,,3de77d05ace5,UNCLEAR
Spain_289,,0,UNRECOGNIZED,NOT_MENTIONED,UNKNOWN,,,,,,,,3de77d05ace5,NOT_MENTIONED
Spain_283,1,1,MATCHED,61,DIVISION,Telecommunications,J,Information and communication,61,Telecommunications,,,3de77d05ace5,61
Spain_287,,0,UNRECOGNIZED,PUBLIC_SECTOR_BODY,UNKNOWN,,,,,,,,3de77d05ace5,PUBLIC_SECTOR_BODY
Spain_285,,0,UNRECOGNIZED,STRING,UNKNOWN,,,,,,,,3de77d05ace5,STRING
Spain_296,1,1,MATCHED,4322,CLASS,"Plumbing, heat and air-conditioning installation",F,Construction,43,Specialized construction activities,432,"Electrical, plumbing and other construction installation activities",3de77d05ace5,4322
Spain_290,1,1,MATCHED,6419,CLASS,Other monetary intermediation,K,Financial and insurance activities,64,"Financial service activities, except insurance and pension funding",641,Monetary intermediation,3de77d05ace5,6419
Spain_297,,0,UNRECOGNIZED,UNCLEAR,UNKNOWN,,,,,,,,3de77d05ace5,UNCLEAR
Spain_291,1,1,MATCHED,93,DIVISION,Sports activities and amusement and recreation activities,R,"Arts, entertainment and recreation",93,Sports activities and amusement and recreation activities,,,3de77d05ace5,93
Spain_292,,0,UNRECOGNIZED,NOT_MENTIONED,UNKNOWN,,,,,,,,3de77d05ace5,NOT_MENTIONED
Spain_294,,0,UNRECOGNIZED,NOT_MENTIONED,UNKNOWN,,,,,,,,3de77d05ace5,NOT_MENTIONED
Spain_293,1,1,MATCHED,641,GROUP,Monetary intermediation,K,Financial and insurance activities,64,"Financial service activities, except insurance and pension funding",641,Monetary intermediation,3de77d05ace5,641
Spain_295,,0,UNRECOGNIZED,STRING,UNKNOWN,,,,,,,,3de77d05ace5,STRING
Spain_298,1,1,MATCHED,8620,CLASS,Medical and dental practice activities,Q,Human health and social work activities,86,Human health activities,862,Medical and dental practice activities,3de77d05ace5,8620
Spain_300,1,1,MATCHED,4322,CLASS,"Plumbing, heat and air-conditioning installation",F,Construction,43,Specialized construction activities,432,"Electrical, plumbing and other construction installation activities",3de77d05ace5,4322
Spain_299,,0,UNRECOGNIZED,Hotels and similar accommodation,UNKNOWN,,,,,,,,3de77d05ace5,Hotels and similar accommodation
Spain_303,1,1,MATCHED,6120,CLASS,Wireless telecommunications activities,J,Information and communication,61,Telecommunications,612,Wireless telecommunications activities,3de77d05ace5,6120
Spain_301,,0,UNRECOGNIZED,STRING,UNKNOWN,,,,,,,,3de77d05ace5,STRING
Spain_302,1,1,MATCHED,77,DIVISION,Rental and leasing activities,N,Administrative and support service activities,77,Rental and leasing activities,,,3de77d05ace5,77
Spain_304,1,1,MATCHED,9499,CLASS,Activities of other membership organizations n.e.c.,S,Other service activities,94,Activities of membership organizations,949,Activities of other membership organizations,3de77d05ace5,9499
Spain_305,,0,UNRECOGNIZED,NOT_MENTIONED,UNKNOWN,,,,,,,,3de77d05ace5,NOT_MENTIONED
Spain_309,1,1,MATCHED,84,DIVISION,Public administration and defence; compulsory social security,O,Public administration and defence; compulsory social security,84,Public administration and defence; compulsory social security,,,3de77d05ace5,84
Spain_306,,0,UNRECOGNIZED,NOT_MENTIONED,UNKNOWN,,,,,,,,3de77d05ace5,NOT_MENTIONED
Spain_312,,0,UNRECOGNIZED,UNCLEAR,UNKNOWN,,,,,,,,3de77d05ace5,UNCLEAR
Spain_307,1,1,MATCHED,4791,CLASS,Retail sale via mail order houses or via Internet,G,Wholesale and retail trade; repair of motor vehicles and motorcycles,47,"Retail trade, except of motor vehicles and motorcycles",479,"Retail trade not in stores, stalls or markets",3de77d05ace5,4791
Spain_308,,0,UNRECOGNIZED,STRING,UNKNOWN,,,,,,,,3de77d05ace5,STRING
Spain_311,,0,UNRECOGNIZED,STRING,UNKNOWN,,,,,,,,3de77d05ace5,STRING
Spain_310,,0,UNRECOGNIZED,STRING,UNKNOWN,,,,,,,,3de77d05ace5,STRING
Spain_313,1,1,MATCHED,63,DIVISION,Information service activities,J,Information and communication,63,Information service activities,,,3de77d05ace5,63
Spain_314,1,1,MATCHED,3510,CLASS,"Electric power generation, transmission and distribution",D,"Electricity, gas, steam and air conditioning supply",35,"Electricity, gas, steam and air conditioning supply",351,"Electric power generation, transmission and distribution",3de77d05ace5,3510
Spain_315,1,1,MATCHED,94,DIVISION,Activities of membership organizations,S,Other service activities,94,Activities of membership organizations,,,3de77d05ace5,94
Spain_320,,0,UNRECOGNIZED,NOT_MENTIONED,UNKNOWN,,,,,,,,3de77d05ace5,NOT_MENTIONED
Spain_318,1,1,MATCHED,61,DIVISION,Telecommunications,J,Information and communication,61,Telecommunications,,,3de77d05ace5,61
Spain_317,,0,UNRECOGNIZED,NOT_MENTIONED,UNKNOWN,,,,,,,,3de77d05ace5,NOT_MENTIONED
Spain_316,,0,UNRECOGNIZED,STRING,UNKNOWN,,,,,,,,3de77d05ace5,STRING
Spain_319,,0,UNRECOGNIZED,NOT_MENTIONED,UNKNOWN,,,,,,,,3de77d05ace5,NOT_MENTIONED
Spain_321,1,1,MATCHED,61,DIVISION,Telecommunications,J,Information and communication,61,Telecommunications,,,3de77d05ace5,61
Spain_323,,0,UNRECOGNIZED,NOT_MENTIONED,UNKNOWN,,,,,,,,3de77d05ace5,NOT_MENTIONED
Spain_325,,0,UNRECOGNIZED,STRING,UNKNOWN,,,,,,,,3de77d05ace5,STRING
Spain_322,,0,UNRECOGNIZED,STRING,UNKNOWN,,,,,,,,3de77d05ace5,STRING
Spain_327,,0,UNRECOGNIZED,STRING,UNKNOWN,,,,,,,,3de77d05ace5,STRING
Spain_324,1,1,MATCHED,85,DIVISION,Education,P,Education,85,Education,,,3de77d05ace5,85
Spain_326,1,1,MATCHED,4711,CLASS,"Retail sale in non-specialized stores with food, beverages or tobacco predominating",G,Wholesale and retail trade; repair of motor vehicles and motorcycles,47,"Retail trade, except of motor vehicles and motorcycles",471,Retail sale in non-specialized stores,3de77d05ace5,4711
Spain_328,,0,UNRECOGNIZED,NOT_MENTIONED,UNKNOWN,,,,,,,,3de77d05ace5,NOT_MENTIONED
Spain_329,,0,UNRECOGNIZED,STRING,UNKNOWN,,,,,,,,3de77d05ace5,STRING
Spain_332,1,1,MATCHED,8411,CLASS,General public administration activities,O,Public administration and defence; compulsory social security,84,Public administration and defence; compulsory social security,841,Administration of the State and the economic and social policy of the community,3de77d05ace5,8411
Spain_330,,0,UNRECOGNIZED,STRING,UNKNOWN,,,,,,,,3de77d05ace5,STRING
Spain_331,1,1,MATCHED,8411,CLASS,General public administration activities,O,Public administration and defence; compulsory social security,84,Public administration and defence; compulsory social security,841,Administration of the State and the economic and social policy of the community,3de77d05ace5,8411
Spain_334,,0,UNRECOGNIZED,STRING,UNKNOWN,,,,,,,,3de77d05ace5,STRING
Spain_335,,0,UNRECOGNIZED,NOT_MENTIONED,UNKNOWN,,,,,,,,3de77d05ace5,NOT_MENTIONED
Spain_333,,0,UNRECOGNIZED,STRING,UNKNOWN,,,,,,,,3de77d05ace5,STRING
Spain_336,,0,UNRECOGNIZED,STRING,UNKNOWN,,,,,,,,3de77d05ace5,STRING
Spain_340,1,1,MATCHED,61,DIVISION,Telecommunications,J,Information and communication,61,Telecommunications,,,3de77d05ace5,61
Spain_337,1,1,MATCHED,93,DIVISION,Sports activities and amusement and recreation activities,R,"Arts, entertainment and recreation",93,Sports activities and amusement and recreation activities,,,3de77d05ace5,93
Spain_341,,0,UNRECOGNIZED,STRING,UNKNOWN,,,,,,,,3de77d05ace5,STRING
Spain_338,,0,UNRECOGNIZED,STRING,UNKNOWN,,,,,,,,3de77d05ace5,STRING
Spain_342,1,1,MATCHED,5610,CLASS,Restaurants and mobile food service activities,I,Accommodation and food service activities,56,Food and beverage service activities,561,Restaurants and mobile food service activities,3de77d05ace5,5610
Spain_343,,0,UNRECOGNIZED,STRING,UNKNOWN,,,,,,,,3de77d05ace5,STRING
Spain_344,,0,UNRECOGNIZED,NOT_MENTIONED,UNKNOWN,,,,,,,,3de77d05ace5,NOT_MENTIONED
Spain_345,,0,UNRECOGNIZED,STRING,UNKNOWN,,,,,,,,3de77d05ace5,STRING
Spain_346,,0,UNRECOGNIZED,STRING,UNKNOWN,,,,,,,,3de77d05ace5,STRING
Spain_347,,0,UNRECOGNIZED,STRING,UNKNOWN,,,,,,,,3de77d05ace5,STRING
Spain_349,1,1,MATCHED,86,DIVISION,Human health activities,Q,Human health and social work activities,86,Human health activities,,,3de77d05ace5,86
Spain_350,,0,UNRECOGNIZED,NOT_MENTIONED,UNKNOWN,,,,,,,,3de77d05ace5,NOT_MENTIONED
Spain_348,,0,UNRECOGNIZED,STRING,UNKNOWN,,,,,,,,3de77d05ace5,STRING
Spain_351,1,1,MATCHED,6201,CLASS,Computer programming activities,J,Information and communication,62,"Computer programming, consultancy and related activities",620,"Computer programming, consultancy and related activities",3de77d05ace5,6201
Spain_352,1,1,MATCHED,61,DIVISION,Telecommunications,J,Information and communication,61,Telecommunications,,,3de77d05ace5,61
Spain_353,1,1,MATCHED,5610,CLASS,Restaurants and mobile food service activities,I,Accommodation and food service activities,56,Food and beverage service activities,561,Restaurants and mobile food service activities,3de77d05ace5,5610
Spain_354,,0,UNRECOGNIZED,NOT_MENTIONED,UNKNOWN,,,,,,,,3de77d05ace5,NOT_MENTIONED
Spain_355,,0,UNRECOGNIZED,STRING,UNKNOWN,,,,,,,,3de77d05ace5,STRING
Spain_357,,0,UNRECOGNIZED,STRING,UNKNOWN,,,,,,,,3de77d05ace5,STRING
Spain_356,1,1,MATCHED,68,DIVISION,Real estate activities,L,Real estate activities,68,Real estate activities,,,3de77d05ace5,68
Spain_358,,0,UNRECOGNIZED,STRING,UNKNOWN,,,,,,,,3de77d05ace5,STRING
Spain_360,1,1,MATCHED,1102,CLASS,Manufacture of wines,C,Manufacturing,11,Manufacture of beverages,110,Manufacture of beverages,3de77d05ace5,1102
Spain_359,1,1,MATCHED,51,DIVISION,Air transport,H,Transportation and storage,51,Air transport,,,3de77d05ace5,51
Spain_362,1,1,MATCHED,6120,CLASS,Wireless telecommunications activities,J,Information and communication,61,Telecommunications,612,Wireless telecommunications activities,3de77d05ace5,6120
Spain_361,1,1,MATCHED,61,DIVISION,Telecommunications,J,Information and communication,61,Telecommunications,,,3de77d05ace5,61
Spain_365,,0,UNRECOGNIZED,STRING,UNKNOWN,,,,,,,,3de77d05ace5,STRING
Spain_364,,0,UNRECOGNIZED,STRING,UNKNOWN,,,,,,,,3de77d05ace5,STRING
Spain_363,,0,UNRECOGNIZED,STRING,UNKNOWN,,,,,,,,3de77d05ace5,STRING
Spain_367,1,1,MATCHED,35,DIVISION,"Electricity, gas, steam and air conditioning supply",D,"Electricity, gas, steam and air conditioning supply",35,"Electricity, gas, steam and air conditioning supply",,,3de77d05ace5,35
Spain_366,1,1,MATCHED,O,SECTION,Public administration and defence; compulsory social security,O,Public administration and defence; compulsory social security,,,,,3de77d05ace5,O
Spain_368,,0,UNRECOGNIZED,STRING,UNKNOWN,,,,,,,,3de77d05ace5,STRING
Spain_370,,0,UNRECOGNIZED,STRING,UNKNOWN,,,,,,,,3de77d05ace5,STRING
Spain_369,,0,UNRECOGNIZED,STRING,UNKNOWN,,,,,,,,3de77d05ace5,STRING
Spain_371,1,1,MATCHED,61,DIVISION,Telecommunications,J,Information and communication,61,Telecommunications,,,3de77d05ace5,61
Spain_372,,0,UNRECOGNIZED,NOT_MENTIONED,UNKNOWN,,,,,,,,3de77d05ace5,NOT_MENTIONED
Spain_373,1,1,MATCHED,5610,CLASS,Restaurants and mobile food service activities,I,Accommodation and food service activities,56,Food and beverage service activities,561,Restaurants and mobile food service activities,3de77d05ace5,5610
Spain_375,1,1,MATCHED,6010,CLASS,Radio broadcasting,J,Information and communication,60,Programming and broadcasting activities,601,Radio broadcasting,3de77d05ace5,6010
Spain_374,,0,UNRECOGNIZED,NOT_MENTIONED,UNKNOWN,,,,,,,,3de77d05ace5,NOT_MENTIONED
Spain_376,1,1,MATCHED,6110,CLASS,Wired telecommunications activities,J,Information and communication,61,Telecommunications,611,Wired telecommunications activities,3de77d05ace5,6110
Spain_378,1,1,MATCHED,3510,CLASS,"Electric power generation, transmission and distribution",D,"Electricity, gas, steam and air conditioning supply",35,"Electricity, gas, steam and air conditioning supply",351,"Electric power generation, transmission and distribution",3de77d05ace5,3510
Spain_377,1,1,MATCHED,6910,CLASS,Legal activities,M,"Professional, scientific and technical activities",69,Legal and accounting activities,691,Legal activities,3de77d05ace5,6910
Spain_379,,0,UNRECOGNIZED,NOT_DISCUSSED,UNKNOWN,,,,,,,,3de77d05ace5,NOT_DISCUSSED
Spain_381,,0,UNRECOGNIZED,NOT_MENTIONED,UNKNOWN,,,,,,,,3de77d05ace5,NOT_MENTIONED
Spain_380,1,1,MATCHED,61,DIVISION,Telecommunications,J,Information and communication,61,Telecommunications,,,3de77d05ace5,61
Spain_382,,0,UNRECOGNIZED,NOT_MENTIONED,UNKNOWN,,,,,,,,3de77d05ace5,NOT_MENTIONED
Spain_383,,0,UNRECOGNIZED,NOT_MENTIONED,UNKNOWN,,,,,,,,3de77d05ace5,NOT_MENTIONED
Spain_384,1,1,MATCHED,3811,CLASS,Collection of non-hazardous waste,E,"Water supply; sewerage, waste management and remediation activities",38,"Waste collection, treatment and disposal activities; materials recovery",381,Waste collection,3de77d05ace5,3811
Spain_387,1,1,MATCHED,61,DIVISION,Telecommunications,J,Information and communication,61,Telecommunications,,,3de77d05ace5,61
Spain_389,1,1,MATCHED,61,DIVISION,Telecommunications,J,Information and communication,61,Telecommunications,,,3de77d05ace5,61
Spain_388,,0,UNRECOGNIZED,STRING,UNKNOWN,,,,,,,,3de77d05ace5,STRING
Spain_385,,0,UNRECOGNIZED,STRING,UNKNOWN,,,,,,,,3de77d05ace5,STRING
Spain_386,,0,UNRECOGNIZED,STRING,UNKNOWN,,,,,,,,3de77d05ace5,STRING
Spain_391,,0,UNRECOGNIZED,NOT_MENTIONED,UNKNOWN,,,,,,,,3de77d05ace5,NOT_MENTIONED
Spain_390,1,1,MATCHED,702,GROUP,Management consultancy activities,M,"Professional, scientific and technical activities",70,Activities of head offices; management consultancy activities,702,Management consultancy activities,3de77d05ace5,702
Spain_392,1,1,MATCHED,6419,CLASS,Other monetary intermediation,K,Financial and insurance activities,64,"Financial service activities, except insurance and pension funding",641,Monetary intermediation,3de77d05ace5,6419
Spain_393,1,1,MATCHED,3510,CLASS,"Electric power generation, transmission and distribution",D,"Electricity, gas, steam and air conditioning supply",35,"Electricity, gas, steam and air conditioning supply",351,"Electric power generation, transmission and distribution",3de77d05ace5,3510
Spain_394,1,1,MATCHED,6910,CLASS,Legal activities,M,"Professional, scientific and technical activities",69,Legal and accounting activities,691,Legal activities,3de77d05ace5,6910
Spain_396,,0,UNRECOGNIZED,NOT_MENTIONED,UNKNOWN,,,,,,,,3de77d05ace5,NOT_MENTIONED
Spain_397,1,1,MATCHED,6419,CLASS,Other monetary intermediation,K,Financial and insurance activities,64,"Financial service activities, except insurance and pension funding",641,Monetary intermediation,3de77d05ace5,6419
Spain_395,,0,UNRECOGNIZED,STRING,UNKNOWN,,,,,,,,3de77d05ace5,STRING
Spain_398,1,1,MATCHED,61,DIVISION,Telecommunications,J,Information and communication,61,Telecommunications,,,3de77d05ace5,61
Spain_406,1,1,MATCHED,42,DIVISION,Civil engineering,F,Construction,42,Civil engineering,,,3de77d05ace5,42
Spain_401,1,1,MATCHED,85,DIVISION,Education,P,Education,85,Education,,,3de77d05ace5,85
Spain_400,,0,UNRECOGNIZED,STRING,UNKNOWN,,,,,,,,3de77d05ace5,STRING
Spain_402,1,1,MATCHED,61,DIVISION,Telecommunications,J,Information and communication,61,Telecommunications,,,3de77d05ace5,61
Spain_399,,0,UNRECOGNIZED,STRING,UNKNOWN,,,,,,,,3de77d05ace5,STRING
Spain_405,1,1,MATCHED,7820,CLASS,Temporary employment agency activities,N,Administrative and support service activities,78,Employment activities,782,Temporary employment agency activities,3de77d05ace5,7820
Spain_403,,0,UNRECOGNIZED,STRING,UNKNOWN,,,,,,,,3de77d05ace5,STRING
Spain_404,1,1,MATCHED,35,DIVISION,"Electricity, gas, steam and air conditioning supply",D,"Electricity, gas, steam and air conditioning supply",35,"Electricity, gas, steam and air conditioning supply",,,3de77d05ace5,35
Spain_408,,0,UNRECOGNIZED,NOT_MENTIONED,UNKNOWN,,,,,,,,3de77d05ace5,NOT_MENTIONED
Spain_410,,0,UNRECOGNIZED,NOT_MENTIONED,UNKNOWN,,,,,,,,3de77d05ace5,NOT_MENTIONED
Spain_409,,0,UNRECOGNIZED,STRING,UNKNOWN,,,,,,,,3de77d05ace5,STRING
Spain_411,,0,UNRECOGNIZED,STRING,UNKNOWN,,,,,,,,3de77d05ace5,STRING
Spain_417,,0,UNRECOGNIZED,STRING,UNKNOWN,,,,,,,,3de77d05ace5,STRING
Spain_412,,0,UNRECOGNIZED,NOT_DISCUSSED,UNKNOWN,,,,,,,,3de77d05ace5,NOT_DISCUSSED
Spain_415,1,1,MATCHED,80,DIVISION,Security and investigation activities,N,Administrative and support service activities,80,Security and investigation activities,,,3de77d05ace5,80
Spain_414,,0,UNRECOGNIZED,STRING,UNKNOWN,,,,,,,,3de77d05ace5,STRING
Spain_418,1,1,MATCHED,8411,CLASS,General public administration activities,O,Public administration and defence; compulsory social security,84,Public administration and defence; compulsory social security,841,Administration of the State and the economic and social policy of the community,3de77d05ace5,8411
Spain_416,,0,UNRECOGNIZED,STRING,UNKNOWN,,,,,,,,3de77d05ace5,STRING
Spain_419,,0,UNRECOGNIZED,STRING,UNKNOWN,,,,,,,,3de77d05ace5,STRING
Spain_421,,0,UNRECOGNIZED,STRING,UNKNOWN,,,,,,,,3de77d05ace5,STRING
Spain_420,1,1,MATCHED,6419,CLASS,Other monetary intermediation,K,Financial and insurance activities,64,"Financial service activities, except insurance and pension funding",641,Monetary intermediation,3de77d05ace5,6419
Spain_422,1,1,MATCHED,6120,CLASS,Wireless telecommunications activities,J,Information and communication,61,Telecommunications,612,Wireless telecommunications activities,3de77d05ace5,6120
Spain_423,,0,UNRECOGNIZED,STRING,UNKNOWN,,,,,,,,3de77d05ace5,STRING
Spain_424,,0,UNRECOGNIZED,NOT_MENTIONED,UNKNOWN,,,,,,,,3de77d05ace5,NOT_MENTIONED
Spain_426,1,1,MATCHED,4711,CLASS,"Retail sale in non-specialized stores with food, beverages or tobacco predominating",G,Wholesale and retail trade; repair of motor vehicles and motorcycles,47,"Retail trade, except of motor vehicles and motorcycles",471,Retail sale in non-specialized stores,3de77d05ace5,4711
Spain_425,1,1,MATCHED,49,DIVISION,Land transport and transport via pipelines,H,Transportation and storage,49,Land transport and transport via pipelines,,,3de77d05ace5,49
Spain_427,,0,UNRECOGNIZED,STRING,UNKNOWN,,,,,,,,3de77d05ace5,STRING
Spain_428,,0,UNRECOGNIZED,STRING,UNKNOWN,,,,,,,,3de77d05ace5,STRING
Spain_429,1,1,MATCHED,86,DIVISION,Human health activities,Q,Human health and social work activities,86,Human health activities,,,3de77d05ace5,86
Spain_430,,0,UNRECOGNIZED,Q (Public administration and defence; compulsory social security),UNKNOWN,,,,,,,,3de77d05ace5,Q (Public administration and defence; compulsory social security)
Spain_431,,0,UNRECOGNIZED,NOT_MENTIONED,UNKNOWN,,,,,,,,3de77d05ace5,NOT_MENTIONED
Spain_432,,0,UNRECOGNIZED,NOT_MENTIONED,UNKNOWN,,,,,,,,3de77d05ace5,NOT_MENTIONED
Spain_435,,0,UNRECOGNIZED,STRING,UNKNOWN,,,,,,,,3de77d05ace5,STRING
Spain_433,,0,UNRECOGNIZED,NOT_MENTIONED,UNKNOWN,,,,,,,,3de77d05ace5,NOT_MENTIONED
Spain_436,1,1,MATCHED,61,DIVISION,Telecommunications,J,Information and communication,61,Telecommunications,,,3de77d05ace5,61
Spain_434,,0,UNRECOGNIZED,STRING,UNKNOWN,,,,,,,,3de77d05ace5,STRING
Spain_438,1,1,MATCHED,61,DIVISION,Telecommunications,J,Information and communication,61,Telecommunications,,,3de77d05ace5,61
Spain_440,,0,UNRECOGNIZED,NOT_MENTIONED,UNKNOWN,,,,,,,,3de77d05ace5,NOT_MENTIONED
Spain_437,,0,UNRECOGNIZED,NOT_MENTIONED,UNKNOWN,,,,,,,,3de77d05ace5,NOT_MENTIONED
Spain_441,,0,UNRECOGNIZED,NOT_MENTIONED,UNKNOWN,,,,,,,,3de77d05ace5,NOT_MENTIONED
Spain_439,,0,UNRECOGNIZED,NOT_MENTIONED,UNKNOWN,,,,,,,,3de77d05ace5,NOT_MENTIONED
Spain_443,,0,UNRECOGNIZED,STRING,UNKNOWN,,,,,,,,3de77d05ace5,STRING
Spain_442,,0,UNRECOGNIZED,STRING,UNKNOWN,,,,,,,,3de77d05ace5,STRING
Spain_446,,0,UNRECOGNIZED,NOT_MENTIONED,UNKNOWN,,,,,,,,3de77d05ace5,NOT_MENTIONED
Spain_444,,0,UNRECOGNIZED,NOT_MENTIONED,UNKNOWN,,,,,,,,3de77d05ace5,NOT_MENTIONED
Spain_447,,0,UNRECOGNIZED,STRING,UNKNOWN,,,,,,,,3de77d05ace5,STRING
Spain_445,1,1,MATCHED,7310,CLASS,Advertising,M,"Professional, scientific and technical activities",73,Advertising and market research,731,Advertising,3de77d05ace5,7310
Spain_448,,0,UNRECOGNIZED,STRING,UNKNOWN,,,,,,,,3de77d05ace5,STRING
Spain_449,1,1,MATCHED,6312,CLASS,Web portals,J,Information and communication,63,Information service activities,631,"Data processing, hosting and related activities; web portals",3de77d05ace5,6312
Spain_451,,0,UNRECOGNIZED,STRING,UNKNOWN,,,,,,,,3de77d05ace5,STRING
Spain_452,,0,UNRECOGNIZED,STRING,UNKNOWN,,,,,,,,3de77d05ace5,STRING
Spain_450,1,1,MATCHED,49,DIVISION,Land transport and transport via pipelines,H,Transportation and storage,49,Land transport and transport via pipelines,,,3de77d05ace5,49
Spain_453,1,1,MATCHED,61,DIVISION,Telecommunications,J,Information and communication,61,Telecommunications,,,3de77d05ace5,61
Spain_455,1,1,MATCHED,J,SECTION,Information and communication,J,Information and communication,,,,,3de77d05ace5,J
Spain_454,1,1,MATCHED,61,DIVISION,Telecommunications,J,Information and communication,61,Telecommunications,,,3de77d05ace5,61
Spain_457,,0,UNRECOGNIZED,NOT_DISCUSSED,UNKNOWN,,,,,,,,3de77d05ace5,NOT_DISCUSSED
Spain_456,,0,UNRECOGNIZED,STRING,UNKNOWN,,,,,,,,3de77d05ace5,STRING
Spain_459,1,1,MATCHED,8690,CLASS,Other human health activities,Q,Human health and social work activities,86,Human health activities,869,Other human health activities,3de77d05ace5,8690
Spain_458,,0,UNRECOGNIZED,STRING,UNKNOWN,,,,,,,,3de77d05ace5,STRING
Spain_461,1,1,MATCHED,6910,CLASS,Legal activities,M,"Professional, scientific and technical activities",69,Legal and accounting activities,691,Legal activities,3de77d05ace5,6910
Spain_466,,0,UNRECOGNIZED,UNCLEAR,UNKNOWN,,,,,,,,3de77d05ace5,UNCLEAR
Spain_467,1,1,MATCHED,84,DIVISION,Public administration and defence; compulsory social security,O,Public administration and defence; compulsory social security,84,Public administration and defence; compulsory social security,,,3de77d05ace5,84
Spain_463,,0,UNRECOGNIZED,STRING,UNKNOWN,,,,,,,,3de77d05ace5,STRING
Spain_462,1,1,MATCHED,6512,CLASS,Non-life insurance,K,Financial and insurance activities,65,"Insurance, reinsurance and pension funding, except compulsory social security",651,Insurance,3de77d05ace5,6512
Spain_460,,0,UNRECOGNIZED,STRING,UNKNOWN,,,,,,,,3de77d05ace5,STRING
Spain_464,,0,UNRECOGNIZED,NOT_MENTIONED,UNKNOWN,,,,,,,,3de77d05ace5,NOT_MENTIONED
Spain_465,,0,UNRECOGNIZED,STRING,UNKNOWN,,,,,,,,3de77d05ace5,STRING
Spain_469,,0,UNRECOGNIZED,NOT_MENTIONED,UNKNOWN,,,,,,,,3de77d05ace5,NOT_MENTIONED
Spain_471,,0,UNRECOGNIZED,NOT_MENTIONED,UNKNOWN,,,,,,,,3de77d05ace5,NOT_MENTIONED
Spain_470,,0,UNRECOGNIZED,NOT_MENTIONED,UNKNOWN,,,,,,,,3de77d05ace5,NOT_MENTIONED
Spain_468,,0,UNRECOGNIZED,STRING,UNKNOWN,,,,,,,,3de77d05ace5,STRING
Spain_479,1,1,MATCHED,61,DIVISION,Telecommunications,J,Information and communication,61,Telecommunications,,,3de77d05ace5,61
Spain_472,,0,UNRECOGNIZED,NOT_MENTIONED,UNKNOWN,,,,,,,,3de77d05ace5,NOT_MENTIONED
Spain_473,,0,UNRECOGNIZED,NOT_MENTIONED,UNKNOWN,,,,,,,,3de77d05ace5,NOT_MENTIONED
Spain_476,,0,UNRECOGNIZED,NOT_MENTIONED,UNKNOWN,,,,,,,,3de77d05ace5,NOT_MENTIONED
Spain_474,1,1,MATCHED,6499,CLASS,"Other financial service activities, except insurance and pension funding activities, n.e.c.",K,Financial and insurance activities,64,"Financial service activities, except insurance and pension funding",649,"Other financial service activities, except insurance and pension funding activities",3de77d05ace5,6499
Spain_475,,0,UNRECOGNIZED,STRING,UNKNOWN,,,,,,,,3de77d05ace5,STRING
Spain_478,,0,UNRECOGNIZED,STRING,UNKNOWN,,,,,,,,3de77d05ace5,STRING
Spain_480,,0,UNRECOGNIZED,STRING,UNKNOWN,,,,,,,,3de77d05ace5,STRING
Spain_482,,0,UNRECOGNIZED,NOT_MENTIONED,UNKNOWN,,,,,,,,3de77d05ace5,NOT_MENTIONED
Spain_481,1,1,MATCHED,61,DIVISION,Telecommunications,J,Information and communication,61,Telecommunications,,,3de77d05ace5,61
Spain_484,,0,UNRECOGNIZED,STRING,UNKNOWN,,,,,,,,3de77d05ace5,STRING
Spain_485,,0,UNRECOGNIZED,NOT_MENTIONED,UNKNOWN,,,,,,,,3de77d05ace5,NOT_MENTIONED
Spain_487,,0,UNRECOGNIZED,STRING,UNKNOWN,,,,,,,,3de77d05ace5,STRING
Spain_483,,0,UNRECOGNIZED,STRING,UNKNOWN,,,,,,,,3de77d05ace5,STRING
Spain_486,1,1,MATCHED,6419,CLASS,Other monetary intermediation,K,Financial and insurance activities,64,"Financial service activities, except insurance and pension funding",641,Monetary intermediation,3de77d05ace5,6419
Spain_490,,0,UNRECOGNIZED,UNCLEAR,UNKNOWN,,,,,,,,3de77d05ace5,UNCLEAR
Spain_488,,0,UNRECOGNIZED,STRING,UNKNOWN,,,,,,,,3de77d05ace5,STRING
Spain_489,,0,UNRECOGNIZED,STRING,UNKNOWN,,,,,,,,3de77d05ace5,STRING
Spain_492,,0,UNRECOGNIZED,NOT_MENTIONED,UNKNOWN,,,,,,,,3de77d05ace5,NOT_MENTIONED
Spain_491,1,1,MATCHED,9311,CLASS,Operation of sports facilities,R,"Arts, entertainment and recreation",93,Sports activities and amusement and recreation activities,931,Sports activities,3de77d05ace5,9311
Spain_493,1,1,MATCHED,4791,CLASS,Retail sale via mail order houses or via Internet,G,Wholesale and retail trade; repair of motor vehicles and motorcycles,47,"Retail trade, except of motor vehicles and motorcycles",479,"Retail trade not in stores, stalls or markets",3de77d05ace5,4791
Spain_494,1,1,MATCHED,51,DIVISION,Air transport,H,Transportation and storage,51,Air transport,,,3de77d05ace5,51
Spain_496,,0,UNRECOGNIZED,PUBLIC ADMINISTRATION,UNKNOWN,,,,,,,,3de77d05ace5,PUBLIC ADMINISTRATION
Spain_495,,0,UNRECOGNIZED,STRING,UNKNOWN,,,,,,,,3de77d05ace5,STRING
Spain_497,,0,UNRECOGNIZED,NOT_MENTIONED,UNKNOWN,,,,,,,,3de77d05ace5,NOT_MENTIONED
Spain_498,,0,UNRECOGNIZED,PUBLIC_SECTOR_BODY,UNKNOWN,,,,,,,,3de77d05ace5,PUBLIC_SECTOR_BODY
Spain_499,,0,UNRECOGNIZED,STRING,UNKNOWN,,,,,,,,3de77d05ace5,STRING
Spain_501,,0,UNRECOGNIZED,NOT_MENTIONED,UNKNOWN,,,,,,,,3de77d05ace5,NOT_MENTIONED
Spain_500,1,1,MATCHED,8299,CLASS,Other business support service activities n.e.c.,N,Administrative and support service activities,82,"Office administrative, office support and other business support activities",829,Business support service activities n.e.c.,3de77d05ace5,8299
Spain_503,1,1,MATCHED,6419,CLASS,Other monetary intermediation,K,Financial and insurance activities,64,"Financial service activities, except insurance and pension funding",641,Monetary intermediation,3de77d05ace5,6419
Spain_506,,0,UNRECOGNIZED,NOT_MENTIONED,UNKNOWN,,,,,,,,3de77d05ace5,NOT_MENTIONED
Spain_502,,0,UNRECOGNIZED,STRING,UNKNOWN,,,,,,,,3de77d05ace5,STRING
Spain_504,,0,UNRECOGNIZED,NOT_MENTIONED,UNKNOWN,,,,,,,,3de77d05ace5,NOT_MENTIONED
Spain_505,,0,UNRECOGNIZED,STRING,UNKNOWN,,,,,,,,3de77d05ace5,STRING
Spain_509,1,1,MATCHED,51,DIVISION,Air transport,H,Transportation and storage,51,Air transport,,,3de77d05ace5,51
Spain_507,,0,UNRECOGNIZED,NOT_DISCUSSED,UNKNOWN,,,,,,,,3de77d05ace5,NOT_DISCUSSED
Spain_508,,0,UNRECOGNIZED,NOT_MENTIONED,UNKNOWN,,,,,,,,3de77d05ace5,NOT_MENTIONED
Spain_510,,0,UNRECOGNIZED,STRING,UNKNOWN,,,,,,,,3de77d05ace5,STRING
Spain_511,,0,UNRECOGNIZED,STRING,UNKNOWN,,,,,,,,3de77d05ace5,STRING
Spain_514,,0,UNRECOGNIZED,STRING,UNKNOWN,,,,,,,,3de77d05ace5,STRING
Spain_512,,0,UNRECOGNIZED,STRING,UNKNOWN,,,,,,,,3de77d05ace5,STRING
Spain_513,,0,UNRECOGNIZED,STRING,UNKNOWN,,,,,,,,3de77d05ace5,STRING
Spain_515,,0,UNRECOGNIZED,NOT_MENTIONED,UNKNOWN,,,,,,,,3de77d05ace5,NOT_MENTIONED
Spain_516,,0,UNRECOGNIZED,NOT_MENTIONED,UNKNOWN,,,,,,,,3de77d05ace5,NOT_MENTIONED
Spain_522,,0,UNRECOGNIZED,NOT_MENTIONED,UNKNOWN,,,,,,,,3de77d05ace5,NOT_MENTIONED
Spain_517,,0,UNRECOGNIZED,STRING,UNKNOWN,,,,,,,,3de77d05ace5,STRING
Spain_518,1,1,MATCHED,61,DIVISION,Telecommunications,J,Information and communication,61,Telecommunications,,,3de77d05ace5,61
Spain_519,,0,UNRECOGNIZED,STRING,UNKNOWN,,,,,,,,3de77d05ace5,STRING
Spain_524,,0,UNRECOGNIZED,NOT_MENTIONED,UNKNOWN,,,,,,,,3de77d05ace5,NOT_MENTIONED
Spain_525,,0,UNRECOGNIZED,NOT_MENTIONED,UNKNOWN,,,,,,,,3de77d05ace5,NOT_MENTIONED
Spain_521,1,1,MATCHED,6120,CLASS,Wireless telecommunications activities,J,Information and communication,61,Telecommunications,612,Wireless telecommunications activities,3de77d05ace5,6120
Spain_520,,0,UNRECOGNIZED,NOT_MENTIONED,UNKNOWN,,,,,,,,3de77d05ace5,NOT_MENTIONED
Spain_523,,0,UNRECOGNIZED,STRING,UNKNOWN,,,,,,,,3de77d05ace5,STRING
Spain_531,,0,UNRECOGNIZED,NOT_MENTIONED,UNKNOWN,,,,,,,,3de77d05ace5,NOT_MENTIONED
Spain_526,,0,UNRECOGNIZED,NOT_MENTIONED,UNKNOWN,,,,,,,,3de77d05ace5,NOT_MENTIONED
Spain_528,,0,UNRECOGNIZED,STRING,UNKNOWN,,,,,,,,3de77d05ace5,STRING
Spain_527,,0,UNRECOGNIZED,STRING,UNKNOWN,,,,,,,,3de77d05ace5,STRING
Spain_536,1,1,MATCHED,61,DIVISION,Telecommunications,J,Information and communication,61,Telecommunications,,,3de77d05ace5,61
Spain_532,,0,UNRECOGNIZED,STRING,UNKNOWN,,,,,,,,3de77d05ace5,STRING
Spain_529,,0,UNRECOGNIZED,STRING,UNKNOWN,,,,,,,,3de77d05ace5,STRING
Spain_533,1,1,MATCHED,61,DIVISION,Telecommunications,J,Information and communication,61,Telecommunications,,,3de77d05ace5,61
Spain_530,1,1,MATCHED,6419,CLASS,Other monetary intermediation,K,Financial and insurance activities,64,"Financial service activities, except insurance and pension funding",641,Monetary intermediation,3de77d05ace5,6419
Spain_534,,0,UNRECOGNIZED,NOT_MENTIONED,UNKNOWN,,,,,,,,3de77d05ace5,NOT_MENTIONED
Spain_535,,0,UNRECOGNIZED,STRING,UNKNOWN,,,,,,,,3de77d05ace5,STRING
Spain_537,,0,UNRECOGNIZED,STRING,UNKNOWN,,,,,,,,3de77d05ace5,STRING
Spain_539,,0,UNRECOGNIZED,STRING,UNKNOWN,,,,,,,,3de77d05ace5,STRING
Spain_541,,0,UNRECOGNIZED,STRING,UNKNOWN,,,,,,,,3de77d05ace5,STRING
Spain_542,,0,UNRECOGNIZED,NOT_MENTIONED,UNKNOWN,,,,,,,,3de77d05ace5,NOT_MENTIONED
Spain_544,,0,UNRECOGNIZED,NOT_MENTIONED,UNKNOWN,,,,,,,,3de77d05ace5,NOT_MENTIONED
Spain_543,,0,UNRECOGNIZED,STRING,UNKNOWN,,,,,,,,3de77d05ace5,STRING
Spain_540,1,1,MATCHED,7911,CLASS,Travel agency activities,N,Administrative and support service activities,79,"Travel agency, tour operator, reservation service and related activities",791,Travel agency and tour operator activities,3de77d05ace5,7911
Spain_545,,0,UNRECOGNIZED,STRING,UNKNOWN,,,,,,,,3de77d05ace5,STRING
Spain_546,,0,UNRECOGNIZED,STRING,UNKNOWN,,,,,,,,3de77d05ace5,STRING
Spain_547,1,1,MATCHED,61,DIVISION,Telecommunications,J,Information and communication,61,Telecommunications,,,3de77d05ace5,61
Spain_549,,0,UNRECOGNIZED,STRING,UNKNOWN,,,,,,,,3de77d05ace5,STRING
Spain_551,,0,UNRECOGNIZED,STRING,UNKNOWN,,,,,,,,3de77d05ace5,STRING
Spain_550,,0,UNRECOGNIZED,STRING,UNKNOWN,,,,,,,,3de77d05ace5,STRING
Spain_552,1,1,MATCHED,6499,CLASS,"Other financial service activities, except insurance and pension funding activities, n.e.c.",K,Financial and insurance activities,64,"Financial service activities, except insurance and pension funding",649,"Other financial service activities, except insurance and pension funding activities",3de77d05ace5,6499
Spain_558,1,1,MATCHED,64,DIVISION,"Financial service activities, except insurance and pension funding",K,Financial and insurance activities,64,"Financial service activities, except insurance and pension funding",,,3de77d05ace5,64
Spain_553,,0,UNRECOGNIZED,NOT_DISCUSSED,UNKNOWN,,,,,,,,3de77d05ace5,NOT_DISCUSSED
Spain_554,,0,UNRECOGNIZED,STRING,UNKNOWN,,,,,,,,3de77d05ace5,STRING
Spain_555,,0,UNRECOGNIZED,STRING,UNKNOWN,,,,,,,,3de77d05ace5,STRING
Spain_556,1,1,MATCHED,62,DIVISION,"Computer programming, consultancy and related activities",J,Information and communication,62,"Computer programming, consultancy and related activities",,,3de77d05ace5,62
Spain_559,,0,UNRECOGNIZED,NOT_DISCUSSED,UNKNOWN,,,,,,,,3de77d05ace5,NOT_DISCUSSED
Spain_557,,0,UNRECOGNIZED,NOT_MENTIONED,UNKNOWN,,,,,,,,3de77d05ace5,NOT_MENTIONED
Spain_562,,0,UNRECOGNIZED,STRING,UNKNOWN,,,,,,,,3de77d05ace5,STRING
Spain_561,,0,UNRECOGNIZED,STRING,UNKNOWN,,,,,,,,3de77d05ace5,STRING
Spain_563,,0,UNRECOGNIZED,Telecommunications,UNKNOWN,,,,,,,,3de77d05ace5,Telecommunications
Spain_560,1,1,MATCHED,94,DIVISION,Activities of membership organizations,S,Other service activities,94,Activities of membership organizations,,,3de77d05ace5,94
Spain_564,,0,UNRECOGNIZED,REAL ESTATE ACTIVITIES,UNKNOWN,,,,,,,,3de77d05ace5,REAL ESTATE ACTIVITIES
Spain_565,,0,UNRECOGNIZED,STRING,UNKNOWN,,,,,,,,3de77d05ace5,STRING
Spain_568,1,1,MATCHED,61,DIVISION,Telecommunications,J,Information and communication,61,Telecommunications,,,3de77d05ace5,61
Spain_566,1,1,MATCHED,5510,CLASS,Short term accommodation activities,I,Accommodation and food service activities,55,Accommodation,551,Short term accommodation activities,3de77d05ace5,5510
Spain_567,,0,UNRECOGNIZED,STRING,UNKNOWN,,,,,,,,3de77d05ace5,STRING
Spain_575,1,1,MATCHED,5320,CLASS,Courier activities,H,Transportation and storage,53,Postal and courier activities,532,Courier activities,3de77d05ace5,5320
Spain_572,,0,UNRECOGNIZED,NOT_DISCUSSED,UNKNOWN,,,,,,,,3de77d05ace5,NOT_DISCUSSED
Spain_570,,0,UNRECOGNIZED,NOT_MENTIONED,UNKNOWN,,,,,,,,3de77d05ace5,NOT_MENTIONED
Spain_569,,0,UNRECOGNIZED,STRING,UNKNOWN,,,,,,,,3de77d05ace5,STRING
Spain_571,1,1,MATCHED,8421,CLASS,Foreign affairs,O,Public administration and defence; compulsory social security,84,Public administration and defence; compulsory social security,842,Provision of services to the community as a whole,3de77d05ace5,8421
Spain_573,1,1,MATCHED,84,DIVISION,Public administration and defence; compulsory social security,O,Public administration and defence; compulsory social security,84,Public administration and defence; compulsory social security,,,3de77d05ace5,84
Spain_574,,0,UNRECOGNIZED,STRING,UNKNOWN,,,,,,,,3de77d05ace5,STRING
Spain_578,,0,UNRECOGNIZED,NOT_DISCUSSED,UNKNOWN,,,,,,,,3de77d05ace5,NOT_DISCUSSED
Spain_576,,0,UNRECOGNIZED,STRING,UNKNOWN,,,,,,,,3de77d05ace5,STRING
Spain_581,1,1,MATCHED,4791,CLASS,Retail sale via mail order houses or via Internet,G,Wholesale and retail trade; repair of motor vehicles and motorcycles,47,"Retail trade, except of motor vehicles and motorcycles",479,"Retail trade not in stores, stalls or markets",3de77d05ace5,4791
Spain_577,1,1,MATCHED,68,DIVISION,Real estate activities,L,Real estate activities,68,Real estate activities,,,3de77d05ace5,68
Spain_582,,0,UNRECOGNIZED,STRING,UNKNOWN,,,,,,,,3de77d05ace5,STRING
Spain_580,,0,UNRECOGNIZED,STRING,UNKNOWN,,,,,,,,3de77d05ace5,STRING
Spain_579,1,1,MATCHED,4711,CLASS,"Retail sale in non-specialized stores with food, beverages or tobacco predominating",G,Wholesale and retail trade; repair of motor vehicles and motorcycles,47,"Retail trade, except of motor vehicles and motorcycles",471,Retail sale in non-specialized stores,3de77d05ace5,4711
Spain_583,1,1,MATCHED,61,DIVISION,Telecommunications,J,Information and communication,61,Telecommunications,,,3de77d05ace5,61
Spain_584,,0,UNRECOGNIZED,NOT_DISCUSSED,UNKNOWN,,,,,,,,3de77d05ace5,NOT_DISCUSSED
Spain_586,,0,UNRECOGNIZED,STRING,UNKNOWN,,,,,,,,3de77d05ace5,STRING
Spain_590,1,1,MATCHED,8610,CLASS,Hospital activities,Q,Human health and social work activities,86,Human health activities,861,Hospital activities,3de77d05ace5,8610
Spain_585,,0,UNRECOGNIZED,STRING,UNKNOWN,,,,,,,,3de77d05ace5,STRING
Spain_587,1,1,MATCHED,6311,CLASS,"Data processing, hosting and related activities",J,Information and communication,63,Information service activities,631,"Data processing, hosting and related activities; web portals",3de77d05ace5,6311
Spain_588,,0,UNRECOGNIZED,STRING,UNKNOWN,,,,,,,,3de77d05ace5,STRING
Spain_589,,0,UNRECOGNIZED,STRING,UNKNOWN,,,,,,,,3de77d05ace5,STRING
Spain_591,,0,UNRECOGNIZED,STRING,UNKNOWN,,,,,,,,3de77d05ace5,STRING
Spain_592,1,1,MATCHED,6419,CLASS,Other monetary intermediation,K,Financial and insurance activities,64,"Financial service activities, except insurance and pension funding",641,Monetary intermediation,3de77d05ace5,6419
Spain_593,1,1,MATCHED,6311,CLASS,"Data processing, hosting and related activities",J,Information and communication,63,Information service activities,631,"Data processing, hosting and related activities; web portals",3de77d05ace5,6311
Spain_595,1,1,MATCHED,6311,CLASS,"Data processing, hosting and related activities",J,Information and communication,63,Information service activities,631,"Data processing, hosting and related activities; web portals",3de77d05ace5,6311
Spain_596,1,1,MATCHED,6419,CLASS,Other monetary intermediation,K,Financial and insurance activities,64,"Financial service activities, except insurance and pension funding",641,Monetary intermediation,3de77d05ace5,6419
Spain_597,,0,UNRECOGNIZED,NOT_MENTIONED,UNKNOWN,,,,,,,,3de77d05ace5,NOT_MENTIONED
Spain_594,,0,UNRECOGNIZED,STRING,UNKNOWN,,,,,,,,3de77d05ace5,STRING
Spain_598,,0,UNRECOGNIZED,STRING,UNKNOWN,,,,,,,,3de77d05ace5,STRING
Spain_599,,0,UNRECOGNIZED,STRING,UNKNOWN,,,,,,,,3de77d05ace5,STRING
Spain_600,,0,UNRECOGNIZED,NOT_MENTIONED,UNKNOWN,,,,,,,,3de77d05ace5,NOT_MENTIONED
Spain_605,,0,UNRECOGNIZED,NOT_MENTIONED,UNKNOWN,,,,,,,,3de77d05ace5,NOT_MENTIONED
Spain_603,1,1,MATCHED,8422,CLASS,Defence activities,O,Public administration and defence; compulsory social security,84,Public administration and defence; compulsory social security,842,Provision of services to the community as a whole,3de77d05ace5,8422
Spain_601,1,1,MATCHED,49,DIVISION,Land transport and transport via pipelines,H,Transportation and storage,49,Land transport and transport via pipelines,,,3de77d05ace5,49
Spain_602,,0,UNRECOGNIZED,NOT_DISCUSSED,UNKNOWN,,,,,,,,3de77d05ace5,NOT_DISCUSSED
Spain_604,,0,UNRECOGNIZED,STRING,UNKNOWN,,,,,,,,3de77d05ace5,STRING
Spain_606,1,1,MATCHED,46,DIVISION,"Wholesale trade, except of motor vehicles and motorcycles",G,Wholesale and retail trade; repair of motor vehicles and motorcycles,46,"Wholesale trade, except of motor vehicles and motorcycles",,,3de77d05ace5,46
Spain_607,,0,UNRECOGNIZED,Q (Human health and social work activities),UNKNOWN,,,,,,,,3de77d05ace5,Q (Human health and social work activities)
Spain_611,1,1,MATCHED,6499,CLASS,"Other financial service activities, except insurance and pension funding activities, n.e.c.",K,Financial and insurance activities,64,"Financial service activities, except insurance and pension funding",649,"Other financial service activities, except insurance and pension funding activities",3de77d05ace5,6499
Spain_612,,0,UNRECOGNIZED,NOT_MENTIONED,UNKNOWN,,,,,,,,3de77d05ace5,NOT_MENTIONED
Spain_610,,0,UNRECOGNIZED,STRING,UNKNOWN,,,,,,,,3de77d05ace5,STRING
Spain_615,,0,UNRECOGNIZED,STRING,UNKNOWN,,,,,,,,3de77d05ace5,STRING
Spain_614,1,1,MATCHED,86,DIVISION,Human health activities,Q,Human health and social work activities,86,Human health activities,,,3de77d05ace5,86
Spain_613,,0,UNRECOGNIZED,STRING,UNKNOWN,,,,,,,,3de77d05ace5,STRING
Spain_616,,0,UNRECOGNIZED,STRING,UNKNOWN,,,,,,,,3de77d05ace5,STRING
Spain_617,1,1,MATCHED,85,DIVISION,Education,P,Education,85,Education,,,3de77d05ace5,85
Spain_619,1,1,MATCHED,8411,CLASS,General public administration activities,O,Public administration and defence; compulsory social security,84,Public administration and defence; compulsory social security,841,Administration of the State and the economic and social policy of the community,3de77d05ace5,8411
Spain_621,1,1,MATCHED,8411,CLASS,General public administration activities,O,Public administration and defence; compulsory social security,84,Public administration and defence; compulsory social security,841,Administration of the State and the economic and social policy of the community,3de77d05ace5,8411
Spain_620,1,1,MATCHED,8411,CLASS,General public administration activities,O,Public administration and defence; compulsory social security,84,Public administration and defence; compulsory social security,841,Administration of the State and the economic and social policy of the community,3de77d05ace5,8411
Spain_624,1,1,MATCHED,85,DIVISION,Education,P,Education,85,Education,,,3de77d05ace5,85
Spain_630,1,1,MATCHED,8411,CLASS,General public administration activities,O,Public administration and defence; compulsory social security,84,Public administration and defence; compulsory social security,841,Administration of the State and the economic and social policy of the community,3de77d05ace5,8411
Spain_625,,0,UNRECOGNIZED,Q (Human health and social work activities),UNKNOWN,,,,,,,,3de77d05ace5,Q (Human health and social work activities)
Spain_618,,0,UNRECOGNIZED,STRING,UNKNOWN,,,,,,,,3de77d05ace5,STRING
Spain_631,1,1,MATCHED,36,DIVISION,"Water collection, treatment and supply",E,"Water supply; sewerage, waste management and remediation activities",36,"Water collection, treatment and supply",,,3de77d05ace5,36
Spain_623,,0,UNRECOGNIZED,STRING,UNKNOWN,,,,,,,,3de77d05ace5,STRING
Slovenia_1,1,1,MATCHED,84,DIVISION,Public administration and defence; compulsory social security,O,Public administration and defence; compulsory social security,84,Public administration and defence; compulsory social security,,,3de77d05ace5,84
Slovenia_3,1,1,MATCHED,58,DIVISION,Publishing activities,J,Information and communication,58,Publishing activities,,,3de77d05ace5,58
Spain_627,1,1,MATCHED,O,SECTION,Public administration and defence; compulsory social security,O,Public administration and defence; compulsory social security,,,,,3de77d05ace5,O
Spain_626,1,1,MATCHED,Q,SECTION,Human health and social work activities,Q,Human health and social work activities,,,,,3de77d05ace5,Q
Spain_628,1,1,MATCHED,84,DIVISION,Public administration and defence; compulsory social security,O,Public administration and defence; compulsory social security,84,Public administration and defence; compulsory social security,,,3de77d05ace5,84
Spain_629,1,1,MATCHED,85,DIVISION,Education,P,Education,85,Education,,,3de77d05ace5,85
Slovenia_4,,0,UNRECOGNIZED,STRING,UNKNOWN,,,,,,,,3de77d05ace5,STRING
Slovenia_5,,0,UNRECOGNIZED,NOT_MENTIONED,UNKNOWN,,,,,,,,3de77d05ace5,NOT_MENTIONED
Slovenia_8,1,1,MATCHED,8411,CLASS,General public administration activities,O,Public administration and defence; compulsory social security,84,Public administration and defence; compulsory social security,841,Administration of the State and the economic and social policy of the community,3de77d05ace5,8411
Slovenia_6,,0,UNRECOGNIZED,STRING,UNKNOWN,,,,,,,,3de77d05ace5,STRING
Slovenia_9,,0,UNRECOGNIZED,STRING,UNKNOWN,,,,,,,,3de77d05ace5,STRING
Slovenia_7,,0,UNRECOGNIZED,NOT_MENTIONED,UNKNOWN,,,,,,,,3de77d05ace5,NOT_MENTIONED
Slovenia_10,,0,UNRECOGNIZED,STRING,UNKNOWN,,,,,,,,3de77d05ace5,STRING
Slovenia_12,,0,UNRECOGNIZED,NOT_MENTIONED,UNKNOWN,,,,,,,,3de77d05ace5,NOT_MENTIONED
Slovenia_11,,0,UNRECOGNIZED,STRING,UNKNOWN,,,,,,,,3de77d05ace5,STRING
Slovenia_14,,0,UNRECOGNIZED,NOT_MENTIONED,UNKNOWN,,,,,,,,3de77d05ace5,NOT_MENTIONED
Slovenia_18,,0,UNRECOGNIZED,NOT_MENTIONED,UNKNOWN,,,,,,,,3de77d05ace5,NOT_MENTIONED
Slovenia_13,1,1,MATCHED,86,DIVISION,Human health activities,Q,Human health and social work activities,86,Human health activities,,,3de77d05ace5,86
Slovenia_16,,0,UNRECOGNIZED,NOT_MENTIONED,UNKNOWN,,,,,,,,3de77d05ace5,NOT_MENTIONED
Slovenia_15,1,1,MATCHED,86,DIVISION,Human health activities,Q,Human health and social work activities,86,Human health activities,,,3de77d05ace5,86
Slovenia_17,,0,UNRECOGNIZED,NOT_MENTIONED,UNKNOWN,,,,,,,,3de77d05ace5,NOT_MENTIONED
Slovenia_19,,0,UNRECOGNIZED,STRING,UNKNOWN,,,,,,,,3de77d05ace5,STRING
Slovenia_21,1,1,MATCHED,8411,CLASS,General public administration activities,O,Public administration and defence; compulsory social security,84,Public administration and defence; compulsory social security,841,Administration of the State and the economic and social policy of the community,3de77d05ace5,8411
Slovenia_20,,0,UNRECOGNIZED,NOT_MENTIONED,UNKNOWN,,,,,,,,3de77d05ace5,NOT_MENTIONED
Slovenia_24,,0,UNRECOGNIZED,NOT_MENTIONED,UNKNOWN,,,,,,,,3de77d05ace5,NOT_MENTIONED
Slovenia_23,,0,UNRECOGNIZED,STRING,UNKNOWN,,,,,,,,3de77d05ace5,STRING
Slovenia_25,,0,UNRECOGNIZED,NOT_MENTIONED,UNKNOWN,,,,,,,,3de77d05ace5,NOT_MENTIONED
Slovenia_22,,0,UNRECOGNIZED,STRING,UNKNOWN,,,,,,,,3de77d05ace5,STRING
Slovenia_26,,0,UNRECOGNIZED,STRING,UNKNOWN,,,,,,,,3de77d05ace5,STRING
Slovenia_34,,0,UNRECOGNIZED,NOT_MENTIONED,UNKNOWN,,,,,,,,3de77d05ace5,NOT_MENTIONED
Slovenia_27,,0,UNRECOGNIZED,STRING,UNKNOWN,,,,,,,,3de77d05ace5,STRING
Slovenia_28,,0,UNRECOGNIZED,NOT_MENTIONED,UNKNOWN,,,,,,,,3de77d05ace5,NOT_MENTIONED
Slovenia_29,,0,UNRECOGNIZED,NOT_MENTIONED,UNKNOWN,,,,,,,,3de77d05ace5,NOT_MENTIONED
Slovenia_30,,0,UNRECOGNIZED,NOT_MENTIONED,UNKNOWN,,,,,,,,3de77d05ace5,NOT_MENTIONED
Slovenia_31,1,1,MATCHED,8411,CLASS,General public administration activities,O,Public administration and defence; compulsory social security,84,Public administration and defence; compulsory social security,841,Administration of the State and the economic and social policy of the community,3de77d05ace5,8411
Slovenia_32,,0,UNRECOGNIZED,STRING,UNKNOWN,,,,,,,,3de77d05ace5,STRING
Slovenia_33,,0,UNRECOGNIZED,NOT_MENTIONED,UNKNOWN,,,,,,,,3de77d05ace5,NOT_MENTIONED
Slovenia_35,,0,UNRECOGNIZED,NOT_MENTIONED,UNKNOWN,,,,,,,,3de77d05ace5,NOT_MENTIONED
Slovenia_36,,0,UNRECOGNIZED,STRING,UNKNOWN,,,,,,,,3de77d05ace5,STRING
Slovenia_37,,0,UNRECOGNIZED,NOT_MENTIONED,UNKNOWN,,,,,,,,3de77d05ace5,NOT_MENTIONED
Slovenia_38,,0,UNRECOGNIZED,NOT_MENTIONED,UNKNOWN,,,,,,,,3de77d05ace5,NOT_MENTIONED
Slovenia_41,,0,UNRECOGNIZED,NOT_MENTIONED,UNKNOWN,,,,,,,,3de77d05ace5,NOT_MENTIONED
Slovenia_39,,0,UNRECOGNIZED,STRING,UNKNOWN,,,,,,,,3de77d05ace5,STRING
Slovenia_42,,0,UNRECOGNIZED,NOT_MENTIONED,UNKNOWN,,,,,,,,3de77d05ace5,NOT_MENTIONED
Slovenia_43,1,1,MATCHED,85,DIVISION,Education,P,Education,85,Education,,,3de77d05ace5,85
Slovenia_44,,0,UNRECOGNIZED,NOT_DISCUSSED,UNKNOWN,,,,,,,,3de77d05ace5,NOT_DISCUSSED
Slovenia_45,,0,UNRECOGNIZED,NOT_MENTIONED,UNKNOWN,,,,,,,,3de77d05ace5,NOT_MENTIONED
Slovenia_46,,0,UNRECOGNIZED,NOT_MENTIONED,UNKNOWN,,,,,,,,3de77d05ace5,NOT_MENTIONED
Slovenia_47,,0,UNRECOGNIZED,NOT_MENTIONED,UNKNOWN,,,,,,,,3de77d05ace5,NOT_MENTIONED
Slovenia_50,1,1,MATCHED,84,DIVISION,Public administration and defence; compulsory social security,O,Public administration and defence; compulsory social security,84,Public administration and defence; compulsory social security,,,3de77d05ace5,84
Slovenia_48,,0,UNRECOGNIZED,STRING,UNKNOWN,,,,,,,,3de77d05ace5,STRING
Slovenia_51,1,1,MATCHED,6512,CLASS,Non-life insurance,K,Financial and insurance activities,65,"Insurance, reinsurance and pension funding, except compulsory social security",651,Insurance,3de77d05ace5,6512
Slovenia_55,,0,UNRECOGNIZED,STRING,UNKNOWN,,,,,,,,3de77d05ace5,STRING
Slovenia_56,,0,UNRECOGNIZED,NOT_DISCUSSED,UNKNOWN,,,,,,,,3de77d05ace5,NOT_DISCUSSED
Slovenia_53,,0,UNRECOGNIZED,STRING,UNKNOWN,,,,,,,,3de77d05ace5,STRING
Slovenia_54,,0,UNRECOGNIZED,STRING,UNKNOWN,,,,,,,,3de77d05ace5,STRING
Slovenia_57,,0,UNRECOGNIZED,STRING,UNKNOWN,,,,,,,,3de77d05ace5,STRING
Slovenia_58,,0,UNRECOGNIZED,STRING,UNKNOWN,,,,,,,,3de77d05ace5,STRING
Slovenia_59,,0,UNRECOGNIZED,STRING,UNKNOWN,,,,,,,,3de77d05ace5,STRING
Slovenia_61,,0,UNRECOGNIZED,STRING,UNKNOWN,,,,,,,,3de77d05ace5,STRING
Slovenia_62,,0,UNRECOGNIZED,STRING,UNKNOWN,,,,,,,,3de77d05ace5,STRING
Slovenia_63,,0,UNRECOGNIZED,STRING,UNKNOWN,,,,,,,,3de77d05ace5,STRING
Slovenia_65,,0,UNRECOGNIZED,STRING,UNKNOWN,,,,,,,,3de77d05ace5,STRING
Slovenia_64,,0,UNRECOGNIZED,STRING,UNKNOWN,,,,,,,,3de77d05ace5,STRING
Slovenia_66,,0,UNRECOGNIZED,STRING,UNKNOWN,,,,,,,,3de77d05ace5,STRING
Slovenia_67,1,1,MATCHED,8411,CLASS,General public administration activities,O,Public administration and defence; compulsory social security,84,Public administration and defence; compulsory social security,841,Administration of the State and the economic and social policy of the community,3de77d05ace5,8411
Slovenia_68,,0,UNRECOGNIZED,STRING,UNKNOWN,,,,,,,,3de77d05ace5,STRING
Slovenia_69,,0,UNRECOGNIZED,STRING,UNKNOWN,,,,,,,,3de77d05ace5,STRING
Slovenia_72,,0,UNRECOGNIZED,STRING,UNKNOWN,,,,,,,,3de77d05ace5,STRING
Slovenia_73,,0,UNRECOGNIZED,STRING,UNKNOWN,,,,,,,,3de77d05ace5,STRING
Slovenia_74,,0,UNRECOGNIZED,STRING,UNKNOWN,,,,,,,,3de77d05ace5,STRING
Slovenia_75,,0,UNRECOGNIZED,NOT_MENTIONED,UNKNOWN,,,,,,,,3de77d05ace5,NOT_MENTIONED
Slovenia_76,,0,UNRECOGNIZED,NOT_DISCUSSED,UNKNOWN,,,,,,,,3de77d05ace5,NOT_DISCUSSED
Slovakia_1,1,1,MATCHED,8411,CLASS,General public administration activities,O,Public administration and defence; compulsory social security,84,Public administration and defence; compulsory social security,841,Administration of the State and the economic and social policy of the community,3de77d05ace5,8411
Slovenia_77,1,1,MATCHED,84,DIVISION,Public administration and defence; compulsory social security,O,Public administration and defence; compulsory social security,84,Public administration and defence; compulsory social security,,,3de77d05ace5,84
Romania_1,,0,UNRECOGNIZED,NOT_MENTIONED,UNKNOWN,,,,,,,,3de77d05ace5,NOT_MENTIONED
Slovenia_78,1,1,MATCHED,8423,CLASS,Public order and safety activities,O,Public administration and defence; compulsory social security,84,Public administration and defence; compulsory social security,842,Provision of services to the community as a whole,3de77d05ace5,8423
Romania_2,,0,UNRECOGNIZED,STRING,UNKNOWN,,,,,,,,3de77d05ace5,STRING
Romania_4,,0,UNRECOGNIZED,STRING,UNKNOWN,,,,,,,,3de77d05ace5,STRING
Romania_3,1,1,MATCHED,6419,CLASS,Other monetary intermediation,K,Financial and insurance activities,64,"Financial service activities, except insurance and pension funding",641,Monetary intermediation,3de77d05ace5,6419
Romania_5,,0,UNRECOGNIZED,Political organization (ISIC 9411),UNKNOWN,,,,,,,,3de77d05ace5,Political organization (ISIC 9411)
Romania_6,,0,UNRECOGNIZED,STRING,UNKNOWN,,,,,,,,3de77d05ace5,STRING
Romania_7,,0,UNRECOGNIZED,UNKNOWN,UNKNOWN,,,,,,,,3de77d05ace5,UNKNOWN
Romania_9,,0,UNRECOGNIZED,STRING,UNKNOWN,,,,,,,,3de77d05ace5,STRING
Romania_11,1,1,MATCHED,4791,CLASS,Retail sale via mail order houses or via Internet,G,Wholesale and retail trade; repair of motor vehicles and motorcycles,47,"Retail trade, except of motor vehicles and motorcycles",479,"Retail trade not in stores, stalls or markets",3de77d05ace5,4791
Romania_10,1,1,MATCHED,6419,CLASS,Other monetary intermediation,K,Financial and insurance activities,64,"Financial service activities, except insurance and pension funding",641,Monetary intermediation,3de77d05ace5,6419
Romania_13,,0,UNRECOGNIZED,STRING,UNKNOWN,,,,,,,,3de77d05ace5,STRING
Romania_12,,0,UNRECOGNIZED,NOT_MENTIONED,UNKNOWN,,,,,,,,3de77d05ace5,NOT_MENTIONED
Romania_14,,0,UNRECOGNIZED,STRING,UNKNOWN,,,,,,,,3de77d05ace5,STRING
Romania_15,,0,UNRECOGNIZED,STRING,UNKNOWN,,,,,,,,3de77d05ace5,STRING
Romania_16,,0,UNRECOGNIZED,STRING,UNKNOWN,,,,,,,,3de77d05ace5,STRING
Romania_17,,0,UNRECOGNIZED,NOT_MENTIONED,UNKNOWN,,,,,,,,3de77d05ace5,NOT_MENTIONED
Romania_20,,0,UNRECOGNIZED,STRING,UNKNOWN,,,,,,,,3de77d05ace5,STRING
Romania_19,,0,UNRECOGNIZED,STRING,UNKNOWN,,,,,,,,3de77d05ace5,STRING
Romania_18,,0,UNRECOGNIZED,STRING,UNKNOWN,,,,,,,,3de77d05ace5,STRING
Romania_21,,0,UNRECOGNIZED,STRING,UNKNOWN,,,,,,,,3de77d05ace5,STRING
Romania_24,,0,UNRECOGNIZED,STRING,UNKNOWN,,,,,,,,3de77d05ace5,STRING
Romania_26,1,1,MATCHED,8411,CLASS,General public administration activities,O,Public administration and defence; compulsory social security,84,Public administration and defence; compulsory social security,841,Administration of the State and the economic and social policy of the community,3de77d05ace5,8411
Romania_25,,0,UNRECOGNIZED,STRING,UNKNOWN,,,,,,,,3de77d05ace5,STRING
Romania_28,1,1,MATCHED,86,DIVISION,Human health activities,Q,Human health and social work activities,86,Human health activities,,,3de77d05ace5,86
Romania_29,1,1,MATCHED,6419,CLASS,Other monetary intermediation,K,Financial and insurance activities,64,"Financial service activities, except insurance and pension funding",641,Monetary intermediation,3de77d05ace5,6419
Romania_27,,0,UNRECOGNIZED,STRING,UNKNOWN,,,,,,,,3de77d05ace5,STRING
Romania_30,,0,UNRECOGNIZED,NOT_MENTIONED,UNKNOWN,,,,,,,,3de77d05ace5,NOT_MENTIONED
Romania_34,,0,UNRECOGNIZED,STRING,UNKNOWN,,,,,,,,3de77d05ace5,STRING
Romania_33,,0,UNRECOGNIZED,STRING,UNKNOWN,,,,,,,,3de77d05ace5,STRING
Romania_36,1,1,MATCHED,6419,CLASS,Other monetary intermediation,K,Financial and insurance activities,64,"Financial service activities, except insurance and pension funding",641,Monetary intermediation,3de77d05ace5,6419
Romania_32,,0,UNRECOGNIZED,STRING,UNKNOWN,,,,,,,,3de77d05ace5,STRING
Romania_31,,0,UNRECOGNIZED,STRING,UNKNOWN,,,,,,,,3de77d05ace5,STRING
Romania_37,1,1,MATCHED,6419,CLASS,Other monetary intermediation,K,Financial and insurance activities,64,"Financial service activities, except insurance and pension funding",641,Monetary intermediation,3de77d05ace5,6419
Romania_38,,0,UNRECOGNIZED,STRING,UNKNOWN,,,,,,,,3de77d05ace5,STRING
Romania_43,,0,UNRECOGNIZED,STRING,UNKNOWN,,,,,,,,3de77d05ace5,STRING
Romania_40,,0,UNRECOGNIZED,STRING,UNKNOWN,,,,,,,,3de77d05ace5,STRING
Romania_42,1,1,MATCHED,5310,CLASS,Postal activities,H,Transportation and storage,53,Postal and courier activities,531,Postal activities,3de77d05ace5,5310
Romania_41,,0,UNRECOGNIZED,STRING,UNKNOWN,,,,,,,,3de77d05ace5,STRING
Romania_45,,0,UNRECOGNIZED,NOT_MENTIONED,UNKNOWN,,,,,,,,3de77d05ace5,NOT_MENTIONED
Romania_48,1,1,MATCHED,6420,CLASS,Activities of holding companies,K,Financial and insurance activities,64,"Financial service activities, except insurance and pension funding",642,Activities of holding companies,3de77d05ace5,6420
Romania_49,,0,UNRECOGNIZED,STRING,UNKNOWN,,,,,,,,3de77d05ace5,STRING
Romania_47,1,1,MATCHED,49,DIVISION,Land transport and transport via pipelines,H,Transportation and storage,49,Land transport and transport via pipelines,,,3de77d05ace5,49
Romania_50,,0,UNRECOGNIZED,NOT_MENTIONED,UNKNOWN,,,,,,,,3de77d05ace5,NOT_MENTIONED
Romania_46,,0,UNRECOGNIZED,STRING,UNKNOWN,,,,,,,,3de77d05ace5,STRING
Romania_52,,0,UNRECOGNIZED,NOT_MENTIONED,UNKNOWN,,,,,,,,3de77d05ace5,NOT_MENTIONED
Romania_51,,0,UNRECOGNIZED,STRING,UNKNOWN,,,,,,,,3de77d05ace5,STRING
Romania_53,1,1,MATCHED,K,SECTION,Financial and insurance activities,K,Financial and insurance activities,,,,,3de77d05ace5,K
Romania_54,,0,UNRECOGNIZED,STRING,UNKNOWN,,,,,,,,3de77d05ace5,STRING
Romania_57,1,1,MATCHED,45,DIVISION,Wholesale and retail trade and repair of motor vehicles and motorcycles,G,Wholesale and retail trade; repair of motor vehicles and motorcycles,45,Wholesale and retail trade and repair of motor vehicles and motorcycles,,,3de77d05ace5,45
Romania_56,1,1,MATCHED,8130,CLASS,Landscape care and maintenance service activities,N,Administrative and support service activities,81,Services to buildings and landscape activities,813,Landscape care and maintenance service activities,3de77d05ace5,8130
Romania_58,1,1,MATCHED,6419,CLASS,Other monetary intermediation,K,Financial and insurance activities,64,"Financial service activities, except insurance and pension funding",641,Monetary intermediation,3de77d05ace5,6419
Romania_59,1,1,MATCHED,6419,CLASS,Other monetary intermediation,K,Financial and insurance activities,64,"Financial service activities, except insurance and pension funding",641,Monetary intermediation,3de77d05ace5,6419
Romania_60,,0,UNRECOGNIZED,STRING,UNKNOWN,,,,,,,,3de77d05ace5,STRING
Romania_61,,0,UNRECOGNIZED,STRING,UNKNOWN,,,,,,,,3de77d05ace5,STRING
Romania_62,,0,UNRECOGNIZED,STRING,UNKNOWN,,,,,,,,3de77d05ace5,STRING
Romania_63,,0,UNRECOGNIZED,STRING,UNKNOWN,,,,,,,,3de77d05ace5,STRING
Romania_65,,0,UNRECOGNIZED,STRING,UNKNOWN,,,,,,,,3de77d05ace5,STRING
Romania_67,,0,UNRECOGNIZED,STRING,UNKNOWN,,,,,,,,3de77d05ace5,STRING
Romania_68,1,1,MATCHED,5811,CLASS,Book publishing,J,Information and communication,58,Publishing activities,581,"Publishing of books, periodicals and other publishing activities",3de77d05ace5,5811
Romania_69,1,1,MATCHED,4791,CLASS,Retail sale via mail order houses or via Internet,G,Wholesale and retail trade; repair of motor vehicles and motorcycles,47,"Retail trade, except of motor vehicles and motorcycles",479,"Retail trade not in stores, stalls or markets",3de77d05ace5,4791
Romania_70,,0,UNRECOGNIZED,STRING,UNKNOWN,,,,,,,,3de77d05ace5,STRING
Romania_72,,0,UNRECOGNIZED,NOT_MENTIONED,UNKNOWN,,,,,,,,3de77d05ace5,NOT_MENTIONED
Romania_71,,0,UNRECOGNIZED,STRING,UNKNOWN,,,,,,,,3de77d05ace5,STRING
Romania_74,1,1,MATCHED,G,SECTION,Wholesale and retail trade; repair of motor vehicles and motorcycles,G,Wholesale and retail trade; repair of motor vehicles and motorcycles,,,,,3de77d05ace5,G
Romania_73,,0,UNRECOGNIZED,STRING,UNKNOWN,,,,,,,,3de77d05ace5,STRING
Romania_79,,0,UNRECOGNIZED,STRING,UNKNOWN,,,,,,,,3de77d05ace5,STRING
Romania_77,,0,UNRECOGNIZED,STRING,UNKNOWN,,,,,,,,3de77d05ace5,STRING
Romania_76,,0,UNRECOGNIZED,STRING,UNKNOWN,,,,,,,,3de77d05ace5,STRING
Romania_78,,0,UNRECOGNIZED,STRING,UNKNOWN,,,,,,,,3de77d05ace5,STRING
Romania_80,1,1,MATCHED,4791,CLASS,Retail sale via mail order houses or via Internet,G,Wholesale and retail trade; repair of motor vehicles and motorcycles,47,"Retail trade, except of motor vehicles and motorcycles",479,"Retail trade not in stores, stalls or markets",3de77d05ace5,4791
Romania_75,1,1,MATCHED,94,DIVISION,Activities of membership organizations,S,Other service activities,94,Activities of membership organizations,,,3de77d05ace5,94
Romania_82,1,1,MATCHED,4711,CLASS,"Retail sale in non-specialized stores with food, beverages or tobacco predominating",G,Wholesale and retail trade; repair of motor vehicles and motorcycles,47,"Retail trade, except of motor vehicles and motorcycles",471,Retail sale in non-specialized stores,3de77d05ace5,4711
Romania_81,,0,UNRECOGNIZED,STRING,UNKNOWN,,,,,,,,3de77d05ace5,STRING
Romania_84,,0,UNRECOGNIZED,STRING,UNKNOWN,,,,,,,,3de77d05ace5,STRING
Romania_87,,0,UNRECOGNIZED,NOT_MENTIONED,UNKNOWN,,,,,,,,3de77d05ace5,NOT_MENTIONED
Romania_86,,0,UNRECOGNIZED,G (Wholesale and retail trade; repair of motor vehicles and motorcycles),UNKNOWN,,,,,,,,3de77d05ace5,G (Wholesale and retail trade; repair of motor vehicles and motorcycles)
Romania_85,1,1,MATCHED,6419,CLASS,Other monetary intermediation,K,Financial and insurance activities,64,"Financial service activities, except insurance and pension funding",641,Monetary intermediation,3de77d05ace5,6419
Romania_92,,0,UNRECOGNIZED,STRING,UNKNOWN,,,,,,,,3de77d05ace5,STRING
Romania_91,,0,UNRECOGNIZED,STRING,UNKNOWN,,,,,,,,3de77d05ace5,STRING
Romania_93,1,1,MATCHED,6419,CLASS,Other monetary intermediation,K,Financial and insurance activities,64,"Financial service activities, except insurance and pension funding",641,Monetary intermediation,3de77d05ace5,6419
Romania_94,1,1,MATCHED,351,GROUP,"Electric power generation, transmission and distribution",D,"Electricity, gas, steam and air conditioning supply",35,"Electricity, gas, steam and air conditioning supply",351,"Electric power generation, transmission and distribution",3de77d05ace5,351
Romania_96,,0,UNRECOGNIZED,STRING,UNKNOWN,,,,,,,,3de77d05ace5,STRING
Romania_95,1,1,MATCHED,49,DIVISION,Land transport and transport via pipelines,H,Transportation and storage,49,Land transport and transport via pipelines,,,3de77d05ace5,49
Romania_100,,0,UNRECOGNIZED,STRING,UNKNOWN,,,,,,,,3de77d05ace5,STRING
Romania_99,,0,UNRECOGNIZED,STRING,UNKNOWN,,,,,,,,3de77d05ace5,STRING
Romania_102,1,1,MATCHED,7721,CLASS,Renting and leasing of recreational and sports goods,N,Administrative and support service activities,77,Rental and leasing activities,772,Renting and leasing of personal and household goods,3de77d05ace5,7721
Romania_101,,0,UNRECOGNIZED,STRING,UNKNOWN,,,,,,,,3de77d05ace5,STRING
Romania_98,,0,UNRECOGNIZED,NOT_MENTIONED,UNKNOWN,,,,,,,,3de77d05ace5,NOT_MENTIONED
Romania_103,,0,UNRECOGNIZED,NOT_MENTIONED,UNKNOWN,,,,,,,,3de77d05ace5,NOT_MENTIONED
Romania_107,,0,UNRECOGNIZED,STRING,UNKNOWN,,,,,,,,3de77d05ace5,STRING
Romania_108,,0,UNRECOGNIZED,NOT_MENTIONED,UNKNOWN,,,,,,,,3de77d05ace5,NOT_MENTIONED
Romania_110,1,1,MATCHED,61,DIVISION,Telecommunications,J,Information and communication,61,Telecommunications,,,3de77d05ace5,61
Romania_109,1,1,MATCHED,61,DIVISION,Telecommunications,J,Information and communication,61,Telecommunications,,,3de77d05ace5,61
Romania_113,1,1,MATCHED,61,DIVISION,Telecommunications,J,Information and communication,61,Telecommunications,,,3de77d05ace5,61
Romania_112,,0,UNRECOGNIZED,NOT_MENTIONED,UNKNOWN,,,,,,,,3de77d05ace5,NOT_MENTIONED
Romania_116,,0,UNRECOGNIZED,NOT_MENTIONED,UNKNOWN,,,,,,,,3de77d05ace5,NOT_MENTIONED
Romania_114,,0,UNRECOGNIZED,STRING,UNKNOWN,,,,,,,,3de77d05ace5,STRING
Romania_117,,0,UNRECOGNIZED,STRING,UNKNOWN,,,,,,,,3de77d05ace5,STRING
Romania_121,,0,UNRECOGNIZED,NOT_MENTIONED,UNKNOWN,,,,,,,,3de77d05ace5,NOT_MENTIONED
Romania_120,,0,UNRECOGNIZED,STRING,UNKNOWN,,,,,,,,3de77d05ace5,STRING
Romania_119,1,1,MATCHED,86,DIVISION,Human health activities,Q,Human health and social work activities,86,Human health activities,,,3de77d05ace5,86
Romania_122,,0,UNRECOGNIZED,STRING,UNKNOWN,,,,,,,,3de77d05ace5,STRING
Romania_123,1,1,MATCHED,D,SECTION,"Electricity, gas, steam and air conditioning supply",D,"Electricity, gas, steam and air conditioning supply",,,,,3de77d05ace5,D
Romania_125,,0,UNRECOGNIZED,STRING,UNKNOWN,,,,,,,,3de77d05ace5,STRING
Romania_124,1,1,MATCHED,4772,CLASS,"Retail sale of pharmaceutical and medical goods, cosmetic and toilet articles in specialized stores",G,Wholesale and retail trade; repair of motor vehicles and motorcycles,47,"Retail trade, except of motor vehicles and motorcycles",477,Retail sale of other goods in specialized stores,3de77d05ace5,4772
Romania_127,1,1,MATCHED,6419,CLASS,Other monetary intermediation,K,Financial and insurance activities,64,"Financial service activities, except insurance and pension funding",641,Monetary intermediation,3de77d05ace5,6419
Romania_128,,0,UNRECOGNIZED,STRING,UNKNOWN,,,,,,,,3de77d05ace5,STRING
Romania_126,1,1,MATCHED,6419,CLASS,Other monetary intermediation,K,Financial and insurance activities,64,"Financial service activities, except insurance and pension funding",641,Monetary intermediation,3de77d05ace5,6419
Romania_130,,0,UNRECOGNIZED,STRING,UNKNOWN,,,,,,,,3de77d05ace5,STRING
Romania_131,1,1,MATCHED,8610,CLASS,Hospital activities,Q,Human health and social work activities,86,Human health activities,861,Hospital activities,3de77d05ace5,8610
Romania_129,,0,UNRECOGNIZED,STRING,UNKNOWN,,,,,,,,3de77d05ace5,STRING
Romania_132,,0,UNRECOGNIZED,STRING,UNKNOWN,,,,,,,,3de77d05ace5,STRING
Romania_134,,0,UNRECOGNIZED,STRING,UNKNOWN,,,,,,,,3de77d05ace5,STRING
Romania_133,1,1,MATCHED,84,DIVISION,Public administration and defence; compulsory social security,O,Public administration and defence; compulsory social security,84,Public administration and defence; compulsory social security,,,3de77d05ace5,84
Romania_135,,0,UNRECOGNIZED,STRING,UNKNOWN,,,,,,,,3de77d05ace5,STRING
Romania_138,,0,UNRECOGNIZED,STRING,UNKNOWN,,,,,,,,3de77d05ace5,STRING
Romania_136,1,1,MATCHED,62,DIVISION,"Computer programming, consultancy and related activities",J,Information and communication,62,"Computer programming, consultancy and related activities",,,3de77d05ace5,62
Romania_137,,0,UNRECOGNIZED,STRING,UNKNOWN,,,,,,,,3de77d05ace5,STRING
Romania_139,,0,UNRECOGNIZED,STRING,UNKNOWN,,,,,,,,3de77d05ace5,STRING
Romania_142,,0,UNRECOGNIZED,STRING,UNKNOWN,,,,,,,,3de77d05ace5,STRING
Romania_143,,0,UNRECOGNIZED,STRING,UNKNOWN,,,,,,,,3de77d05ace5,STRING
Romania_141,,0,UNRECOGNIZED,STRING,UNKNOWN,,,,,,,,3de77d05ace5,STRING
Romania_140,1,1,MATCHED,61,DIVISION,Telecommunications,J,Information and communication,61,Telecommunications,,,3de77d05ace5,61
Romania_145,,0,UNRECOGNIZED,STRING NOT_MENTIONED,UNKNOWN,,,,,,,,3de77d05ace5,STRING NOT_MENTIONED
Romania_144,1,1,MATCHED,J,SECTION,Information and communication,J,Information and communication,,,,,3de77d05ace5,J
Romania_146,1,1,MATCHED,6419,CLASS,Other monetary intermediation,K,Financial and insurance activities,64,"Financial service activities, except insurance and pension funding",641,Monetary intermediation,3de77d05ace5,6419
Romania_148,,0,UNRECOGNIZED,NOT_MENTIONED,UNKNOWN,,,,,,,,3de77d05ace5,NOT_MENTIONED
Romania_153,,0,UNRECOGNIZED,NOT_MENTIONED,UNKNOWN,,,,,,,,3de77d05ace5,NOT_MENTIONED
Romania_150,1,1,MATCHED,10,DIVISION,Manufacture of food products,C,Manufacturing,10,Manufacture of food products,,,3de77d05ace5,10
Romania_156,1,1,MATCHED,5110,CLASS,Passenger air transport,H,Transportation and storage,51,Air transport,511,Passenger air transport,3de77d05ace5,5110
Romania_151,1,1,MATCHED,6499,CLASS,"Other financial service activities, except insurance and pension funding activities, n.e.c.",K,Financial and insurance activities,64,"Financial service activities, except insurance and pension funding",649,"Other financial service activities, except insurance and pension funding activities",3de77d05ace5,6499
Romania_152,1,1,MATCHED,3510,CLASS,"Electric power generation, transmission and distribution",D,"Electricity, gas, steam and air conditioning supply",35,"Electricity, gas, steam and air conditioning supply",351,"Electric power generation, transmission and distribution",3de77d05ace5,3510
Romania_154,,0,UNRECOGNIZED,NOT_MENTIONED,UNKNOWN,,,,,,,,3de77d05ace5,NOT_MENTIONED
Romania_158,1,1,MATCHED,86,DIVISION,Human health activities,Q,Human health and social work activities,86,Human health activities,,,3de77d05ace5,86
Romania_159,,0,UNRECOGNIZED,STRING,UNKNOWN,,,,,,,,3de77d05ace5,STRING
Romania_157,,0,UNRECOGNIZED,STRING,UNKNOWN,,,,,,,,3de77d05ace5,STRING
Romania_155,,0,UNRECOGNIZED,STRING,UNKNOWN,,,,,,,,3de77d05ace5,STRING
Romania_161,,0,UNRECOGNIZED,STRING,UNKNOWN,,,,,,,,3de77d05ace5,STRING
Romania_162,1,1,MATCHED,6499,CLASS,"Other financial service activities, except insurance and pension funding activities, n.e.c.",K,Financial and insurance activities,64,"Financial service activities, except insurance and pension funding",649,"Other financial service activities, except insurance and pension funding activities",3de77d05ace5,6499
Romania_163,,0,UNRECOGNIZED,STRING,UNKNOWN,,,,,,,,3de77d05ace5,STRING
Romania_165,,0,UNRECOGNIZED,STRING,UNKNOWN,,,,,,,,3de77d05ace5,STRING
Romania_167,,0,UNRECOGNIZED,STRING,UNKNOWN,,,,,,,,3de77d05ace5,STRING
Romania_164,,0,UNRECOGNIZED,STRING,UNKNOWN,,,,,,,,3de77d05ace5,STRING
Romania_166,1,1,MATCHED,6419,CLASS,Other monetary intermediation,K,Financial and insurance activities,64,"Financial service activities, except insurance and pension funding",641,Monetary intermediation,3de77d05ace5,6419
Romania_170,,0,UNRECOGNIZED,STRING,UNKNOWN,,,,,,,,3de77d05ace5,STRING
Romania_171,1,1,MATCHED,61,DIVISION,Telecommunications,J,Information and communication,61,Telecommunications,,,3de77d05ace5,61
Romania_174,1,1,MATCHED,8411,CLASS,General public administration activities,O,Public administration and defence; compulsory social security,84,Public administration and defence; compulsory social security,841,Administration of the State and the economic and social policy of the community,3de77d05ace5,8411
Romania_175,1,1,MATCHED,8430,CLASS,Compulsory social security activities,O,Public administration and defence; compulsory social security,84,Public administration and defence; compulsory social security,843,Compulsory social security activities,3de77d05ace5,8430
Romania_172,,0,UNRECOGNIZED,STRING,UNKNOWN,,,,,,,,3de77d05ace5,STRING
Romania_176,1,1,MATCHED,620,GROUP,"Computer programming, consultancy and related activities",J,Information and communication,62,"Computer programming, consultancy and related activities",620,"Computer programming, consultancy and related activities",3de77d05ace5,620
Portugal_11,1,1,MATCHED,8411,CLASS,General public administration activities,O,Public administration and defence; compulsory social security,84,Public administration and defence; compulsory social security,841,Administration of the State and the economic and social policy of the community,3de77d05ace5,8411
Portugal_1,1,1,MATCHED,861,GROUP,Hospital activities,Q,Human health and social work activities,86,Human health activities,861,Hospital activities,3de77d05ace5,861
Romania_177,1,1,MATCHED,4649,CLASS,Wholesale of other household goods,G,Wholesale and retail trade; repair of motor vehicles and motorcycles,46,"Wholesale trade, except of motor vehicles and motorcycles",464,Wholesale of household goods,3de77d05ace5,4649
Portugal_3,,0,UNRECOGNIZED,STRING,UNKNOWN,,,,,,,,3de77d05ace5,STRING
Portugal_5,,0,UNRECOGNIZED,NOT_MENTIONED,UNKNOWN,,,,,,,,3de77d05ace5,NOT_MENTIONED
Portugal_10,1,1,MATCHED,8411,CLASS,General public administration activities,O,Public administration and defence; compulsory social security,84,Public administration and defence; compulsory social security,841,Administration of the State and the economic and social policy of the community,3de77d05ace5,8411
Poland_1,1,1,MATCHED,61,DIVISION,Telecommunications,J,Information and communication,61,Telecommunications,,,3de77d05ace5,61
Portugal_4,,0,UNRECOGNIZED,STRING,UNKNOWN,,,,,,,,3de77d05ace5,STRING
Poland_4,1,1,MATCHED,8510,CLASS,Pre-primary and primary education,P,Education,85,Education,851,Pre-primary and primary education,3de77d05ace5,8510
Poland_5,1,1,MATCHED,84,DIVISION,Public administration and defence; compulsory social security,O,Public administration and defence; compulsory social security,84,Public administration and defence; compulsory social security,,,3de77d05ace5,84
Portugal_12,1,1,MATCHED,9499,CLASS,Activities of other membership organizations n.e.c.,S,Other service activities,94,Activities of membership organizations,949,Activities of other membership organizations,3de77d05ace5,9499
Portugal_13,1,1,MATCHED,6201,CLASS,Computer programming activities,J,Information and communication,62,"Computer programming, consultancy and related activities",620,"Computer programming, consultancy and related activities",3de77d05ace5,6201
Poland_8,1,1,MATCHED,85,DIVISION,Education,P,Education,85,Education,,,3de77d05ace5,85
Poland_3,1,1,MATCHED,N,SECTION,Administrative and support service activities,N,Administrative and support service activities,,,,,3de77d05ace5,N
Poland_2,1,1,MATCHED,64,DIVISION,"Financial service activities, except insurance and pension funding",K,Financial and insurance activities,64,"Financial service activities, except insurance and pension funding",,,3de77d05ace5,64
Poland_7,,0,UNRECOGNIZED,NOT_MENTIONED,UNKNOWN,,,,,,,,3de77d05ace5,NOT_MENTIONED
Poland_9,,0,UNRECOGNIZED,NOT_MENTIONED,UNKNOWN,,,,,,,,3de77d05ace5,NOT_MENTIONED
Poland_10,,0,UNRECOGNIZED,NOT_MENTIONED,UNKNOWN,,,,,,,,3de77d05ace5,NOT_MENTIONED
Poland_6,1,1,MATCHED,86,DIVISION,Human health activities,Q,Human health and social work activities,86,Human health activities,,,3de77d05ace5,86
Poland_13,1,1,MATCHED,6499,CLASS,"Other financial service activities, except insurance and pension funding activities, n.e.c.",K,Financial and insurance activities,64,"Financial service activities, except insurance and pension funding",649,"Other financial service activities, except insurance and pension funding activities",3de77d05ace5,6499
Poland_12,1,1,MATCHED,6419,CLASS,Other monetary intermediation,K,Financial and insurance activities,64,"Financial service activities, except insurance and pension funding",641,Monetary intermediation,3de77d05ace5,6419
Poland_14,1,1,MATCHED,8411,CLASS,General public administration activities,O,Public administration and defence; compulsory social security,84,Public administration and defence; compulsory social security,841,Administration of the State and the economic and social policy of the community,3de77d05ace5,8411
Poland_15,1,1,MATCHED,3811,CLASS,Collection of non-hazardous waste,E,"Water supply; sewerage, waste management and remediation activities",38,"Waste collection, treatment and disposal activities; materials recovery",381,Waste collection,3de77d05ace5,3811
Poland_16,1,1,MATCHED,451,GROUP,Sale of motor vehicles,G,Wholesale and retail trade; repair of motor vehicles and motorcycles,45,Wholesale and retail trade and repair of motor vehicles and motorcycles,451,Sale of motor vehicles,3de77d05ace5,451
Poland_19,1,1,MATCHED,8530,CLASS,Higher education,P,Education,85,Education,853,Higher education,3de77d05ace5,8530
Poland_18,1,1,MATCHED,6621,CLASS,Risk and damage evaluation,K,Financial and insurance activities,66,Activities auxiliary to financial service and insurance activities,662,Activities auxiliary to insurance and pension funding,3de77d05ace5,6621
Poland_17,,0,UNRECOGNIZED,Telecommunications,UNKNOWN,,,,,,,,3de77d05ace5,Telecommunications
Poland_20,1,1,MATCHED,8411,CLASS,General public administration activities,O,Public administration and defence; compulsory social security,84,Public administration and defence; compulsory social security,841,Administration of the State and the economic and social policy of the community,3de77d05ace5,8411
Poland_21,1,1,MATCHED,6419,CLASS,Other monetary intermediation,K,Financial and insurance activities,64,"Financial service activities, except insurance and pension funding",641,Monetary intermediation,3de77d05ace5,6419
Poland_24,1,1,MATCHED,8542,CLASS,Cultural education,P,Education,85,Education,854,Other education,3de77d05ace5,8542
Poland_22,1,1,MATCHED,8610,CLASS,Hospital activities,Q,Human health and social work activities,86,Human health activities,861,Hospital activities,3de77d05ace5,8610
Poland_32,1,1,MATCHED,641,GROUP,Monetary intermediation,K,Financial and insurance activities,64,"Financial service activities, except insurance and pension funding",641,Monetary intermediation,3de77d05ace5,641
Poland_27,1,1,MATCHED,8542,CLASS,Cultural education,P,Education,85,Education,854,Other education,3de77d05ace5,8542
Poland_29,1,1,MATCHED,61,DIVISION,Telecommunications,J,Information and communication,61,Telecommunications,,,3de77d05ace5,61
Poland_31,1,1,MATCHED,4791,CLASS,Retail sale via mail order houses or via Internet,G,Wholesale and retail trade; repair of motor vehicles and motorcycles,47,"Retail trade, except of motor vehicles and motorcycles",479,"Retail trade not in stores, stalls or markets",3de77d05ace5,4791
Poland_26,,0,UNRECOGNIZED,NOT_MENTIONED,UNKNOWN,,,,,,,,3de77d05ace5,NOT_MENTIONED
Poland_28,,0,UNRECOGNIZED,NOT_MENTIONED,UNKNOWN,,,,,,,,3de77d05ace5,NOT_MENTIONED
Poland_30,1,1,MATCHED,5610,CLASS,Restaurants and mobile food service activities,I,Accommodation and food service activities,56,Food and beverage service activities,561,Restaurants and mobile food service activities,3de77d05ace5,5610
Poland_25,1,1,MATCHED,35,DIVISION,"Electricity, gas, steam and air conditioning supply",D,"Electricity, gas, steam and air conditioning supply",35,"Electricity, gas, steam and air conditioning supply",,,3de77d05ace5,35
Poland_34,1,1,MATCHED,6512,CLASS,Non-life insurance,K,Financial and insurance activities,65,"Insurance, reinsurance and pension funding, except compulsory social security",651,Insurance,3de77d05ace5,6512
Poland_38,1,1,MATCHED,86,DIVISION,Human health activities,Q,Human health and social work activities,86,Human health activities,,,3de77d05ace5,86
Poland_36,1,1,MATCHED,651,GROUP,Insurance,K,Financial and insurance activities,65,"Insurance, reinsurance and pension funding, except compulsory social security",651,Insurance,3de77d05ace5,651
Poland_37,1,1,MATCHED,8542,CLASS,Cultural education,P,Education,85,Education,854,Other education,3de77d05ace5,8542
Poland_35,1,1,MATCHED,86,DIVISION,Human health activities,Q,Human health and social work activities,86,Human health activities,,,3de77d05ace5,86
Poland_39,1,1,MATCHED,D,SECTION,"Electricity, gas, steam and air conditioning supply",D,"Electricity, gas, steam and air conditioning supply",,,,,3de77d05ace5,D
Poland_33,,0,UNRECOGNIZED,STRING,UNKNOWN,,,,,,,,3de77d05ace5,STRING
Poland_40,1,1,MATCHED,8411,CLASS,General public administration activities,O,Public administration and defence; compulsory social security,84,Public administration and defence; compulsory social security,841,Administration of the State and the economic and social policy of the community,3de77d05ace5,8411
Poland_43,1,1,MATCHED,641,GROUP,Monetary intermediation,K,Financial and insurance activities,64,"Financial service activities, except insurance and pension funding",641,Monetary intermediation,3de77d05ace5,641
Poland_41,1,1,MATCHED,9499,CLASS,Activities of other membership organizations n.e.c.,S,Other service activities,94,Activities of membership organizations,949,Activities of other membership organizations,3de77d05ace5,9499
Poland_42,1,1,MATCHED,8411,CLASS,General public administration activities,O,Public administration and defence; compulsory social security,84,Public administration and defence; compulsory social security,841,Administration of the State and the economic and social policy of the community,3de77d05ace5,8411
Poland_46,1,1,MATCHED,9102,CLASS,Museums activities and operation of historical sites and buildings,R,"Arts, entertainment and recreation",91,"Libraries, archives, museums and other cultural activities",910,"Libraries, archives, museums and other cultural activities",3de77d05ace5,9102
Poland_44,1,1,MATCHED,8423,CLASS,Public order and safety activities,O,Public administration and defence; compulsory social security,84,Public administration and defence; compulsory social security,842,Provision of services to the community as a whole,3de77d05ace5,8423
Poland_47,1,1,MATCHED,5610,CLASS,Restaurants and mobile food service activities,I,Accommodation and food service activities,56,Food and beverage service activities,561,Restaurants and mobile food service activities,3de77d05ace5,5610
Poland_48,1,1,MATCHED,6810,CLASS,Real estate activities with own or leased property,L,Real estate activities,68,Real estate activities,681,Real estate activities with own or leased property,3de77d05ace5,6810
Poland_45,1,1,MATCHED,641,GROUP,Monetary intermediation,K,Financial and insurance activities,64,"Financial service activities, except insurance and pension funding",641,Monetary intermediation,3de77d05ace5,641
Poland_51,1,1,MATCHED,84,DIVISION,Public administration and defence; compulsory social security,O,Public administration and defence; compulsory social security,84,Public administration and defence; compulsory social security,,,3de77d05ace5,84
Poland_49,1,1,MATCHED,8411,CLASS,General public administration activities,O,Public administration and defence; compulsory social security,84,Public administration and defence; compulsory social security,841,Administration of the State and the economic and social policy of the community,3de77d05ace5,8411
Poland_53,1,1,MATCHED,8423,CLASS,Public order and safety activities,O,Public administration and defence; compulsory social security,84,Public administration and defence; compulsory social security,842,Provision of services to the community as a whole,3de77d05ace5,8423
Poland_50,1,1,MATCHED,6419,CLASS,Other monetary intermediation,K,Financial and insurance activities,64,"Financial service activities, except insurance and pension funding",641,Monetary intermediation,3de77d05ace5,6419
Poland_52,1,1,MATCHED,86,DIVISION,Human health activities,Q,Human health and social work activities,86,Human health activities,,,3de77d05ace5,86
Poland_54,1,1,MATCHED,7490,CLASS,"Other professional, scientific and technical activities n.e.c.",M,"Professional, scientific and technical activities",74,"Other professional, scientific and technical activities",749,"Other professional, scientific and technical activities n.e.c.",3de77d05ace5,7490
Poland_55,1,1,MATCHED,6810,CLASS,Real estate activities with own or leased property,L,Real estate activities,68,Real estate activities,681,Real estate activities with own or leased property,3de77d05ace5,6810
Poland_57,1,1,MATCHED,4652,CLASS,Wholesale of electronic and telecommunications equipment and parts,G,Wholesale and retail trade; repair of motor vehicles and motorcycles,46,"Wholesale trade, except of motor vehicles and motorcycles",465,"Wholesale of machinery, equipment and supplies",3de77d05ace5,4652
Poland_56,1,1,MATCHED,6419,CLASS,Other monetary intermediation,K,Financial and insurance activities,64,"Financial service activities, except insurance and pension funding",641,Monetary intermediation,3de77d05ace5,6419
Poland_59,1,1,MATCHED,6399,CLASS,Other information service activities n.e.c.,J,Information and communication,63,Information service activities,639,Other information service activities,3de77d05ace5,6399
Poland_58,1,1,MATCHED,6391,CLASS,News agency activities,J,Information and communication,63,Information service activities,639,Other information service activities,3de77d05ace5,6391
Poland_60,1,1,MATCHED,8541,CLASS,Sports and recreation education,P,Education,85,Education,854,Other education,3de77d05ace5,8541
Poland_62,1,1,MATCHED,6311,CLASS,"Data processing, hosting and related activities",J,Information and communication,63,Information service activities,631,"Data processing, hosting and related activities; web portals",3de77d05ace5,6311
Poland_63,,0,UNRECOGNIZED,STRING,UNKNOWN,,,,,,,,3de77d05ace5,STRING
Poland_61,1,1,MATCHED,4791,CLASS,Retail sale via mail order houses or via Internet,G,Wholesale and retail trade; repair of motor vehicles and motorcycles,47,"Retail trade, except of motor vehicles and motorcycles",479,"Retail trade not in stores, stalls or markets",3de77d05ace5,4791
Poland_64,1,1,MATCHED,8411,CLASS,General public administration activities,O,Public administration and defence; compulsory social security,84,Public administration and defence; compulsory social security,841,Administration of the State and the economic and social policy of the community,3de77d05ace5,8411
Poland_65,1,1,MATCHED,8510,CLASS,Pre-primary and primary education,P,Education,85,Education,851,Pre-primary and primary education,3de77d05ace5,8510
Norway_4,1,1,MATCHED,8411,CLASS,General public administration activities,O,Public administration and defence; compulsory social security,84,Public administration and defence; compulsory social security,841,Administration of the State and the economic and social policy of the community,3de77d05ace5,8411
Norway_3,1,1,MATCHED,9499,CLASS,Activities of other membership organizations n.e.c.,S,Other service activities,94,Activities of membership organizations,949,Activities of other membership organizations,3de77d05ace5,9499
Norway_5,1,1,MATCHED,8411,CLASS,General public administration activities,O,Public administration and defence; compulsory social security,84,Public administration and defence; compulsory social security,841,Administration of the State and the economic and social policy of the community,3de77d05ace5,8411
Norway_1,1,1,MATCHED,9311,CLASS,Operation of sports facilities,R,"Arts, entertainment and recreation",93,Sports activities and amusement and recreation activities,931,Sports activities,3de77d05ace5,9311
Norway_6,1,1,MATCHED,5221,CLASS,Service activities incidental to land transportation,H,Transportation and storage,52,Warehousing and support activities for transportation,522,Support activities for transportation,3de77d05ace5,5221
Norway_7,1,1,MATCHED,8411,CLASS,General public administration activities,O,Public administration and defence; compulsory social security,84,Public administration and defence; compulsory social security,841,Administration of the State and the economic and social policy of the community,3de77d05ace5,8411
Norway_8,,0,UNRECOGNIZED,NOT_DISCUSSED,UNKNOWN,,,,,,,,3de77d05ace5,NOT_DISCUSSED
Norway_9,1,1,MATCHED,8411,CLASS,General public administration activities,O,Public administration and defence; compulsory social security,84,Public administration and defence; compulsory social security,841,Administration of the State and the economic and social policy of the community,3de77d05ace5,8411
Norway_11,1,1,MATCHED,6201,CLASS,Computer programming activities,J,Information and communication,62,"Computer programming, consultancy and related activities",620,"Computer programming, consultancy and related activities",3de77d05ace5,6201
Norway_10,1,1,MATCHED,94,DIVISION,Activities of membership organizations,S,Other service activities,94,Activities of membership organizations,,,3de77d05ace5,94
Norway_13,1,1,MATCHED,5221,CLASS,Service activities incidental to land transportation,H,Transportation and storage,52,Warehousing and support activities for transportation,522,Support activities for transportation,3de77d05ace5,5221
Norway_14,,0,UNRECOGNIZED,STRING,UNKNOWN,,,,,,,,3de77d05ace5,STRING
Norway_15,1,1,MATCHED,9491,CLASS,Activities of religious organizations,S,Other service activities,94,Activities of membership organizations,949,Activities of other membership organizations,3de77d05ace5,9491
Norway_16,1,1,MATCHED,8129,CLASS,Other building and industrial cleaning activities,N,Administrative and support service activities,81,Services to buildings and landscape activities,812,Cleaning activities,3de77d05ace5,8129
Norway_17,1,1,MATCHED,4711,CLASS,"Retail sale in non-specialized stores with food, beverages or tobacco predominating",G,Wholesale and retail trade; repair of motor vehicles and motorcycles,47,"Retail trade, except of motor vehicles and motorcycles",471,Retail sale in non-specialized stores,3de77d05ace5,4711
Norway_18,1,1,MATCHED,6312,CLASS,Web portals,J,Information and communication,63,Information service activities,631,"Data processing, hosting and related activities; web portals",3de77d05ace5,6312
Norway_21,1,1,MATCHED,8413,CLASS,Regulation of and contribution to more efficient operation of businesses,O,Public administration and defence; compulsory social security,84,Public administration and defence; compulsory social security,841,Administration of the State and the economic and social policy of the community,3de77d05ace5,8413
Norway_20,1,1,MATCHED,86,DIVISION,Human health activities,Q,Human health and social work activities,86,Human health activities,,,3de77d05ace5,86
Norway_23,1,1,MATCHED,6419,CLASS,Other monetary intermediation,K,Financial and insurance activities,64,"Financial service activities, except insurance and pension funding",641,Monetary intermediation,3de77d05ace5,6419
Norway_22,,0,UNRECOGNIZED,STRING,UNKNOWN,,,,,,,,3de77d05ace5,STRING
Norway_25,1,1,MATCHED,8411,CLASS,General public administration activities,O,Public administration and defence; compulsory social security,84,Public administration and defence; compulsory social security,841,Administration of the State and the economic and social policy of the community,3de77d05ace5,8411
Norway_24,1,1,MATCHED,O,SECTION,Public administration and defence; compulsory social security,O,Public administration and defence; compulsory social security,,,,,3de77d05ace5,O
Norway_29,,0,UNRECOGNIZED,STRING,UNKNOWN,,,,,,,,3de77d05ace5,STRING
Norway_27,,0,UNRECOGNIZED,NOT_MENTIONED,UNKNOWN,,,,,,,,3de77d05ace5,NOT_MENTIONED
Norway_26,1,1,MATCHED,K,SECTION,Financial and insurance activities,K,Financial and insurance activities,,,,,3de77d05ace5,K
Norway_30,,0,UNRECOGNIZED,NOT_MENTIONED,UNKNOWN,,,,,,,,3de77d05ace5,NOT_MENTIONED
Norway_33,,0,UNRECOGNIZED,STRING,UNKNOWN,,,,,,,,3de77d05ace5,STRING
Norway_34,1,1,MATCHED,63,DIVISION,Information service activities,J,Information and communication,63,Information service activities,,,3de77d05ace5,63
Norway_28,,0,UNRECOGNIZED,STRING,UNKNOWN,,,,,,,,3de77d05ace5,STRING
Norway_36,1,1,MATCHED,61,DIVISION,Telecommunications,J,Information and communication,61,Telecommunications,,,3de77d05ace5,61
Norway_37,1,1,MATCHED,53,DIVISION,Postal and courier activities,H,Transportation and storage,53,Postal and courier activities,,,3de77d05ace5,53
Norway_38,1,1,MATCHED,8411,CLASS,General public administration activities,O,Public administration and defence; compulsory social security,84,Public administration and defence; compulsory social security,841,Administration of the State and the economic and social policy of the community,3de77d05ace5,8411
Norway_41,,0,UNRECOGNIZED,NOT_DISCUSSED,UNKNOWN,,,,,,,,3de77d05ace5,NOT_DISCUSSED
Norway_39,,0,UNRECOGNIZED,NOT_MENTIONED,UNKNOWN,,,,,,,,3de77d05ace5,NOT_MENTIONED
Norway_43,,0,UNRECOGNIZED,NOT_MENTIONED,UNKNOWN,,,,,,,,3de77d05ace5,NOT_MENTIONED
Norway_42,,0,UNRECOGNIZED,STRING,UNKNOWN,,,,,,,,3de77d05ace5,STRING
Norway_44,,0,UNRECOGNIZED,NOT_DISCUSSED,UNKNOWN,,,,,,,,3de77d05ace5,NOT_DISCUSSED
Norway_40,,0,UNRECOGNIZED,STRING,UNKNOWN,,,,,,,,3de77d05ace5,STRING
Norway_46,1,1,MATCHED,86,DIVISION,Human health activities,Q,Human health and social work activities,86,Human health activities,,,3de77d05ace5,86
Norway_45,1,1,MATCHED,J,SECTION,Information and communication,J,Information and communication,,,,,3de77d05ace5,J
Norway_48,1,1,MATCHED,2511,CLASS,Manufacture of structural metal products,C,Manufacturing,25,"Manufacture of fabricated metal products, except machinery and equipment",251,"Manufacture of structural metal products, tanks, reservoirs and steam generators",3de77d05ace5,2511
Norway_50,,0,UNRECOGNIZED,JOURNALISTIC_ACTIVITIES,UNKNOWN,,,,,,,,3de77d05ace5,JOURNALISTIC_ACTIVITIES
Norway_51,1,1,MATCHED,8411,CLASS,General public administration activities,O,Public administration and defence; compulsory social security,84,Public administration and defence; compulsory social security,841,Administration of the State and the economic and social policy of the community,3de77d05ace5,8411
Norway_53,1,1,MATCHED,84,DIVISION,Public administration and defence; compulsory social security,O,Public administration and defence; compulsory social security,84,Public administration and defence; compulsory social security,,,3de77d05ace5,84
Norway_47,,0,UNRECOGNIZED,STRING,UNKNOWN,,,,,,,,3de77d05ace5,STRING
Norway_49,1,1,MATCHED,6419,CLASS,Other monetary intermediation,K,Financial and insurance activities,64,"Financial service activities, except insurance and pension funding",641,Monetary intermediation,3de77d05ace5,6419
Norway_52,,0,UNRECOGNIZED,STRING,UNKNOWN,,,,,,,,3de77d05ace5,STRING
Norway_54,1,1,MATCHED,8411,CLASS,General public administration activities,O,Public administration and defence; compulsory social security,84,Public administration and defence; compulsory social security,841,Administration of the State and the economic and social policy of the community,3de77d05ace5,8411
Norway_56,1,1,MATCHED,63,DIVISION,Information service activities,J,Information and communication,63,Information service activities,,,3de77d05ace5,63
Norway_60,,0,UNRECOGNIZED,STRING,UNKNOWN,,,,,,,,3de77d05ace5,STRING
Norway_62,,0,UNRECOGNIZED,STRING,UNKNOWN,,,,,,,,3de77d05ace5,STRING
Norway_55,1,1,MATCHED,6312,CLASS,Web portals,J,Information and communication,63,Information service activities,631,"Data processing, hosting and related activities; web portals",3de77d05ace5,6312
Norway_58,1,1,MATCHED,6311,CLASS,"Data processing, hosting and related activities",J,Information and communication,63,Information service activities,631,"Data processing, hosting and related activities; web portals",3de77d05ace5,6311
Norway_61,,0,UNRECOGNIZED,STRING,UNKNOWN,,,,,,,,3de77d05ace5,STRING
Norway_59,,0,UNRECOGNIZED,STRING,UNKNOWN,,,,,,,,3de77d05ace5,STRING
Norway_57,1,1,MATCHED,4321,CLASS,Electrical installation,F,Construction,43,Specialized construction activities,432,"Electrical, plumbing and other construction installation activities",3de77d05ace5,4321
Norway_64,,0,UNRECOGNIZED,NOT_MENTIONED,UNKNOWN,,,,,,,,3de77d05ace5,NOT_MENTIONED
Norway_63,1,1,MATCHED,8299,CLASS,Other business support service activities n.e.c.,N,Administrative and support service activities,82,"Office administrative, office support and other business support activities",829,Business support service activities n.e.c.,3de77d05ace5,8299
Norway_66,,0,UNRECOGNIZED,STRING,UNKNOWN,,,,,,,,3de77d05ace5,STRING
Norway_68,1,1,MATCHED,O,SECTION,Public administration and defence; compulsory social security,O,Public administration and defence; compulsory social security,,,,,3de77d05ace5,O
Norway_65,1,1,MATCHED,8030,CLASS,Investigation activities,N,Administrative and support service activities,80,Security and investigation activities,803,Investigation activities,3de77d05ace5,8030
Norway_67,1,1,MATCHED,32,DIVISION,Other manufacturing,C,Manufacturing,32,Other manufacturing,,,3de77d05ace5,32
Norway_69,1,1,MATCHED,63,DIVISION,Information service activities,J,Information and communication,63,Information service activities,,,3de77d05ace5,63
Norway_70,1,1,MATCHED,0121,CLASS,Growing of grapes,A,"Agriculture, forestry and fishing",01,"Crop and animal production, hunting and related service activities",012,Growing of perennial crops,3de77d05ace5,0121
Norway_71,1,1,MATCHED,61,DIVISION,Telecommunications,J,Information and communication,61,Telecommunications,,,3de77d05ace5,61
Norway_72,1,1,MATCHED,8411,CLASS,General public administration activities,O,Public administration and defence; compulsory social security,84,Public administration and defence; compulsory social security,841,Administration of the State and the economic and social policy of the community,3de77d05ace5,8411
Norway_73,,0,UNRECOGNIZED,NOT_DISCUSSED,UNKNOWN,,,,,,,,3de77d05ace5,NOT_DISCUSSED
Norway_74,1,1,MATCHED,8411,CLASS,General public administration activities,O,Public administration and defence; compulsory social security,84,Public administration and defence; compulsory social security,841,Administration of the State and the economic and social policy of the community,3de77d05ace5,8411
Norway_76,1,1,MATCHED,9499,CLASS,Activities of other membership organizations n.e.c.,S,Other service activities,94,Activities of membership organizations,949,Activities of other membership organizations,3de77d05ace5,9499
Norway_77,1,1,MATCHED,6311,CLASS,"Data processing, hosting and related activities",J,Information and communication,63,Information service activities,631,"Data processing, hosting and related activities; web portals",3de77d05ace5,6311
Norway_75,1,1,MATCHED,4711,CLASS,"Retail sale in non-specialized stores with food, beverages or tobacco predominating",G,Wholesale and retail trade; repair of motor vehicles and motorcycles,47,"Retail trade, except of motor vehicles and motorcycles",471,Retail sale in non-specialized stores,3de77d05ace5,4711
Norway_79,,0,UNRECOGNIZED,STRING,UNKNOWN,,,,,,,,3de77d05ace5,STRING
Norway_78,,0,UNRECOGNIZED,STRING,UNKNOWN,,,,,,,,3de77d05ace5,STRING
Norway_81,,0,UNRECOGNIZED,NOT_MENTIONED,UNKNOWN,,,,,,,,3de77d05ace5,NOT_MENTIONED
Norway_80,1,1,MATCHED,7721,CLASS,Renting and leasing of recreational and sports goods,N,Administrative and support service activities,77,Rental and leasing activities,772,Renting and leasing of personal and household goods,3de77d05ace5,7721
Norway_82,,0,UNRECOGNIZED,NOT_MENTIONED,UNKNOWN,,,,,,,,3de77d05ace5,NOT_MENTIONED
Norway_83,,0,UNRECOGNIZED,STRING,UNKNOWN,,,,,,,,3de77d05ace5,STRING
Netherlands_3,1,1,MATCHED,62,DIVISION,"Computer programming, consultancy and related activities",J,Information and communication,62,"Computer programming, consultancy and related activities",,,3de77d05ace5,62
Netherlands_1,1,1,MATCHED,86,DIVISION,Human health activities,Q,Human health and social work activities,86,Human health activities,,,3de77d05ace5,86
Netherlands_6,,0,UNRECOGNIZED,NOT_DISCUSSED,UNKNOWN,,,,,,,,3de77d05ace5,NOT_DISCUSSED
Netherlands_4,,0,UNRECOGNIZED,NOT_DISCUSSED,UNKNOWN,,,,,,,,3de77d05ace5,NOT_DISCUSSED
Netherlands_5,,0,UNRECOGNIZED,STRING,UNKNOWN,,,,,,,,3de77d05ace5,STRING
Netherlands_2,,0,UNRECOGNIZED,STRING,UNKNOWN,,,,,,,,3de77d05ace5,STRING
Netherlands_7,1,1,MATCHED,5813,CLASS,"Publishing of newspapers, journals and periodicals",J,Information and communication,58,Publishing activities,581,"Publishing of books, periodicals and other publishing activities",3de77d05ace5,5813
Netherlands_8,1,1,MATCHED,9499,CLASS,Activities of other membership organizations n.e.c.,S,Other service activities,94,Activities of membership organizations,949,Activities of other membership organizations,3de77d05ace5,9499
Netherlands_9,,0,UNRECOGNIZED,STRING,UNKNOWN,,,,,,,,3de77d05ace5,STRING
Netherlands_11,,0,UNRECOGNIZED,STRING,UNKNOWN,,,,,,,,3de77d05ace5,STRING
Netherlands_10,1,1,MATCHED,5110,CLASS,Passenger air transport,H,Transportation and storage,51,Air transport,511,Passenger air transport,3de77d05ace5,5110
Netherlands_12,1,1,MATCHED,43,DIVISION,Specialized construction activities,F,Construction,43,Specialized construction activities,,,3de77d05ace5,43
Netherlands_13,1,1,MATCHED,O,SECTION,Public administration and defence; compulsory social security,O,Public administration and defence; compulsory social security,,,,,3de77d05ace5,O
Netherlands_14,,0,UNRECOGNIZED,STRING,UNKNOWN,,,,,,,,3de77d05ace5,STRING
Netherlands_15,,0,UNRECOGNIZED,STRING,UNKNOWN,,,,,,,,3de77d05ace5,STRING
Netherlands_16,1,1,MATCHED,8411,CLASS,General public administration activities,O,Public administration and defence; compulsory social security,84,Public administration and defence; compulsory social security,841,Administration of the State and the economic and social policy of the community,3de77d05ace5,8411
Netherlands_22,1,1,MATCHED,86,DIVISION,Human health activities,Q,Human health and social work activities,86,Human health activities,,,3de77d05ace5,86
Netherlands_17,1,1,MATCHED,8620,CLASS,Medical and dental practice activities,Q,Human health and social work activities,86,Human health activities,862,Medical and dental practice activities,3de77d05ace5,8620
Netherlands_19,1,1,MATCHED,8411,CLASS,General public administration activities,O,Public administration and defence; compulsory social security,84,Public administration and defence; compulsory social security,841,Administration of the State and the economic and social policy of the community,3de77d05ace5,8411
Netherlands_21,1,1,MATCHED,9412,CLASS,Activities of professional membership organizations,S,Other service activities,94,Activities of membership organizations,941,"Activities of business, employers and professional membership organizations",3de77d05ace5,9412
Netherlands_23,1,1,MATCHED,6419,CLASS,Other monetary intermediation,K,Financial and insurance activities,64,"Financial service activities, except insurance and pension funding",641,Monetary intermediation,3de77d05ace5,6419
Netherlands_20,,0,UNRECOGNIZED,STRING,UNKNOWN,,,,,,,,3de77d05ace5,STRING
Netherlands_25,1,1,MATCHED,3811,CLASS,Collection of non-hazardous waste,E,"Water supply; sewerage, waste management and remediation activities",38,"Waste collection, treatment and disposal activities; materials recovery",381,Waste collection,3de77d05ace5,3811
Netherlands_24,1,1,MATCHED,25,DIVISION,"Manufacture of fabricated metal products, except machinery and equipment",C,Manufacturing,25,"Manufacture of fabricated metal products, except machinery and equipment",,,3de77d05ace5,25
Netherlands_26,1,1,MATCHED,9319,CLASS,Other sports activities,R,"Arts, entertainment and recreation",93,Sports activities and amusement and recreation activities,931,Sports activities,3de77d05ace5,9319
Netherlands_28,,0,UNRECOGNIZED,NOT_MENTIONED,UNKNOWN,,,,,,,,3de77d05ace5,NOT_MENTIONED
Netherlands_27,1,1,MATCHED,O,SECTION,Public administration and defence; compulsory social security,O,Public administration and defence; compulsory social security,,,,,3de77d05ace5,O
Netherlands_30,1,1,MATCHED,6419,CLASS,Other monetary intermediation,K,Financial and insurance activities,64,"Financial service activities, except insurance and pension funding",641,Monetary intermediation,3de77d05ace5,6419
Netherlands_29,1,1,MATCHED,49,DIVISION,Land transport and transport via pipelines,H,Transportation and storage,49,Land transport and transport via pipelines,,,3de77d05ace5,49
Netherlands_31,1,1,MATCHED,6201,CLASS,Computer programming activities,J,Information and communication,62,"Computer programming, consultancy and related activities",620,"Computer programming, consultancy and related activities",3de77d05ace5,6201
Netherlands_32,1,1,MATCHED,6399,CLASS,Other information service activities n.e.c.,J,Information and communication,63,Information service activities,639,Other information service activities,3de77d05ace5,6399
Netherlands_34,1,1,MATCHED,46,DIVISION,"Wholesale trade, except of motor vehicles and motorcycles",G,Wholesale and retail trade; repair of motor vehicles and motorcycles,46,"Wholesale trade, except of motor vehicles and motorcycles",,,3de77d05ace5,46
Netherlands_33,,0,UNRECOGNIZED,STRING,UNKNOWN,,,,,,,,3de77d05ace5,STRING
Netherlands_37,,0,UNRECOGNIZED,STRING,UNKNOWN,,,,,,,,3de77d05ace5,STRING
Netherlands_35,1,1,MATCHED,8411,CLASS,General public administration activities,O,Public administration and defence; compulsory social security,84,Public administration and defence; compulsory social security,841,Administration of the State and the economic and social policy of the community,3de77d05ace5,8411
Netherlands_36,1,1,MATCHED,7810,CLASS,Activities of employment placement agencies,N,Administrative and support service activities,78,Employment activities,781,Activities of employment placement agencies,3de77d05ace5,7810
Netherlands_38,1,1,MATCHED,8292,CLASS,Packaging activities,N,Administrative and support service activities,82,"Office administrative, office support and other business support activities",829,Business support service activities n.e.c.,3de77d05ace5,8292
Malta_1,,0,UNRECOGNIZED,NOT_MENTIONED,UNKNOWN,,,,,,,,3de77d05ace5,NOT_MENTIONED
Malta_5,,0,UNRECOGNIZED,STRING,UNKNOWN,,,,,,,,3de77d05ace5,STRING
Netherlands_39,1,1,MATCHED,3811,CLASS,Collection of non-hazardous waste,E,"Water supply; sewerage, waste management and remediation activities",38,"Waste collection, treatment and disposal activities; materials recovery",381,Waste collection,3de77d05ace5,3811
Malta_11,,0,UNRECOGNIZED,STRING,UNKNOWN,,,,,,,,3de77d05ace5,STRING
Malta_7,,0,UNRECOGNIZED,STRING,UNKNOWN,,,,,,,,3de77d05ace5,STRING
Malta_10,,0,UNRECOGNIZED,STRING,UNKNOWN,,,,,,,,3de77d05ace5,STRING
Malta_9,,0,UNRECOGNIZED,STRING,UNKNOWN,,,,,,,,3de77d05ace5,STRING
Malta_12,,0,UNRECOGNIZED,STRING,UNKNOWN,,,,,,,,3de77d05ace5,STRING
Luxembourg_1,,0,UNRECOGNIZED,STRING,UNKNOWN,,,,,,,,3de77d05ace5,STRING
Malta_13,,0,UNRECOGNIZED,STRING,UNKNOWN,,,,,,,,3de77d05ace5,STRING
Luxembourg_3,,0,UNRECOGNIZED,STRING,UNKNOWN,,,,,,,,3de77d05ace5,STRING
Luxembourg_4,,0,UNRECOGNIZED,STRING,UNKNOWN,,,,,,,,3de77d05ace5,STRING
Luxembourg_7,,0,UNRECOGNIZED,STRING,UNKNOWN,,,,,,,,3de77d05ace5,STRING
Luxembourg_5,,0,UNRECOGNIZED,STRING,UNKNOWN,,,,,,,,3de77d05ace5,STRING
Luxembourg_8,1,1,MATCHED,6820,CLASS,Real estate activities on a fee or contract basis,L,Real estate activities,68,Real estate activities,682,Real estate activities on a fee or contract basis,3de77d05ace5,6820
Luxembourg_9,1,1,MATCHED,49,DIVISION,Land transport and transport via pipelines,H,Transportation and storage,49,Land transport and transport via pipelines,,,3de77d05ace5,49
Luxembourg_13,,0,UNRECOGNIZED,STRING,UNKNOWN,,,,,,,,3de77d05ace5,STRING
Luxembourg_10,,0,UNRECOGNIZED,STRING,UNKNOWN,,,,,,,,3de77d05ace5,STRING
Luxembourg_12,,0,UNRECOGNIZED,STRING,UNKNOWN,,,,,,,,3de77d05ace5,STRING
Luxembourg_11,1,1,MATCHED,6311,CLASS,"Data processing, hosting and related activities",J,Information and communication,63,Information service activities,631,"Data processing, hosting and related activities; web portals",3de77d05ace5,6311
Luxembourg_14,1,1,MATCHED,8411,CLASS,General public administration activities,O,Public administration and defence; compulsory social security,84,Public administration and defence; compulsory social security,841,Administration of the State and the economic and social policy of the community,3de77d05ace5,8411
Luxembourg_15,1,1,MATCHED,649,GROUP,"Other financial service activities, except insurance and pension funding activities",K,Financial and insurance activities,64,"Financial service activities, except insurance and pension funding",649,"Other financial service activities, except insurance and pension funding activities",3de77d05ace5,649
Luxembourg_16,,0,UNRECOGNIZED,STRING,UNKNOWN,,,,,,,,3de77d05ace5,STRING
Luxembourg_17,,0,UNRECOGNIZED,STRING,UNKNOWN,,,,,,,,3de77d05ace5,STRING
Luxembourg_21,,0,UNRECOGNIZED,STRING,UNKNOWN,,,,,,,,3de77d05ace5,STRING
Luxembourg_20,,0,UNRECOGNIZED,STRING,UNKNOWN,,,,,,,,3de77d05ace5,STRING
Luxembourg_18,1,1,MATCHED,4921,CLASS,Urban and suburban passenger land transport,H,Transportation and storage,49,Land transport and transport via pipelines,492,Other land transport,3de77d05ace5,4921
Luxembourg_25,,0,UNRECOGNIZED,STRING,UNKNOWN,,,,,,,,3de77d05ace5,STRING
Luxembourg_23,1,1,MATCHED,1071,CLASS,Manufacture of bakery products,C,Manufacturing,10,Manufacture of food products,107,Manufacture of other food products,3de77d05ace5,1071
Lithuania_2,1,1,MATCHED,8411,CLASS,General public administration activities,O,Public administration and defence; compulsory social security,84,Public administration and defence; compulsory social security,841,Administration of the State and the economic and social policy of the community,3de77d05ace5,8411
Luxembourg_24,1,1,MATCHED,6512,CLASS,Non-life insurance,K,Financial and insurance activities,65,"Insurance, reinsurance and pension funding, except compulsory social security",651,Insurance,3de77d05ace5,6512
Luxembourg_22,,0,UNRECOGNIZED,NOT_MENTIONED,UNKNOWN,,,,,,,,3de77d05ace5,NOT_MENTIONED
Lithuania_4,,0,UNRECOGNIZED,STRING,UNKNOWN,,,,,,,,3de77d05ace5,STRING
Lithuania_7,,0,UNRECOGNIZED,STRING,UNKNOWN,,,,,,,,3de77d05ace5,STRING
Lithuania_9,,0,UNRECOGNIZED,STRING,UNKNOWN,,,,,,,,3de77d05ace5,STRING
Lithuania_3,1,1,MATCHED,8411,CLASS,General public administration activities,O,Public administration and defence; compulsory social security,84,Public administration and defence; compulsory social security,841,Administration of the State and the economic and social policy of the community,3de77d05ace5,8411
Lithuania_10,1,1,MATCHED,9311,CLASS,Operation of sports facilities,R,"Arts, entertainment and recreation",93,Sports activities and amusement and recreation activities,931,Sports activities,3de77d05ace5,9311
Lithuania_8,,0,UNRECOGNIZED,STRING,UNKNOWN,,,,,,,,3de77d05ace5,STRING
Lithuania_11,,0,UNRECOGNIZED,STRING,UNKNOWN,,,,,,,,3de77d05ace5,STRING
Lithuania_12,,0,UNRECOGNIZED,STRING,UNKNOWN,,,,,,,,3de77d05ace5,STRING
Latvia_3,,0,UNRECOGNIZED,NOT_DISCUSSED,UNKNOWN,,,,,,,,3de77d05ace5,NOT_DISCUSSED
Latvia_1,1,1,MATCHED,7420,CLASS,Photographic activities,M,"Professional, scientific and technical activities",74,"Other professional, scientific and technical activities",742,Photographic activities,3de77d05ace5,7420
Latvia_6,,0,UNRECOGNIZED,STRING,UNKNOWN,,,,,,,,3de77d05ace5,STRING
Latvia_4,1,1,MATCHED,6311,CLASS,"Data processing, hosting and related activities",J,Information and communication,63,Information service activities,631,"Data processing, hosting and related activities; web portals",3de77d05ace5,6311
Latvia_9,,0,UNRECOGNIZED,STRING,UNKNOWN,,,,,,,,3de77d05ace5,STRING
Latvia_12,,0,UNRECOGNIZED,NOT_DISCUSSED,UNKNOWN,,,,,,,,3de77d05ace5,NOT_DISCUSSED
Latvia_10,1,1,MATCHED,4711,CLASS,"Retail sale in non-specialized stores with food, beverages or tobacco predominating",G,Wholesale and retail trade; repair of motor vehicles and motorcycles,47,"Retail trade, except of motor vehicles and motorcycles",471,Retail sale in non-specialized stores,3de77d05ace5,4711
Latvia_11,1,1,MATCHED,4773,CLASS,Other retail sale of new goods in specialized stores,G,Wholesale and retail trade; repair of motor vehicles and motorcycles,47,"Retail trade, except of motor vehicles and motorcycles",477,Retail sale of other goods in specialized stores,3de77d05ace5,4773
Latvia_13,,0,UNRECOGNIZED,STRING,UNKNOWN,,,,,,,,3de77d05ace5,STRING
Latvia_14,1,1,MATCHED,6311,CLASS,"Data processing, hosting and related activities",J,Information and communication,63,Information service activities,631,"Data processing, hosting and related activities; web portals",3de77d05ace5,6311
Italy_1,1,1,MATCHED,6120,CLASS,Wireless telecommunications activities,J,Information and communication,61,Telecommunications,612,Wireless telecommunications activities,3de77d05ace5,6120
Italy_3,1,1,MATCHED,85,DIVISION,Education,P,Education,85,Education,,,3de77d05ace5,85
Italy_4,1,1,MATCHED,86,DIVISION,Human health activities,Q,Human health and social work activities,86,Human health activities,,,3de77d05ace5,86
Italy_9,1,1,MATCHED,O,SECTION,Public administration and defence; compulsory social security,O,Public administration and defence; compulsory social security,,,,,3de77d05ace5,O
Italy_2,1,1,MATCHED,61,DIVISION,Telecommunications,J,Information and communication,61,Telecommunications,,,3de77d05ace5,61
Italy_12,1,1,MATCHED,86,DIVISION,Human health activities,Q,Human health and social work activities,86,Human health activities,,,3de77d05ace5,86
Italy_14,1,1,MATCHED,6419,CLASS,Other monetary intermediation,K,Financial and insurance activities,64,"Financial service activities, except insurance and pension funding",641,Monetary intermediation,3de77d05ace5,6419
Italy_17,,0,UNRECOGNIZED,STRING,UNKNOWN,,,,,,,,3de77d05ace5,STRING
Italy_13,1,1,MATCHED,8411,CLASS,General public administration activities,O,Public administration and defence; compulsory social security,84,Public administration and defence; compulsory social security,841,Administration of the State and the economic and social policy of the community,3de77d05ace5,8411
Italy_16,1,1,MATCHED,6120,CLASS,Wireless telecommunications activities,J,Information and communication,61,Telecommunications,612,Wireless telecommunications activities,3de77d05ace5,6120
Italy_18,,0,UNRECOGNIZED,STRING,UNKNOWN,,,,,,,,3de77d05ace5,STRING
Italy_15,1,1,MATCHED,6120,CLASS,Wireless telecommunications activities,J,Information and communication,61,Telecommunications,612,Wireless telecommunications activities,3de77d05ace5,6120
Italy_21,1,1,MATCHED,8411,CLASS,General public administration activities,O,Public administration and defence; compulsory social security,84,Public administration and defence; compulsory social security,841,Administration of the State and the economic and social policy of the community,3de77d05ace5,8411
Italy_20,1,1,MATCHED,8510,CLASS,Pre-primary and primary education,P,Education,85,Education,851,Pre-primary and primary education,3de77d05ace5,8510
Italy_22,,0,UNRECOGNIZED,NOT_MENTIONED,UNKNOWN,,,,,,,,3de77d05ace5,NOT_MENTIONED
Italy_24,1,1,MATCHED,8411,CLASS,General public administration activities,O,Public administration and defence; compulsory social security,84,Public administration and defence; compulsory social security,841,Administration of the State and the economic and social policy of the community,3de77d05ace5,8411
Italy_25,1,1,MATCHED,8411,CLASS,General public administration activities,O,Public administration and defence; compulsory social security,84,Public administration and defence; compulsory social security,841,Administration of the State and the economic and social policy of the community,3de77d05ace5,8411
Italy_29,1,1,MATCHED,8411,CLASS,General public administration activities,O,Public administration and defence; compulsory social security,84,Public administration and defence; compulsory social security,841,Administration of the State and the economic and social policy of the community,3de77d05ace5,8411
Italy_31,1,1,MATCHED,8219,CLASS,"Photocopying, document preparation and other specialized office support activities",N,Administrative and support service activities,82,"Office administrative, office support and other business support activities",821,Office administrative and support activities,3de77d05ace5,8219
Italy_26,,0,UNRECOGNIZED,STRING,UNKNOWN,,,,,,,,3de77d05ace5,STRING
Italy_27,1,1,MATCHED,8510,CLASS,Pre-primary and primary education,P,Education,85,Education,851,Pre-primary and primary education,3de77d05ace5,8510
Italy_28,,0,UNRECOGNIZED,STRING,UNKNOWN,,,,,,,,3de77d05ace5,STRING
Italy_32,1,1,MATCHED,J,SECTION,Information and communication,J,Information and communication,,,,,3de77d05ace5,J
Italy_34,1,1,MATCHED,63,DIVISION,Information service activities,J,Information and communication,63,Information service activities,,,3de77d05ace5,63
Italy_37,1,1,MATCHED,E,SECTION,"Water supply; sewerage, waste management and remediation activities",E,"Water supply; sewerage, waste management and remediation activities",,,,,3de77d05ace5,E
Italy_36,1,1,MATCHED,86,DIVISION,Human health activities,Q,Human health and social work activities,86,Human health activities,,,3de77d05ace5,86
Italy_38,1,1,MATCHED,86,DIVISION,Human health activities,Q,Human health and social work activities,86,Human health activities,,,3de77d05ace5,86
Italy_40,1,1,MATCHED,86,DIVISION,Human health activities,Q,Human health and social work activities,86,Human health activities,,,3de77d05ace5,86
Italy_43,1,1,MATCHED,8411,CLASS,General public administration activities,O,Public administration and defence; compulsory social security,84,Public administration and defence; compulsory social security,841,Administration of the State and the economic and social policy of the community,3de77d05ace5,8411
Italy_42,1,1,MATCHED,6419,CLASS,Other monetary intermediation,K,Financial and insurance activities,64,"Financial service activities, except insurance and pension funding",641,Monetary intermediation,3de77d05ace5,6419
Italy_46,1,1,MATCHED,6311,CLASS,"Data processing, hosting and related activities",J,Information and communication,63,Information service activities,631,"Data processing, hosting and related activities; web portals",3de77d05ace5,6311
Italy_48,1,1,MATCHED,8510,CLASS,Pre-primary and primary education,P,Education,85,Education,851,Pre-primary and primary education,3de77d05ace5,8510
Italy_45,1,1,MATCHED,61,DIVISION,Telecommunications,J,Information and communication,61,Telecommunications,,,3de77d05ace5,61
Italy_49,,0,UNRECOGNIZED,STRING,UNKNOWN,,,,,,,,3de77d05ace5,STRING
Italy_50,1,1,MATCHED,6202,CLASS,Computer consultancy and computer facilities management activities,J,Information and communication,62,"Computer programming, consultancy and related activities",620,"Computer programming, consultancy and related activities",3de77d05ace5,6202
Italy_47,,0,UNRECOGNIZED,STRING,UNKNOWN,,,,,,,,3de77d05ace5,STRING
Italy_51,,0,UNRECOGNIZED,STRING,UNKNOWN,,,,,,,,3de77d05ace5,STRING
Italy_53,,0,UNRECOGNIZED,STRING,UNKNOWN,,,,,,,,3de77d05ace5,STRING
Italy_54,,0,UNRECOGNIZED,STRING,UNKNOWN,,,,,,,,3de77d05ace5,STRING
Italy_56,1,1,MATCHED,86,DIVISION,Human health activities,Q,Human health and social work activities,86,Human health activities,,,3de77d05ace5,86
Italy_57,1,1,MATCHED,86,DIVISION,Human health activities,Q,Human health and social work activities,86,Human health activities,,,3de77d05ace5,86
Italy_59,1,1,MATCHED,6201,CLASS,Computer programming activities,J,Information and communication,62,"Computer programming, consultancy and related activities",620,"Computer programming, consultancy and related activities",3de77d05ace5,6201
Italy_55,1,1,MATCHED,8620,CLASS,Medical and dental practice activities,Q,Human health and social work activities,86,Human health activities,862,Medical and dental practice activities,3de77d05ace5,8620
Italy_61,1,1,MATCHED,8411,CLASS,General public administration activities,O,Public administration and defence; compulsory social security,84,Public administration and defence; compulsory social security,841,Administration of the State and the economic and social policy of the community,3de77d05ace5,8411
Italy_58,1,1,MATCHED,5221,CLASS,Service activities incidental to land transportation,H,Transportation and storage,52,Warehousing and support activities for transportation,522,Support activities for transportation,3de77d05ace5,5221
Italy_60,1,1,MATCHED,5610,CLASS,Restaurants and mobile food service activities,I,Accommodation and food service activities,56,Food and beverage service activities,561,Restaurants and mobile food service activities,3de77d05ace5,5610
Italy_62,1,1,MATCHED,84,DIVISION,Public administration and defence; compulsory social security,O,Public administration and defence; compulsory social security,84,Public administration and defence; compulsory social security,,,3de77d05ace5,84
Italy_63,1,1,MATCHED,8542,CLASS,Cultural education,P,Education,85,Education,854,Other education,3de77d05ace5,8542
Italy_64,,0,UNRECOGNIZED,STRING,UNKNOWN,,,,,,,,3de77d05ace5,STRING
Italy_65,1,1,MATCHED,61,DIVISION,Telecommunications,J,Information and communication,61,Telecommunications,,,3de77d05ace5,61
Italy_67,,0,UNRECOGNIZED,STRING,UNKNOWN,,,,,,,,3de77d05ace5,STRING
Italy_68,1,1,MATCHED,86,DIVISION,Human health activities,Q,Human health and social work activities,86,Human health activities,,,3de77d05ace5,86
Italy_69,,0,UNRECOGNIZED,STRING,UNKNOWN,,,,,,,,3de77d05ace5,STRING
Italy_70,1,1,MATCHED,85,DIVISION,Education,P,Education,85,Education,,,3de77d05ace5,85
Italy_66,1,1,MATCHED,35,DIVISION,"Electricity, gas, steam and air conditioning supply",D,"Electricity, gas, steam and air conditioning supply",35,"Electricity, gas, steam and air conditioning supply",,,3de77d05ace5,35
Italy_71,1,1,MATCHED,6311,CLASS,"Data processing, hosting and related activities",J,Information and communication,63,Information service activities,631,"Data processing, hosting and related activities; web portals",3de77d05ace5,6311
Italy_72,,0,UNRECOGNIZED,STRING,UNKNOWN,,,,,,,,3de77d05ace5,STRING
Italy_73,,0,UNRECOGNIZED,STRING,UNKNOWN,,,,,,,,3de77d05ace5,STRING
Italy_74,,0,UNRECOGNIZED,STRING,UNKNOWN,,,,,,,,3de77d05ace5,STRING
Italy_76,,0,UNRECOGNIZED,STRING,UNKNOWN,,,,,,,,3de77d05ace5,STRING
Italy_75,1,1,MATCHED,86,DIVISION,Human health activities,Q,Human health and social work activities,86,Human health activities,,,3de77d05ace5,86
Italy_77,1,1,MATCHED,68,DIVISION,Real estate activities,L,Real estate activities,68,Real estate activities,,,3de77d05ace5,68
Italy_79,1,1,MATCHED,8411,CLASS,General public administration activities,O,Public administration and defence; compulsory social security,84,Public administration and defence; compulsory social security,841,Administration of the State and the economic and social policy of the community,3de77d05ace5,8411
Italy_78,1,1,MATCHED,5813,CLASS,"Publishing of newspapers, journals and periodicals",J,Information and communication,58,Publishing activities,581,"Publishing of books, periodicals and other publishing activities",3de77d05ace5,5813
Italy_81,1,1,MATCHED,6201,CLASS,Computer programming activities,J,Information and communication,62,"Computer programming, consultancy and related activities",620,"Computer programming, consultancy and related activities",3de77d05ace5,6201
Italy_80,1,1,MATCHED,86,DIVISION,Human health activities,Q,Human health and social work activities,86,Human health activities,,,3de77d05ace5,86
Italy_82,,0,UNRECOGNIZED,STRING,UNKNOWN,,,,,,,,3de77d05ace5,STRING
Italy_84,,0,UNRECOGNIZED,STRING,UNKNOWN,,,,,,,,3de77d05ace5,STRING
Italy_86,,0,UNRECOGNIZED,STRING,UNKNOWN,,,,,,,,3de77d05ace5,STRING
Italy_87,1,1,MATCHED,86,DIVISION,Human health activities,Q,Human health and social work activities,86,Human health activities,,,3de77d05ace5,86
Italy_90,1,1,MATCHED,62,DIVISION,"Computer programming, consultancy and related activities",J,Information and communication,62,"Computer programming, consultancy and related activities",,,3de77d05ace5,62
Italy_92,1,1,MATCHED,8411,CLASS,General public administration activities,O,Public administration and defence; compulsory social security,84,Public administration and defence; compulsory social security,841,Administration of the State and the economic and social policy of the community,3de77d05ace5,8411
Italy_89,1,1,MATCHED,6312,CLASS,Web portals,J,Information and communication,63,Information service activities,631,"Data processing, hosting and related activities; web portals",3de77d05ace5,6312
Italy_91,1,1,MATCHED,6419,CLASS,Other monetary intermediation,K,Financial and insurance activities,64,"Financial service activities, except insurance and pension funding",641,Monetary intermediation,3de77d05ace5,6419
Italy_88,1,1,MATCHED,5813,CLASS,"Publishing of newspapers, journals and periodicals",J,Information and communication,58,Publishing activities,581,"Publishing of books, periodicals and other publishing activities",3de77d05ace5,5813
Italy_93,1,1,MATCHED,63,DIVISION,Information service activities,J,Information and communication,63,Information service activities,,,3de77d05ace5,63
Italy_94,1,1,MATCHED,8610,CLASS,Hospital activities,Q,Human health and social work activities,86,Human health activities,861,Hospital activities,3de77d05ace5,8610
Italy_96,1,1,MATCHED,641,GROUP,Monetary intermediation,K,Financial and insurance activities,64,"Financial service activities, except insurance and pension funding",641,Monetary intermediation,3de77d05ace5,641
Italy_97,1,1,MATCHED,94,DIVISION,Activities of membership organizations,S,Other service activities,94,Activities of membership organizations,,,3de77d05ace5,94
Italy_99,,0,UNRECOGNIZED,STRING,UNKNOWN,,,,,,,,3de77d05ace5,STRING
Italy_98,1,1,MATCHED,8010,CLASS,Private security activities,N,Administrative and support service activities,80,Security and investigation activities,801,Private security activities,3de77d05ace5,8010
Italy_95,1,1,MATCHED,8411,CLASS,General public administration activities,O,Public administration and defence; compulsory social security,84,Public administration and defence; compulsory social security,841,Administration of the State and the economic and social policy of the community,3de77d05ace5,8411
Italy_100,1,1,MATCHED,8411,CLASS,General public administration activities,O,Public administration and defence; compulsory social security,84,Public administration and defence; compulsory social security,841,Administration of the State and the economic and social policy of the community,3de77d05ace5,8411
Italy_101,1,1,MATCHED,68,DIVISION,Real estate activities,L,Real estate activities,68,Real estate activities,,,3de77d05ace5,68
Italy_102,1,1,MATCHED,5510,CLASS,Short term accommodation activities,I,Accommodation and food service activities,55,Accommodation,551,Short term accommodation activities,3de77d05ace5,5510
Italy_106,1,1,MATCHED,6201,CLASS,Computer programming activities,J,Information and communication,62,"Computer programming, consultancy and related activities",620,"Computer programming, consultancy and related activities",3de77d05ace5,6201
Italy_105,1,1,MATCHED,90,DIVISION,"Creative, arts and entertainment activities",R,"Arts, entertainment and recreation",90,"Creative, arts and entertainment activities",,,3de77d05ace5,90
Italy_103,1,1,MATCHED,6419,CLASS,Other monetary intermediation,K,Financial and insurance activities,64,"Financial service activities, except insurance and pension funding",641,Monetary intermediation,3de77d05ace5,6419
Italy_104,1,1,MATCHED,36,DIVISION,"Water collection, treatment and supply",E,"Water supply; sewerage, waste management and remediation activities",36,"Water collection, treatment and supply",,,3de77d05ace5,36
Italy_108,1,1,MATCHED,4772,CLASS,"Retail sale of pharmaceutical and medical goods, cosmetic and toilet articles in specialized stores",G,Wholesale and retail trade; repair of motor vehicles and motorcycles,47,"Retail trade, except of motor vehicles and motorcycles",477,Retail sale of other goods in specialized stores,3de77d05ace5,4772
Italy_107,1,1,MATCHED,86,DIVISION,Human health activities,Q,Human health and social work activities,86,Human health activities,,,3de77d05ace5,86
Italy_109,1,1,MATCHED,61,DIVISION,Telecommunications,J,Information and communication,61,Telecommunications,,,3de77d05ace5,61
Italy_110,,0,UNRECOGNIZED,STRING,UNKNOWN,,,,,,,,3de77d05ace5,STRING
Italy_111,1,1,MATCHED,88,DIVISION,Social work activities without accommodation,Q,Human health and social work activities,88,Social work activities without accommodation,,,3de77d05ace5,88
Italy_113,1,1,MATCHED,85,DIVISION,Education,P,Education,85,Education,,,3de77d05ace5,85
Italy_112,1,1,MATCHED,86,DIVISION,Human health activities,Q,Human health and social work activities,86,Human health activities,,,3de77d05ace5,86
Italy_114,1,1,MATCHED,6391,CLASS,News agency activities,J,Information and communication,63,Information service activities,639,Other information service activities,3de77d05ace5,6391
Italy_116,1,1,MATCHED,8411,CLASS,General public administration activities,O,Public administration and defence; compulsory social security,84,Public administration and defence; compulsory social security,841,Administration of the State and the economic and social policy of the community,3de77d05ace5,8411
Italy_115,,0,UNRECOGNIZED,STRING,UNKNOWN,,,,,,,,3de77d05ace5,STRING
Italy_119,1,1,MATCHED,N,SECTION,Administrative and support service activities,N,Administrative and support service activities,,,,,3de77d05ace5,N
Italy_117,1,1,MATCHED,9311,CLASS,Operation of sports facilities,R,"Arts, entertainment and recreation",93,Sports activities and amusement and recreation activities,931,Sports activities,3de77d05ace5,9311
Italy_118,1,1,MATCHED,351,GROUP,"Electric power generation, transmission and distribution",D,"Electricity, gas, steam and air conditioning supply",35,"Electricity, gas, steam and air conditioning supply",351,"Electric power generation, transmission and distribution",3de77d05ace5,351
Italy_120,1,1,MATCHED,4711,CLASS,"Retail sale in non-specialized stores with food, beverages or tobacco predominating",G,Wholesale and retail trade; repair of motor vehicles and motorcycles,47,"Retail trade, except of motor vehicles and motorcycles",471,Retail sale in non-specialized stores,3de77d05ace5,4711
Italy_122,1,1,MATCHED,5229,CLASS,Other transportation support activities,H,Transportation and storage,52,Warehousing and support activities for transportation,522,Support activities for transportation,3de77d05ace5,5229
Italy_121,1,1,MATCHED,86,DIVISION,Human health activities,Q,Human health and social work activities,86,Human health activities,,,3de77d05ace5,86
Italy_124,,0,UNRECOGNIZED,STRING,UNKNOWN,,,,,,,,3de77d05ace5,STRING
Italy_125,1,1,MATCHED,6312,CLASS,Web portals,J,Information and communication,63,Information service activities,631,"Data processing, hosting and related activities; web portals",3de77d05ace5,6312
Italy_123,1,1,MATCHED,86,DIVISION,Human health activities,Q,Human health and social work activities,86,Human health activities,,,3de77d05ace5,86
Italy_126,1,1,MATCHED,86,DIVISION,Human health activities,Q,Human health and social work activities,86,Human health activities,,,3de77d05ace5,86
Italy_127,1,1,MATCHED,8411,CLASS,General public administration activities,O,Public administration and defence; compulsory social security,84,Public administration and defence; compulsory social security,841,Administration of the State and the economic and social policy of the community,3de77d05ace5,8411
Italy_131,1,1,MATCHED,J,SECTION,Information and communication,J,Information and communication,,,,,3de77d05ace5,J
Italy_130,1,1,MATCHED,5813,CLASS,"Publishing of newspapers, journals and periodicals",J,Information and communication,58,Publishing activities,581,"Publishing of books, periodicals and other publishing activities",3de77d05ace5,5813
Italy_128,1,1,MATCHED,35,DIVISION,"Electricity, gas, steam and air conditioning supply",D,"Electricity, gas, steam and air conditioning supply",35,"Electricity, gas, steam and air conditioning supply",,,3de77d05ace5,35
Italy_132,1,1,MATCHED,5813,CLASS,"Publishing of newspapers, journals and periodicals",J,Information and communication,58,Publishing activities,581,"Publishing of books, periodicals and other publishing activities",3de77d05ace5,5813
Italy_129,1,1,MATCHED,620,GROUP,"Computer programming, consultancy and related activities",J,Information and communication,62,"Computer programming, consultancy and related activities",620,"Computer programming, consultancy and related activities",3de77d05ace5,620
Italy_133,,0,UNRECOGNIZED,STRING,UNKNOWN,,,,,,,,3de77d05ace5,STRING
Italy_135,1,1,MATCHED,3100,CLASS,Manufacture of furniture,C,Manufacturing,31,Manufacture of furniture,310,Manufacture of furniture,3de77d05ace5,3100
Italy_139,,0,UNRECOGNIZED,NOT_DISCUSSED,UNKNOWN,,,,,,,,3de77d05ace5,NOT_DISCUSSED
Italy_138,,0,UNRECOGNIZED,STRING,UNKNOWN,,,,,,,,3de77d05ace5,STRING
Italy_134,1,1,MATCHED,6622,CLASS,Activities of insurance agents and brokers,K,Financial and insurance activities,66,Activities auxiliary to financial service and insurance activities,662,Activities auxiliary to insurance and pension funding,3de77d05ace5,6622
Italy_136,1,1,MATCHED,631,GROUP,"Data processing, hosting and related activities; web portals",J,Information and communication,63,Information service activities,631,"Data processing, hosting and related activities; web portals",3de77d05ace5,631
Italy_140,,0,UNRECOGNIZED,STRING,UNKNOWN,,,,,,,,3de77d05ace5,STRING
Italy_141,1,1,MATCHED,63,DIVISION,Information service activities,J,Information and communication,63,Information service activities,,,3de77d05ace5,63
Italy_137,1,1,MATCHED,86,DIVISION,Human health activities,Q,Human health and social work activities,86,Human health activities,,,3de77d05ace5,86
Italy_143,1,1,MATCHED,94,DIVISION,Activities of membership organizations,S,Other service activities,94,Activities of membership organizations,,,3de77d05ace5,94
Italy_144,1,1,MATCHED,8411,CLASS,General public administration activities,O,Public administration and defence; compulsory social security,84,Public administration and defence; compulsory social security,841,Administration of the State and the economic and social policy of the community,3de77d05ace5,8411
Italy_142,1,1,MATCHED,J,SECTION,Information and communication,J,Information and communication,,,,,3de77d05ace5,J
Italy_146,,0,UNRECOGNIZED,STRING,UNKNOWN,,,,,,,,3de77d05ace5,STRING
Italy_148,1,1,MATCHED,4711,CLASS,"Retail sale in non-specialized stores with food, beverages or tobacco predominating",G,Wholesale and retail trade; repair of motor vehicles and motorcycles,47,"Retail trade, except of motor vehicles and motorcycles",471,Retail sale in non-specialized stores,3de77d05ace5,4711
Italy_147,,0,UNRECOGNIZED,STRING,UNKNOWN,,,,,,,,3de77d05ace5,STRING
Italy_145,1,1,MATCHED,6209,CLASS,Other information technology and computer service activities,J,Information and communication,62,"Computer programming, consultancy and related activities",620,"Computer programming, consultancy and related activities",3de77d05ace5,6209
Italy_150,1,1,MATCHED,731,GROUP,Advertising,M,"Professional, scientific and technical activities",73,Advertising and market research,731,Advertising,3de77d05ace5,731
Italy_149,1,1,MATCHED,J,SECTION,Information and communication,J,Information and communication,,,,,3de77d05ace5,J
Italy_151,1,1,MATCHED,6201,CLASS,Computer programming activities,J,Information and communication,62,"Computer programming, consultancy and related activities",620,"Computer programming, consultancy and related activities",3de77d05ace5,6201
Italy_152,1,1,MATCHED,86,DIVISION,Human health activities,Q,Human health and social work activities,86,Human health activities,,,3de77d05ace5,86
Italy_153,,0,UNRECOGNIZED,STRING,UNKNOWN,,,,,,,,3de77d05ace5,STRING
Italy_157,1,1,MATCHED,68,DIVISION,Real estate activities,L,Real estate activities,68,Real estate activities,,,3de77d05ace5,68
Italy_154,,0,UNRECOGNIZED,STRING,UNKNOWN,,,,,,,,3de77d05ace5,STRING
Italy_156,1,1,MATCHED,63,DIVISION,Information service activities,J,Information and communication,63,Information service activities,,,3de77d05ace5,63
Italy_155,1,1,MATCHED,4711,CLASS,"Retail sale in non-specialized stores with food, beverages or tobacco predominating",G,Wholesale and retail trade; repair of motor vehicles and motorcycles,47,"Retail trade, except of motor vehicles and motorcycles",471,Retail sale in non-specialized stores,3de77d05ace5,4711
Italy_158,1,1,MATCHED,6419,CLASS,Other monetary intermediation,K,Financial and insurance activities,64,"Financial service activities, except insurance and pension funding",641,Monetary intermediation,3de77d05ace5,6419
Italy_159,,0,UNRECOGNIZED,STRING,UNKNOWN,,,,,,,,3de77d05ace5,STRING
Italy_161,1,1,MATCHED,4799,CLASS,"Other retail sale not in stores, stalls or markets",G,Wholesale and retail trade; repair of motor vehicles and motorcycles,47,"Retail trade, except of motor vehicles and motorcycles",479,"Retail trade not in stores, stalls or markets",3de77d05ace5,4799
Italy_164,,0,UNRECOGNIZED,STRING,UNKNOWN,,,,,,,,3de77d05ace5,STRING
Italy_160,,0,UNRECOGNIZED,STRING,UNKNOWN,,,,,,,,3de77d05ace5,STRING
Italy_162,,0,UNRECOGNIZED,STRING,UNKNOWN,,,,,,,,3de77d05ace5,STRING
Italy_165,,0,UNRECOGNIZED,STRING,UNKNOWN,,,,,,,,3de77d05ace5,STRING
Italy_167,1,1,MATCHED,4771,CLASS,"Retail sale of clothing, footwear and leather articles in specialized stores",G,Wholesale and retail trade; repair of motor vehicles and motorcycles,47,"Retail trade, except of motor vehicles and motorcycles",477,Retail sale of other goods in specialized stores,3de77d05ace5,4771
Italy_163,1,1,MATCHED,8411,CLASS,General public administration activities,O,Public administration and defence; compulsory social security,84,Public administration and defence; compulsory social security,841,Administration of the State and the economic and social policy of the community,3de77d05ace5,8411
Italy_166,1,1,MATCHED,8130,CLASS,Landscape care and maintenance service activities,N,Administrative and support service activities,81,Services to buildings and landscape activities,813,Landscape care and maintenance service activities,3de77d05ace5,8130
Italy_168,1,1,MATCHED,5813,CLASS,"Publishing of newspapers, journals and periodicals",J,Information and communication,58,Publishing activities,581,"Publishing of books, periodicals and other publishing activities",3de77d05ace5,5813
Italy_170,1,1,MATCHED,5221,CLASS,Service activities incidental to land transportation,H,Transportation and storage,52,Warehousing and support activities for transportation,522,Support activities for transportation,3de77d05ace5,5221
Italy_171,1,1,MATCHED,4711,CLASS,"Retail sale in non-specialized stores with food, beverages or tobacco predominating",G,Wholesale and retail trade; repair of motor vehicles and motorcycles,47,"Retail trade, except of motor vehicles and motorcycles",471,Retail sale in non-specialized stores,3de77d05ace5,4711
Italy_176,,0,UNRECOGNIZED,STRING,UNKNOWN,,,,,,,,3de77d05ace5,STRING
Italy_172,1,1,MATCHED,86,DIVISION,Human health activities,Q,Human health and social work activities,86,Human health activities,,,3de77d05ace5,86
Italy_178,1,1,MATCHED,6110,CLASS,Wired telecommunications activities,J,Information and communication,61,Telecommunications,611,Wired telecommunications activities,3de77d05ace5,6110
Italy_177,1,1,MATCHED,8129,CLASS,Other building and industrial cleaning activities,N,Administrative and support service activities,81,Services to buildings and landscape activities,812,Cleaning activities,3de77d05ace5,8129
Italy_179,1,1,MATCHED,8610,CLASS,Hospital activities,Q,Human health and social work activities,86,Human health activities,861,Hospital activities,3de77d05ace5,8610
Italy_180,1,1,MATCHED,6311,CLASS,"Data processing, hosting and related activities",J,Information and communication,63,Information service activities,631,"Data processing, hosting and related activities; web portals",3de77d05ace5,6311
Italy_184,1,1,MATCHED,J,SECTION,Information and communication,J,Information and communication,,,,,3de77d05ace5,J
Italy_182,,0,UNRECOGNIZED,STRING,UNKNOWN,,,,,,,,3de77d05ace5,STRING
Italy_183,1,1,MATCHED,4791,CLASS,Retail sale via mail order houses or via Internet,G,Wholesale and retail trade; repair of motor vehicles and motorcycles,47,"Retail trade, except of motor vehicles and motorcycles",479,"Retail trade not in stores, stalls or markets",3de77d05ace5,4791
Italy_189,1,1,MATCHED,86,DIVISION,Human health activities,Q,Human health and social work activities,86,Human health activities,,,3de77d05ace5,86
Italy_186,1,1,MATCHED,6120,CLASS,Wireless telecommunications activities,J,Information and communication,61,Telecommunications,612,Wireless telecommunications activities,3de77d05ace5,6120
Italy_191,,0,UNRECOGNIZED,NOT_MENTIONED,UNKNOWN,,,,,,,,3de77d05ace5,NOT_MENTIONED
Italy_193,1,1,MATCHED,8690,CLASS,Other human health activities,Q,Human health and social work activities,86,Human health activities,869,Other human health activities,3de77d05ace5,8690
Italy_190,1,1,MATCHED,4799,CLASS,"Other retail sale not in stores, stalls or markets",G,Wholesale and retail trade; repair of motor vehicles and motorcycles,47,"Retail trade, except of motor vehicles and motorcycles",479,"Retail trade not in stores, stalls or markets",3de77d05ace5,4799
Italy_194,,0,UNRECOGNIZED,STRING,UNKNOWN,,,,,,,,3de77d05ace5,STRING
Italy_195,1,1,MATCHED,J,SECTION,Information and communication,J,Information and communication,,,,,3de77d05ace5,J
Italy_197,,0,UNRECOGNIZED,NOT_MENTIONED,UNKNOWN,,,,,,,,3de77d05ace5,NOT_MENTIONED
Italy_198,1,1,MATCHED,86,DIVISION,Human health activities,Q,Human health and social work activities,86,Human health activities,,,3de77d05ace5,86
Italy_196,1,1,MATCHED,49,DIVISION,Land transport and transport via pipelines,H,Transportation and storage,49,Land transport and transport via pipelines,,,3de77d05ace5,49
Italy_201,1,1,MATCHED,J,SECTION,Information and communication,J,Information and communication,,,,,3de77d05ace5,J
Italy_200,1,1,MATCHED,J,SECTION,Information and communication,J,Information and communication,,,,,3de77d05ace5,J
Italy_199,1,1,MATCHED,35,DIVISION,"Electricity, gas, steam and air conditioning supply",D,"Electricity, gas, steam and air conditioning supply",35,"Electricity, gas, steam and air conditioning supply",,,3de77d05ace5,35
Italy_203,1,1,MATCHED,5610,CLASS,Restaurants and mobile food service activities,I,Accommodation and food service activities,56,Food and beverage service activities,561,Restaurants and mobile food service activities,3de77d05ace5,5610
Italy_204,,0,UNRECOGNIZED,STRING,UNKNOWN,,,,,,,,3de77d05ace5,STRING
Italy_202,1,1,MATCHED,8220,CLASS,Activities of call centres,N,Administrative and support service activities,82,"Office administrative, office support and other business support activities",822,Activities of call centres,3de77d05ace5,8220
Italy_205,1,1,MATCHED,6201,CLASS,Computer programming activities,J,Information and communication,62,"Computer programming, consultancy and related activities",620,"Computer programming, consultancy and related activities",3de77d05ace5,6201
Italy_207,1,1,MATCHED,8411,CLASS,General public administration activities,O,Public administration and defence; compulsory social security,84,Public administration and defence; compulsory social security,841,Administration of the State and the economic and social policy of the community,3de77d05ace5,8411
Italy_210,1,1,MATCHED,86,DIVISION,Human health activities,Q,Human health and social work activities,86,Human health activities,,,3de77d05ace5,86
Italy_209,1,1,MATCHED,8620,CLASS,Medical and dental practice activities,Q,Human health and social work activities,86,Human health activities,862,Medical and dental practice activities,3de77d05ace5,8620
Italy_206,,0,UNRECOGNIZED,STRING,UNKNOWN,,,,,,,,3de77d05ace5,STRING
Italy_208,1,1,MATCHED,861,GROUP,Hospital activities,Q,Human health and social work activities,86,Human health activities,861,Hospital activities,3de77d05ace5,861
Italy_211,,0,UNRECOGNIZED,STRING,UNKNOWN,,,,,,,,3de77d05ace5,STRING
Italy_212,1,1,MATCHED,86,DIVISION,Human health activities,Q,Human health and social work activities,86,Human health activities,,,3de77d05ace5,86
Italy_213,1,1,MATCHED,35,DIVISION,"Electricity, gas, steam and air conditioning supply",D,"Electricity, gas, steam and air conditioning supply",35,"Electricity, gas, steam and air conditioning supply",,,3de77d05ace5,35
Italy_215,1,1,MATCHED,641,GROUP,Monetary intermediation,K,Financial and insurance activities,64,"Financial service activities, except insurance and pension funding",641,Monetary intermediation,3de77d05ace5,641
Italy_214,1,1,MATCHED,6201,CLASS,Computer programming activities,J,Information and communication,62,"Computer programming, consultancy and related activities",620,"Computer programming, consultancy and related activities",3de77d05ace5,6201
Italy_216,1,1,MATCHED,62,DIVISION,"Computer programming, consultancy and related activities",J,Information and communication,62,"Computer programming, consultancy and related activities",,,3de77d05ace5,62
Italy_217,1,1,MATCHED,2660,CLASS,"Manufacture of irradiation, electromedical and electrotherapeutic equipment",C,Manufacturing,26,"Manufacture of computer, electronic and optical products",266,"Manufacture of irradiation, electromedical and electrotherapeutic equipment",3de77d05ace5,2660
Italy_218,,0,UNRECOGNIZED,NOT_MENTIONED,UNKNOWN,,,,,,,,3de77d05ace5,NOT_MENTIONED
Italy_219,1,1,MATCHED,3312,CLASS,Repair of machinery,C,Manufacturing,33,Repair and installation of machinery and equipment,331,"Repair of fabricated metal products, machinery and equipment",3de77d05ace5,3312
Italy_220,1,1,MATCHED,6311,CLASS,"Data processing, hosting and related activities",J,Information and communication,63,Information service activities,631,"Data processing, hosting and related activities; web portals",3de77d05ace5,6311
Italy_224,1,1,MATCHED,4921,CLASS,Urban and suburban passenger land transport,H,Transportation and storage,49,Land transport and transport via pipelines,492,Other land transport,3de77d05ace5,4921
Italy_223,1,1,MATCHED,3811,CLASS,Collection of non-hazardous waste,E,"Water supply; sewerage, waste management and remediation activities",38,"Waste collection, treatment and disposal activities; materials recovery",381,Waste collection,3de77d05ace5,3811
Italy_225,,0,UNRECOGNIZED,STRING,UNKNOWN,,,,,,,,3de77d05ace5,STRING
Italy_226,1,1,MATCHED,5811,CLASS,Book publishing,J,Information and communication,58,Publishing activities,581,"Publishing of books, periodicals and other publishing activities",3de77d05ace5,5811
Italy_221,1,1,MATCHED,38,DIVISION,"Waste collection, treatment and disposal activities; materials recovery",E,"Water supply; sewerage, waste management and remediation activities",38,"Waste collection, treatment and disposal activities; materials recovery",,,3de77d05ace5,38
Italy_222,1,1,MATCHED,86,DIVISION,Human health activities,Q,Human health and social work activities,86,Human health activities,,,3de77d05ace5,86
Italy_227,,0,UNRECOGNIZED,STRING,UNKNOWN,,,,,,,,3de77d05ace5,STRING
Italy_228,1,1,MATCHED,Q,SECTION,Human health and social work activities,Q,Human health and social work activities,,,,,3de77d05ace5,Q
Italy_231,,0,UNRECOGNIZED,STRING,UNKNOWN,,,,,,,,3de77d05ace5,STRING
Italy_234,1,1,MATCHED,8411,CLASS,General public administration activities,O,Public administration and defence; compulsory social security,84,Public administration and defence; compulsory social security,841,Administration of the State and the economic and social policy of the community,3de77d05ace5,8411
Italy_230,1,1,MATCHED,6419,CLASS,Other monetary intermediation,K,Financial and insurance activities,64,"Financial service activities, except insurance and pension funding",641,Monetary intermediation,3de77d05ace5,6419
Italy_235,1,1,MATCHED,8411,CLASS,General public administration activities,O,Public administration and defence; compulsory social security,84,Public administration and defence; compulsory social security,841,Administration of the State and the economic and social policy of the community,3de77d05ace5,8411
Italy_233,1,1,MATCHED,6419,CLASS,Other monetary intermediation,K,Financial and insurance activities,64,"Financial service activities, except insurance and pension funding",641,Monetary intermediation,3de77d05ace5,6419
Italy_229,1,1,MATCHED,6201,CLASS,Computer programming activities,J,Information and communication,62,"Computer programming, consultancy and related activities",620,"Computer programming, consultancy and related activities",3de77d05ace5,6201
Italy_232,1,1,MATCHED,35,DIVISION,"Electricity, gas, steam and air conditioning supply",D,"Electricity, gas, steam and air conditioning supply",35,"Electricity, gas, steam and air conditioning supply",,,3de77d05ace5,35
Italy_236,1,1,MATCHED,8411,CLASS,General public administration activities,O,Public administration and defence; compulsory social security,84,Public administration and defence; compulsory social security,841,Administration of the State and the economic and social policy of the community,3de77d05ace5,8411
Italy_240,,0,UNRECOGNIZED,NOT_MENTIONED,UNKNOWN,,,,,,,,3de77d05ace5,NOT_MENTIONED
Italy_239,,0,UNRECOGNIZED,STRING,UNKNOWN,,,,,,,,3de77d05ace5,STRING
Italy_238,1,1,MATCHED,8411,CLASS,General public administration activities,O,Public administration and defence; compulsory social security,84,Public administration and defence; compulsory social security,841,Administration of the State and the economic and social policy of the community,3de77d05ace5,8411
Italy_242,1,1,MATCHED,86,DIVISION,Human health activities,Q,Human health and social work activities,86,Human health activities,,,3de77d05ace5,86
Italy_237,,0,UNRECOGNIZED,"STRING: D (Electricity, gas, steam and air conditioning supply)",UNKNOWN,,,,,,,,3de77d05ace5,"STRING: D (Electricity, gas, steam and air conditioning supply)"
Italy_241,,0,UNRECOGNIZED,STRING,UNKNOWN,,,,,,,,3de77d05ace5,STRING
Italy_243,1,1,MATCHED,86,DIVISION,Human health activities,Q,Human health and social work activities,86,Human health activities,,,3de77d05ace5,86
Italy_244,1,1,MATCHED,8411,CLASS,General public administration activities,O,Public administration and defence; compulsory social security,84,Public administration and defence; compulsory social security,841,Administration of the State and the economic and social policy of the community,3de77d05ace5,8411
Italy_247,1,1,MATCHED,86,DIVISION,Human health activities,Q,Human health and social work activities,86,Human health activities,,,3de77d05ace5,86
Italy_245,,0,UNRECOGNIZED,STRING,UNKNOWN,,,,,,,,3de77d05ace5,STRING
Italy_246,,0,UNRECOGNIZED,STRING,UNKNOWN,,,,,,,,3de77d05ace5,STRING
Italy_250,,0,UNRECOGNIZED,O (Public administration and defence; compulsory social security),UNKNOWN,,,,,,,,3de77d05ace5,O (Public administration and defence; compulsory social security)
Italy_251,1,1,MATCHED,86,DIVISION,Human health activities,Q,Human health and social work activities,86,Human health activities,,,3de77d05ace5,86
Italy_249,1,1,MATCHED,84,DIVISION,Public administration and defence; compulsory social security,O,Public administration and defence; compulsory social security,84,Public administration and defence; compulsory social security,,,3de77d05ace5,84
Italy_248,1,1,MATCHED,Q,SECTION,Human health and social work activities,Q,Human health and social work activities,,,,,3de77d05ace5,Q
Italy_252,1,1,MATCHED,8411,CLASS,General public administration activities,O,Public administration and defence; compulsory social security,84,Public administration and defence; compulsory social security,841,Administration of the State and the economic and social policy of the community,3de77d05ace5,8411
Italy_258,1,1,MATCHED,O,SECTION,Public administration and defence; compulsory social security,O,Public administration and defence; compulsory social security,,,,,3de77d05ace5,O
Italy_257,,0,UNRECOGNIZED,STRING,UNKNOWN,,,,,,,,3de77d05ace5,STRING
Italy_255,1,1,MATCHED,6110,CLASS,Wired telecommunications activities,J,Information and communication,61,Telecommunications,611,Wired telecommunications activities,3de77d05ace5,6110
Italy_254,,0,UNRECOGNIZED,STRING,UNKNOWN,,,,,,,,3de77d05ace5,STRING
Italy_253,1,1,MATCHED,8411,CLASS,General public administration activities,O,Public administration and defence; compulsory social security,84,Public administration and defence; compulsory social security,841,Administration of the State and the economic and social policy of the community,3de77d05ace5,8411
Italy_256,,0,UNRECOGNIZED,STRING,UNKNOWN,,,,,,,,3de77d05ace5,STRING
Italy_259,,0,UNRECOGNIZED,STRING,UNKNOWN,,,,,,,,3de77d05ace5,STRING
Italy_263,,0,UNRECOGNIZED,NOT_DISCUSSED,UNKNOWN,,,,,,,,3de77d05ace5,NOT_DISCUSSED
Italy_262,1,1,MATCHED,6202,CLASS,Computer consultancy and computer facilities management activities,J,Information and communication,62,"Computer programming, consultancy and related activities",620,"Computer programming, consultancy and related activities",3de77d05ace5,6202
Italy_261,1,1,MATCHED,3510,CLASS,"Electric power generation, transmission and distribution",D,"Electricity, gas, steam and air conditioning supply",35,"Electricity, gas, steam and air conditioning supply",351,"Electric power generation, transmission and distribution",3de77d05ace5,3510
Italy_266,1,1,MATCHED,86,DIVISION,Human health activities,Q,Human health and social work activities,86,Human health activities,,,3de77d05ace5,86
Italy_265,,0,UNRECOGNIZED,STRING,UNKNOWN,,,,,,,,3de77d05ace5,STRING
Italy_264,1,1,MATCHED,86,DIVISION,Human health activities,Q,Human health and social work activities,86,Human health activities,,,3de77d05ace5,86
Italy_268,1,1,MATCHED,8411,CLASS,General public administration activities,O,Public administration and defence; compulsory social security,84,Public administration and defence; compulsory social security,841,Administration of the State and the economic and social policy of the community,3de77d05ace5,8411
Italy_271,1,1,MATCHED,5610,CLASS,Restaurants and mobile food service activities,I,Accommodation and food service activities,56,Food and beverage service activities,561,Restaurants and mobile food service activities,3de77d05ace5,5610
Italy_269,,0,UNRECOGNIZED,STRING,UNKNOWN,,,,,,,,3de77d05ace5,STRING
Italy_267,1,1,MATCHED,6311,CLASS,"Data processing, hosting and related activities",J,Information and communication,63,Information service activities,631,"Data processing, hosting and related activities; web portals",3de77d05ace5,6311
Italy_270,1,1,MATCHED,O,SECTION,Public administration and defence; compulsory social security,O,Public administration and defence; compulsory social security,,,,,3de77d05ace5,O
Italy_274,,0,UNRECOGNIZED,STRING,UNKNOWN,,,,,,,,3de77d05ace5,STRING
Italy_273,1,1,MATCHED,7710,CLASS,Renting and leasing of motor vehicles,N,Administrative and support service activities,77,Rental and leasing activities,771,Renting and leasing of motor vehicles,3de77d05ace5,7710
Italy_272,,0,UNRECOGNIZED,STRING,UNKNOWN,,,,,,,,3de77d05ace5,STRING
Italy_276,1,1,MATCHED,6419,CLASS,Other monetary intermediation,K,Financial and insurance activities,64,"Financial service activities, except insurance and pension funding",641,Monetary intermediation,3de77d05ace5,6419
Italy_277,1,1,MATCHED,5813,CLASS,"Publishing of newspapers, journals and periodicals",J,Information and communication,58,Publishing activities,581,"Publishing of books, periodicals and other publishing activities",3de77d05ace5,5813
Italy_281,,0,UNRECOGNIZED,NOT_MENTIONED,UNKNOWN,,,,,,,,3de77d05ace5,NOT_MENTIONED
Italy_283,1,1,MATCHED,86,DIVISION,Human health activities,Q,Human health and social work activities,86,Human health activities,,,3de77d05ace5,86
Italy_278,,0,UNRECOGNIZED,STRING,UNKNOWN,,,,,,,,3de77d05ace5,STRING
Italy_282,1,1,MATCHED,5813,CLASS,"Publishing of newspapers, journals and periodicals",J,Information and communication,58,Publishing activities,581,"Publishing of books, periodicals and other publishing activities",3de77d05ace5,5813
Italy_279,,0,UNRECOGNIZED,STRING,UNKNOWN,,,,,,,,3de77d05ace5,STRING
Italy_285,1,1,MATCHED,6499,CLASS,"Other financial service activities, except insurance and pension funding activities, n.e.c.",K,Financial and insurance activities,64,"Financial service activities, except insurance and pension funding",649,"Other financial service activities, except insurance and pension funding activities",3de77d05ace5,6499
Italy_280,1,1,MATCHED,49,DIVISION,Land transport and transport via pipelines,H,Transportation and storage,49,Land transport and transport via pipelines,,,3de77d05ace5,49
Italy_286,1,1,MATCHED,Q,SECTION,Human health and social work activities,Q,Human health and social work activities,,,,,3de77d05ace5,Q
Italy_284,1,1,MATCHED,68,DIVISION,Real estate activities,L,Real estate activities,68,Real estate activities,,,3de77d05ace5,68
Italy_288,1,1,MATCHED,8610,CLASS,Hospital activities,Q,Human health and social work activities,86,Human health activities,861,Hospital activities,3de77d05ace5,8610
Italy_289,1,1,MATCHED,35,DIVISION,"Electricity, gas, steam and air conditioning supply",D,"Electricity, gas, steam and air conditioning supply",35,"Electricity, gas, steam and air conditioning supply",,,3de77d05ace5,35
Italy_291,,0,UNRECOGNIZED,STRING,UNKNOWN,,,,,,,,3de77d05ace5,STRING
Italy_287,1,1,MATCHED,6201,CLASS,Computer programming activities,J,Information and communication,62,"Computer programming, consultancy and related activities",620,"Computer programming, consultancy and related activities",3de77d05ace5,6201
Italy_290,1,1,MATCHED,4791,CLASS,Retail sale via mail order houses or via Internet,G,Wholesale and retail trade; repair of motor vehicles and motorcycles,47,"Retail trade, except of motor vehicles and motorcycles",479,"Retail trade not in stores, stalls or markets",3de77d05ace5,4791
Italy_293,1,1,MATCHED,6201,CLASS,Computer programming activities,J,Information and communication,62,"Computer programming, consultancy and related activities",620,"Computer programming, consultancy and related activities",3de77d05ace5,6201
Italy_294,1,1,MATCHED,86,DIVISION,Human health activities,Q,Human health and social work activities,86,Human health activities,,,3de77d05ace5,86
Italy_292,,0,UNRECOGNIZED,STRING,UNKNOWN,,,,,,,,3de77d05ace5,STRING
Italy_297,1,1,MATCHED,8411,CLASS,General public administration activities,O,Public administration and defence; compulsory social security,84,Public administration and defence; compulsory social security,841,Administration of the State and the economic and social policy of the community,3de77d05ace5,8411
Italy_298,1,1,MATCHED,O,SECTION,Public administration and defence; compulsory social security,O,Public administration and defence; compulsory social security,,,,,3de77d05ace5,O
Italy_299,1,1,MATCHED,86,DIVISION,Human health activities,Q,Human health and social work activities,86,Human health activities,,,3de77d05ace5,86
Italy_295,,0,UNRECOGNIZED,STRING,UNKNOWN,,,,,,,,3de77d05ace5,STRING
Italy_300,,0,UNRECOGNIZED,STRING,UNKNOWN,,,,,,,,3de77d05ace5,STRING
Italy_296,1,1,MATCHED,35,DIVISION,"Electricity, gas, steam and air conditioning supply",D,"Electricity, gas, steam and air conditioning supply",35,"Electricity, gas, steam and air conditioning supply",,,3de77d05ace5,35
Italy_301,1,1,MATCHED,6110,CLASS,Wired telecommunications activities,J,Information and communication,61,Telecommunications,611,Wired telecommunications activities,3de77d05ace5,6110
Italy_302,1,1,MATCHED,O,SECTION,Public administration and defence; compulsory social security,O,Public administration and defence; compulsory social security,,,,,3de77d05ace5,O
Italy_304,,0,UNRECOGNIZED,STRING,UNKNOWN,,,,,,,,3de77d05ace5,STRING
Italy_303,,0,UNRECOGNIZED,STRING,UNKNOWN,,,,,,,,3de77d05ace5,STRING
Italy_307,1,1,MATCHED,49,DIVISION,Land transport and transport via pipelines,H,Transportation and storage,49,Land transport and transport via pipelines,,,3de77d05ace5,49
Italy_310,,0,UNRECOGNIZED,STRING,UNKNOWN,,,,,,,,3de77d05ace5,STRING
Italy_306,1,1,MATCHED,62,DIVISION,"Computer programming, consultancy and related activities",J,Information and communication,62,"Computer programming, consultancy and related activities",,,3de77d05ace5,62
Italy_309,1,1,MATCHED,8411,CLASS,General public administration activities,O,Public administration and defence; compulsory social security,84,Public administration and defence; compulsory social security,841,Administration of the State and the economic and social policy of the community,3de77d05ace5,8411
Italy_308,1,1,MATCHED,86,DIVISION,Human health activities,Q,Human health and social work activities,86,Human health activities,,,3de77d05ace5,86
Italy_305,1,1,MATCHED,6399,CLASS,Other information service activities n.e.c.,J,Information and communication,63,Information service activities,639,Other information service activities,3de77d05ace5,6399
Italy_312,1,1,MATCHED,5813,CLASS,"Publishing of newspapers, journals and periodicals",J,Information and communication,58,Publishing activities,581,"Publishing of books, periodicals and other publishing activities",3de77d05ace5,5813
Italy_314,,0,UNRECOGNIZED,STRING,UNKNOWN,,,,,,,,3de77d05ace5,STRING
Italy_316,1,1,MATCHED,620,GROUP,"Computer programming, consultancy and related activities",J,Information and communication,62,"Computer programming, consultancy and related activities",620,"Computer programming, consultancy and related activities",3de77d05ace5,620
Italy_315,1,1,MATCHED,6512,CLASS,Non-life insurance,K,Financial and insurance activities,65,"Insurance, reinsurance and pension funding, except compulsory social security",651,Insurance,3de77d05ace5,6512
Ireland_2,,0,UNRECOGNIZED,STRING,UNKNOWN,,,,,,,,3de77d05ace5,STRING
Ireland_5,,0,UNRECOGNIZED,NOT_DISCUSSED,UNKNOWN,,,,,,,,3de77d05ace5,NOT_DISCUSSED
Ireland_1,1,1,MATCHED,51,DIVISION,Air transport,H,Transportation and storage,51,Air transport,,,3de77d05ace5,51
Ireland_4,,0,UNRECOGNIZED,STRING,UNKNOWN,,,,,,,,3de77d05ace5,STRING
Ireland_6,,0,UNRECOGNIZED,STRING,UNKNOWN,,,,,,,,3de77d05ace5,STRING
Ireland_7,1,1,MATCHED,8411,CLASS,General public administration activities,O,Public administration and defence; compulsory social security,84,Public administration and defence; compulsory social security,841,Administration of the State and the economic and social policy of the community,3de77d05ace5,8411
Ireland_13,,0,UNRECOGNIZED,STRING,UNKNOWN,,,,,,,,3de77d05ace5,STRING
Ireland_11,,0,UNRECOGNIZED,STRING,UNKNOWN,,,,,,,,3de77d05ace5,STRING
Ireland_10,,0,UNRECOGNIZED,STRING,UNKNOWN,,,,,,,,3de77d05ace5,STRING
Ireland_12,,0,UNRECOGNIZED,STRING,UNKNOWN,,,,,,,,3de77d05ace5,STRING
Ireland_16,1,1,MATCHED,O,SECTION,Public administration and defence; compulsory social security,O,Public administration and defence; compulsory social security,,,,,3de77d05ace5,O
Ireland_18,,0,UNRECOGNIZED,NOT_DISCUSSED,UNKNOWN,,,,,,,,3de77d05ace5,NOT_DISCUSSED
Ireland_14,1,1,MATCHED,84,DIVISION,Public administration and defence; compulsory social security,O,Public administration and defence; compulsory social security,84,Public administration and defence; compulsory social security,,,3de77d05ace5,84
Ireland_15,,0,UNRECOGNIZED,STRING,UNKNOWN,,,,,,,,3de77d05ace5,STRING
Ireland_17,,0,UNRECOGNIZED,STRING,UNKNOWN,,,,,,,,3de77d05ace5,STRING
Ireland_19,1,1,MATCHED,47,DIVISION,"Retail trade, except of motor vehicles and motorcycles",G,Wholesale and retail trade; repair of motor vehicles and motorcycles,47,"Retail trade, except of motor vehicles and motorcycles",,,3de77d05ace5,47
Ireland_20,,0,UNRECOGNIZED,NOT_MENTIONED,UNKNOWN,,,,,,,,3de77d05ace5,NOT_MENTIONED
Ireland_22,,0,UNRECOGNIZED,NOT_MENTIONED,UNKNOWN,,,,,,,,3de77d05ace5,NOT_MENTIONED
Ireland_24,,0,UNRECOGNIZED,STRING,UNKNOWN,,,,,,,,3de77d05ace5,STRING
Ireland_23,,0,UNRECOGNIZED,STRING,UNKNOWN,,,,,,,,3de77d05ace5,STRING
Ireland_26,,0,UNRECOGNIZED,NOT_DISCUSSED,UNKNOWN,,,,,,,,3de77d05ace5,NOT_DISCUSSED
Ireland_21,,0,UNRECOGNIZED,STRING,UNKNOWN,,,,,,,,3de77d05ace5,STRING
Ireland_25,,0,UNRECOGNIZED,STRING,UNKNOWN,,,,,,,,3de77d05ace5,STRING
Ireland_28,,0,UNRECOGNIZED,NOT_MENTIONED,UNKNOWN,,,,,,,,3de77d05ace5,NOT_MENTIONED
Ireland_27,,0,UNRECOGNIZED,STRING,UNKNOWN,,,,,,,,3de77d05ace5,STRING
Ireland_29,,0,UNRECOGNIZED,STRING,UNKNOWN,,,,,,,,3de77d05ace5,STRING
Ireland_31,,0,UNRECOGNIZED,STRING,UNKNOWN,,,,,,,,3de77d05ace5,STRING
Ireland_33,,0,UNRECOGNIZED,NOT_DISCUSSED,UNKNOWN,,,,,,,,3de77d05ace5,NOT_DISCUSSED
Ireland_36,,0,UNRECOGNIZED,NOT_DISCUSSED,UNKNOWN,,,,,,,,3de77d05ace5,NOT_DISCUSSED
Ireland_34,,0,UNRECOGNIZED,STRING,UNKNOWN,,,,,,,,3de77d05ace5,STRING
Ireland_32,1,1,MATCHED,5813,CLASS,"Publishing of newspapers, journals and periodicals",J,Information and communication,58,Publishing activities,581,"Publishing of books, periodicals and other publishing activities",3de77d05ace5,5813
Ireland_35,,0,UNRECOGNIZED,STRING,UNKNOWN,,,,,,,,3de77d05ace5,STRING
Ireland_37,,0,UNRECOGNIZED,STRING,UNKNOWN,,,,,,,,3de77d05ace5,STRING
Ireland_38,1,1,MATCHED,6311,CLASS,"Data processing, hosting and related activities",J,Information and communication,63,Information service activities,631,"Data processing, hosting and related activities; web portals",3de77d05ace5,6311
Ireland_41,,0,UNRECOGNIZED,NOT_MENTIONED,UNKNOWN,,,,,,,,3de77d05ace5,NOT_MENTIONED
Ireland_39,,0,UNRECOGNIZED,STRING,UNKNOWN,,,,,,,,3de77d05ace5,STRING
Ireland_43,,0,UNRECOGNIZED,NOT_DISCUSSED,UNKNOWN,,,,,,,,3de77d05ace5,NOT_DISCUSSED
Ireland_40,,0,UNRECOGNIZED,NOT_MENTIONED,UNKNOWN,,,,,,,,3de77d05ace5,NOT_MENTIONED
Ireland_44,1,1,MATCHED,6201,CLASS,Computer programming activities,J,Information and communication,62,"Computer programming, consultancy and related activities",620,"Computer programming, consultancy and related activities",3de77d05ace5,6201
Ireland_42,1,1,MATCHED,63,DIVISION,Information service activities,J,Information and communication,63,Information service activities,,,3de77d05ace5,63
Ireland_46,,0,UNRECOGNIZED,"What is the defendant's primary economic sector, identified by its ISIC Rev. 4 code?: 6190 - Other telecommunications activities",UNKNOWN,,,,,,,,3de77d05ace5,"What is the defendant's primary economic sector, identified by its ISIC Rev. 4 code?: 6190 - Other telecommunications activities"
Iceland_1,,0,UNRECOGNIZED,NOT_MENTIONED,UNKNOWN,,,,,,,,3de77d05ace5,NOT_MENTIONED
Iceland_2,1,1,MATCHED,8422,CLASS,Defence activities,O,Public administration and defence; compulsory social security,84,Public administration and defence; compulsory social security,842,Provision of services to the community as a whole,3de77d05ace5,8422
Iceland_3,1,1,MATCHED,8510,CLASS,Pre-primary and primary education,P,Education,85,Education,851,Pre-primary and primary education,3de77d05ace5,8510
Iceland_5,1,1,MATCHED,86,DIVISION,Human health activities,Q,Human health and social work activities,86,Human health activities,,,3de77d05ace5,86
Iceland_4,1,1,MATCHED,6419,CLASS,Other monetary intermediation,K,Financial and insurance activities,64,"Financial service activities, except insurance and pension funding",641,Monetary intermediation,3de77d05ace5,6419
Iceland_7,,0,UNRECOGNIZED,NOT_MENTIONED,UNKNOWN,,,,,,,,3de77d05ace5,NOT_MENTIONED
Iceland_6,1,1,MATCHED,6419,CLASS,Other monetary intermediation,K,Financial and insurance activities,64,"Financial service activities, except insurance and pension funding",641,Monetary intermediation,3de77d05ace5,6419
Iceland_9,,0,UNRECOGNIZED,STRING,UNKNOWN,,,,,,,,3de77d05ace5,STRING
Iceland_8,,0,UNRECOGNIZED,STRING,UNKNOWN,,,,,,,,3de77d05ace5,STRING
Iceland_10,1,1,MATCHED,8411,CLASS,General public administration activities,O,Public administration and defence; compulsory social security,84,Public administration and defence; compulsory social security,841,Administration of the State and the economic and social policy of the community,3de77d05ace5,8411
Iceland_13,1,1,MATCHED,61,DIVISION,Telecommunications,J,Information and communication,61,Telecommunications,,,3de77d05ace5,61
Iceland_12,1,1,MATCHED,6499,CLASS,"Other financial service activities, except insurance and pension funding activities, n.e.c.",K,Financial and insurance activities,64,"Financial service activities, except insurance and pension funding",649,"Other financial service activities, except insurance and pension funding activities",3de77d05ace5,6499
Iceland_14,1,1,MATCHED,8411,CLASS,General public administration activities,O,Public administration and defence; compulsory social security,84,Public administration and defence; compulsory social security,841,Administration of the State and the economic and social policy of the community,3de77d05ace5,8411
Iceland_16,1,1,MATCHED,6910,CLASS,Legal activities,M,"Professional, scientific and technical activities",69,Legal and accounting activities,691,Legal activities,3de77d05ace5,6910
Iceland_11,,0,UNRECOGNIZED,STRING,UNKNOWN,,,,,,,,3de77d05ace5,STRING
Iceland_15,,0,UNRECOGNIZED,STRING,UNKNOWN,,,,,,,,3de77d05ace5,STRING
Iceland_21,1,1,MATCHED,8423,CLASS,Public order and safety activities,O,Public administration and defence; compulsory social security,84,Public administration and defence; compulsory social security,842,Provision of services to the community as a whole,3de77d05ace5,8423
Iceland_20,1,1,MATCHED,6499,CLASS,"Other financial service activities, except insurance and pension funding activities, n.e.c.",K,Financial and insurance activities,64,"Financial service activities, except insurance and pension funding",649,"Other financial service activities, except insurance and pension funding activities",3de77d05ace5,6499
Iceland_19,,0,UNRECOGNIZED,STRING,UNKNOWN,,,,,,,,3de77d05ace5,STRING
Iceland_23,1,1,MATCHED,8411,CLASS,General public administration activities,O,Public administration and defence; compulsory social security,84,Public administration and defence; compulsory social security,841,Administration of the State and the economic and social policy of the community,3de77d05ace5,8411
Iceland_26,1,1,MATCHED,6499,CLASS,"Other financial service activities, except insurance and pension funding activities, n.e.c.",K,Financial and insurance activities,64,"Financial service activities, except insurance and pension funding",649,"Other financial service activities, except insurance and pension funding activities",3de77d05ace5,6499
Iceland_24,,0,UNRECOGNIZED,STRING,UNKNOWN,,,,,,,,3de77d05ace5,STRING
Iceland_29,1,1,MATCHED,O,SECTION,Public administration and defence; compulsory social security,O,Public administration and defence; compulsory social security,,,,,3de77d05ace5,O
Iceland_28,,0,UNRECOGNIZED,STRING,UNKNOWN,,,,,,,,3de77d05ace5,STRING
Iceland_25,,0,UNRECOGNIZED,STRING,UNKNOWN,,,,,,,,3de77d05ace5,STRING
Iceland_31,1,1,MATCHED,3510,CLASS,"Electric power generation, transmission and distribution",D,"Electricity, gas, steam and air conditioning supply",35,"Electricity, gas, steam and air conditioning supply",351,"Electric power generation, transmission and distribution",3de77d05ace5,3510
Iceland_32,,0,UNRECOGNIZED,STRING,UNKNOWN,,,,,,,,3de77d05ace5,STRING
Iceland_30,,0,UNRECOGNIZED,STRING,UNKNOWN,,,,,,,,3de77d05ace5,STRING
Iceland_34,1,1,MATCHED,86,DIVISION,Human health activities,Q,Human health and social work activities,86,Human health activities,,,3de77d05ace5,86
Iceland_33,1,1,MATCHED,84,DIVISION,Public administration and defence; compulsory social security,O,Public administration and defence; compulsory social security,84,Public administration and defence; compulsory social security,,,3de77d05ace5,84
Iceland_36,1,1,MATCHED,84,DIVISION,Public administration and defence; compulsory social security,O,Public administration and defence; compulsory social security,84,Public administration and defence; compulsory social security,,,3de77d05ace5,84
Iceland_35,,0,UNRECOGNIZED,STRING,UNKNOWN,,,,,,,,3de77d05ace5,STRING
Iceland_37,,0,UNRECOGNIZED,NOT_MENTIONED,UNKNOWN,,,,,,,,3de77d05ace5,NOT_MENTIONED
Iceland_38,,0,UNRECOGNIZED,STRING,UNKNOWN,,,,,,,,3de77d05ace5,STRING
Iceland_44,,0,UNRECOGNIZED,NOT_MENTIONED,UNKNOWN,,,,,,,,3de77d05ace5,NOT_MENTIONED
Iceland_39,,0,UNRECOGNIZED,STRING UNKNOWN,UNKNOWN,,,,,,,,3de77d05ace5,STRING UNKNOWN
Iceland_43,1,1,MATCHED,8411,CLASS,General public administration activities,O,Public administration and defence; compulsory social security,84,Public administration and defence; compulsory social security,841,Administration of the State and the economic and social policy of the community,3de77d05ace5,8411
Iceland_40,1,1,MATCHED,5510,CLASS,Short term accommodation activities,I,Accommodation and food service activities,55,Accommodation,551,Short term accommodation activities,3de77d05ace5,5510
Iceland_41,1,1,MATCHED,86,DIVISION,Human health activities,Q,Human health and social work activities,86,Human health activities,,,3de77d05ace5,86
Iceland_42,1,1,MATCHED,6201,CLASS,Computer programming activities,J,Information and communication,62,"Computer programming, consultancy and related activities",620,"Computer programming, consultancy and related activities",3de77d05ace5,6201
Iceland_46,1,1,MATCHED,O,SECTION,Public administration and defence; compulsory social security,O,Public administration and defence; compulsory social security,,,,,3de77d05ace5,O
Iceland_45,1,1,MATCHED,9329,CLASS,Other amusement and recreation activities n.e.c.,R,"Arts, entertainment and recreation",93,Sports activities and amusement and recreation activities,932,Other amusement and recreation activities,3de77d05ace5,9329
Iceland_48,1,1,MATCHED,O,SECTION,Public administration and defence; compulsory social security,O,Public administration and defence; compulsory social security,,,,,3de77d05ace5,O
Iceland_50,1,1,MATCHED,86,DIVISION,Human health activities,Q,Human health and social work activities,86,Human health activities,,,3de77d05ace5,86
Iceland_47,,0,UNRECOGNIZED,STRING,UNKNOWN,,,,,,,,3de77d05ace5,STRING
Iceland_51,1,1,MATCHED,8411,CLASS,General public administration activities,O,Public administration and defence; compulsory social security,84,Public administration and defence; compulsory social security,841,Administration of the State and the economic and social policy of the community,3de77d05ace5,8411
Iceland_49,1,1,MATCHED,P,SECTION,Education,P,Education,,,,,3de77d05ace5,P
Iceland_52,1,1,MATCHED,8411,CLASS,General public administration activities,O,Public administration and defence; compulsory social security,84,Public administration and defence; compulsory social security,841,Administration of the State and the economic and social policy of the community,3de77d05ace5,8411
Iceland_53,1,1,MATCHED,72,DIVISION,Scientific research and development,M,"Professional, scientific and technical activities",72,Scientific research and development,,,3de77d05ace5,72
Iceland_57,,0,UNRECOGNIZED,STRING,UNKNOWN,,,,,,,,3de77d05ace5,STRING
Iceland_58,,0,UNRECOGNIZED,STRING,UNKNOWN,,,,,,,,3de77d05ace5,STRING
Iceland_54,1,1,MATCHED,8411,CLASS,General public administration activities,O,Public administration and defence; compulsory social security,84,Public administration and defence; compulsory social security,841,Administration of the State and the economic and social policy of the community,3de77d05ace5,8411
Iceland_59,,0,UNRECOGNIZED,STRING,UNKNOWN,,,,,,,,3de77d05ace5,STRING
Iceland_55,,0,UNRECOGNIZED,STRING,UNKNOWN,,,,,,,,3de77d05ace5,STRING
Iceland_56,,0,UNRECOGNIZED,STRING,UNKNOWN,,,,,,,,3de77d05ace5,STRING
Iceland_60,,0,UNRECOGNIZED,STRING,UNKNOWN,,,,,,,,3de77d05ace5,STRING
Iceland_62,1,1,MATCHED,5310,CLASS,Postal activities,H,Transportation and storage,53,Postal and courier activities,531,Postal activities,3de77d05ace5,5310
Iceland_63,1,1,MATCHED,6419,CLASS,Other monetary intermediation,K,Financial and insurance activities,64,"Financial service activities, except insurance and pension funding",641,Monetary intermediation,3de77d05ace5,6419
Iceland_61,,0,UNRECOGNIZED,STRING,UNKNOWN,,,,,,,,3de77d05ace5,STRING
Iceland_64,,0,UNRECOGNIZED,STRING NOT_MENTIONED,UNKNOWN,,,,,,,,3de77d05ace5,STRING NOT_MENTIONED
Iceland_67,1,1,MATCHED,91,DIVISION,"Libraries, archives, museums and other cultural activities",R,"Arts, entertainment and recreation",91,"Libraries, archives, museums and other cultural activities",,,3de77d05ace5,91
Iceland_68,1,1,MATCHED,85,DIVISION,Education,P,Education,85,Education,,,3de77d05ace5,85
Iceland_65,1,1,MATCHED,5110,CLASS,Passenger air transport,H,Transportation and storage,51,Air transport,511,Passenger air transport,3de77d05ace5,5110
Iceland_66,,0,UNRECOGNIZED,STRING,UNKNOWN,,,,,,,,3de77d05ace5,STRING
Iceland_69,,0,UNRECOGNIZED,STRING,UNKNOWN,,,,,,,,3de77d05ace5,STRING
Iceland_71,,0,UNRECOGNIZED,NOT_MENTIONED,UNKNOWN,,,,,,,,3de77d05ace5,NOT_MENTIONED
Iceland_70,1,1,MATCHED,6419,CLASS,Other monetary intermediation,K,Financial and insurance activities,64,"Financial service activities, except insurance and pension funding",641,Monetary intermediation,3de77d05ace5,6419
Iceland_74,1,1,MATCHED,8411,CLASS,General public administration activities,O,Public administration and defence; compulsory social security,84,Public administration and defence; compulsory social security,841,Administration of the State and the economic and social policy of the community,3de77d05ace5,8411
Iceland_76,,0,UNRECOGNIZED,NOT_MENTIONED,UNKNOWN,,,,,,,,3de77d05ace5,NOT_MENTIONED
Iceland_75,,0,UNRECOGNIZED,STRING,UNKNOWN,,,,,,,,3de77d05ace5,STRING
Iceland_73,1,1,MATCHED,6311,CLASS,"Data processing, hosting and related activities",J,Information and communication,63,Information service activities,631,"Data processing, hosting and related activities; web portals",3de77d05ace5,6311
Iceland_77,,0,UNRECOGNIZED,STRING,UNKNOWN,,,,,,,,3de77d05ace5,STRING
Iceland_72,,0,UNRECOGNIZED,STRING,UNKNOWN,,,,,,,,3de77d05ace5,STRING
Iceland_78,1,1,MATCHED,6910,CLASS,Legal activities,M,"Professional, scientific and technical activities",69,Legal and accounting activities,691,Legal activities,3de77d05ace5,6910
Iceland_79,,0,UNRECOGNIZED,STRING NOT_MENTIONED,UNKNOWN,,,,,,,,3de77d05ace5,STRING NOT_MENTIONED
Iceland_80,,0,UNRECOGNIZED,STRING,UNKNOWN,,,,,,,,3de77d05ace5,STRING
Iceland_85,,0,UNRECOGNIZED,NOT_MENTIONED,UNKNOWN,,,,,,,,3de77d05ace5,NOT_MENTIONED
Iceland_83,1,1,MATCHED,6499,CLASS,"Other financial service activities, except insurance and pension funding activities, n.e.c.",K,Financial and insurance activities,64,"Financial service activities, except insurance and pension funding",649,"Other financial service activities, except insurance and pension funding activities",3de77d05ace5,6499
Iceland_84,,0,UNRECOGNIZED,STRING,UNKNOWN,,,,,,,,3de77d05ace5,STRING
Iceland_81,,0,UNRECOGNIZED,STRING,UNKNOWN,,,,,,,,3de77d05ace5,STRING
Iceland_86,,0,UNRECOGNIZED,STRING,UNKNOWN,,,,,,,,3de77d05ace5,STRING
Iceland_82,1,1,MATCHED,6420,CLASS,Activities of holding companies,K,Financial and insurance activities,64,"Financial service activities, except insurance and pension funding",642,Activities of holding companies,3de77d05ace5,6420
Iceland_87,1,1,MATCHED,6419,CLASS,Other monetary intermediation,K,Financial and insurance activities,64,"Financial service activities, except insurance and pension funding",641,Monetary intermediation,3de77d05ace5,6419
Iceland_88,,0,UNRECOGNIZED,STRING,UNKNOWN,,,,,,,,3de77d05ace5,STRING
Iceland_93,,0,UNRECOGNIZED,STRING,UNKNOWN,,,,,,,,3de77d05ace5,STRING
Iceland_91,1,1,MATCHED,8411,CLASS,General public administration activities,O,Public administration and defence; compulsory social security,84,Public administration and defence; compulsory social security,841,Administration of the State and the economic and social policy of the community,3de77d05ace5,8411
Iceland_89,,0,UNRECOGNIZED,STRING,UNKNOWN,,,,,,,,3de77d05ace5,STRING
Iceland_92,,0,UNRECOGNIZED,STRING,UNKNOWN,,,,,,,,3de77d05ace5,STRING
Iceland_90,,0,UNRECOGNIZED,NOT_MENTIONED,UNKNOWN,,,,,,,,3de77d05ace5,NOT_MENTIONED
Iceland_94,,0,UNRECOGNIZED,STRING,UNKNOWN,,,,,,,,3de77d05ace5,STRING
Iceland_96,1,1,MATCHED,84,DIVISION,Public administration and defence; compulsory social security,O,Public administration and defence; compulsory social security,84,Public administration and defence; compulsory social security,,,3de77d05ace5,84
Iceland_97,1,1,MATCHED,6420,CLASS,Activities of holding companies,K,Financial and insurance activities,64,"Financial service activities, except insurance and pension funding",642,Activities of holding companies,3de77d05ace5,6420
Iceland_95,1,1,MATCHED,6499,CLASS,"Other financial service activities, except insurance and pension funding activities, n.e.c.",K,Financial and insurance activities,64,"Financial service activities, except insurance and pension funding",649,"Other financial service activities, except insurance and pension funding activities",3de77d05ace5,6499
Iceland_98,1,1,MATCHED,86,DIVISION,Human health activities,Q,Human health and social work activities,86,Human health activities,,,3de77d05ace5,86
Iceland_101,1,1,MATCHED,5310,CLASS,Postal activities,H,Transportation and storage,53,Postal and courier activities,531,Postal activities,3de77d05ace5,5310
Iceland_100,,0,UNRECOGNIZED,STRING,UNKNOWN,,,,,,,,3de77d05ace5,STRING
Hungary_1,,0,UNRECOGNIZED,NOT_MENTIONED,UNKNOWN,,,,,,,,3de77d05ace5,NOT_MENTIONED
Iceland_104,1,1,MATCHED,O,SECTION,Public administration and defence; compulsory social security,O,Public administration and defence; compulsory social security,,,,,3de77d05ace5,O
Iceland_102,,0,UNRECOGNIZED,STRING,UNKNOWN,,,,,,,,3de77d05ace5,STRING
Hungary_3,,0,UNRECOGNIZED,NOT_DISCUSSED,UNKNOWN,,,,,,,,3de77d05ace5,NOT_DISCUSSED
Iceland_103,,0,UNRECOGNIZED,STRING,UNKNOWN,,,,,,,,3de77d05ace5,STRING
Hungary_2,,0,UNRECOGNIZED,STRING,UNKNOWN,,,,,,,,3de77d05ace5,STRING
Hungary_4,,0,UNRECOGNIZED,STRING,UNKNOWN,,,,,,,,3de77d05ace5,STRING
Hungary_7,,0,UNRECOGNIZED,Not explicitly stated in provided text,UNKNOWN,,,,,,,,3de77d05ace5,Not explicitly stated in provided text
Hungary_6,1,1,MATCHED,7990,CLASS,Other reservation service and related activities,N,Administrative and support service activities,79,"Travel agency, tour operator, reservation service and related activities",799,Other reservation service and related activities,3de77d05ace5,7990
Hungary_5,,0,UNRECOGNIZED,STRING,UNKNOWN,,,,,,,,3de77d05ace5,STRING
Hungary_8,,0,UNRECOGNIZED,NOT_MENTIONED,UNKNOWN,,,,,,,,3de77d05ace5,NOT_MENTIONED
Hungary_10,,0,UNRECOGNIZED,STRING,UNKNOWN,,,,,,,,3de77d05ace5,STRING
Hungary_9,1,1,MATCHED,5813,CLASS,"Publishing of newspapers, journals and periodicals",J,Information and communication,58,Publishing activities,581,"Publishing of books, periodicals and other publishing activities",3de77d05ace5,5813
Hungary_11,,0,UNRECOGNIZED,NOT_MENTIONED,UNKNOWN,,,,,,,,3de77d05ace5,NOT_MENTIONED
Hungary_12,,0,UNRECOGNIZED,STRING,UNKNOWN,,,,,,,,3de77d05ace5,STRING
Hungary_13,1,1,MATCHED,61,DIVISION,Telecommunications,J,Information and communication,61,Telecommunications,,,3de77d05ace5,61
Hungary_14,,0,UNRECOGNIZED,STRING,UNKNOWN,,,,,,,,3de77d05ace5,STRING
Hungary_15,,0,UNRECOGNIZED,NOT_MENTIONED,UNKNOWN,,,,,,,,3de77d05ace5,NOT_MENTIONED
Hungary_17,,0,UNRECOGNIZED,NOT_DISCUSSED,UNKNOWN,,,,,,,,3de77d05ace5,NOT_DISCUSSED
Hungary_16,,0,UNRECOGNIZED,NOT_MENTIONED,UNKNOWN,,,,,,,,3de77d05ace5,NOT_MENTIONED
Hungary_18,1,1,MATCHED,6110,CLASS,Wired telecommunications activities,J,Information and communication,61,Telecommunications,611,Wired telecommunications activities,3de77d05ace5,6110
Hungary_20,1,1,MATCHED,8810,CLASS,Social work activities without accommodation for the elderly and disabled,Q,Human health and social work activities,88,Social work activities without accommodation,881,Social work activities without accommodation for the elderly and disabled,3de77d05ace5,8810
Hungary_19,1,1,MATCHED,5320,CLASS,Courier activities,H,Transportation and storage,53,Postal and courier activities,532,Courier activities,3de77d05ace5,5320
Hungary_21,1,1,MATCHED,6419,CLASS,Other monetary intermediation,K,Financial and insurance activities,64,"Financial service activities, except insurance and pension funding",641,Monetary intermediation,3de77d05ace5,6419
Hungary_22,1,1,MATCHED,94,DIVISION,Activities of membership organizations,S,Other service activities,94,Activities of membership organizations,,,3de77d05ace5,94
Hungary_23,1,1,MATCHED,6110,CLASS,Wired telecommunications activities,J,Information and communication,61,Telecommunications,611,Wired telecommunications activities,3de77d05ace5,6110
Hungary_24,,0,UNRECOGNIZED,STRING,UNKNOWN,,,,,,,,3de77d05ace5,STRING
Hungary_26,1,1,MATCHED,61,DIVISION,Telecommunications,J,Information and communication,61,Telecommunications,,,3de77d05ace5,61
Hungary_25,1,1,MATCHED,O,SECTION,Public administration and defence; compulsory social security,O,Public administration and defence; compulsory social security,,,,,3de77d05ace5,O
Hungary_28,1,1,MATCHED,5510,CLASS,Short term accommodation activities,I,Accommodation and food service activities,55,Accommodation,551,Short term accommodation activities,3de77d05ace5,5510
Hungary_31,,0,UNRECOGNIZED,[ISIC code not mentioned],UNKNOWN,,,,,,,,3de77d05ace5,[ISIC code not mentioned]
Hungary_30,,0,UNRECOGNIZED,NOT_MENTIONED,UNKNOWN,,,,,,,,3de77d05ace5,NOT_MENTIONED
Hungary_27,1,1,MATCHED,4520,CLASS,Maintenance and repair of motor vehicles,G,Wholesale and retail trade; repair of motor vehicles and motorcycles,45,Wholesale and retail trade and repair of motor vehicles and motorcycles,452,Maintenance and repair of motor vehicles,3de77d05ace5,4520
Hungary_29,,0,UNRECOGNIZED,NOT_MENTIONED,UNKNOWN,,,,,,,,3de77d05ace5,NOT_MENTIONED
Hungary_32,1,1,MATCHED,9411,CLASS,Activities of business and employers membership organizations,S,Other service activities,94,Activities of membership organizations,941,"Activities of business, employers and professional membership organizations",3de77d05ace5,9411
Hungary_33,,0,UNRECOGNIZED,STRING,UNKNOWN,,,,,,,,3de77d05ace5,STRING
Hungary_34,1,1,MATCHED,6419,CLASS,Other monetary intermediation,K,Financial and insurance activities,64,"Financial service activities, except insurance and pension funding",641,Monetary intermediation,3de77d05ace5,6419
Hungary_37,,0,UNRECOGNIZED,STRING,UNKNOWN,,,,,,,,3de77d05ace5,STRING
Hungary_35,1,1,MATCHED,5920,CLASS,Sound recording and music publishing activities,J,Information and communication,59,"Motion picture, video and television programme production, sound recording and music publishing activities",592,Sound recording and music publishing activities,3de77d05ace5,5920
Hungary_36,,0,UNRECOGNIZED,[Not explicitly stated in provided text],UNKNOWN,,,,,,,,3de77d05ace5,[Not explicitly stated in provided text]
Hungary_40,1,1,MATCHED,8411,CLASS,General public administration activities,O,Public administration and defence; compulsory social security,84,Public administration and defence; compulsory social security,841,Administration of the State and the economic and social policy of the community,3de77d05ace5,8411
Hungary_39,1,1,MATCHED,451,GROUP,Sale of motor vehicles,G,Wholesale and retail trade; repair of motor vehicles and motorcycles,45,Wholesale and retail trade and repair of motor vehicles and motorcycles,451,Sale of motor vehicles,3de77d05ace5,451
Hungary_43,,0,UNRECOGNIZED,[Not provided in text],UNKNOWN,,,,,,,,3de77d05ace5,[Not provided in text]
Hungary_41,,0,UNRECOGNIZED,NOT_MENTIONED,UNKNOWN,,,,,,,,3de77d05ace5,NOT_MENTIONED
Hungary_44,,0,UNRECOGNIZED,STRING,UNKNOWN,,,,,,,,3de77d05ace5,STRING
Hungary_46,,0,UNRECOGNIZED,NOT_DISCUSSED,UNKNOWN,,,,,,,,3de77d05ace5,NOT_DISCUSSED
Hungary_42,,0,UNRECOGNIZED,STRING,UNKNOWN,,,,,,,,3de77d05ace5,STRING
Hungary_45,1,1,MATCHED,4711,CLASS,"Retail sale in non-specialized stores with food, beverages or tobacco predominating",G,Wholesale and retail trade; repair of motor vehicles and motorcycles,47,"Retail trade, except of motor vehicles and motorcycles",471,Retail sale in non-specialized stores,3de77d05ace5,4711
Hungary_47,1,1,MATCHED,862,GROUP,Medical and dental practice activities,Q,Human health and social work activities,86,Human health activities,862,Medical and dental practice activities,3de77d05ace5,862
Hungary_48,,0,UNRECOGNIZED,STRING,UNKNOWN,,,,,,,,3de77d05ace5,STRING
Hungary_50,,0,UNRECOGNIZED,NOT_DISCUSSED,UNKNOWN,,,,,,,,3de77d05ace5,NOT_DISCUSSED
Hungary_49,1,1,MATCHED,8411,CLASS,General public administration activities,O,Public administration and defence; compulsory social security,84,Public administration and defence; compulsory social security,841,Administration of the State and the economic and social policy of the community,3de77d05ace5,8411
Hungary_55,1,1,MATCHED,J,SECTION,Information and communication,J,Information and communication,,,,,3de77d05ace5,J
Hungary_53,1,1,MATCHED,9411,CLASS,Activities of business and employers membership organizations,S,Other service activities,94,Activities of membership organizations,941,"Activities of business, employers and professional membership organizations",3de77d05ace5,9411
Hungary_54,1,1,MATCHED,6419,CLASS,Other monetary intermediation,K,Financial and insurance activities,64,"Financial service activities, except insurance and pension funding",641,Monetary intermediation,3de77d05ace5,6419
Hungary_52,,0,UNRECOGNIZED,STRING,UNKNOWN,,,,,,,,3de77d05ace5,STRING
Hungary_56,1,1,MATCHED,47,DIVISION,"Retail trade, except of motor vehicles and motorcycles",G,Wholesale and retail trade; repair of motor vehicles and motorcycles,47,"Retail trade, except of motor vehicles and motorcycles",,,3de77d05ace5,47
Hungary_57,1,1,MATCHED,8411,CLASS,General public administration activities,O,Public administration and defence; compulsory social security,84,Public administration and defence; compulsory social security,841,Administration of the State and the economic and social policy of the community,3de77d05ace5,8411
Hungary_59,,0,UNRECOGNIZED,STRING,UNKNOWN,,,,,,,,3de77d05ace5,STRING
Hungary_58,,0,UNRECOGNIZED,STRING,UNKNOWN,,,,,,,,3de77d05ace5,STRING
Greece_1,,0,UNRECOGNIZED,STRING,UNKNOWN,,,,,,,,3de77d05ace5,STRING
Hungary_60,1,1,MATCHED,63,DIVISION,Information service activities,J,Information and communication,63,Information service activities,,,3de77d05ace5,63
Greece_3,1,1,MATCHED,8411,CLASS,General public administration activities,O,Public administration and defence; compulsory social security,84,Public administration and defence; compulsory social security,841,Administration of the State and the economic and social policy of the community,3de77d05ace5,8411
Greece_2,,0,UNRECOGNIZED,STRING,UNKNOWN,,,,,,,,3de77d05ace5,STRING
Greece_4,,0,UNRECOGNIZED,STRING,UNKNOWN,,,,,,,,3de77d05ace5,STRING
Greece_6,1,1,MATCHED,84,DIVISION,Public administration and defence; compulsory social security,O,Public administration and defence; compulsory social security,84,Public administration and defence; compulsory social security,,,3de77d05ace5,84
Greece_8,1,1,MATCHED,8411,CLASS,General public administration activities,O,Public administration and defence; compulsory social security,84,Public administration and defence; compulsory social security,841,Administration of the State and the economic and social policy of the community,3de77d05ace5,8411
Greece_10,,0,UNRECOGNIZED,STRING,UNKNOWN,,,,,,,,3de77d05ace5,STRING
Greece_11,,0,UNRECOGNIZED,STRING,UNKNOWN,,,,,,,,3de77d05ace5,STRING
Greece_9,,0,UNRECOGNIZED,STRING,UNKNOWN,,,,,,,,3de77d05ace5,STRING
Greece_12,,0,UNRECOGNIZED,STRING,UNKNOWN,,,,,,,,3de77d05ace5,STRING
Greece_7,,0,UNRECOGNIZED,STRING,UNKNOWN,,,,,,,,3de77d05ace5,STRING
Greece_15,,0,UNRECOGNIZED,STRING,UNKNOWN,,,,,,,,3de77d05ace5,STRING
Greece_16,1,1,MATCHED,6110,CLASS,Wired telecommunications activities,J,Information and communication,61,Telecommunications,611,Wired telecommunications activities,3de77d05ace5,6110
Greece_13,1,1,MATCHED,8542,CLASS,Cultural education,P,Education,85,Education,854,Other education,3de77d05ace5,8542
Greece_17,1,1,MATCHED,6512,CLASS,Non-life insurance,K,Financial and insurance activities,65,"Insurance, reinsurance and pension funding, except compulsory social security",651,Insurance,3de77d05ace5,6512
Greece_14,,0,UNRECOGNIZED,STRING,UNKNOWN,,,,,,,,3de77d05ace5,STRING
Greece_20,,0,UNRECOGNIZED,STRING,UNKNOWN,,,,,,,,3de77d05ace5,STRING
Greece_19,,0,UNRECOGNIZED,NOT_MENTIONED,UNKNOWN,,,,,,,,3de77d05ace5,NOT_MENTIONED
Greece_18,,0,UNRECOGNIZED,STRING,UNKNOWN,,,,,,,,3de77d05ace5,STRING
Greece_24,,0,UNRECOGNIZED,NOT_DISCUSSED,UNKNOWN,,,,,,,,3de77d05ace5,NOT_DISCUSSED
Greece_21,,0,UNRECOGNIZED,STRING,UNKNOWN,,,,,,,,3de77d05ace5,STRING
Greece_22,,0,UNRECOGNIZED,NOT_DISCUSSED,UNKNOWN,,,,,,,,3de77d05ace5,NOT_DISCUSSED
Greece_25,1,1,MATCHED,8299,CLASS,Other business support service activities n.e.c.,N,Administrative and support service activities,82,"Office administrative, office support and other business support activities",829,Business support service activities n.e.c.,3de77d05ace5,8299
Greece_27,,0,UNRECOGNIZED,STRING,UNKNOWN,,,,,,,,3de77d05ace5,STRING
Greece_28,1,1,MATCHED,5310,CLASS,Postal activities,H,Transportation and storage,53,Postal and courier activities,531,Postal activities,3de77d05ace5,5310
Greece_23,,0,UNRECOGNIZED,STRING,UNKNOWN,,,,,,,,3de77d05ace5,STRING
Greece_26,1,1,MATCHED,3510,CLASS,"Electric power generation, transmission and distribution",D,"Electricity, gas, steam and air conditioning supply",35,"Electricity, gas, steam and air conditioning supply",351,"Electric power generation, transmission and distribution",3de77d05ace5,3510
Greece_29,1,1,MATCHED,5221,CLASS,Service activities incidental to land transportation,H,Transportation and storage,52,Warehousing and support activities for transportation,522,Support activities for transportation,3de77d05ace5,5221
Greece_30,,0,UNRECOGNIZED,STRING,UNKNOWN,,,,,,,,3de77d05ace5,STRING
Greece_32,,0,UNRECOGNIZED,STRING,UNKNOWN,,,,,,,,3de77d05ace5,STRING
Greece_36,1,1,MATCHED,8411,CLASS,General public administration activities,O,Public administration and defence; compulsory social security,84,Public administration and defence; compulsory social security,841,Administration of the State and the economic and social policy of the community,3de77d05ace5,8411
Greece_34,,0,UNRECOGNIZED,STRING,UNKNOWN,,,,,,,,3de77d05ace5,STRING
Greece_33,,0,UNRECOGNIZED,STRING,UNKNOWN,,,,,,,,3de77d05ace5,STRING
Greece_35,,0,UNRECOGNIZED,STRING,UNKNOWN,,,,,,,,3de77d05ace5,STRING
Greece_37,,0,UNRECOGNIZED,STRING,UNKNOWN,,,,,,,,3de77d05ace5,STRING
Greece_39,1,1,MATCHED,8411,CLASS,General public administration activities,O,Public administration and defence; compulsory social security,84,Public administration and defence; compulsory social security,841,Administration of the State and the economic and social policy of the community,3de77d05ace5,8411
Greece_38,,0,UNRECOGNIZED,STRING,UNKNOWN,,,,,,,,3de77d05ace5,STRING
Greece_42,1,1,MATCHED,8411,CLASS,General public administration activities,O,Public administration and defence; compulsory social security,84,Public administration and defence; compulsory social security,841,Administration of the State and the economic and social policy of the community,3de77d05ace5,8411
Greece_40,,0,UNRECOGNIZED,STRING,UNKNOWN,,,,,,,,3de77d05ace5,STRING
Greece_44,,0,UNRECOGNIZED,NOT_DISCUSSED,UNKNOWN,,,,,,,,3de77d05ace5,NOT_DISCUSSED
Greece_41,1,1,MATCHED,85,DIVISION,Education,P,Education,85,Education,,,3de77d05ace5,85
Greece_43,,0,UNRECOGNIZED,STRING,UNKNOWN,,,,,,,,3de77d05ace5,STRING
Greece_46,1,1,MATCHED,63,DIVISION,Information service activities,J,Information and communication,63,Information service activities,,,3de77d05ace5,63
Greece_48,,0,UNRECOGNIZED,STRING,UNKNOWN,,,,,,,,3de77d05ace5,STRING
Greece_49,,0,UNRECOGNIZED,STRING,UNKNOWN,,,,,,,,3de77d05ace5,STRING
Greece_45,1,1,MATCHED,86,DIVISION,Human health activities,Q,Human health and social work activities,86,Human health activities,,,3de77d05ace5,86
Greece_47,,0,UNRECOGNIZED,STRING,UNKNOWN,,,,,,,,3de77d05ace5,STRING
Greece_50,,0,UNRECOGNIZED,STRING,UNKNOWN,,,,,,,,3de77d05ace5,STRING
Greece_51,,0,UNRECOGNIZED,STRING,UNKNOWN,,,,,,,,3de77d05ace5,STRING
Greece_52,,0,UNRECOGNIZED,STRING,UNKNOWN,,,,,,,,3de77d05ace5,STRING
Greece_55,,0,UNRECOGNIZED,NOT_DISCUSSED,UNKNOWN,,,,,,,,3de77d05ace5,NOT_DISCUSSED
Greece_53,1,1,MATCHED,84,DIVISION,Public administration and defence; compulsory social security,O,Public administration and defence; compulsory social security,84,Public administration and defence; compulsory social security,,,3de77d05ace5,84
Greece_54,,0,UNRECOGNIZED,STRING,UNKNOWN,,,,,,,,3de77d05ace5,STRING
Greece_57,,0,UNRECOGNIZED,STRING,UNKNOWN,,,,,,,,3de77d05ace5,STRING
Greece_58,,0,UNRECOGNIZED,NOT_DISCUSSED,UNKNOWN,,,,,,,,3de77d05ace5,NOT_DISCUSSED
Greece_59,1,1,MATCHED,P,SECTION,Education,P,Education,,,,,3de77d05ace5,P
Greece_56,1,1,MATCHED,6499,CLASS,"Other financial service activities, except insurance and pension funding activities, n.e.c.",K,Financial and insurance activities,64,"Financial service activities, except insurance and pension funding",649,"Other financial service activities, except insurance and pension funding activities",3de77d05ace5,6499
Greece_61,,0,UNRECOGNIZED,NOT_DISCUSSED,UNKNOWN,,,,,,,,3de77d05ace5,NOT_DISCUSSED
Greece_60,,0,UNRECOGNIZED,STRING,UNKNOWN,,,,,,,,3de77d05ace5,STRING
Greece_63,,0,UNRECOGNIZED,NOT_MENTIONED,UNKNOWN,,,,,,,,3de77d05ace5,NOT_MENTIONED
Greece_64,,0,UNRECOGNIZED,STRING,UNKNOWN,,,,,,,,3de77d05ace5,STRING
Greece_67,,0,UNRECOGNIZED,NOT_DISCUSSED,UNKNOWN,,,,,,,,3de77d05ace5,NOT_DISCUSSED
Greece_69,1,1,MATCHED,6910,CLASS,Legal activities,M,"Professional, scientific and technical activities",69,Legal and accounting activities,691,Legal activities,3de77d05ace5,6910
Greece_70,,0,UNRECOGNIZED,NOT_DISCUSSED,UNKNOWN,,,,,,,,3de77d05ace5,NOT_DISCUSSED
Greece_72,,0,UNRECOGNIZED,STRING,UNKNOWN,,,,,,,,3de77d05ace5,STRING
Greece_71,,0,UNRECOGNIZED,STRING,UNKNOWN,,,,,,,,3de77d05ace5,STRING
Greece_74,,0,UNRECOGNIZED,NOT_DISCUSSED,UNKNOWN,,,,,,,,3de77d05ace5,NOT_DISCUSSED
Greece_75,,0,UNRECOGNIZED,NOT_DISCUSSED,UNKNOWN,,,,,,,,3de77d05ace5,NOT_DISCUSSED
Greece_73,1,1,MATCHED,86,DIVISION,Human health activities,Q,Human health and social work activities,86,Human health activities,,,3de77d05ace5,86
Greece_79,,0,UNRECOGNIZED,NOT_DISCUSSED,UNKNOWN,,,,,,,,3de77d05ace5,NOT_DISCUSSED
Greece_80,,0,UNRECOGNIZED,STRING,UNKNOWN,,,,,,,,3de77d05ace5,STRING
Greece_76,,0,UNRECOGNIZED,STRING,UNKNOWN,,,,,,,,3de77d05ace5,STRING
Greece_78,1,1,MATCHED,6419,CLASS,Other monetary intermediation,K,Financial and insurance activities,64,"Financial service activities, except insurance and pension funding",641,Monetary intermediation,3de77d05ace5,6419
Greece_77,,0,UNRECOGNIZED,STRING,UNKNOWN,,,,,,,,3de77d05ace5,STRING
Greece_81,,0,UNRECOGNIZED,STRING,UNKNOWN,,,,,,,,3de77d05ace5,STRING
Greece_83,,0,UNRECOGNIZED,STRING,UNKNOWN,,,,,,,,3de77d05ace5,STRING
Greece_82,1,1,MATCHED,86,DIVISION,Human health activities,Q,Human health and social work activities,86,Human health activities,,,3de77d05ace5,86
Greece_84,,0,UNRECOGNIZED,STRING,UNKNOWN,,,,,,,,3de77d05ace5,STRING
Greece_85,1,1,MATCHED,61,DIVISION,Telecommunications,J,Information and communication,61,Telecommunications,,,3de77d05ace5,61
Greece_86,,0,UNRECOGNIZED,STRING,UNKNOWN,,,,,,,,3de77d05ace5,STRING
Greece_89,,0,UNRECOGNIZED,STRING,UNKNOWN,,,,,,,,3de77d05ace5,STRING
Greece_87,,0,UNRECOGNIZED,STRING,UNKNOWN,,,,,,,,3de77d05ace5,STRING
Greece_88,,0,UNRECOGNIZED,NOT_MENTIONED,UNKNOWN,,,,,,,,3de77d05ace5,NOT_MENTIONED
Greece_91,1,1,MATCHED,8411,CLASS,General public administration activities,O,Public administration and defence; compulsory social security,84,Public administration and defence; compulsory social security,841,Administration of the State and the economic and social policy of the community,3de77d05ace5,8411
Greece_92,,0,UNRECOGNIZED,STRING,UNKNOWN,,,,,,,,3de77d05ace5,STRING
Greece_90,,0,UNRECOGNIZED,STRING,UNKNOWN,,,,,,,,3de77d05ace5,STRING
Greece_93,,0,UNRECOGNIZED,STRING,UNKNOWN,,,,,,,,3de77d05ace5,STRING
Greece_94,,0,UNRECOGNIZED,STRING,UNKNOWN,,,,,,,,3de77d05ace5,STRING
Greece_95,,0,UNRECOGNIZED,STRING,UNKNOWN,,,,,,,,3de77d05ace5,STRING
Greece_96,,0,UNRECOGNIZED,STRING,UNKNOWN,,,,,,,,3de77d05ace5,STRING
Greece_98,,0,UNRECOGNIZED,STRING,UNKNOWN,,,,,,,,3de77d05ace5,STRING
Greece_100,1,1,MATCHED,46,DIVISION,"Wholesale trade, except of motor vehicles and motorcycles",G,Wholesale and retail trade; repair of motor vehicles and motorcycles,46,"Wholesale trade, except of motor vehicles and motorcycles",,,3de77d05ace5,46
Greece_97,,0,UNRECOGNIZED,STRING,UNKNOWN,,,,,,,,3de77d05ace5,STRING
Greece_99,,0,UNRECOGNIZED,STRING,UNKNOWN,,,,,,,,3de77d05ace5,STRING
Greece_101,,0,UNRECOGNIZED,NOT_MENTIONED,UNKNOWN,,,,,,,,3de77d05ace5,NOT_MENTIONED
Greece_103,1,1,MATCHED,9499,CLASS,Activities of other membership organizations n.e.c.,S,Other service activities,94,Activities of membership organizations,949,Activities of other membership organizations,3de77d05ace5,9499
Greece_106,,0,UNRECOGNIZED,NOT_DISCUSSED,UNKNOWN,,,,,,,,3de77d05ace5,NOT_DISCUSSED
Greece_102,,0,UNRECOGNIZED,STRING,UNKNOWN,,,,,,,,3de77d05ace5,STRING
Greece_105,,0,UNRECOGNIZED,STRING,UNKNOWN,,,,,,,,3de77d05ace5,STRING
Greece_107,,0,UNRECOGNIZED,STRING,UNKNOWN,,,,,,,,3de77d05ace5,STRING
Greece_108,1,1,MATCHED,85,DIVISION,Education,P,Education,85,Education,,,3de77d05ace5,85
Greece_109,,0,UNRECOGNIZED,STRING,UNKNOWN,,,,,,,,3de77d05ace5,STRING
Greece_104,,0,UNRECOGNIZED,STRING,UNKNOWN,,,,,,,,3de77d05ace5,STRING
Greece_111,1,1,MATCHED,4730,CLASS,Retail sale of automotive fuel in specialized stores,G,Wholesale and retail trade; repair of motor vehicles and motorcycles,47,"Retail trade, except of motor vehicles and motorcycles",473,Retail sale of automotive fuel in specialized stores,3de77d05ace5,4730
Greece_110,,0,UNRECOGNIZED,STRING,UNKNOWN,,,,,,,,3de77d05ace5,STRING
Greece_113,1,1,MATCHED,620,GROUP,"Computer programming, consultancy and related activities",J,Information and communication,62,"Computer programming, consultancy and related activities",620,"Computer programming, consultancy and related activities",3de77d05ace5,620
Greece_114,,0,UNRECOGNIZED,STRING,UNKNOWN,,,,,,,,3de77d05ace5,STRING
Greece_115,1,1,MATCHED,63,DIVISION,Information service activities,J,Information and communication,63,Information service activities,,,3de77d05ace5,63
Greece_120,,0,UNRECOGNIZED,STRING,UNKNOWN,,,,,,,,3de77d05ace5,STRING
Greece_117,,0,UNRECOGNIZED,STRING,UNKNOWN,,,,,,,,3de77d05ace5,STRING
Greece_118,1,1,MATCHED,6399,CLASS,Other information service activities n.e.c.,J,Information and communication,63,Information service activities,639,Other information service activities,3de77d05ace5,6399
Greece_119,,0,UNRECOGNIZED,STRING,UNKNOWN,,,,,,,,3de77d05ace5,STRING
Greece_116,1,1,MATCHED,84,DIVISION,Public administration and defence; compulsory social security,O,Public administration and defence; compulsory social security,84,Public administration and defence; compulsory social security,,,3de77d05ace5,84
Greece_121,,0,UNRECOGNIZED,STRING,UNKNOWN,,,,,,,,3de77d05ace5,STRING
Greece_122,1,1,MATCHED,O,SECTION,Public administration and defence; compulsory social security,O,Public administration and defence; compulsory social security,,,,,3de77d05ace5,O
Germany_1,1,1,MATCHED,6419,CLASS,Other monetary intermediation,K,Financial and insurance activities,64,"Financial service activities, except insurance and pension funding",641,Monetary intermediation,3de77d05ace5,6419
Greece_123,,0,UNRECOGNIZED,STRING,UNKNOWN,,,,,,,,3de77d05ace5,STRING
Greece_124,1,1,MATCHED,84,DIVISION,Public administration and defence; compulsory social security,O,Public administration and defence; compulsory social security,84,Public administration and defence; compulsory social security,,,3de77d05ace5,84
Germany_4,,0,UNRECOGNIZED,STRING,UNKNOWN,,,,,,,,3de77d05ace5,STRING
Germany_5,,0,UNRECOGNIZED,STRING,UNKNOWN,,,,,,,,3de77d05ace5,STRING
Germany_2,,0,UNRECOGNIZED,STRING,UNKNOWN,,,,,,,,3de77d05ace5,STRING
Germany_6,,0,UNRECOGNIZED,STRING,UNKNOWN,,,,,,,,3de77d05ace5,STRING
Germany_3,,0,UNRECOGNIZED,NOT_MENTIONED,UNKNOWN,,,,,,,,3de77d05ace5,NOT_MENTIONED
Germany_8,1,1,MATCHED,6120,CLASS,Wireless telecommunications activities,J,Information and communication,61,Telecommunications,612,Wireless telecommunications activities,3de77d05ace5,6120
Germany_9,,0,UNRECOGNIZED,NOT_DISCUSSED,UNKNOWN,,,,,,,,3de77d05ace5,NOT_DISCUSSED
Germany_10,,0,UNRECOGNIZED,STRING,UNKNOWN,,,,,,,,3de77d05ace5,STRING
Germany_7,1,1,MATCHED,61,DIVISION,Telecommunications,J,Information and communication,61,Telecommunications,,,3de77d05ace5,61
Germany_11,,0,UNRECOGNIZED,NOT_MENTIONED,UNKNOWN,,,,,,,,3de77d05ace5,NOT_MENTIONED
Germany_14,,0,UNRECOGNIZED,STRING,UNKNOWN,,,,,,,,3de77d05ace5,STRING
Germany_13,,0,UNRECOGNIZED,STRING,UNKNOWN,,,,,,,,3de77d05ace5,STRING
Germany_12,,0,UNRECOGNIZED,STRING,UNKNOWN,,,,,,,,3de77d05ace5,STRING
Germany_15,1,1,MATCHED,4791,CLASS,Retail sale via mail order houses or via Internet,G,Wholesale and retail trade; repair of motor vehicles and motorcycles,47,"Retail trade, except of motor vehicles and motorcycles",479,"Retail trade not in stores, stalls or markets",3de77d05ace5,4791
Germany_16,,0,UNRECOGNIZED,STRING,UNKNOWN,,,,,,,,3de77d05ace5,STRING
Germany_18,,0,UNRECOGNIZED,NOT_MENTIONED,UNKNOWN,,,,,,,,3de77d05ace5,NOT_MENTIONED
Germany_20,1,1,MATCHED,63,DIVISION,Information service activities,J,Information and communication,63,Information service activities,,,3de77d05ace5,63
Germany_17,,0,UNRECOGNIZED,STRING,UNKNOWN,,,,,,,,3de77d05ace5,STRING
Germany_21,,0,UNRECOGNIZED,NOT_MENTIONED,UNKNOWN,,,,,,,,3de77d05ace5,NOT_MENTIONED
Germany_19,,0,UNRECOGNIZED,NOT_MENTIONED,UNKNOWN,,,,,,,,3de77d05ace5,NOT_MENTIONED
Germany_23,,0,UNRECOGNIZED,NOT_MENTIONED,UNKNOWN,,,,,,,,3de77d05ace5,NOT_MENTIONED
Germany_22,,0,UNRECOGNIZED,NOT_MENTIONED,UNKNOWN,,,,,,,,3de77d05ace5,NOT_MENTIONED
Germany_25,,0,UNRECOGNIZED,NOT_DISCUSSED,UNKNOWN,,,,,,,,3de77d05ace5,NOT_DISCUSSED
Germany_26,,0,UNRECOGNIZED,NOT_DISCUSSED,UNKNOWN,,,,,,,,3de77d05ace5,NOT_DISCUSSED
Germany_27,,0,UNRECOGNIZED,STRING,UNKNOWN,,,,,,,,3de77d05ace5,STRING
Germany_29,,0,UNRECOGNIZED,STRING,UNKNOWN,,,,,,,,3de77d05ace5,STRING
Germany_24,,0,UNRECOGNIZED,STRING,UNKNOWN,,,,,,,,3de77d05ace5,STRING
Germany_28,,0,UNRECOGNIZED,STRING,UNKNOWN,,,,,,,,3de77d05ace5,STRING
Germany_31,,0,UNRECOGNIZED,NOT_MENTIONED,UNKNOWN,,,,,,,,3de77d05ace5,NOT_MENTIONED
Germany_30,1,1,MATCHED,4791,CLASS,Retail sale via mail order houses or via Internet,G,Wholesale and retail trade; repair of motor vehicles and motorcycles,47,"Retail trade, except of motor vehicles and motorcycles",479,"Retail trade not in stores, stalls or markets",3de77d05ace5,4791
Germany_32,,0,UNRECOGNIZED,NOT_MENTIONED,UNKNOWN,,,,,,,,3de77d05ace5,NOT_MENTIONED
Germany_34,,0,UNRECOGNIZED,NOT_DISCUSSED,UNKNOWN,,,,,,,,3de77d05ace5,NOT_DISCUSSED
Germany_33,,0,UNRECOGNIZED,STRING,UNKNOWN,,,,,,,,3de77d05ace5,STRING
Germany_36,,0,UNRECOGNIZED,NOT_MENTIONED,UNKNOWN,,,,,,,,3de77d05ace5,NOT_MENTIONED
Germany_35,1,1,MATCHED,J,SECTION,Information and communication,J,Information and communication,,,,,3de77d05ace5,J
Germany_38,,0,UNRECOGNIZED,STRING,UNKNOWN,,,,,,,,3de77d05ace5,STRING
Germany_40,,0,UNRECOGNIZED,STRING,UNKNOWN,,,,,,,,3de77d05ace5,STRING
Germany_37,,0,UNRECOGNIZED,NOT_MENTIONED,UNKNOWN,,,,,,,,3de77d05ace5,NOT_MENTIONED
Germany_41,1,1,MATCHED,63,DIVISION,Information service activities,J,Information and communication,63,Information service activities,,,3de77d05ace5,63
Germany_39,,0,UNRECOGNIZED,NOT_MENTIONED,UNKNOWN,,,,,,,,3de77d05ace5,NOT_MENTIONED
Germany_43,,0,UNRECOGNIZED,NOT_MENTIONED,UNKNOWN,,,,,,,,3de77d05ace5,NOT_MENTIONED
Germany_44,,0,UNRECOGNIZED,NOT_DISCUSSED,UNKNOWN,,,,,,,,3de77d05ace5,NOT_DISCUSSED
Germany_42,,0,UNRECOGNIZED,STRING,UNKNOWN,,,,,,,,3de77d05ace5,STRING
France_2,,0,UNRECOGNIZED,STRING,UNKNOWN,,,,,,,,3de77d05ace5,STRING
France_3,1,1,MATCHED,8542,CLASS,Cultural education,P,Education,85,Education,854,Other education,3de77d05ace5,8542
France_1,,0,UNRECOGNIZED,NOT_MENTIONED,UNKNOWN,,,,,,,,3de77d05ace5,NOT_MENTIONED
France_6,1,1,MATCHED,35,DIVISION,"Electricity, gas, steam and air conditioning supply",D,"Electricity, gas, steam and air conditioning supply",35,"Electricity, gas, steam and air conditioning supply",,,3de77d05ace5,35
France_5,,0,UNRECOGNIZED,NOT_MENTIONED,UNKNOWN,,,,,,,,3de77d05ace5,NOT_MENTIONED
France_4,,0,UNRECOGNIZED,STRING,UNKNOWN,,,,,,,,3de77d05ace5,STRING
France_8,,0,UNRECOGNIZED,NOT_MENTIONED,UNKNOWN,,,,,,,,3de77d05ace5,NOT_MENTIONED
France_7,1,1,MATCHED,6311,CLASS,"Data processing, hosting and related activities",J,Information and communication,63,Information service activities,631,"Data processing, hosting and related activities; web portals",3de77d05ace5,6311
France_9,1,1,MATCHED,84,DIVISION,Public administration and defence; compulsory social security,O,Public administration and defence; compulsory social security,84,Public administration and defence; compulsory social security,,,3de77d05ace5,84
France_10,1,1,MATCHED,84,DIVISION,Public administration and defence; compulsory social security,O,Public administration and defence; compulsory social security,84,Public administration and defence; compulsory social security,,,3de77d05ace5,84
France_11,1,1,MATCHED,6201,CLASS,Computer programming activities,J,Information and communication,62,"Computer programming, consultancy and related activities",620,"Computer programming, consultancy and related activities",3de77d05ace5,6201
France_12,,0,UNRECOGNIZED,STRING,UNKNOWN,,,,,,,,3de77d05ace5,STRING
France_14,1,1,MATCHED,6810,CLASS,Real estate activities with own or leased property,L,Real estate activities,68,Real estate activities,681,Real estate activities with own or leased property,3de77d05ace5,6810
France_13,,0,UNRECOGNIZED,STRING,UNKNOWN,,,,,,,,3de77d05ace5,STRING
France_19,,0,UNRECOGNIZED,STRING,UNKNOWN,,,,,,,,3de77d05ace5,STRING
France_18,1,1,MATCHED,6419,CLASS,Other monetary intermediation,K,Financial and insurance activities,64,"Financial service activities, except insurance and pension funding",641,Monetary intermediation,3de77d05ace5,6419
France_23,,0,UNRECOGNIZED,NOT_MENTIONED,UNKNOWN,,,,,,,,3de77d05ace5,NOT_MENTIONED
France_21,1,1,MATCHED,862,GROUP,Medical and dental practice activities,Q,Human health and social work activities,86,Human health activities,862,Medical and dental practice activities,3de77d05ace5,862
France_22,,0,UNRECOGNIZED,STRING,UNKNOWN,,,,,,,,3de77d05ace5,STRING
France_20,1,1,MATCHED,4791,CLASS,Retail sale via mail order houses or via Internet,G,Wholesale and retail trade; repair of motor vehicles and motorcycles,47,"Retail trade, except of motor vehicles and motorcycles",479,"Retail trade not in stores, stalls or markets",3de77d05ace5,4791
France_24,1,1,MATCHED,5610,CLASS,Restaurants and mobile food service activities,I,Accommodation and food service activities,56,Food and beverage service activities,561,Restaurants and mobile food service activities,3de77d05ace5,5610
France_26,1,1,MATCHED,84,DIVISION,Public administration and defence; compulsory social security,O,Public administration and defence; compulsory social security,84,Public administration and defence; compulsory social security,,,3de77d05ace5,84
France_27,,0,UNRECOGNIZED,STRING,UNKNOWN,,,,,,,,3de77d05ace5,STRING
France_28,,0,UNRECOGNIZED,STRING,UNKNOWN,,,,,,,,3de77d05ace5,STRING
France_25,1,1,MATCHED,8411,CLASS,General public administration activities,O,Public administration and defence; compulsory social security,84,Public administration and defence; compulsory social security,841,Administration of the State and the economic and social policy of the community,3de77d05ace5,8411
France_29,1,1,MATCHED,6512,CLASS,Non-life insurance,K,Financial and insurance activities,65,"Insurance, reinsurance and pension funding, except compulsory social security",651,Insurance,3de77d05ace5,6512
France_30,,0,UNRECOGNIZED,STRING,UNKNOWN,,,,,,,,3de77d05ace5,STRING
France_31,,0,UNRECOGNIZED,STRING,UNKNOWN,,,,,,,,3de77d05ace5,STRING
France_32,1,1,MATCHED,49,DIVISION,Land transport and transport via pipelines,H,Transportation and storage,49,Land transport and transport via pipelines,,,3de77d05ace5,49
France_33,1,1,MATCHED,620,GROUP,"Computer programming, consultancy and related activities",J,Information and communication,62,"Computer programming, consultancy and related activities",620,"Computer programming, consultancy and related activities",3de77d05ace5,620
France_35,1,1,MATCHED,4791,CLASS,Retail sale via mail order houses or via Internet,G,Wholesale and retail trade; repair of motor vehicles and motorcycles,47,"Retail trade, except of motor vehicles and motorcycles",479,"Retail trade not in stores, stalls or markets",3de77d05ace5,4791
France_37,1,1,MATCHED,6201,CLASS,Computer programming activities,J,Information and communication,62,"Computer programming, consultancy and related activities",620,"Computer programming, consultancy and related activities",3de77d05ace5,6201
France_34,1,1,MATCHED,6120,CLASS,Wireless telecommunications activities,J,Information and communication,61,Telecommunications,612,Wireless telecommunications activities,3de77d05ace5,6120
France_36,1,1,MATCHED,6201,CLASS,Computer programming activities,J,Information and communication,62,"Computer programming, consultancy and related activities",620,"Computer programming, consultancy and related activities",3de77d05ace5,6201
France_39,1,1,MATCHED,5510,CLASS,Short term accommodation activities,I,Accommodation and food service activities,55,Accommodation,551,Short term accommodation activities,3de77d05ace5,5510
France_41,,0,UNRECOGNIZED,STRING,UNKNOWN,,,,,,,,3de77d05ace5,STRING
France_38,1,1,MATCHED,35,DIVISION,"Electricity, gas, steam and air conditioning supply",D,"Electricity, gas, steam and air conditioning supply",35,"Electricity, gas, steam and air conditioning supply",,,3de77d05ace5,35
France_44,1,1,MATCHED,6201,CLASS,Computer programming activities,J,Information and communication,62,"Computer programming, consultancy and related activities",620,"Computer programming, consultancy and related activities",3de77d05ace5,6201
France_40,1,1,MATCHED,K,SECTION,Financial and insurance activities,K,Financial and insurance activities,,,,,3de77d05ace5,K
France_45,1,1,MATCHED,4659,CLASS,Wholesale of other machinery and equipment,G,Wholesale and retail trade; repair of motor vehicles and motorcycles,46,"Wholesale trade, except of motor vehicles and motorcycles",465,"Wholesale of machinery, equipment and supplies",3de77d05ace5,4659
France_43,1,1,MATCHED,61,DIVISION,Telecommunications,J,Information and communication,61,Telecommunications,,,3de77d05ace5,61
France_42,1,1,MATCHED,6201,CLASS,Computer programming activities,J,Information and communication,62,"Computer programming, consultancy and related activities",620,"Computer programming, consultancy and related activities",3de77d05ace5,6201
France_46,,0,UNRECOGNIZED,STRING,UNKNOWN,,,,,,,,3de77d05ace5,STRING
France_47,,0,UNRECOGNIZED,STRING,UNKNOWN,,,,,,,,3de77d05ace5,STRING
France_49,,0,UNRECOGNIZED,STRING:6201,UNKNOWN,,,,,,,,3de77d05ace5,STRING:6201
France_51,1,1,MATCHED,O,SECTION,Public administration and defence; compulsory social security,O,Public administration and defence; compulsory social security,,,,,3de77d05ace5,O
France_52,1,1,MATCHED,8411,CLASS,General public administration activities,O,Public administration and defence; compulsory social security,84,Public administration and defence; compulsory social security,841,Administration of the State and the economic and social policy of the community,3de77d05ace5,8411
France_48,1,1,MATCHED,73,DIVISION,Advertising and market research,M,"Professional, scientific and technical activities",73,Advertising and market research,,,3de77d05ace5,73
France_50,1,1,MATCHED,J,SECTION,Information and communication,J,Information and communication,,,,,3de77d05ace5,J
France_53,1,1,MATCHED,5229,CLASS,Other transportation support activities,H,Transportation and storage,52,Warehousing and support activities for transportation,522,Support activities for transportation,3de77d05ace5,5229
France_54,1,1,MATCHED,6420,CLASS,Activities of holding companies,K,Financial and insurance activities,64,"Financial service activities, except insurance and pension funding",642,Activities of holding companies,3de77d05ace5,6420
France_55,1,1,MATCHED,6311,CLASS,"Data processing, hosting and related activities",J,Information and communication,63,Information service activities,631,"Data processing, hosting and related activities; web portals",3de77d05ace5,6311
France_57,1,1,MATCHED,84,DIVISION,Public administration and defence; compulsory social security,O,Public administration and defence; compulsory social security,84,Public administration and defence; compulsory social security,,,3de77d05ace5,84
France_56,1,1,MATCHED,6311,CLASS,"Data processing, hosting and related activities",J,Information and communication,63,Information service activities,631,"Data processing, hosting and related activities; web portals",3de77d05ace5,6311
France_58,,0,UNRECOGNIZED,STRING,UNKNOWN,,,,,,,,3de77d05ace5,STRING
France_59,,0,UNRECOGNIZED,NOT_MENTIONED,UNKNOWN,,,,,,,,3de77d05ace5,NOT_MENTIONED
France_61,1,1,MATCHED,62,DIVISION,"Computer programming, consultancy and related activities",J,Information and communication,62,"Computer programming, consultancy and related activities",,,3de77d05ace5,62
France_64,,0,UNRECOGNIZED,NOT_DISCUSSED,UNKNOWN,,,,,,,,3de77d05ace5,NOT_DISCUSSED
France_60,1,1,MATCHED,6312,CLASS,Web portals,J,Information and communication,63,Information service activities,631,"Data processing, hosting and related activities; web portals",3de77d05ace5,6312
France_63,1,1,MATCHED,6201,CLASS,Computer programming activities,J,Information and communication,62,"Computer programming, consultancy and related activities",620,"Computer programming, consultancy and related activities",3de77d05ace5,6201
France_67,,0,UNRECOGNIZED,NOT_DISCUSSED,UNKNOWN,,,,,,,,3de77d05ace5,NOT_DISCUSSED
France_62,1,1,MATCHED,4742,CLASS,Retail sale of audio and video equipment in specialized stores,G,Wholesale and retail trade; repair of motor vehicles and motorcycles,47,"Retail trade, except of motor vehicles and motorcycles",474,Retail sale of information and communications equipment in specialized stores,3de77d05ace5,4742
France_65,,0,UNRECOGNIZED,STRING,UNKNOWN,,,,,,,,3de77d05ace5,STRING
France_70,,0,UNRECOGNIZED,NOT_DISCUSSED,UNKNOWN,,,,,,,,3de77d05ace5,NOT_DISCUSSED
France_66,1,1,MATCHED,6201,CLASS,Computer programming activities,J,Information and communication,62,"Computer programming, consultancy and related activities",620,"Computer programming, consultancy and related activities",3de77d05ace5,6201
France_69,,0,UNRECOGNIZED,NOT_MENTIONED,UNKNOWN,,,,,,,,3de77d05ace5,NOT_MENTIONED
France_68,1,1,MATCHED,6312,CLASS,Web portals,J,Information and communication,63,Information service activities,631,"Data processing, hosting and related activities; web portals",3de77d05ace5,6312
Finland_3,,0,UNRECOGNIZED,NOT_DISCUSSED,UNKNOWN,,,,,,,,3de77d05ace5,NOT_DISCUSSED
Finland_2,1,1,MATCHED,86,DIVISION,Human health activities,Q,Human health and social work activities,86,Human health activities,,,3de77d05ace5,86
Finland_6,1,1,MATCHED,6499,CLASS,"Other financial service activities, except insurance and pension funding activities, n.e.c.",K,Financial and insurance activities,64,"Financial service activities, except insurance and pension funding",649,"Other financial service activities, except insurance and pension funding activities",3de77d05ace5,6499
Finland_4,1,1,MATCHED,6311,CLASS,"Data processing, hosting and related activities",J,Information and communication,63,Information service activities,631,"Data processing, hosting and related activities; web portals",3de77d05ace5,6311
Finland_7,1,1,MATCHED,6311,CLASS,"Data processing, hosting and related activities",J,Information and communication,63,Information service activities,631,"Data processing, hosting and related activities; web portals",3de77d05ace5,6311
Finland_5,,0,UNRECOGNIZED,STRING,UNKNOWN,,,,,,,,3de77d05ace5,STRING
Finland_8,,0,UNRECOGNIZED,STRING,UNKNOWN,,,,,,,,3de77d05ace5,STRING
Finland_12,,0,UNRECOGNIZED,STRING,UNKNOWN,,,,,,,,3de77d05ace5,STRING
Finland_9,1,1,MATCHED,8690,CLASS,Other human health activities,Q,Human health and social work activities,86,Human health activities,869,Other human health activities,3de77d05ace5,8690
Finland_13,1,1,MATCHED,8411,CLASS,General public administration activities,O,Public administration and defence; compulsory social security,84,Public administration and defence; compulsory social security,841,Administration of the State and the economic and social policy of the community,3de77d05ace5,8411
Finland_10,1,1,MATCHED,8610,CLASS,Hospital activities,Q,Human health and social work activities,86,Human health activities,861,Hospital activities,3de77d05ace5,8610
Finland_11,,0,UNRECOGNIZED,NOT_DISCUSSED,UNKNOWN,,,,,,,,3de77d05ace5,NOT_DISCUSSED
Finland_14,,0,UNRECOGNIZED,STRING,UNKNOWN,,,,,,,,3de77d05ace5,STRING
Finland_15,,0,UNRECOGNIZED,Accommodation service,UNKNOWN,,,,,,,,3de77d05ace5,Accommodation service
Finland_16,1,1,MATCHED,5221,CLASS,Service activities incidental to land transportation,H,Transportation and storage,52,Warehousing and support activities for transportation,522,Support activities for transportation,3de77d05ace5,5221
Finland_17,,0,UNRECOGNIZED,NOT_MENTIONED,UNKNOWN,,,,,,,,3de77d05ace5,NOT_MENTIONED
Finland_19,1,1,MATCHED,73,DIVISION,Advertising and market research,M,"Professional, scientific and technical activities",73,Advertising and market research,,,3de77d05ace5,73
Finland_18,,0,UNRECOGNIZED,STRING,UNKNOWN,,,,,,,,3de77d05ace5,STRING
Finland_20,,0,UNRECOGNIZED,NOT_MENTIONED,UNKNOWN,,,,,,,,3de77d05ace5,NOT_MENTIONED
Finland_21,,0,UNRECOGNIZED,NOT_MENTIONED,UNKNOWN,,,,,,,,3de77d05ace5,NOT_MENTIONED
Finland_23,,0,UNRECOGNIZED,NOT_MENTIONED,UNKNOWN,,,,,,,,3de77d05ace5,NOT_MENTIONED
Finland_22,1,1,MATCHED,6419,CLASS,Other monetary intermediation,K,Financial and insurance activities,64,"Financial service activities, except insurance and pension funding",641,Monetary intermediation,3de77d05ace5,6419
Finland_26,,0,UNRECOGNIZED,NOT_MENTIONED,UNKNOWN,,,,,,,,3de77d05ace5,NOT_MENTIONED
Finland_25,1,1,MATCHED,8411,CLASS,General public administration activities,O,Public administration and defence; compulsory social security,84,Public administration and defence; compulsory social security,841,Administration of the State and the economic and social policy of the community,3de77d05ace5,8411
Finland_24,1,1,MATCHED,6512,CLASS,Non-life insurance,K,Financial and insurance activities,65,"Insurance, reinsurance and pension funding, except compulsory social security",651,Insurance,3de77d05ace5,6512
Finland_28,,0,UNRECOGNIZED,NOT_DISCUSSED,UNKNOWN,,,,,,,,3de77d05ace5,NOT_DISCUSSED
Finland_27,,0,UNRECOGNIZED,NOT_MENTIONED,UNKNOWN,,,,,,,,3de77d05ace5,NOT_MENTIONED
Finland_29,1,1,MATCHED,4711,CLASS,"Retail sale in non-specialized stores with food, beverages or tobacco predominating",G,Wholesale and retail trade; repair of motor vehicles and motorcycles,47,"Retail trade, except of motor vehicles and motorcycles",471,Retail sale in non-specialized stores,3de77d05ace5,4711
Finland_31,,0,UNRECOGNIZED,STRING,UNKNOWN,,,,,,,,3de77d05ace5,STRING
Finland_32,1,1,MATCHED,86,DIVISION,Human health activities,Q,Human health and social work activities,86,Human health activities,,,3de77d05ace5,86
Finland_30,,0,UNRECOGNIZED,STRING,UNKNOWN,,,,,,,,3de77d05ace5,STRING
Finland_34,,0,UNRECOGNIZED,NOT_DISCUSSED,UNKNOWN,,,,,,,,3de77d05ace5,NOT_DISCUSSED
Finland_33,,0,UNRECOGNIZED,NOT_MENTIONED,UNKNOWN,,,,,,,,3de77d05ace5,NOT_MENTIONED
Finland_35,1,1,MATCHED,8423,CLASS,Public order and safety activities,O,Public administration and defence; compulsory social security,84,Public administration and defence; compulsory social security,842,Provision of services to the community as a whole,3de77d05ace5,8423
Finland_37,,0,UNRECOGNIZED,STRING,UNKNOWN,,,,,,,,3de77d05ace5,STRING
Finland_36,1,1,MATCHED,6499,CLASS,"Other financial service activities, except insurance and pension funding activities, n.e.c.",K,Financial and insurance activities,64,"Financial service activities, except insurance and pension funding",649,"Other financial service activities, except insurance and pension funding activities",3de77d05ace5,6499
Finland_38,,0,UNRECOGNIZED,STRING,UNKNOWN,,,,,,,,3de77d05ace5,STRING
Finland_42,1,1,MATCHED,8510,CLASS,Pre-primary and primary education,P,Education,85,Education,851,Pre-primary and primary education,3de77d05ace5,8510
Finland_41,,0,UNRECOGNIZED,NOT_MENTIONED,UNKNOWN,,,,,,,,3de77d05ace5,NOT_MENTIONED
Finland_40,,0,UNRECOGNIZED,STRING,UNKNOWN,,,,,,,,3de77d05ace5,STRING
Finland_43,1,1,MATCHED,8510,CLASS,Pre-primary and primary education,P,Education,85,Education,851,Pre-primary and primary education,3de77d05ace5,8510
Finland_39,1,1,MATCHED,9101,CLASS,Library and archives activities,R,"Arts, entertainment and recreation",91,"Libraries, archives, museums and other cultural activities",910,"Libraries, archives, museums and other cultural activities",3de77d05ace5,9101
Finland_44,1,1,MATCHED,J,SECTION,Information and communication,J,Information and communication,,,,,3de77d05ace5,J
