{
  "clustering_diagnostics": {
    "method": "PCA_KMeans",
    "n_clusters": 6,
    "silhouette_score": 0.22024318165090076,
    "pca_explained_variance": 0.801705492138628,
    "n_components": 11,
    "silhouette_scores": [
      [
        2,
        0.14822939339009228
      ],
      [
        3,
        0.1538269887440027
      ],
      [
        4,
        0.16640082709149262
      ],
      [
        5,
        0.18657647701278657
      ],
      [
        6,
        0.22024318165090076
      ]
    ],
    "inertias": [
      [
        2,
        2871.2384317866463
      ],
      [
        3,
        2591.048673431314
      ],
      [
        4,
        2361.687328858985
      ],
      [
        5,
        2161.0441839643786
      ],
      [
        6,
        1948.9117319729912
      ]
    ]
  },
  "cluster_profiles": [
    {
      "cluster_id": "0",
      "name": "Cluster_0: Country No, Vulnerable Subjects, Channel Breach Notification",
      "description": "Characterized by country no, vulnerable subjects, channel breach notification",
      "size": 15,
      "characteristics": {
        "breach_type_organizational_failure": 0.6,
        "breach_type_technical_failure": 0.26666666666666666,
        "special_article9": 0.5333333333333333,
        "vulnerable_subjects": 0.8,
        "channel_breach_notification": 0.7333333333333333,
        "country_no": 1.0,
        "timing_compliant": 0.4
      },
      "expected_outcomes": {
        "fine_probability": 0.8666666666666667,
        "avg_log_fine": 11.257258333333333,
        "severity_index": 1.8
      }
    },
    {
      "cluster_id": "1",
      "name": "Cluster_1: Channel Breach Notification, Vulnerable Subjects, Subjects Notified",
      "description": "Characterized by channel breach notification, vulnerable subjects, subjects notified",
      "size": 72,
      "characteristics": {
        "breach_type_cyber_attack": 0.4861111111111111,
        "special_article9": 0.5694444444444444,
        "special_article10": 0.06944444444444445,
        "vulnerable_subjects": 0.6388888888888888,
        "channel_breach_notification": 0.9583333333333334,
        "country_it": 0.20833333333333334,
        "timing_compliant": 0.5277777777777778,
        "subjects_notified": 0.5833333333333334
      },
      "expected_outcomes": {
        "fine_probability": 0.7222222222222222,
        "avg_log_fine": 8.687297944444445,
        "severity_index": 1.6805555555555556
      }
    },
    {
      "cluster_id": "2",
      "name": "Cluster_2: Channel Complaint, Breach Type Human Error, Country Es",
      "description": "Characterized by channel complaint, breach type human error, country es",
      "size": 63,
      "characteristics": {
        "breach_type_human_error": 0.6190476190476191,
        "channel_complaint": 0.9206349206349206,
        "country_es": 0.6190476190476191,
        "country_gr": 0.09523809523809523
      },
      "expected_outcomes": {
        "fine_probability": 0.6031746031746031,
        "avg_log_fine": 6.6139321129032265,
        "severity_index": 1.492063492063492
      }
    },
    {
      "cluster_id": "3",
      "name": "Cluster_3: Breach Type Human Error, Channel Ex Officio Dpa Initiative, Country Pl",
      "description": "Characterized by breach type human error, channel ex officio dpa initiative, country pl",
      "size": 32,
      "characteristics": {
        "breach_type_human_error": 0.6875,
        "special_article9": 0.53125,
        "channel_ex_officio_dpa_initiative": 0.65625,
        "country_pl": 0.65625
      },
      "expected_outcomes": {
        "fine_probability": 0.875,
        "avg_log_fine": 10.22286858064516,
        "severity_index": 1.84375
      }
    },
    {
      "cluster_id": "4",
      "name": "Cluster_4: Remedial Actions, Country Fr, Breach Type Organizational Failure",
      "description": "Characterized by remedial actions, country fr, breach type organizational failure",
      "size": 8,
      "characteristics": {
        "breach_type_organizational_failure": 0.625,
        "breach_type_technical_failure": 0.5,
        "remedial_actions": 1.0,
        "channel_ex_officio_dpa_initiative": 0.25,
        "country_fr": 1.0,
        "timing_compliant": 0.375
      },
      "expected_outcomes": {
        "fine_probability": 0.875,
        "avg_log_fine": 10.683463125,
        "severity_index": 1.75
      }
    },
    {
      "cluster_id": "5",
      "name": "Cluster_5: Country Ro, Channel Breach Notification, Breach Type Organizational Failure",
      "description": "Characterized by country ro, channel breach notification, breach type organizational failure",
      "size": 18,
      "characteristics": {
        "breach_type_organizational_failure": 0.3888888888888889,
        "channel_breach_notification": 0.6666666666666666,
        "country_ro": 0.8888888888888888
      },
      "expected_outcomes": {
        "fine_probability": 1.0,
        "avg_log_fine": 9.061435444444445,
        "severity_index": 2.0
      }
    }
  ],
  "cluster_mapping": {
    "0": 1,
    "1": 1,
    "4": 1,
    "5": 1,
    "6": 1,
    "9": 2,
    "10": 1,
    "11": 2,
    "14": 1,
    "17": 2,
    "21": 1,
    "22": 1,
    "24": 1,
    "29": 1,
    "31": 3,
    "40": 1,
    "44": 1,
    "45": 1,
    "54": 1,
    "57": 3,
    "69": 1,
    "81": 2,
    "103": 2,
    "111": 1,
    "121": 2,
    "123": 1,
    "125": 2,
    "126": 1,
    "128": 2,
    "130": 1,
    "138": 2,
    "143": 2,
    "153": 2,
    "155": 2,
    "156": 2,
    "166": 2,
    "174": 2,
    "205": 2,
    "212": 2,
    "236": 2,
    "248": 2,
    "257": 2,
    "262": 2,
    "265": 2,
    "272": 2,
    "278": 2,
    "299": 2,
    "322": 2,
    "325": 3,
    "326": 1,
    "351": 1,
    "363": 2,
    "370": 2,
    "378": 2,
    "396": 2,
    "404": 2,
    "407": 2,
    "437": 1,
    "449": 1,
    "456": 1,
    "475": 2,
    "500": 1,
    "516": 2,
    "532": 2,
    "547": 2,
    "563": 2,
    "586": 2,
    "592": 2,
    "654": 2,
    "659": 2,
    "708": 2,
    "713": 3,
    "714": 2,
    "807": 5,
    "817": 5,
    "818": 5,
    "821": 5,
    "835": 5,
    "843": 5,
    "860": 5,
    "874": 5,
    "883": 5,
    "904": 5,
    "908": 5,
    "920": 5,
    "923": 5,
    "927": 5,
    "959": 5,
    "966": 5,
    "973": 1,
    "975": 3,
    "986": 3,
    "989": 3,
    "990": 3,
    "991": 3,
    "997": 1,
    "998": 1,
    "999": 3,
    "1000": 1,
    "1001": 3,
    "1002": 1,
    "1003": 1,
    "1004": 1,
    "1005": 3,
    "1007": 3,
    "1008": 3,
    "1009": 2,
    "1010": 2,
    "1012": 2,
    "1014": 1,
    "1015": 2,
    "1016": 3,
    "1017": 3,
    "1018": 1,
    "1020": 1,
    "1021": 3,
    "1023": 3,
    "1024": 3,
    "1025": 3,
    "1026": 3,
    "1027": 3,
    "1028": 3,
    "1029": 3,
    "1031": 3,
    "1034": 1,
    "1037": 1,
    "1040": 0,
    "1042": 0,
    "1047": 0,
    "1050": 0,
    "1055": 0,
    "1058": 0,
    "1062": 0,
    "1063": 0,
    "1064": 0,
    "1071": 0,
    "1072": 0,
    "1073": 0,
    "1080": 0,
    "1089": 0,
    "1103": 0,
    "1122": 1,
    "1126": 2,
    "1130": 3,
    "1134": 3,
    "1135": 1,
    "1138": 2,
    "1159": 2,
    "1211": 1,
    "1214": 1,
    "1216": 2,
    "1218": 1,
    "1236": 1,
    "1272": 1,
    "1281": 1,
    "1338": 2,
    "1394": 2,
    "1403": 1,
    "1404": 1,
    "1405": 1,
    "1419": 1,
    "1432": 1,
    "1452": 1,
    "1462": 2,
    "1476": 1,
    "1481": 1,
    "1486": 1,
    "1512": 5,
    "1513": 3,
    "1517": 2,
    "1542": 1,
    "1548": 5,
    "1553": 1,
    "1554": 1,
    "1602": 1,
    "1661": 3,
    "1673": 1,
    "1687": 1,
    "1694": 1,
    "1741": 1,
    "1754": 2,
    "1794": 2,
    "1798": 2,
    "1800": 2,
    "1813": 1,
    "1835": 2,
    "1837": 2,
    "1847": 2,
    "1863": 3,
    "1864": 3,
    "1866": 2,
    "1870": 3,
    "1879": 1,
    "1895": 4,
    "1904": 4,
    "1915": 4,
    "1916": 4,
    "1918": 4,
    "1927": 4,
    "1935": 4,
    "1952": 4,
    "1962": 1,
    "1965": 1,
    "1968": 1,
    "1972": 1,