analysis,estimate,ci_lower,ci_upper
timing_fine_positive,0.03872754888325028,-0.007482283605376693,0.16167361467768748
timing_fine_log1p,1.2722638493465355,-0.8626972572738711,4.1807687640455935
timing_severity_index,0.08523693193946448,-0.18097236746526169,0.2531752127632546
notify_fine_positive,0.05329866976752039,-0.06377482733108028,0.17166785021440362
notify_fine_log1p,-0.49937514806310634,-1.6448556599467081,3.657293390836063
notify_severity_index,0.056682809357839294,-0.143929253726788,0.5175672058338727
