analysis,estimate,ci_lower,ci_upper
timing_fine_positive,0.03873203999911219,-0.007435001655481916,0.16159054041507842
timing_fine_log1p,1.2723376200019707,-0.8624679988924588,4.18096446819538
timing_severity_index,0.08525090648277091,-0.18093906306668084,0.2531995040870687
notify_fine_positive,0.053298475583351615,-0.06377695564465784,0.17159586692923334
notify_fine_log1p,-0.4991981862519398,-1.6447290866789162,3.6573607782383157
notify_severity_index,0.05668027047566096,-0.14391655564735728,0.5175674368300461
