decision_id,dpa_name_canonical,severity_label,severity_rank,severity_expected
United Kingdom_18,Information Commissioner's Office,FINE_ONLY,3,3.0038389249409754
United Kingdom_20,Information Commissioner's Office,REMEDIAL_ONLY,2,2.0019726982459227
United Kingdom_10,STRING,NONE,0,1.7062676515831545e-05
United Kingdom_7,STRING,NONE,0,0.12549207578012983
United Kingdom_16,Information Commissioner's Office,FINE_ONLY,3,3.0067101204060456
United Kingdom_17,Information Commissioner's Office,FINE_ONLY,3,3.003701353106692
United Kingdom_21,Information Commissioner's Office,FINE_ONLY,3,3.0013613880778682
United Kingdom_19,Information Commissioner's Office,FINE_ONLY,3,3.0019852271277183
United Kingdom_26,Information Commissioner's Office,REMEDIAL_ONLY,2,2.003527066350745
United Kingdom_25,Information Commissioner's Office,REMEDIAL_ONLY,2,1.998677941626771
United Kingdom_23,Information Commissioner's Office,FINE_ONLY,3,3.000671182828401
United Kingdom_24,Information Commissioner's Office,REMEDIAL_ONLY,2,2.0208579923346117
United Kingdom_29,Information Commissioner's Office,FINE_ONLY,3,3.0034419818024967
United Kingdom_27,Information Commissioner's Office,FINE_ONLY,3,2.9969382908575866
United Kingdom_28,Information Commissioner's Office,FINE_ONLY,3,3.00313577756413
United Kingdom_22,Information Commissioner's Office,FINE_ONLY,3,2.9921903187022485
United Kingdom_30,Information Commissioner's Office,REMEDIAL_ONLY,2,2.0023798656645084
United Kingdom_32,Information Commissioner's Office,NONE,0,0.012247360418334038
United Kingdom_33,STRING,REMEDIAL_ONLY,2,1.9681395218284605
United Kingdom_31,Information Commissioner's Office,REMEDIAL_ONLY,2,2.0251601956831484
United Kingdom_36,NOT_DISCUSSED,NONE,0,0.0012646945783738271
United Kingdom_34,Information Commissioner's Office,FINE_ONLY,3,3.0003359467514352
United Kingdom_37,The Information Commissioner's Office,REMEDIAL_ONLY,2,1.999123522961239
United Kingdom_35,Information Commissioner's Office,REMEDIAL_ONLY,2,1.9962930140693191
United Kingdom_39,Information Commissioner's Office,REMEDIAL_ONLY,2,1.999815172718088
United Kingdom_45,Information Commissioner's Office,REMEDIAL_ONLY,2,2.003105327403845
United Kingdom_40,Information Commissioner's Office,FINE_ONLY,3,2.995128205510697
United Kingdom_43,The Information Commissioner,REMEDIAL_ONLY,2,2.016320943130249
United Kingdom_44,Information Commissioner's Office,FINE_ONLY,3,3.0034485886577116
United Kingdom_41,Information Commissioner's Office,FINE_ONLY,3,2.9994558460552287
United Kingdom_46,Information Commissioner's Office,REMEDIAL_ONLY,2,1.981546541991745
United Kingdom_48,The Information Commissioner,REMEDIAL_ONLY,2,1.9938589865720897
United Kingdom_53,Information Commissioner's Office,FINE_PLUS,4,3.9637067224315703
United Kingdom_52,Information Commissioner's Office,FINE_ONLY,3,2.999889165677632
United Kingdom_51,Information Commissioner's Office,FINE_ONLY,3,2.9994109220416783
United Kingdom_47,Information Commissioner's Office,FINE_PLUS,4,3.942886199086061
United Kingdom_49,The Information Commissioner,REMEDIAL_ONLY,2,1.998437376079162
United Kingdom_50,Information Commissioner's Office,REMEDIAL_ONLY,2,2.0111102086210573
United Kingdom_38,,NONE,0,0.002803470101901616
United Kingdom_54,UNCLEAR,NONE,0,0.0006748888087476173
United Kingdom_55,Information Commissioner's Office,REMEDIAL_ONLY,2,1.9987412318817146
United Kingdom_59,Information Commissioner's Office,FINE_ONLY,3,3.002519643748699
United Kingdom_56,Information Commissioner's Office,FINE_ONLY,3,2.9886182071819487
United Kingdom_61,STRING,FINE_ONLY,3,2.9843760642603354
United Kingdom_60,Information Commissioner's Office,FINE_ONLY,3,3.0007297444550285
United Kingdom_57,Information Commissioner's Office,FINE_ONLY,3,2.9986966696973902
United Kingdom_63,NOT_DISCUSSED,NONE,0,0.0012646945783738271
United Kingdom_62,Information Commissioner's Office,FINE_ONLY,3,2.9957151019358506
Sweden_2,Swedish Data Protection Authority,FINE_PLUS,4,3.9935793513769693
Sweden_3,Datainspektionen,FINE_PLUS,4,3.994980719324801
Sweden_4,Datainspektionen,FINE_PLUS,4,3.994980719324801
Sweden_1,Datainspektionen,FINE_PLUS,4,3.9988160088205467
United Kingdom_58,,NONE,0,0.002803470101901616
Sweden_5,Datainspektionen,FINE_PLUS,4,3.9921275675626
Sweden_7,Datainspektionen,FINE_PLUS,4,3.9958837868054884
Sweden_6,Datainspektionen,REMEDIAL_ONLY,2,2.004637950568876
Sweden_8,,NONE,0,0.002803470101901616
Sweden_9,The Data Inspectorate,FINE_ONLY,3,3.005236703974898
Sweden_10,The Data Inspectorate,FINE_PLUS,4,3.9972806765401105
Sweden_11,Datainspektionen,FINE_ONLY,3,3.000367715024128
Sweden_12,Integritetsskyddsmyndigheten (IMY),REMEDIAL_ONLY,2,2.002251592623032
Sweden_14,Integritetsskyddsmyndigheten (IMY),FINE_PLUS,4,3.998566374550294
Sweden_15,Integritetsskyddsmyndigheten (IMY),REMEDIAL_ONLY,2,2.0022082137086255
Sweden_18,Integritetsskyddsmyndigheten,FINE_ONLY,3,3.0045730444853
Sweden_13,Integritetsskyddsmyndigheten (IMY),REMEDIAL_ONLY,2,2.0024718907666634
Sweden_16,Swedish Authority for Privacy Protection,REMEDIAL_ONLY,2,2.001228352433673
Sweden_20,Integritetsskyddsmyndigheten (IMY),FINE_ONLY,3,3.001649535502641
Sweden_21,Integritetsskyddsmyndigheten (IMY),REMEDIAL_ONLY,2,2.0017834372663645
Sweden_22,Integritetsskyddsmyndigheten (IMY),FINE_PLUS,4,3.9971497725307676
Sweden_23,Integrity Protection Authority,FINE_ONLY,3,3.000520709939929
Sweden_26,Integritetsskyddsmyndigheten,REMEDIAL_ONLY,2,1.9984501585941155
Sweden_24,Integritetsskyddsmyndigheten (IMY),FINE_ONLY,3,3.0040664062774627
Sweden_27,Integrity Protection Authority,NONE,0,0.0072745700168971444
Sweden_30,Integritetsskyddsmyndigheten,REMEDIAL_ONLY,2,2.002127038911713
Sweden_31,Integritetsskyddsmyndigheten,REMEDIAL_ONLY,2,2.0023512197014814
Sweden_33,The Swedish Privacy Protection Agency (IMY),REMEDIAL_ONLY,2,2.0058082252435057
Sweden_29,Swedish Authority for Privacy Protection,FINE_PLUS,4,3.9999975437703825
Sweden_32,Swedish Authority for Privacy Protection,REMEDIAL_ONLY,2,2.0141228313549195
Sweden_36,Integritetsskyddsmyndigheten (IMY),FINE_PLUS,4,3.995729757074006
Sweden_34,Integritetsskyddsmyndigheten (IMY),REMEDIAL_ONLY,2,2.0035617303285065
Sweden_35,Integritetsskyddsmyndigheten (IMY),FINE_ONLY,3,3.00584740044954
Sweden_37,Integritetsskyddsmyndigheten,FINE_ONLY,3,3.0034126542000723
Sweden_38,Swedish Authority for Privacy Protection (IMY),REMEDIAL_ONLY,2,2.0011163998166404
Sweden_40,Swedish Authority for Privacy Protection (IMY),REMEDIAL_ONLY,2,1.9766455163729375
Sweden_41,Swedish Authority for Privacy Protection (IMY),REMEDIAL_ONLY,2,1.9953235860431162
Sweden_39,Integritetsskyddsmyndigheten (IMY),FINE_ONLY,3,3.0040290523370317
Sweden_44,Swedish Authority for Privacy Protection (IMY),REMEDIAL_ONLY,2,1.9979768777328415
Sweden_42,Integritetsskyddsmyndigheten (IMY),FINE_ONLY,3,3.001667252213017
Sweden_43,Integrity Protection Authority,FINE_ONLY,3,3.0021303235161967
Sweden_46,STRING,NONE,0,8.2991857665431e-05
Sweden_45,Swedish Authority for Privacy Protection (IMY),REMEDIAL_ONLY,2,1.999376870947143
Sweden_47,Swedish Authority for Privacy Protection (IMY),REMEDIAL_ONLY,2,1.9999212811583844
Sweden_48,Integritetsskyddsmyndigheten (IMY),REMEDIAL_ONLY,2,2.002144338637243
Sweden_49,Integritetsskyddsmyndigheten (IMY),FINE_ONLY,3,3.0024315407603486
Sweden_50,Swedish Authority for Privacy Protection,REMEDIAL_ONLY,2,1.9996456794144024
Spain_1,Spanish Agency for Data Protection,NONE,0,0.004642423799725825
Sweden_54,Integritetsskyddsmyndigheten,REMEDIAL_ONLY,2,2.0005230471921474
Sweden_57,Swedish Data Protection Authority,NONE,0,0.004120810122354693
Sweden_52,Integritetsskyddsmyndigheten,REMEDIAL_ONLY,2,2.00146635608283
Sweden_51,Integritetsskyddsmyndigheten (IMY),REMEDIAL_ONLY,2,1.993723301839036
Sweden_53,Swedish Authority for Privacy Protection (IMY),FINE_ONLY,3,3.0015339307920055
Spain_3,Spanish Agency for Data Protection,REMEDIAL_ONLY,2,2.0184488267452214
Spain_2,Agencia Española de Protección de Datos,REMEDIAL_ONLY,2,1.9991061308615405
Spain_4,Spanish Data Protection Agency,FINE_PLUS,4,3.9972320322175947
Spain_6,Spanish Data Protection Agency (AEPD),NONE,0,0.0066985789578139585
Spain_5,Spanish Agency for Data Protection,NONE,0,0.005471957066114613
Spain_7,Spanish Data Protection Agency,NONE,0,0.009600602250412963
Spain_8,Spanish Agency for Data Protection,NONE,0,0.0036790126234499875
Spain_9,Spanish Agency for Data Protection,NONE,0,0.004016008641375229
Spain_10,Spanish Agency for Data Protection,REMEDIAL_ONLY,2,2.001006304290676
Spain_12,Spanish Agency for Data Protection,NONE,0,0.0017627573776015217
Spain_11,Spanish Agency for Data Protection,REMEDIAL_ONLY,2,2.001118135151677
Spain_15,Spanish Agency for Data Protection,NONE,0,0.004016008641375229
Spain_13,Spanish Agency for Data Protection,NONE,0,0.005346355973566915
Spain_16,Spanish Agency for Data Protection,NONE,0,0.006201888227782908
Spain_14,Spanish Agency for Data Protection,NONE,0,0.009922028473737757
Spain_17,Spanish Agency for Data Protection,NONE,0,0.004016008641375229
Spain_18,Spanish Agency for Data Protection,NONE,0,0.01471562968559831
Spain_19,Spanish Agency for Data Protection,NONE,0,0.004016008641375229
Spain_20,Spanish Agency for Data Protection,NONE,0,0.00500225917797675
Spain_21,Spanish Data Protection Agency,NONE,0,0.01331079863606787
Spain_22,Spanish Data Protection Agency,NONE,0,0.006185927106129056
Spain_23,STRING,NONE,0,0.0015141028897742385
Spain_25,Spanish Agency for Data Protection,NONE,0,0.014859157118979588
Spain_24,Spanish Data Protection Agency,NONE,0,0.014648317392324339
Spain_26,Spanish Data Protection Agency,NONE,0,0.006185927106129056
Spain_27,Spanish Data Protection Agency,NONE,0,0.019986677019782195
Spain_28,Spanish Agency for Data Protection,NONE,0,0.008735574813187558
Spain_30,Spanish Data Protection Agency,REMEDIAL_ONLY,2,2.0007099559259514
Spain_32,Spanish Data Protection Agency,NONE,0,0.006095259439738151
Spain_29,Spanish Agency for Data Protection,NONE,0,0.01469312063913572
Spain_31,Spanish Agency for Data Protection,NONE,0,0.011246991192075938
Spain_33,Spanish Agency for Data Protection,NONE,0,0.004642423799725825
Spain_35,Spanish Data Protection Agency,NONE,0,0.004570896494882225
Spain_34,Spanish Data Protection Agency,REMEDIAL_ONLY,2,2.002472922259095
Spain_36,Spanish Agency for Data Protection,FINE_ONLY,3,2.9267392784826134
Spain_38,Spanish Data Protection Agency,FINE_ONLY,3,3.0042996642235336
Spain_40,Spanish Data Protection Agency,FINE_PLUS,4,3.9961879477460855
Spain_41,Spanish Data Protection Agency,FINE_ONLY,3,3.0041699342070207
Spain_37,Spanish Data Protection Agency,NONE,0,0.004243159223825797
Spain_42,Spanish Agency for Data Protection,FINE_ONLY,3,3.001854776566033
Spain_43,Spanish Data Protection Agency,REMEDIAL_ONLY,2,1.9975640598189806
Spain_45,Spanish Agency for Data Protection,FINE_PLUS,4,3.998261870432411
Spain_47,Spanish Agency for Data Protection,FINE_ONLY,3,3.003747587887394
Spain_48,Spanish Data Protection Agency,NONE,0,0.0038672085757602507
Spain_51,Spanish Data Protection Agency,NONE,0,0.0005131659581191558
Spain_49,Spanish Data Protection Agency,FINE_ONLY,3,3.0027092495986207
Spain_46,Spanish Data Protection Agency,REMEDIAL_ONLY,2,2.008760477788153
Spain_52,Spanish Data Protection Agency,NONE,0,0.0049118048114665394
Spain_50,Spanish Agency for Data Protection,FINE_PLUS,4,3.9981471947268843
Spain_53,Spanish Data Protection Agency,FINE_PLUS,4,3.940503307083633
Spain_56,Spanish Data Protection Agency,NONE,0,0.005260485439627425
Spain_55,Spanish Agency for Data Protection,FINE_ONLY,3,3.0029583397816
Spain_54,Spanish Data Protection Agency,FINE_ONLY,3,2.999712634752819
Spain_57,Spanish Agency for Data Protection,FINE_PLUS,4,3.996620727587648
Spain_58,Spanish Agency for Data Protection,FINE_ONLY,3,3.0031454165159586
Spain_59,Spanish Data Protection Agency,FINE_ONLY,3,3.0040122323552447
Spain_61,Spanish Agency for Data Protection,FINE_ONLY,3,3.002454307301307
Spain_60,Spanish Data Protection Agency,FINE_ONLY,3,2.999350458214953
Spain_62,Spanish Agency for Data Protection,FINE_ONLY,3,3.004556139769965
Spain_63,Agencia Española de Protección de Datos,FINE_ONLY,3,2.9977524775571482
Spain_64,Spanish Data Protection Agency,FINE_PLUS,4,3.997830803335418
Spain_65,Spanish Data Protection Agency,FINE_ONLY,3,3.0027719693602677
Spain_66,Spanish Agency for Data Protection,REMEDIAL_ONLY,2,2.0247287908410736
Spain_67,Spanish Data Protection Agency,FINE_ONLY,3,3.00218857223378
Spain_69,Spanish Data Protection Agency,FINE_ONLY,3,3.0027719693602677
Spain_71,Spanish Agency for Data Protection,REMEDIAL_ONLY,2,2.0004204155481036
Spain_70,Spanish Agency for Data Protection,NONE,0,0.008126099720437546
Spain_68,Spanish Data Protection Agency,FINE_ONLY,3,3.004049629979677
Spain_73,Spanish Agency for Data Protection,REMEDIAL_ONLY,2,2.0004368518512665
Spain_74,Spanish Data Protection Agency,FINE_ONLY,3,3.0049397132016127
Spain_72,Spanish Data Protection Agency,REMEDIAL_ONLY,2,2.001504701384927
Spain_77,Spanish Data Protection Agency,NONE,0,0.00456236306995491
Spain_79,,NONE,0,0.002803470101901616
Spain_75,Spanish Data Protection Agency,FINE_ONLY,3,3.0031167089781623
Spain_81,Spanish Agency for Data Protection,REMEDIAL_ONLY,2,1.9957740980321932
Spain_78,Spanish Data Protection Agency,FINE_ONLY,3,3.0060828696150925
Spain_76,Spanish Agency for Data Protection,FINE_ONLY,3,3.006155674190686
Spain_82,Spanish Data Protection Agency,FINE_ONLY,3,3.0059153740756743
Spain_80,Spanish Data Protection Agency,FINE_ONLY,3,3.00272012403063
Spain_83,Spanish Data Protection Agency,REMEDIAL_ONLY,2,1.9956809133909514
Spain_85,Spanish Agency for Data Protection,FINE_PLUS,4,3.996234164687544
Spain_84,Spanish Data Protection Agency,REMEDIAL_ONLY,2,1.9923503484221285
Spain_87,Spanish Data Protection Agency,NONE,0,0.001088669506145998
Spain_86,Spanish Data Protection Agency,FINE_PLUS,4,3.979726571606233
Spain_88,Spanish Data Protection Agency,FINE_ONLY,3,3.0015947476439693
Spain_91,Spanish Data Protection Agency,FINE_PLUS,4,3.8486823330843367
Spain_93,Spanish Data Protection Agency,FINE_ONLY,3,3.0043608259483277
Spain_89,Spanish Data Protection Agency,FINE_ONLY,3,3.0036232996079844
Spain_90,Spanish Data Protection Agency,FINE_PLUS,4,3.99756697434045
Spain_94,Spanish Data Protection Agency,REMEDIAL_ONLY,2,2.003099165831324
Spain_95,Spanish Data Protection Agency,NONE,0,0.0049118048114665394
Spain_92,Agencia Española de Protección de Datos,REMEDIAL_ONLY,2,2.0029960801840425
Spain_96,Spanish Data Protection Agency,REMEDIAL_ONLY,2,2.0055854834098934
Spain_98,Spanish Data Protection Agency,REMEDIAL_ONLY,2,2.001948732513124
Spain_99,Spanish Data Protection Agency,NONE,0,0.02483089969432741
Spain_100,Spanish Data Protection Agency,FINE_PLUS,4,3.9956616533361884
Spain_97,Spanish Data Protection Agency,FINE_PLUS,4,3.99901625770606
Spain_103,Spanish Agency for Data Protection,FINE_ONLY,3,2.998681111917838
Spain_102,Spanish Data Protection Agency,REMEDIAL_ONLY,2,2.003381033699939
Spain_101,Spanish Data Protection Agency,FINE_ONLY,3,3.001787901346741
Spain_107,Spanish Data Protection Agency,FINE_ONLY,3,3.0054832898391255
Spain_105,Spanish Agency for Data Protection,REMEDIAL_ONLY,2,1.9985454483386034
Spain_106,Spanish Agency for Data Protection,FINE_ONLY,3,3.0033211065839316
Spain_104,Spanish Agency for Data Protection,FINE_ONLY,3,3.0027209208508943
Spain_108,Spanish Data Protection Agency,REMEDIAL_ONLY,2,2.0144713787098523
Spain_110,Spanish Data Protection Agency,FINE_ONLY,3,3.0002316308432113
Spain_111,Spanish Data Protection Agency,NONE,0,0.003949931937650133
Spain_109,Spanish Data Protection Agency,FINE_ONLY,3,3.000008118000776
Spain_112,Spanish Data Protection Agency,FINE_ONLY,3,3.001501121869622
Spain_116,Spanish Agency for Data Protection,FINE_ONLY,3,2.9999985779957448
Spain_117,Spanish Data Protection Agency,REMEDIAL_ONLY,2,1.99573382683497
Spain_115,Spanish Data Protection Agency,FINE_ONLY,3,3.001807928624571
Spain_114,Spanish Data Protection Agency,FINE_ONLY,3,3.0002316308432113
Spain_119,Spanish Agency for Data Protection,REMEDIAL_ONLY,2,1.9963484517308505
Spain_113,Spanish Agency for Data Protection,FINE_ONLY,3,3.00459607818515
Spain_118,Spanish Agency for Data Protection,FINE_PLUS,4,3.9960701560825425
Spain_121,Spanish Data Protection Agency,FINE_ONLY,3,3.0027719693602677
Spain_120,Spanish Data Protection Agency,FINE_ONLY,3,3.004172772079804
Spain_122,Spanish Data Protection Agency,FINE_PLUS,4,3.9932359484317037
Spain_124,Spanish Data Protection Agency,FINE_PLUS,4,3.9963498494785843
Spain_126,Spanish Data Protection Agency,FINE_ONLY,3,3.004627949307797
Spain_125,Spanish Data Protection Agency,FINE_PLUS,4,3.974541415630052
Spain_127,Spanish Data Protection Agency,FINE_PLUS,4,3.9717852764062513
Spain_123,Spanish Agency for Data Protection,FINE_PLUS,4,3.9985056536939236
Spain_130,Spanish Data Protection Agency,NONE,0,0.004800103760582226
Spain_129,Spanish Data Protection Agency,FINE_PLUS,4,3.972385178842549
Spain_128,Spanish Data Protection Agency,NONE,0,0.003949931937650133
Spain_133,Spanish Agency for Data Protection,REMEDIAL_ONLY,2,1.9985196157002207
Spain_131,Spanish Data Protection Agency,FINE_ONLY,3,3.000579919665307
Spain_132,Spanish Agency for Data Protection,FINE_ONLY,3,3.004384578654399
Spain_134,Spanish Data Protection Agency,FINE_ONLY,3,3.0051079465060555
Spain_137,Spanish Data Protection Agency,FINE_ONLY,3,3.0034729789356
Spain_135,Spanish Data Protection Agency,FINE_ONLY,3,3.004493878349044
Spain_136,Spanish Data Protection Agency,FINE_PLUS,4,3.9966170594612045
Spain_138,Spanish Data Protection Agency,FINE_PLUS,4,3.9967286879163906
Spain_139,Spanish Data Protection Agency,FINE_PLUS,4,3.993362586951681
Spain_141,Spanish Data Protection Agency,NONE,0,0.0014971017602234528
Spain_140,Spanish Data Protection Agency,FINE_PLUS,4,3.978631813677001
Spain_142,Spanish Data Protection Agency,FINE_ONLY,3,3.0054260023277397
Spain_143,Spanish Data Protection Agency,FINE_PLUS,4,3.9967834781219476
Spain_144,Spanish Agency for Data Protection,NONE,0,0.007248340701593378
Spain_146,Spanish Agency for Data Protection,FINE_ONLY,3,3.0027209208508943
Spain_147,Spanish Agency for Data Protection,FINE_ONLY,3,3.004437643983959
Spain_149,Spanish Data Protection Agency,FINE_PLUS,4,3.996428532770355
Spain_151,Agencia Española de Protección de Datos,FINE_PLUS,4,3.9734865477738803
Spain_150,Spanish Data Protection Agency,FINE_PLUS,4,3.988691023202188
Spain_152,Spanish Data Protection Agency,FINE_PLUS,4,3.997213288739393
Spain_154,Spanish Data Protection Agency,FINE_PLUS,4,3.973628072201008
Spain_153,Spanish Data Protection Agency,FINE_PLUS,4,3.985185437734873
Spain_155,Spanish Data Protection Agency,FINE_PLUS,4,3.9975814351575805
Spain_156,Spanish Data Protection Agency,FINE_PLUS,4,3.9768930681328056
Spain_158,Spanish Data Protection Agency,FINE_PLUS,4,3.9280498553674503
Spain_157,Spanish Data Protection Agency,FINE_PLUS,4,3.985582468841874
Spain_160,Spanish Data Protection Agency,FINE_ONLY,3,3.00515431389016
Spain_159,Spanish Data Protection Agency,FINE_ONLY,3,3.0054506621702197
Spain_162,Spanish Data Protection Agency,NONE,0,0.003949931937650133
Spain_161,Spanish Data Protection Agency,FINE_ONLY,3,3.000259245182419
Spain_164,Spanish Data Protection Agency,REMEDIAL_ONLY,2,1.9970815238207213
Spain_165,Spanish Data Protection Agency,FINE_ONLY,3,3.003162755944607
Spain_167,,NONE,0,0.002803470101901616
Spain_163,Spanish Data Protection Agency,FINE_PLUS,4,3.997863818550047
Spain_168,Spanish Data Protection Agency,REMEDIAL_ONLY,2,2.004151742124726
Spain_169,Spanish Data Protection Agency,FINE_ONLY,3,3.003775424851329
Spain_166,Spanish Data Protection Agency,FINE_PLUS,4,3.9964360273437034
Spain_174,Spanish Data Protection Agency,FINE_PLUS,4,3.9972044086145435
Spain_173,Spanish Data Protection Agency,FINE_ONLY,3,3.000008118000776
Spain_171,Spanish Data Protection Agency,FINE_ONLY,3,3.0027719693602677
Spain_172,Spanish Data Protection Agency,FINE_PLUS,4,3.998183478277688
Spain_170,,NONE,0,0.002803470101901616
Spain_179,Spanish Agency for Data Protection,FINE_ONLY,3,2.9999914838092363
Spain_178,Spanish Data Protection Agency,FINE_ONLY,3,3.0041484012863906
Spain_177,Spanish Data Protection Agency,FINE_PLUS,4,3.985440953613217
Spain_175,Spanish Data Protection Agency,FINE_PLUS,4,3.9762425383916105
Spain_176,Spanish Data Protection Agency,FINE_ONLY,3,3.0033636168591595
Spain_181,Spanish Data Protection Agency,FINE_ONLY,3,3.0051651973799345
Spain_187,Spanish Data Protection Agency,NONE,0,0.003949931937650133
Spain_180,Spanish Data Protection Agency,FINE_PLUS,4,3.9762981804049145
Spain_182,Agencia Española de Protección de Datos,FINE_ONLY,3,3.001686580273178
Spain_186,Spanish Data Protection Agency,NONE,0,0.008785821869162946
Spain_185,Spanish Data Protection Agency,FINE_ONLY,3,3.0033855742310505
Spain_188,Spanish Data Protection Agency,FINE_ONLY,3,3.000384721328778
Spain_189,Spanish Data Protection Agency,FINE_PLUS,4,3.99639962022085
Spain_183,Spanish Data Protection Agency,REMEDIAL_ONLY,2,2.0178709537792723
Spain_190,Spanish Data Protection Agency,FINE_PLUS,4,3.972893979316978
Spain_191,Spanish Data Protection Agency,FINE_ONLY,3,3.0061073139526027
Spain_194,Spanish Data Protection Agency,FINE_PLUS,4,3.9650811274254223
Spain_192,Spanish Data Protection Agency,FINE_PLUS,4,3.9774306614899038
Spain_193,Spanish Data Protection Agency,FINE_PLUS,4,3.9838377429132934
Spain_196,Spanish Data Protection Agency,NONE,0,0.0062665182057805874
Spain_195,Spanish Data Protection Agency,FINE_ONLY,3,3.002811001010298
Spain_200,Spanish Data Protection Agency,FINE_ONLY,3,3.0027719693602677
Spain_199,Spanish Data Protection Agency,FINE_ONLY,3,3.0049397132016127
Spain_197,Spanish Data Protection Agency,FINE_PLUS,4,3.998028594201761
Spain_198,Spanish Data Protection Agency,FINE_ONLY,3,3.0058131704129116
Spain_202,Spanish Data Protection Agency,NONE,0,0.1578305252891985
Spain_201,Spanish Data Protection Agency,FINE_ONLY,3,3.0065097545121002
Spain_203,Spanish Data Protection Agency,FINE_PLUS,4,3.9395494847819528
Spain_206,Spanish Data Protection Agency,FINE_PLUS,4,3.994826983341665
Spain_205,Spanish Data Protection Agency,FINE_ONLY,3,3.002467369314975
Spain_204,Spanish Data Protection Agency,FINE_PLUS,4,3.997179595765669
Spain_208,Spanish Data Protection Agency,FINE_PLUS,4,3.997863818550047
Spain_207,Spanish Data Protection Agency,FINE_PLUS,4,3.9997338393266455
Spain_209,Spanish Data Protection Agency,FINE_PLUS,4,3.9979870443437884
Spain_210,Spanish Data Protection Agency,FINE_PLUS,4,3.9988018346011627
Spain_212,Spanish Data Protection Agency,FINE_PLUS,4,3.9483951625299443
Spain_211,Spanish Data Protection Agency,FINE_PLUS,4,3.9966435945332375
Spain_214,Spanish Data Protection Agency,REMEDIAL_ONLY,2,1.997630791729278
Spain_215,Spanish Data Protection Agency,FINE_PLUS,4,3.997683141575661
Spain_219,Spanish Data Protection Agency,NONE,0,0.003619503875961796
Spain_216,Spanish Data Protection Agency,FINE_PLUS,4,3.9934889048798152
Spain_217,Spanish Data Protection Agency,FINE_PLUS,4,3.996929307825086
Spain_220,Spanish Data Protection Agency,FINE_ONLY,3,3.0106194428303907
Spain_218,Spanish Data Protection Agency,FINE_PLUS,4,3.9982067484461394
Spain_221,Spanish Data Protection Agency,FINE_PLUS,4,3.9710499528083556
Spain_222,Spanish Data Protection Agency,FINE_PLUS,4,3.997683141575661
Spain_224,Spanish Data Protection Agency,FINE_PLUS,4,3.9782180030825534
Spain_225,Spanish Data Protection Agency,FINE_ONLY,3,3.00504845009827
Spain_228,Spanish Data Protection Agency,FINE_PLUS,4,3.9967834781219476
Spain_227,Spanish Data Protection Agency,FINE_PLUS,4,3.997689801143853
Spain_226,Spanish Data Protection Agency,FINE_ONLY,3,3.000663316039117
Spain_230,Spanish Data Protection Agency,FINE_PLUS,4,3.970788419701545
Spain_231,Agencia Española de Protección de Datos,FINE_ONLY,3,3.0035392731824553
Spain_232,Spanish Data Protection Agency,FINE_ONLY,3,3.0049397132016127
Spain_233,Spanish Data Protection Agency,FINE_PLUS,4,3.9972734828233003
Spain_235,Spanish Data Protection Agency,FINE_PLUS,4,3.9963627242175783
Spain_237,Spanish Data Protection Agency,FINE_PLUS,4,3.9931439309952625
Spain_240,Spanish Data Protection Agency,NONE,0,0.0013395084172359573
Spain_238,Spanish Data Protection Agency (AEPD),REMEDIAL_ONLY,2,2.003141816453042
Spain_239,Spanish Data Protection Agency,FINE_ONLY,3,3.000135053300676
Spain_236,Spanish Data Protection Agency,FINE_ONLY,3,3.003214895293573
Spain_241,Spanish Agency for Data Protection,FINE_PLUS,4,3.9966825286170407
Spain_243,Spanish Agency for Data Protection,FINE_ONLY,3,2.9999985779957448
Spain_242,Spanish Agency for Data Protection,FINE_ONLY,3,3.0034187494972056
Spain_244,Spanish Data Protection Agency,NONE,0,0.0054323687359408125
Spain_245,Spanish Data Protection Agency,REMEDIAL_ONLY,2,1.9999269542846185
Spain_247,Spanish Agency for Data Protection,FINE_ONLY,3,3.004292220270076
Spain_246,Spanish Agency for Data Protection,REMEDIAL_ONLY,2,2.000747269524438
Spain_250,Spanish Data Protection Agency,REMEDIAL_ONLY,2,2.0134939969201806
Spain_248,Spanish Data Protection Agency,FINE_ONLY,3,3.0027500958256375
Spain_249,Spanish Data Protection Agency,FINE_ONLY,3,3.0027500958256375
Spain_252,Spanish Agency for Data Protection,REMEDIAL_ONLY,2,1.9994274755144537
Spain_251,Spanish Agency for Data Protection,FINE_ONLY,3,3.0007425207483864
Spain_253,Spanish Data Protection Agency,REMEDIAL_ONLY,2,2.008760477788153
Spain_254,Spanish Data Protection Agency,REMEDIAL_ONLY,2,2.0049402892328154
Spain_255,Spanish Agency for Data Protection,FINE_PLUS,4,3.9987639470050897
Spain_259,Spanish Agency for Data Protection,FINE_ONLY,3,3.0027018991763277
Spain_258,Spanish Agency for Data Protection,NONE,0,0.004016008641375229
Spain_260,Spanish Agency for Data Protection,REMEDIAL_ONLY,2,2.0012935923216424
Spain_256,Spanish Agency for Data Protection,FINE_ONLY,3,3.0053517408099455
Spain_261,Agencia Española de Protección de Datos,FINE_ONLY,3,3.002368489252797
Spain_262,Spanish Data Protection Agency,REMEDIAL_ONLY,2,2.004257797711951
Spain_257,,NONE,0,0.002803470101901616
Spain_263,Spanish Agency for Data Protection,FINE_ONLY,3,3.0048614251562
Spain_264,Spanish Agency for Data Protection,FINE_ONLY,3,3.0053517408099455
Spain_265,Spanish Data Protection Agency,FINE_ONLY,3,3.0019593378633216
Spain_266,Spanish Data Protection Agency,FINE_ONLY,3,3.0000137072265067
Spain_267,Spanish Data Protection Agency,FINE_PLUS,4,3.9955651862601456
Spain_269,Spanish Agency for Data Protection,REMEDIAL_ONLY,2,1.9990898344246983
Spain_270,Spanish Agency for Data Protection,REMEDIAL_ONLY,2,1.9995174391937032
Spain_268,Spanish Agency for Data Protection,FINE_PLUS,4,3.981302244565862
Spain_272,Spanish Agency for Data Protection,REMEDIAL_ONLY,2,2.0152010657591277
Spain_271,Spanish Agency for Data Protection,FINE_ONLY,3,3.0027209208508943
Spain_273,Spanish Agency for Data Protection,REMEDIAL_ONLY,2,2.0008028587779
Spain_274,Spanish Agency for Data Protection,REMEDIAL_ONLY,2,1.9963484517308505
Spain_275,Spanish Agency for Data Protection,FINE_ONLY,3,3.003380204629306
Spain_276,Spanish Agency for Data Protection,FINE_ONLY,3,3.0022909272038407
Spain_278,Spanish Agency for Data Protection,REMEDIAL_ONLY,2,2.0064310535076526
Spain_280,Spanish Agency for Data Protection,NONE,0,0.005346355973566915
Spain_281,Agencia Española de Protección de Datos,FINE_ONLY,3,3.0033046236839684
Spain_279,Spanish Agency for Data Protection,FINE_ONLY,3,3.0017265284652264
Spain_282,Spanish Agency for Data Protection,FINE_PLUS,4,3.9968413838656796
Spain_277,Spanish Agency for Data Protection (AEPD),REMEDIAL_ONLY,2,2.0016860743511518
Spain_288,Spanish Data Protection Agency,REMEDIAL_ONLY,2,1.99948845150042
Spain_284,,NONE,0,0.002803470101901616
Spain_286,,NONE,0,0.002803470101901616
Spain_289,Agencia Española de Protección de Datos,REMEDIAL_ONLY,2,2.001535182566675
Spain_283,Spanish Agency for Data Protection,FINE_PLUS,4,3.996448781571236
Spain_287,Spanish Data Protection Agency,REMEDIAL_ONLY,2,2.002773252968949
Spain_285,Spanish Agency for Data Protection,FINE_ONLY,3,3.0027209208508943
Spain_296,Agencia Española de Protección de Datos,FINE_PLUS,4,3.9686492946989715
Spain_290,Spanish Agency for Data Protection,FINE_ONLY,3,2.998681111917838
Spain_297,Agencia Española de Protección de Datos,FINE_ONLY,3,3.0113457087888866
Spain_291,Spanish Agency for Data Protection,REMEDIAL_ONLY,2,1.9995976405612037
Spain_292,Spanish Data Protection Agency,FINE_ONLY,3,3.0049397132016127
Spain_294,Spanish Agency for Data Protection,REMEDIAL_ONLY,2,1.9995174391937032
Spain_293,Spanish Agency for Data Protection,FINE_PLUS,4,3.997662942881384
Spain_295,Spanish Data Protection Agency,REMEDIAL_ONLY,2,1.9960777414963893
Spain_298,Spanish Agency for Data Protection,NONE,0,0.012593670312426967
Spain_300,Spanish Data Protection Agency,FINE_ONLY,3,2.9992240113826703
Spain_299,Spanish Agency for Data Protection,FINE_PLUS,4,3.935327596600684
Spain_303,Spanish Agency for Data Protection,FINE_ONLY,3,3.0032925293124664
Spain_301,Spanish Data Protection Agency,FINE_ONLY,3,3.005280915822161
Spain_302,Agencia Española de Protección de Datos,REMEDIAL_ONLY,2,1.9973895768582905
Spain_304,Spanish Data Protection Agency,REMEDIAL_ONLY,2,2.0049539161625707
Spain_305,Spanish Agency for Data Protection,NONE,0,0.004016008641375229
Spain_309,Spanish Data Protection Agency,FINE_PLUS,4,3.981149321711178
Spain_306,Spanish Data Protection Agency,FINE_ONLY,3,3.000008118000776
Spain_312,Spanish Data Protection Agency,FINE_PLUS,4,3.9581059426277845
Spain_307,Spanish Data Protection Agency,FINE_PLUS,4,3.996392040519668
Spain_308,Spanish Data Protection Agency,FINE_ONLY,3,3.0027500958256375
Spain_311,Spanish Agency for Data Protection,FINE_ONLY,3,3.0023708754370735
Spain_310,STRING,NONE,0,0.0015141028897742385
Spain_313,Spanish Agency for Data Protection,REMEDIAL_ONLY,2,2.016637180114186
Spain_314,Spanish Agency for Data Protection,FINE_ONLY,3,3.0105042746538877
Spain_315,Spanish Agency for Data Protection,FINE_ONLY,3,3.0017202094302347
Spain_320,Spanish Agency for Data Protection,REMEDIAL_ONLY,2,1.9961967460717058
Spain_318,Spanish Agency for Data Protection,FINE_PLUS,4,3.9321657653741307
Spain_317,Spanish Agency for Data Protection,REMEDIAL_ONLY,2,2.024008368916644
Spain_316,Agencia Española de Protección de Datos,FINE_ONLY,3,3.0033597342275846
Spain_319,Spanish Agency for Data Protection,REMEDIAL_ONLY,2,2.0176668288134216
Spain_321,Spanish Agency for Data Protection,FINE_ONLY,3,3.004640055920328
Spain_323,Spanish Data Protection Agency,FINE_ONLY,3,3.0049397132016127
Spain_325,Spanish Agency for Data Protection,REMEDIAL_ONLY,2,2.0165796041797757
Spain_322,Spanish Agency for Data Protection,FINE_PLUS,4,3.9983472099630837
Spain_327,Spanish Agency for Data Protection,REMEDIAL_ONLY,2,2.0084903198117483
Spain_324,Spanish Agency for Data Protection,FINE_ONLY,3,3.002105026853685
Spain_326,Spanish Agency for Data Protection,FINE_PLUS,4,3.9866134372042943
Spain_328,Spanish Agency for Data Protection,FINE_ONLY,3,3.004292220270076
Spain_329,Spanish Agency for Data Protection,REMEDIAL_ONLY,2,1.999936572536978
Spain_332,Spanish Data Protection Agency,NONE,0,0.007197252254267546
Spain_330,Spanish Agency for Data Protection,REMEDIAL_ONLY,2,2.021586487313216
Spain_331,Spanish Agency for Data Protection,NONE,0,0.00971104315607425
Spain_334,Spanish Data Protection Agency,FINE_ONLY,3,3.0027500958256375
Spain_335,Agencia Española de Protección de Datos,FINE_ONLY,3,3.0063732257087437
Spain_333,Spanish Agency for Data Protection,REMEDIAL_ONLY,2,2.0003359652085457
Spain_336,Spanish Agency for Data Protection,REMEDIAL_ONLY,2,2.0084903198117483
Spain_340,Agencia Española de Protección de Datos,FINE_ONLY,3,3.002914166405938
Spain_337,Spanish Data Protection Agency,FINE_ONLY,3,3.0054545373248205
Spain_341,Spanish Agency for Data Protection,FINE_ONLY,3,3.0027209208508943
Spain_338,Spanish Agency for Data Protection,FINE_ONLY,3,3.0034310829253053
Spain_342,Spanish Agency for Data Protection,FINE_PLUS,4,3.9978895956376865
Spain_343,Spanish Agency for Data Protection,FINE_PLUS,4,3.996234164687544
Spain_344,Spanish Agency for Data Protection,REMEDIAL_ONLY,2,2.011605939390194
Spain_345,Spanish Agency for Data Protection,NONE,0,0.006369357051862221
Spain_346,Spanish Agency for Data Protection,FINE_ONLY,3,3.0006412452597906
Spain_347,Spanish Agency for Data Protection,FINE_PLUS,4,3.93851626923001
Spain_349,Spanish Data Protection Agency,REMEDIAL_ONLY,2,2.0018713643069614
Spain_350,Spanish Agency for Data Protection,FINE_ONLY,3,3.0006412452597906
Spain_348,Spanish Agency for Data Protection,FINE_PLUS,4,3.996061189316803
Spain_351,Spanish Agency for Data Protection,FINE_ONLY,3,3.0067487412744964
Spain_352,Spanish Agency for Data Protection,FINE_ONLY,3,3.0034867527161717
Spain_353,Spanish Agency for Data Protection,REMEDIAL_ONLY,2,2.0117919338932166
Spain_354,Spanish Agency for Data Protection,FINE_ONLY,3,3.0008345750609497
Spain_355,Spanish Data Protection Agency,FINE_ONLY,3,3.000764600005133
Spain_357,Spanish Agency for Data Protection,FINE_ONLY,3,3.0027209208508943
Spain_356,Spanish Agency for Data Protection,FINE_ONLY,3,3.0043831931922385
Spain_358,Spanish Agency for Data Protection,FINE_ONLY,3,3.002067460269719
Spain_360,Spanish Data Protection Agency,FINE_PLUS,4,3.9845974991880886
Spain_359,Spanish Agency for Data Protection,FINE_ONLY,3,3.0023247099890122
Spain_362,Spanish Agency for Data Protection,FINE_ONLY,3,3.004640055920328
Spain_361,Spanish Agency for Data Protection,FINE_ONLY,3,3.001209252882045
Spain_365,STRING,NONE,0,8.2991857665431e-05
Spain_364,Spanish Agency for Data Protection,FINE_PLUS,4,3.9966260825675755
Spain_363,Spanish Agency for Data Protection,FINE_ONLY,3,3.002216770792227
Spain_367,Spanish Data Protection Agency,FINE_ONLY,3,3.004172772079804
Spain_366,Spanish Agency for Data Protection,REMEDIAL_ONLY,2,2.0021095334646297
Spain_368,Spanish Data Protection Agency,FINE_ONLY,3,3.0027500958256375
Spain_370,Spanish Agency for Data Protection,FINE_ONLY,3,3.000492088312349
Spain_369,Spanish Agency for Data Protection,FINE_ONLY,3,3.003824592180281
Spain_371,Spanish Agency for Data Protection,FINE_ONLY,3,2.980400077966852
Spain_372,Spanish Agency for Data Protection,REMEDIAL_ONLY,2,2.00740446985038
Spain_373,Spanish Agency for Data Protection,FINE_ONLY,3,3.005635082465152
Spain_375,Spanish Data Protection Agency,FINE_ONLY,3,3.0140576313649303
Spain_374,Spanish Agency for Data Protection,REMEDIAL_ONLY,2,2.0084371711846103
Spain_376,Spanish Agency for Data Protection,FINE_ONLY,3,3.003871092769379
Spain_378,Spanish Agency for Data Protection,FINE_ONLY,3,3.0047651235429496
Spain_377,Spanish Agency for Data Protection,FINE_ONLY,3,3.0029583397816
Spain_379,Spanish Data Protection Agency,NONE,0,0.0015521710990456738
Spain_381,Spanish Agency for Data Protection,REMEDIAL_ONLY,2,1.9934804216187076
Spain_380,Spanish Data Protection Agency,FINE_ONLY,3,3.000934034584253
Spain_382,Spanish Data Protection Agency,FINE_ONLY,3,3.0046432652508104
Spain_383,Spanish Agency for Data Protection,FINE_ONLY,3,3.0048614251562
Spain_384,Spanish Data Protection Agency,REMEDIAL_ONLY,2,2.007633437465428
Spain_387,Spanish Data Protection Agency,FINE_ONLY,3,3.0039068164959746
Spain_389,Spanish Data Protection Agency,FINE_ONLY,3,3.003088256280123
Spain_388,Spanish Agency for Data Protection,FINE_PLUS,4,3.998438960698592
Spain_385,Spanish Agency for Data Protection,FINE_ONLY,3,3.0027209208508943
Spain_386,Spanish Agency for Data Protection,FINE_ONLY,3,3.0005874096703016
Spain_391,Spanish Agency for Data Protection,FINE_ONLY,3,2.9999985779957448
Spain_390,Spanish Data Protection Agency,FINE_PLUS,4,3.994038812591451
Spain_392,Spanish Agency for Data Protection,FINE_ONLY,3,3.0028366790954757
Spain_393,Spanish Agency for Data Protection,FINE_ONLY,3,3.0028151326856607
Spain_394,Spanish Agency for Data Protection,REMEDIAL_ONLY,2,2.0008685859982642
Spain_396,Spanish Agency for Data Protection,FINE_PLUS,4,3.99606714931278
Spain_397,Spanish Data Protection Agency,FINE_ONLY,3,3.0038110454283595
Spain_395,Spanish Agency for Data Protection,FINE_ONLY,3,3.0010143519673753
Spain_398,Spanish Data Protection Agency,FINE_ONLY,3,3.0044548559822313
Spain_406,Agencia Española de Protección de Datos (AEPD),REMEDIAL_ONLY,2,2.0471374434482468
Spain_401,Spanish Data Protection Agency,FINE_PLUS,4,3.9939423148451145
Spain_400,Spanish Agency for Data Protection,FINE_ONLY,3,3.00397130439509
Spain_402,Spanish Data Protection Agency,FINE_ONLY,3,3.004698456799677
Spain_399,Spanish Agency for Data Protection,FINE_PLUS,4,3.9966467355322712
Spain_405,Spanish Agency for Data Protection,FINE_PLUS,4,3.995801475829342
Spain_403,Spanish Agency for Data Protection,FINE_ONLY,3,3.0027018991763277
Spain_404,Agencia Española de Protección de Datos,FINE_PLUS,4,3.9990232951396405
Spain_408,Spanish Agency for Data Protection,FINE_ONLY,3,3.004292220270076
Spain_410,Spanish Data Protection Agency,FINE_ONLY,3,3.000955376261771
Spain_409,Spanish Data Protection Agency,REMEDIAL_ONLY,2,2.0006246518766013
Spain_411,Spanish Agency for Data Protection,FINE_PLUS,4,3.998657906781172
Spain_417,Spanish Data Protection Agency,REMEDIAL_ONLY,2,1.998333261607644
Spain_412,Spanish Data Protection Agency,FINE_PLUS,4,3.9775634059236165
Spain_415,Spanish Agency for Data Protection,FINE_ONLY,3,3.0011556033867306
Spain_414,Spanish Agency for Data Protection,REMEDIAL_ONLY,2,1.9963484517308505
Spain_418,Spanish Data Protection Agency,REMEDIAL_ONLY,2,1.9972470036369592
Spain_416,Spanish Agency for Data Protection,FINE_ONLY,3,3.0027209208508943
Spain_419,Spanish Agency for Data Protection,FINE_ONLY,3,2.980390884046542
Spain_421,Spanish Agency for Data Protection,FINE_ONLY,3,3.0048614251562
Spain_420,Spanish Agency for Data Protection,FINE_PLUS,4,3.9965374044676354
Spain_422,Spanish Agency for Data Protection,FINE_ONLY,3,3.004640055920328
Spain_423,Spanish Agency for Data Protection,FINE_ONLY,3,3.0005874096703016
Spain_424,Spanish Data Protection Agency,FINE_ONLY,3,3.0049397132016127
Spain_426,Spanish Data Protection Agency,FINE_PLUS,4,3.996059141219827
Spain_425,Spanish Agency for Data Protection,FINE_PLUS,4,3.9950596770861555
Spain_427,Spanish Data Protection Agency,FINE_ONLY,3,3.0043608259483277
Spain_428,Spanish Agency for Data Protection,FINE_PLUS,4,3.9960701560825425
Spain_429,Spanish Agency for Data Protection,REMEDIAL_ONLY,2,2.00054428987344
Spain_430,Spanish Data Protection Agency,REMEDIAL_ONLY,2,2.0074652544184213
Spain_431,Spanish Agency for Data Protection,FINE_PLUS,4,3.996234164687544
Spain_432,Spanish Data Protection Agency,FINE_ONLY,3,3.0049397132016127
Spain_435,Spanish Agency for Data Protection,FINE_ONLY,3,2.999587567273847
Spain_433,Spanish Agency for Data Protection,FINE_ONLY,3,3.000492088312349
Spain_436,Spanish Data Protection Agency,FINE_ONLY,3,3.002932996435385
Spain_434,Spanish Agency for Data Protection,FINE_ONLY,3,2.9267392784826134
Spain_438,Spanish Data Protection Agency,FINE_ONLY,3,3.0034489844263947
Spain_440,Spanish Agency for Data Protection,FINE_ONLY,3,3.005938632254142
Spain_437,Spanish Agency for Data Protection,NONE,0,0.004016008641375229
Spain_441,Spanish Agency for Data Protection,FINE_ONLY,3,3.0048614251562
Spain_439,Spanish Agency for Data Protection,FINE_ONLY,3,2.9999985779957448
Spain_443,Spanish Agency for Data Protection,REMEDIAL_ONLY,2,2.0026283048565596
Spain_442,Spanish Agency for Data Protection,FINE_PLUS,4,3.996152740457729
Spain_446,Spanish Agency for Data Protection,REMEDIAL_ONLY,2,2.004270627191649
Spain_444,Agencia Española de Protección de Datos,FINE_ONLY,3,3.0059862346899378
Spain_447,STRING,NONE,0,0.0005764995227889554
Spain_445,Spanish Data Protection Agency,FINE_ONLY,3,3.0035041241220117
Spain_448,STRING,NONE,0,0.00028274209121208123
Spain_449,Spanish Agency for Data Protection,FINE_PLUS,4,3.995981425264657
Spain_451,Spanish Agency for Data Protection,FINE_ONLY,3,3.0027018991763277
Spain_452,Spanish Agency for Data Protection,FINE_ONLY,3,3.004292220270076
Spain_450,Spanish Agency for Data Protection,FINE_ONLY,3,3.0035291522423826
Spain_453,Spanish Agency for Data Protection,FINE_ONLY,3,3.004640055920328
Spain_455,Spanish Data Protection Agency,FINE_PLUS,4,3.9593567690144176
Spain_454,Spanish Agency for Data Protection,FINE_PLUS,4,3.96691456661017
Spain_457,Spanish Data Protection Agency,REMEDIAL_ONLY,2,2.0045610820870343
Spain_456,Spanish Agency for Data Protection,REMEDIAL_ONLY,2,2.0069915252014843
Spain_459,Spanish Agency for Data Protection,FINE_PLUS,4,3.958004218158711
Spain_458,Spanish Agency for Data Protection,FINE_ONLY,3,3.000812166159135
Spain_461,Spanish Agency for Data Protection,FINE_ONLY,3,3.0032206789922986
Spain_466,Spanish Agency for Data Protection,REMEDIAL_ONLY,2,2.0084903198117483
Spain_467,Spanish Agency for Data Protection,REMEDIAL_ONLY,2,2.000937630043995
Spain_463,Spanish Data Protection Agency,NONE,0,0.006040826288849503
Spain_462,Spanish Agency for Data Protection,FINE_ONLY,3,3.0052044987670836
Spain_460,Spanish Agency for Data Protection,FINE_ONLY,3,3.0007425207483864
Spain_464,Spanish Agency for Data Protection,FINE_ONLY,3,3.0005601697050754
Spain_465,Spanish Agency for Data Protection,FINE_ONLY,3,3.0027209208508943
Spain_469,Spanish Data Protection Agency,REMEDIAL_ONLY,2,1.990496570186472
Spain_471,Spanish Data Protection Agency,NONE,0,0.0020599881526312154
Spain_470,Spanish Agency for Data Protection,FINE_PLUS,4,3.9793238483041
Spain_468,Spanish Data Protection Agency,FINE_ONLY,3,3.005122304092789
Spain_479,Spanish Agency for Data Protection,FINE_ONLY,3,3.003594823630206
Spain_472,Spanish Agency for Data Protection,REMEDIAL_ONLY,2,1.999936874881969
Spain_473,Spanish Agency for Data Protection,FINE_ONLY,3,3.0048614251562
Spain_476,Spanish Data Protection Agency,NONE,0,0.004319036172003307
Spain_474,Spanish Agency for Data Protection,FINE_PLUS,4,3.927409070102768
Spain_475,STRING,NONE,0,0.0126890709592738
Spain_477,,NONE,0,0.002803470101901616
Spain_478,Spanish Data Protection Agency,REMEDIAL_ONLY,2,1.9955877408774831
Spain_480,Spanish Agency for Data Protection,REMEDIAL_ONLY,2,1.9963484517308505
Spain_482,Agencia Española de Protección de Datos,FINE_ONLY,3,3.0030259797171035
Spain_481,Spanish Agency for Data Protection,FINE_ONLY,3,3.004640055920328
Spain_484,Spanish Agency for Data Protection,FINE_PLUS,4,3.9985056536939236
Spain_485,Spanish Agency for Data Protection,REMEDIAL_ONLY,2,1.9995174391937032
Spain_487,Spanish Agency for Data Protection,FINE_ONLY,3,3.0010143519673753
Spain_483,Spanish Agency for Data Protection,FINE_ONLY,3,3.0007425207483864
Spain_486,Spanish Agency for Data Protection,FINE_ONLY,3,3.0039858287843346
Spain_490,Spanish Agency for Data Protection,FINE_ONLY,3,2.998704472490087
Spain_488,Spanish Agency for Data Protection,REMEDIAL_ONLY,2,1.99629252004228
Spain_489,STRING,NONE,0,0.0015141028897742385
Spain_492,Spanish Data Protection Agency,FINE_ONLY,3,3.0049397132016127
Spain_491,Spanish Data Protection Agency,FINE_ONLY,3,3.006379009567385
Spain_493,Spanish Data Protection Agency,REMEDIAL_ONLY,2,2.0031284235299838
Spain_494,Spanish Data Protection Agency,FINE_ONLY,3,3.003173812806464
Spain_496,Spanish Agency for Data Protection,REMEDIAL_ONLY,2,2.0061154837160284
Spain_495,Spanish Data Protection Agency,FINE_ONLY,3,3.0046432652508104
Spain_497,Spanish Data Protection Agency,FINE_ONLY,3,3.0049397132016127
Spain_498,Spanish Data Protection Agency,REMEDIAL_ONLY,2,1.9965992829905577
Spain_499,Spanish Agency for Data Protection,REMEDIAL_ONLY,2,2.005761085128185
Spain_501,Spanish Agency for Data Protection,FINE_PLUS,4,3.9705573577639357
Spain_500,Spanish Data Protection Agency,FINE_PLUS,4,3.9972731128175467
Spain_503,Spanish Data Protection Agency,FINE_PLUS,4,3.9973283756787916
Spain_506,Spanish Data Protection Agency,FINE_ONLY,3,3.0000137072265067
Spain_502,Spanish Agency for Data Protection,FINE_PLUS,4,3.9944448497150686
Spain_504,Spanish Data Protection Agency,REMEDIAL_ONLY,2,2.0072093597906617
Spain_505,Spanish Agency for Data Protection,FINE_PLUS,4,3.9269532464770274
Spain_509,Spanish Data Protection Agency,FINE_ONLY,3,3.003236768904783
Spain_507,Spanish Agency for Data Protection,FINE_ONLY,3,3.0042156443091192
Spain_508,Spanish Agency of Data Protection,FINE_PLUS,4,3.996606665152825
Spain_510,Spanish Data Protection Agency,FINE_ONLY,3,3.00091356228365
Spain_511,Spanish Agency for Data Protection,FINE_ONLY,3,3.0007425207483864
Spain_514,Spanish Agency for Data Protection,REMEDIAL_ONLY,2,1.9949205098955127
Spain_512,STRING,NONE,0,0.0005764995227889554
Spain_513,Spanish Agency for Data Protection,FINE_ONLY,3,3.0034972775055357
Spain_515,Spanish Agency for Data Protection,REMEDIAL_ONLY,2,2.00740446985038
Spain_516,Spanish Agency for Data Protection,FINE_PLUS,4,3.9705573577639357
Spain_522,Spanish Agency for Data Protection,FINE_ONLY,3,3.0001287564289583
Spain_517,Spanish Agency for Data Protection,FINE_ONLY,3,3.0027209208508943
Spain_518,Spanish Agency for Data Protection,FINE_ONLY,3,3.003709610423865
Spain_519,Spanish Data Protection Agency,FINE_ONLY,3,3.0023233195589185
Spain_524,Spanish Data Protection Agency,NONE,0,0.003949931937650133
Spain_525,Spanish Data Protection Agency,NONE,0,0.003949931937650133
Spain_521,Spanish Agency for Data Protection,FINE_PLUS,4,3.9957112204397984
Spain_520,Spanish Agency for Data Protection,FINE_ONLY,3,3.0026104870351373
Spain_523,Spanish Data Protection Agency,FINE_ONLY,3,3.0027719693602677
Spain_531,NOT_DISCUSSED,NONE,0,0.0029975642328937406
Spain_526,Spanish Data Protection Agency,FINE_PLUS,4,3.996190985338891
Spain_528,STRING,NONE,0,0.0015141028897742385
Spain_527,Agencia Española de Protección de Datos,FINE_ONLY,3,3.0045988816120524
Spain_536,Spanish Data Protection Agency,FINE_ONLY,3,3.002574661125252
Spain_532,Spanish Agency for Data Protection,NONE,0,0.004016008641375229
Spain_529,Spanish Agency for Data Protection,REMEDIAL_ONLY,2,1.9972429281989312
Spain_533,Spanish Agency for Data Protection,FINE_ONLY,3,3.004640055920328
Spain_530,Spanish Data Protection Agency,FINE_ONLY,3,3.0051327248890174
Spain_534,Spanish Agency for Data Protection,FINE_PLUS,4,3.96629798665214
Spain_535,Spanish Agency for Data Protection,FINE_ONLY,3,3.0027209208508943
Spain_537,Spanish Agency for Data Protection,NONE,0,0.006144105099577648
Spain_539,Spanish Agency for Data Protection,REMEDIAL_ONLY,2,2.0050311229800046
Spain_541,Spanish Agency for Data Protection,REMEDIAL_ONLY,2,2.0053547164187107
Spain_542,Spanish Agency for Data Protection,FINE_ONLY,3,3.0033062964145545
Spain_544,Spanish Data Protection Agency,FINE_ONLY,3,3.0049397132016127
Spain_543,Spanish Agency for Data Protection,FINE_PLUS,4,3.9966825286170407
Spain_540,Spanish Agency for Data Protection,REMEDIAL_ONLY,2,2.0024282055195735
Spain_545,Spanish Data Protection Agency,FINE_PLUS,4,3.998836771398362
Spain_546,Spanish Data Protection Agency,FINE_ONLY,3,3.0025474210761365
Spain_547,Spanish Data Protection Agency,FINE_ONLY,3,3.0054832898391255
Spain_549,Spanish Agency for Data Protection,FINE_PLUS,4,3.998801033926696
Spain_551,Spanish Agency for Data Protection,FINE_ONLY,3,3.0040558161921016
Spain_550,Spanish Agency for Data Protection,FINE_PLUS,4,3.9946155904088307
Spain_552,Spanish Agency for Data Protection,FINE_ONLY,3,3.0039440145000573
Spain_558,Spanish Agency for Data Protection,FINE_PLUS,4,3.997642594719127
Spain_553,Spanish Agency for Data Protection,FINE_ONLY,3,3.003340067409292
Spain_554,Spanish Agency for Data Protection,FINE_ONLY,3,2.999587567273847
Spain_555,Spanish Agency for Data Protection,FINE_ONLY,3,3.001364472398255
Spain_556,Spanish Agency for Data Protection,FINE_PLUS,4,3.9811394067335777
Spain_559,Spanish Agency for Data Protection,FINE_PLUS,4,3.9959893096013315
Spain_557,Spanish Agency for Data Protection,FINE_ONLY,3,3.000213739505684
Spain_562,Spanish Agency for Data Protection,FINE_ONLY,3,3.004292220270076
Spain_561,Spanish Agency for Data Protection,FINE_ONLY,3,3.0027209208508943
Spain_563,Spanish Agency for Data Protection,FINE_ONLY,3,3.0022909272038407
Spain_560,Spanish Agency for Data Protection,REMEDIAL_ONLY,2,2.011706435761098
Spain_564,Spanish Agency for Data Protection,FINE_PLUS,4,3.937824253463189
Spain_565,Spanish Agency for Data Protection,FINE_ONLY,3,3.0007425207483864
Spain_568,Spanish Agency for Data Protection,FINE_ONLY,3,3.000368393930783
Spain_566,Spanish Data Protection Agency,FINE_ONLY,3,3.0105600491716853
Spain_567,Spanish Agency for Data Protection,FINE_PLUS,4,3.998221925329503
Spain_575,Spanish Data Protection Agency,FINE_ONLY,3,3.00548585146493
Spain_572,NOT_DISCUSSED,NONE,0,0.0012646945783738271
Spain_570,Spanish Agency for Data Protection,FINE_ONLY,3,3.0027209208508943
Spain_569,Spanish Agency for Data Protection,FINE_ONLY,3,3.001493003874169
Spain_571,Spanish Data Protection Agency,REMEDIAL_ONLY,2,1.9972810086428123
Spain_573,Spanish Agency for Data Protection,REMEDIAL_ONLY,2,2.0135847909410938
Spain_574,Spanish Agency for Data Protection,FINE_ONLY,3,3.006088338746875
Spain_578,Spanish Data Protection Agency,NONE,0,0.6211342560427604
Spain_576,Spanish Data Protection Agency,FINE_PLUS,4,3.9782180030825534
Spain_581,Spanish Data Protection Agency,FINE_PLUS,4,3.996769180134448
Spain_577,Spanish Data Protection Agency,FINE_PLUS,4,3.9992388936767496
Spain_582,Spanish Data Protection Agency,FINE_PLUS,4,3.996488142441397
Spain_580,Spanish Data Protection Agency (AEPD),REMEDIAL_ONLY,2,2.003399039690472
Spain_579,Spanish Data Protection Agency,FINE_ONLY,3,3.0057572202566214
Spain_583,Spanish Data Protection Agency,FINE_ONLY,3,3.0054616772662395
Spain_584,Agencia Española de Protección de Datos,NONE,0,0.0055908232773382634
Spain_586,STRING,NONE,0,0.0011597947917773522
Spain_590,Spanish Data Protection Agency,NONE,0,0.011411936565919285
Spain_585,Spanish Data Protection Agency,REMEDIAL_ONLY,2,2.0617393236410027
Spain_587,Spanish Data Protection Agency,REMEDIAL_ONLY,2,1.9992269449787157
Spain_588,Spanish Data Protection Agency,REMEDIAL_ONLY,2,1.9882017609547042
Spain_589,Spanish Agency for Data Protection,REMEDIAL_ONLY,2,1.9795449698879974
Spain_591,Spanish Agency for Data Protection,REMEDIAL_ONLY,2,2.003002706853477
Spain_592,Agencia Española de Protección de Datos,REMEDIAL_ONLY,2,2.0072560327198405
Spain_593,Agencia Española de Protección de Datos,NONE,0,0.021376608255690162
Spain_595,Spanish Data Protection Agency,REMEDIAL_ONLY,2,1.9991400844990506
Spain_596,Spanish Data Protection Agency,REMEDIAL_ONLY,2,2.0013614167245803
Spain_597,Spanish Agency for Data Protection,REMEDIAL_ONLY,2,1.9946344460720757
Spain_594,Spanish Data Protection Agency,REMEDIAL_ONLY,2,1.996374283114879
Spain_598,Spanish Agency for Data Protection,REMEDIAL_ONLY,2,2.003275898774415
Spain_599,Spanish Agency for Data Protection,REMEDIAL_ONLY,2,2.00390948559769
Spain_600,Spanish Data Protection Agency,REMEDIAL_ONLY,2,2.0051247670254355
Spain_605,Spanish Agency for Data Protection,REMEDIAL_ONLY,2,1.9957042515957284
Spain_603,Spanish Data Protection Agency,REMEDIAL_ONLY,2,1.9960439789501578
Spain_601,Spanish Agency for Data Protection,REMEDIAL_ONLY,2,1.998687206975175
Spain_602,Spanish Data Protection Agency,REMEDIAL_ONLY,2,1.9893707570817913
Spain_608,,NONE,0,0.002803470101901616
Spain_609,,NONE,0,0.002803470101901616
Spain_604,Spanish Data Protection Agency,NONE,0,0.0036166728637066193
Spain_606,Spanish Data Protection Agency,REMEDIAL_ONLY,2,2.0016546970099633
Spain_607,Spanish Data Protection Agency,REMEDIAL_ONLY,2,2.001036137488086
Spain_611,Spanish Data Protection Agency,REMEDIAL_ONLY,2,1.9994388422284326
Spain_612,Agencia Española de Protección de Datos,NONE,0,0.005817486698292094
Spain_610,Spanish Data Protection Agency,NONE,0,0.008532647896438915
Spain_615,Catalan Data Protection Authority,NONE,0,0.0025314952727608217
Spain_614,Spanish Data Protection Agency,REMEDIAL_ONLY,2,1.9999159624497003
Spain_613,Spanish Agency for Data Protection,REMEDIAL_ONLY,2,2.005115461626588
Spain_616,Spanish Data Protection Agency,FINE_PLUS,4,3.979726571606233
Spain_617,Catalan Data Protection Authority (APDCAT),NONE,0,0.0048358486203372054
Spain_619,Catalan Data Protection Agency (APDCAT),NONE,0,0.007810602201077526
Spain_621,Catalan Data Protection Authority,REMEDIAL_ONLY,2,2.0100205336814345
Spain_620,Catalan Data Protection Authority,REMEDIAL_ONLY,2,2.0023191047063893
Spain_624,Catalan Data Protection Authority,REMEDIAL_ONLY,2,2.0017677449282933
Spain_630,Basque Agency for the Protection of Data,NONE,0,0.008475753767587737
Spain_625,Catalan Data Protection Authority,REMEDIAL_ONLY,2,2.0116024844732765
Spain_618,Agència de Protecció de Dades de Catalunya,FINE_PLUS,4,3.999241592072986
Spain_631,Basque Agency for Data Protection,NONE,0,0.006450867444222216
Spain_623,STRING,NONE,0,0.0011597947917773522
Slovenia_1,Information Commissioner,REMEDIAL_ONLY,2,2.0005734743468877
Slovenia_3,Information Commissioner,REMEDIAL_ONLY,2,2.0010798124385816
Spain_627,Catalan Data Protection Authority,REMEDIAL_ONLY,2,2.0011199186603292
Spain_626,Catalan Data Protection Authority,FINE_ONLY,3,3.0017140998364193
Spain_628,Council for Transparency and Protection of Data of Andalusia,REMEDIAL_ONLY,2,2.0007278251467
Spain_629,Transparency and Data Protection Council of Andalusia,REMEDIAL_ONLY,2,2.0035348999975224
Slovenia_4,Information Commissioner,NONE,0,0.0052213912257026256
Slovenia_5,Information Commissioner,REMEDIAL_ONLY,2,2.000237550602505
Slovenia_8,Information Commissioner of the Republic of Slovenia,NONE,0,0.00016311856845269935
Slovenia_6,Informacijski pooblaščenec,NONE,0,0.005727357944852089
Slovenia_9,Information Commissioner of the Republic of Slovenia,NONE,0,0.002299754636495093
Slovenia_7,Information Commissioner of the Republic of Slovenia,NONE,0,0.005267258944726585
Slovenia_10,Information Commissioner of the Republic of Slovenia,NONE,0,0.010481833410281863
Slovenia_12,Information Commissioner,NONE,0,0.0007403293183787928
Slovenia_11,Information Commissioner,NONE,0,0.00543340389252657
Slovenia_14,Information Commissioner of the Republic of Slovenia,NONE,0,0.005652656420798477
Slovenia_18,Information Commissioner,NONE,0,0.00543340389252657
Slovenia_13,Information Commissioner,NONE,0,0.007817922018804527
Slovenia_16,Information Commissioner,NONE,0,0.002449173612165754
Slovenia_15,Information Commissioner (IP),NONE,0,0.011764526049858181
Slovenia_17,Information Commissioner (IP),NONE,0,0.006273953183216267
Slovenia_19,Information Commissioner of the Republic of Slovenia,NONE,0,0.003772523462333673
Slovenia_21,Information Commissioner,NONE,0,0.0001213768380651161
Slovenia_20,Information Commissioner,NONE,0,0.0005900310324301545
Slovenia_24,Information Commissioner,NONE,0,0.0002632481965893317
Slovenia_23,Information Commissioner,NONE,0,0.00543340389252657
Slovenia_25,Information Commissioner,NONE,0,0.0019439806627587865
Slovenia_22,Information Commissioner (Slovenia),NONE,0,0.006682187824142906
Slovenia_26,Information Commissioner,NONE,0,0.010375602317471585
Slovenia_34,Information Commissioner of the Republic of Slovenia,NONE,0,0.01937512842277111
Slovenia_27,Information Commissioner,NONE,0,0.00543340389252657
Slovenia_28,Information Commissioner of the Republic of Slovenia,NONE,0,0.0002679651924723238
Slovenia_29,Information Commissioner (Slovenia),NONE,0,0.0024508020286472735
Slovenia_30,Information Commissioner,NONE,0,0.006425854496387929
Slovenia_31,Information Commissioner,NONE,0,0.0037873875881470837
Slovenia_32,Information Commissioner of the Republic of Slovenia,NONE,0,0.005652656420798477
Slovenia_33,Information Commissioner of the Republic of Slovenia,NONE,0,0.0022204825288281637
Slovenia_35,Information Commissioner,REMEDIAL_ONLY,2,1.9919942289832213
Slovenia_36,Information Commissioner,NONE,0,0.00543340389252657
Slovenia_37,Information Commissioner,NONE,0,0.002193266458496266
Slovenia_38,Information Commissioner,NONE,0,0.002449173612165754
Slovenia_40,,NONE,0,0.002803470101901616
Slovenia_41,Informacijski pooblaščenec (Information Commissioner),NONE,0,0.005719489581760762
Slovenia_39,Information Commissioner,NONE,0,0.0046449605437422275
Slovenia_42,Information Commissioner,NONE,0,0.001922326145198881
Slovenia_43,Information Commissioner (Slovenia),REMEDIAL_ONLY,2,2.000930265209448
Slovenia_44,Information Commissioner (IP),NONE,0,0.0005760784511162011
Slovenia_45,Information Commissioner,NONE,0,0.00543340389252657
Slovenia_46,Information Commissioner (Slovenia),NONE,0,0.0056726292700321965
Slovenia_47,Information Commissioner (Slovenia),NONE,0,0.005697382276935232
Slovenia_50,Informacijski pooblaščenec (IP),REMEDIAL_ONLY,2,2.033980649962431
Slovenia_48,Information Commissioner of the Republic of Slovenia,NONE,0,0.005652656420798477
Slovenia_51,Information Commissioner,NONE,0,0.007182470426636497
Slovenia_55,Information Commissioner,NONE,0,0.0577335674553141
Slovenia_56,Information Commissioner,NONE,0,0.0012622895887563358
Slovenia_53,Information Commissioner,NONE,0,0.008541203997737017
Slovenia_54,Information Commissioner (Slovenia),FINE_PLUS,4,3.9999896749088433
Slovenia_52,,NONE,0,0.002803470101901616
Slovenia_57,Information Commissioner,REMEDIAL_ONLY,2,1.9967666391775487
Slovenia_58,Information Commissioner of Slovenia,FINE_ONLY,3,3.005610804113826
Slovenia_59,STRING,NONE,0,0.017725643861312174
Slovenia_61,Information Commissioner,FINE_ONLY,3,3.0009214735527134
Slovenia_62,Information Commissioner,REMEDIAL_ONLY,2,1.9967666391775487
Slovenia_63,Information Commissioner of the Republic of Slovenia,NONE,0,0.016526936889442574
Slovenia_65,Information Commissioner,REMEDIAL_ONLY,2,1.9515336433127115
Slovenia_64,Information Commissioner,REMEDIAL_ONLY,2,2.0019718893569105
Slovenia_60,,NONE,0,0.002803470101901616
Slovenia_66,Information Commissioner,REMEDIAL_ONLY,2,2.0100805502292065
Slovenia_67,Information Commissioner,REMEDIAL_ONLY,2,2.0011757289601837
Slovenia_68,Information Commissioner,NONE,0,0.00543340389252657
Slovenia_69,Information Commissioner (Slovenia),NONE,0,0.01922777152925903
Slovenia_72,Information Commissioner,REMEDIAL_ONLY,2,1.996425975905276
Slovenia_73,Informacijski pooblaščenec (Information Commissioner),NONE,0,0.019377199659503682
Slovenia_74,Information Commissioner (Slovenia),REMEDIAL_ONLY,2,1.9987745532894032
Slovenia_75,Information Commissioner,NONE,0,0.0021158573911955313
Slovenia_76,NOT_DISCUSSED,NONE,0,0.0012646945783738271
Slovakia_1,Office for the Protection of Personal Data of the Slovak Republic,REMEDIAL_ONLY,2,2.0006926695148852
Slovenia_77,Information Commissioner,REMEDIAL_ONLY,2,1.9985533906354802
Romania_1,National Supervisory Authority for Personal Data Processing,FINE_PLUS,4,3.9989250508123453
Slovenia_78,Information Commissioner of the Republic of Slovenia,REMEDIAL_ONLY,2,2.00110962124829
Romania_2,The National Supervisory Authority for the Processing of Personal Data,FINE_PLUS,4,3.983708953492118
Romania_4,National Supervisory Authority,FINE_ONLY,3,3.0058423273454333
Romania_3,National Supervisory Authority for the Processing of Personal Data,FINE_PLUS,4,3.999370751191648
Romania_5,National Supervisory Authority for Personal Data Processing,FINE_ONLY,3,3.005650115590243
Romania_6,A.N.S.P.D.C.P.,FINE_ONLY,3,3.001365780936142
Romania_7,STRING,FINE_ONLY,3,2.9997223813391987
Romania_9,The National Supervisory Authority,FINE_PLUS,4,3.9983237607082174
Romania_11,Autoritatea Națională de Supraveghere a Prelucrării Datelor cu Caracter Personal (ANSPDCP),FINE_PLUS,4,3.9989990728482963
Romania_10,National Supervisory Authority for the Processing of Personal Data,FINE_PLUS,4,3.9987403262433343
Romania_13,Autoritatea Națională de Supraveghere a Prelucrării Datelor cu Caracter Personal,FINE_PLUS,4,3.998454021547704
Romania_12,National Supervisory Authority,FINE_ONLY,3,3.007249215687063
Romania_14,National Supervisory Authority,FINE_ONLY,3,3.0070615870279704
Romania_8,,NONE,0,0.002803470101901616
Romania_15,National Supervisory Authority,FINE_PLUS,4,3.992276322495235
Romania_16,STRING,FINE_PLUS,4,3.9917075050132778
Romania_17,National Supervisory Authority for Personal Data Processing,FINE_PLUS,4,3.9976518936057746
Romania_20,National Supervisory Authority for Personal Data Processing,FINE_PLUS,4,3.993822483785835
Romania_19,National Supervisory Authority for the Processing of Personal Data,FINE_PLUS,4,3.998346598798883
Romania_18,National Supervisory Authority,FINE_PLUS,4,3.9994033247820564
Romania_21,STRING,FINE_ONLY,3,3.0029369391766667
Romania_24,National Supervisory Authority,FINE_PLUS,4,3.999369907402877
Romania_22,,NONE,0,0.002803470101901616
Romania_26,National Supervisory Authority for the Processing of Personal Data,FINE_PLUS,4,3.9961962951344185
Romania_25,A.N.S.P.D.C.P.,FINE_PLUS,4,3.99780307232355
Romania_23,,NONE,0,0.002803470101901616
Romania_28,A.N.S.P.D.C.P.,FINE_PLUS,4,3.99729213594352
Romania_29,National Supervisory Authority,FINE_PLUS,4,3.9819932305141506
Romania_27,STRING,FINE_ONLY,3,3.000524076780121
Romania_30,The National Supervisory Authority,FINE_PLUS,4,3.998824360930496
Romania_34,National Supervisory Authority for Personal Data Processing,FINE_ONLY,3,3.0094612667912224
Romania_33,National Supervisory Authority,FINE_PLUS,4,3.997695705564201
Romania_36,National Supervisory Authority,FINE_ONLY,3,3.0044049562863275
Romania_32,Autoritatea Națională de Supraveghere a Prelucrării Datelor cu Caracter Personal (ANSPDCP),FINE_PLUS,4,3.995838766119526
Romania_31,National Supervisory Authority,FINE_PLUS,4,3.999710322922942
Romania_37,National Supervisory Authority,FINE_ONLY,3,3.0034143004955394
Romania_38,The National Supervisory Authority for Personal Data Processing,FINE_PLUS,4,3.9990413268219056
Romania_35,,NONE,0,0.002803470101901616
Romania_43,National Supervisory Authority,FINE_ONLY,3,3.007249215687063
Romania_40,STRING,FINE_PLUS,4,3.9435272629987175
Romania_42,National Supervisory Authority,FINE_PLUS,4,3.997813879079023
Romania_41,A.N.S.P.D.C.P,FINE_PLUS,4,3.9984022879586454
Romania_45,A.N.S.P.D.C.P.,FINE_ONLY,3,3.0033259705464923
Romania_39,,NONE,0,0.002803470101901616
Romania_48,National Supervisory Authority for Personal Data Processing,FINE_PLUS,4,3.99854538016883
Romania_49,National Supervisory Authority for the Processing of Personal Data,FINE_ONLY,3,2.9997592562666697
Romania_47,A.N.S.P.D.C.P.,FINE_PLUS,4,3.9989229226099456
Romania_44,,NONE,0,0.002803470101901616
Romania_50,National Supervisory Authority,FINE_ONLY,3,3.0098669419536614
Romania_46,National Supervisory Authority for Personal Data Processing,FINE_PLUS,4,3.9965539599203854
Romania_52,The National Supervisory Authority for Personal Data Processing,FINE_ONLY,3,3.007412331657786
Romania_51,National Supervisory Authority,FINE_PLUS,4,3.9971264372201056
Romania_53,A.N.S.P.D.C.P.,FINE_ONLY,3,3.0084677451908775
Romania_54,The National Supervisory Authority for Personal Data Processing,FINE_PLUS,4,3.9982407637583983
Romania_57,Autoritatea Națională de Supraveghere a Prelucrării Datelor cu Caracter Personal,FINE_PLUS,4,3.996401409746179
Romania_56,Autoritatea Națională de Supraveghere a Prelucrării Datelor cu Caracter Personal (ANSPDCP),FINE_PLUS,4,3.9685077419476738
Romania_58,National Supervisory Authority,FINE_PLUS,4,3.9994876322806134
Romania_59,National Supervisory Authority,FINE_ONLY,3,3.007543343046594
Romania_60,The National Supervisory Authority for the Processing of Personal Data,FINE_PLUS,4,3.972103508774933
Romania_61,A.N.S.P.D.C.P.,FINE_ONLY,3,3.006182789464522
Romania_55,,NONE,0,0.002803470101901616
Romania_62,A.N.S.P.D.C.P,FINE_PLUS,4,3.980243284051645
Romania_63,National Supervisory Authority,FINE_PLUS,4,3.9933695594181096
Romania_65,Autoritatea Națională de Supraveghere a Prelucrării Datelor cu Caracter Personal,FINE_PLUS,4,3.998803698242152
Romania_67,The National Supervisory Authority for the Processing of Personal Data,FINE_PLUS,4,3.9976504126645196
Romania_68,National Supervisory Authority,FINE_PLUS,4,3.997881312400402
Romania_69,National Supervisory Authority,FINE_PLUS,4,3.9988508560279317
Romania_70,National Supervisory Authority,FINE_PLUS,4,3.9997823769589718
Romania_64,,NONE,0,0.002803470101901616
Romania_72,National Supervisory Authority,FINE_PLUS,4,3.9986937219701844
Romania_66,,NONE,0,0.002803470101901616
Romania_71,A.N.S.P.D.C.P.,FINE_PLUS,4,3.9819639097576527
Romania_74,The National Supervisory Authority,FINE_PLUS,4,3.9870795378142145
Romania_73,National Supervisory Authority,FINE_PLUS,4,3.999048042018437
Romania_79,National Supervisory Authority,FINE_PLUS,4,3.999008718875897
Romania_77,A.N.S.P.D.C.P.,FINE_PLUS,4,3.996017890228982
Romania_76,The National Supervisory Authority for the Processing of Personal Data,FINE_PLUS,4,3.998363143399617
Romania_78,The National Supervisory Authority for the Processing of Personal Data,FINE_PLUS,4,3.9982483649640455
Romania_80,A.N.S.P.D.C.P.,FINE_PLUS,4,3.9783007220541835
Romania_75,National Supervisory Authority for the Processing of Personal Data,FINE_PLUS,4,3.995686439689071
Romania_82,STRING,FINE_ONLY,3,3.002278837470012
Romania_81,A.N.S.P.D.C.P.,FINE_ONLY,3,3.0050890116704316
Romania_84,National Supervisory Authority,FINE_PLUS,4,3.9710072751956838
Romania_87,National DPA,FINE_ONLY,3,3.0033017657339602
Romania_86,A.N.S.P.D.C.P,FINE_PLUS,4,3.997262278047802
Romania_85,STRING,FINE_PLUS,4,3.9933065667720062
Romania_92,National Supervisory Authority,FINE_PLUS,4,3.945885825583632
Romania_83,,NONE,0,0.002803470101901616
Romania_88,,NONE,0,0.002803470101901616
Romania_91,National Supervisory Authority for the Processing of Personal Data,FINE_PLUS,4,3.9993906026076487
Romania_89,,NONE,0,0.002803470101901616
Romania_93,The National Supervisory Authority for the Processing of Personal Data,FINE_PLUS,4,3.9987019243861197
Romania_94,A.N.S.P.D.C.P,FINE_PLUS,4,3.999200313748667
Romania_90,,NONE,0,0.002803470101901616
Romania_96,STRING,FINE_PLUS,4,3.9592802504793068
Romania_95,STRING,FINE_ONLY,3,3.0026787008395006
Romania_100,A.N.S.P.D.C.P.,FINE_ONLY,3,3.0033259705464923
Romania_99,Autoritatea Națională de Supraveghere a Prelucrării Datelor cu Caracter Personal (ANSPDCP),FINE_ONLY,3,3.006300067682865
Romania_102,The National Supervisory Authority for the Processing of Personal Data,FINE_PLUS,4,3.9898528143122864
Romania_97,,NONE,0,0.002803470101901616
Romania_101,The National Supervisory Authority for Personal Data Processing,FINE_PLUS,4,3.9993058779855795
Romania_98,ANSPDCP,FINE_PLUS,4,3.997402401466941
Romania_103,National Supervisory Authority,FINE_ONLY,3,3.004608739337105
Romania_107,National Authority,FINE_PLUS,4,3.9087570763818005
Romania_108,A.N.S.P.D.C.P.,FINE_PLUS,4,3.9987960054100515
Romania_110,National Supervisory Authority,FINE_PLUS,4,3.99777933440981
Romania_109,STRING,FINE_PLUS,4,3.997595390717829
Romania_104,,NONE,0,0.002803470101901616
Romania_105,,NONE,0,0.002803470101901616
Romania_106,,NONE,0,0.002803470101901616
Romania_113,A.N.S.P.D.C.P,FINE_ONLY,3,3.0063335205263053
Romania_112,National Supervisory Authority,REMEDIAL_ONLY,2,2.025159019086528
Romania_111,,NONE,0,0.002803470101901616
Romania_116,National Supervisory Authority,FINE_PLUS,4,3.9808899279191117
Romania_114,A.N.S.P.D.C.P.,FINE_PLUS,4,3.9942721604676485
Romania_117,The National Supervisory Authority,FINE_PLUS,4,3.9978470872397747
Romania_115,,NONE,0,0.002803470101901616
Romania_121,National Supervisory Authority,FINE_PLUS,4,3.9938043834413546
Romania_120,National Supervisory Authority for Personal Data Processing,REMEDIAL_ONLY,2,2.0071786389767454
Romania_119,National Supervisory Authority for the Processing of Personal Data,FINE_PLUS,4,3.998469248428925
Romania_118,,NONE,0,0.002803470101901616
Romania_122,National Supervisory Authority,FINE_PLUS,4,3.9961873242788086
Romania_123,National Supervisory Authority,FINE_PLUS,4,3.9997026478613567
Romania_125,STRING,FINE_ONLY,3,2.999908128044767
Romania_124,A.N.S.P.D.C.P.,FINE_PLUS,4,3.9863159152777223
Romania_127,National Supervisory Authority,FINE_ONLY,3,3.0058382717535204
Romania_128,STRING,FINE_ONLY,3,3.003294810113895
Romania_126,ANSPDCP,FINE_ONLY,3,3.0081644651747377
Romania_130,STRING,FINE_ONLY,3,2.9997223813391987
Romania_131,The National Supervisory Authority for Personal Data Processing,REMEDIAL_ONLY,2,2.007198773397465
Romania_129,A.N.S.P.D.C.P.,FINE_PLUS,4,3.9690830422147885
Romania_132,A.N.S.P.D.C.P,FINE_PLUS,4,3.9993908808934453
Romania_134,A.N.S.P.D.C.P.,FINE_ONLY,3,3.0093189573746426
Romania_133,National Authority for the Supervision of Personal Data Processing,REMEDIAL_ONLY,2,2.0042253400947443
Romania_135,The National Supervisory Authority for Personal Data Processing,FINE_PLUS,4,3.997833807139038
Romania_138,STRING,FINE_ONLY,3,3.002313126404899
Romania_136,A.N.S.P.D.C.P,FINE_PLUS,4,3.9359962172806258
Romania_137,STRING,FINE_PLUS,4,3.9947146975171552
Romania_139,National Supervisory Authority for Personal Data Processing,FINE_PLUS,4,3.99843470217884
Romania_142,STRING,FINE_PLUS,4,3.9967900354560233
Romania_143,STRING,FINE_ONLY,3,2.9990658149286107
Romania_141,STRING The National Supervisory Authority for Personal Data Processing,FINE_PLUS,4,3.9999585035765866
Romania_140,The National Supervisory Authority for Personal Data Processing,FINE_PLUS,4,3.9974345257501893
Romania_145,STRING National Supervisory Authority,FINE_PLUS,4,3.999845277544232
Romania_144,National Supervisory Authority,FINE_PLUS,4,3.958238620099486
Romania_146,National Supervisory Authority,FINE_PLUS,4,3.9958892707091227
Romania_148,A.N.S.P.D.C.P.,FINE_ONLY,3,3.0056611012185726
Romania_153,National Supervisory Authority for Personal Data Processing,FINE_ONLY,3,3.0072090045564757
Romania_150,Romanian Supervisory Authority,FINE_PLUS,4,3.9756649911760684
Romania_156,National Supervisory Authority,FINE_PLUS,4,3.9505964516098615
Romania_151,The National Supervisory Authority,FINE_PLUS,4,3.981540126048635
Romania_152,National Supervisory Authority for Personal Data Processing,FINE_PLUS,4,3.993504966255362
Romania_147,,NONE,0,0.002803470101901616
Romania_154,STRING,FINE_PLUS,4,3.9878330403533218
Romania_149,,NONE,0,0.002803470101901616
Romania_158,A.N.S.P.D.C.P.,FINE_PLUS,4,3.9971046907359917
Romania_159,STRING,FINE_PLUS,4,3.996872276978311
Romania_157,STRING,FINE_PLUS,4,3.9939528937341144
Romania_155,National Supervisory Authority for Personal Data Processing,FINE_PLUS,4,3.9973494389615585
Romania_161,A.N.S.P.D.C.P,FINE_ONLY,3,3.002087926752142
Romania_162,National Supervisory Authority for Personal Data Processing,FINE_PLUS,4,3.963420236446626
Romania_163,The National Supervisory Authority for Personal Data Processing,FINE_PLUS,4,3.996773930571909
Romania_165,STRING,FINE_PLUS,4,3.9963932901861114
Romania_160,,NONE,0,0.002803470101901616
Romania_167,STRING,FINE_PLUS,4,3.995027112420865
Romania_164,A.N.S.P.D.C.P.,FINE_PLUS,4,3.992355722032434
Romania_166,The National Supervisory Authority for Personal Data Processing,FINE_PLUS,4,3.984472508471022
Romania_170,STRING,FINE_PLUS,4,3.9521842441801285
Romania_171,A.N.S.P.D.C.P,FINE_ONLY,3,3.001430329450136
Romania_168,,NONE,0,0.002803470101901616
Romania_173,,NONE,0,0.002803470101901616
Romania_174,National Supervisory Authority,REMEDIAL_ONLY,2,2.003774502869235
Romania_169,,NONE,0,0.002803470101901616
Romania_175,National Supervisory Authority,REMEDIAL_ONLY,2,2.0041163326392257
Romania_172,National Supervisory Authority,FINE_PLUS,4,3.9971040409928427
Romania_176,The National Supervisory Authority for Personal Data Processing,FINE_PLUS,4,3.993570826165284
Portugal_11,National Commission for Data Protection (CNPD),FINE_ONLY,3,3.0054121601031487
Portugal_1,Comissão Nacional de Proteção de Dados,FINE_ONLY,3,3.003010748680155
Romania_177,A.N.S.P.D.C.P,FINE_PLUS,4,3.9864558432463157
Portugal_3,Comissão Nacional de Proteção de Dados,FINE_ONLY,3,3.005766005242078
Portugal_5,Comissão Nacional de Proteção de Dados,FINE_ONLY,3,3.0056870524317536
Portugal_10,Comissão Nacional de Proteção de Dados,FINE_PLUS,4,3.9921620929054566
Poland_1,President of the Office for Personal Data Protection,FINE_ONLY,3,3.0075337657368832
Portugal_4,Comissão Nacional de Proteção de Dados (CNPD),FINE_ONLY,3,3.0045994215242904
Poland_4,President of the Office for the Protection of Personal Data,FINE_ONLY,3,3.0007881196007022
Poland_5,President of the Office for Personal Data Protection,FINE_ONLY,3,3.002261697691635
Portugal_12,Comissão Nacional de Proteção de Dados,REMEDIAL_ONLY,2,2.0007883225733236
Portugal_13,Comissão Nacional de Proteção de Dados,REMEDIAL_ONLY,2,1.9894813543617527
Poland_8,President of the Office for Personal Data Protection,FINE_ONLY,3,3.0002745574977396
Poland_3,President of the Office for Personal Data Protection,FINE_ONLY,3,3.0055036146082563
Poland_2,President of the Personal Data Protection Office,NONE,0,0.017834292392951385
Poland_7,President of the Office for Personal Data Protection,FINE_ONLY,3,3.002380857284453
Poland_11,,NONE,0,0.002803470101901616
Poland_9,President of the Personal Data Protection Office,FINE_ONLY,3,3.0026549730944114
Poland_10,President of the Office for Personal Data Protection,REMEDIAL_ONLY,2,1.990336970237295
Poland_6,President of the Office for Personal Data Protection,FINE_ONLY,3,3.0048945706097396
Poland_13,President of the Personal Data Protection Office (UODO),FINE_ONLY,3,3.006804982416469
Poland_12,President of the Office for Personal Data Protection,FINE_ONLY,3,3.0061507436842194
Poland_14,President of the Personal Data Protection Office,FINE_PLUS,4,3.985674558868449
Poland_15,President of the Personal Data Protection Office,REMEDIAL_ONLY,2,2.0151941090360967
Poland_16,President of the Office for Personal Data Protection,FINE_ONLY,3,3.0050424015205577
Poland_19,President of the Office for Personal Data Protection,REMEDIAL_ONLY,2,1.9993189655773858
Poland_18,President of the Personal Data Protection Office (UODO),FINE_PLUS,4,3.9978985357679844
Poland_17,President of the Office for Personal Data Protection,FINE_ONLY,3,3.0036874277015486
Poland_20,President of the Personal Data Protection Office,FINE_PLUS,4,3.993749448266803
Poland_21,President of the Personal Data Protection Office,FINE_ONLY,3,3.0015276593054634
Poland_24,President of the Personal Data Protection Office,FINE_ONLY,3,3.0027481680503434
Poland_22,President of the Personal Data Protection Office (UODO),FINE_PLUS,4,3.9899209624781573
Poland_32,President of the Personal Data Protection Office,FINE_PLUS,4,3.985920929017978
Poland_27,President of the Personal Data Protection Office (UODO),FINE_ONLY,3,3.002267787607881
Poland_29,President of the Office for Personal Data Protection,FINE_ONLY,3,3.005751872356657
Poland_31,President of the Office for Personal Data Protection,FINE_PLUS,4,3.9986179900411427
Poland_26,President of the Personal Data Protection Office,FINE_ONLY,3,3.002380897494973
Poland_28,President of the Office for Personal Data Protection,REMEDIAL_ONLY,2,2.0014300152042783
Poland_30,President of the Personal Data Protection Office (UODO),FINE_PLUS,4,3.983100985773725
Poland_25,President of the Personal Data Protection Office (UODO),FINE_ONLY,3,3.0035179803689105
Poland_34,President of the Personal Data Protection Office,FINE_PLUS,4,3.990559262886352
Poland_38,President of the Office for Personal Data Protection,FINE_PLUS,4,3.9780347731485297
Poland_36,President of the Personal Data Protection Office (UODO),FINE_ONLY,3,3.0097960887492605
Poland_37,President of the Office for Personal Data Protection,FINE_ONLY,3,3.005183653409551
Poland_35,STRING President of the Personal Data Protection Office,FINE_ONLY,3,3.0031566237115435
Poland_39,President of the Personal Data Protection Office,FINE_ONLY,3,3.003661012889452
Poland_33,President of the Personal Data Protection Office (UODO),FINE_ONLY,3,3.0049323753748007
Poland_40,President of the Personal Data Protection Office (UODO),FINE_ONLY,3,3.003866226495337
Poland_43,President of the Personal Data Protection Office,FINE_PLUS,4,3.988748850213191
Poland_41,President of the Personal Data Protection Office (UODO),FINE_PLUS,4,3.9759034201283017
Poland_42,President of the Office for Personal Data Protection (UODO),FINE_ONLY,3,3.003920970332046
Poland_46,President of the Office for Personal Data Protection (UODO),FINE_ONLY,3,3.0055921515237323
Poland_44,President of the Office for Personal Data Protection,FINE_ONLY,3,3.004487586763065
Poland_47,President of the Personal Data Protection Office,FINE_PLUS,4,3.9569535269243294
Poland_48,President of the Office for Personal Data Protection,FINE_PLUS,4,3.992256528950119
Poland_45,President of the Personal Data Protection Office,FINE_ONLY,3,3.004762176267762
Poland_51,President of the Personal Data Protection Office (UODO),FINE_PLUS,4,3.9858571204550386
Poland_49,President of the Personal Data Protection Office,FINE_PLUS,4,3.9981872416394784
Poland_53,President of the Personal Data Protection Office,FINE_ONLY,3,3.0062223926377403
Poland_50,President of the Office for Personal Data Protection,FINE_PLUS,4,3.987928875578429
Poland_52,President of the Personal Data Protection Office,FINE_PLUS,4,3.9813204169767
Poland_54,President of the Personal Data Protection Office,FINE_PLUS,4,3.9853428308226206
Poland_55,President of the Office for Personal Data Protection,FINE_PLUS,4,3.9895432507797555
Poland_57,President of the Personal Data Protection Office,FINE_ONLY,3,3.0075790932601736
Poland_56,President of the Personal Data Protection Office (UODO),FINE_PLUS,4,3.9936371393001724
Poland_59,President of the Office for Personal Data Protection,REMEDIAL_ONLY,2,2.0038551723576137
Poland_58,President of the Office for Personal Data Protection,REMEDIAL_ONLY,2,1.9997503367964158
Poland_60,President of the Personal Data Protection Office,FINE_PLUS,4,3.997219044250939
Poland_62,President of the Office for Personal Data Protection,FINE_PLUS,4,3.9983797622190704
Poland_63,President of the Office for Personal Data Protection (UODO),REMEDIAL_ONLY,2,1.9994701844091904
Poland_61,President of the Office for Personal Data Protection,FINE_ONLY,3,3.008250615989939
Poland_64,President of the Office for Personal Data Protection,FINE_PLUS,4,3.996244866952452
Poland_65,President of the Office for Personal Data Protection,FINE_ONLY,3,3.001943301229975
Norway_4,Datatilsynet,FINE_PLUS,4,3.996162220771111
Norway_3,Privacy Board,NONE,0,0.012173649812909911
Norway_5,Datatilsynet,FINE_ONLY,3,3.004189343197816
Norway_1,Norwegian Data Protection Authority,FINE_ONLY,3,3.012277431843828
Norway_6,Datatilsynet,FINE_PLUS,4,3.9228876725022137
Norway_7,Datatilsynet,REMEDIAL_ONLY,2,2.0077388161999683
Norway_8,NOT_DISCUSSED,NONE,0,0.0012646945783738271
Norway_9,Datatilsynet,FINE_ONLY,3,3.00604862346062
Norway_2,,NONE,0,0.002803470101901616
Norway_11,Datatilsynet,FINE_ONLY,3,3.0048534506793034
Norway_10,Norwegian Data Protection Authority,FINE_ONLY,3,3.002517549012427
Norway_13,Datatilsynet,FINE_ONLY,3,3.004317782937639
Norway_14,Norwegian Data Protection Authority,REMEDIAL_ONLY,2,1.9959450251050217
Norway_15,Datatilsynet,REMEDIAL_ONLY,2,2.000302252795723
Norway_16,The Norwegian Data Protection Authority,FINE_ONLY,3,3.005417916126746
Norway_17,Datatilsynet,FINE_ONLY,3,3.0021438397788383
Norway_18,Norwegian Data Protection Authority,REMEDIAL_ONLY,2,2.001341658714033
Norway_21,Datatilsynet,REMEDIAL_ONLY,2,1.9997700831695664
Norway_20,Datatilsynet,FINE_ONLY,3,3.0030400393012506
Norway_12,,NONE,0,0.002803470101901616
Norway_23,Personvernnemnda (Privacy Board),NONE,0,0.012219157859464168
Norway_22,Datatilsynet,REMEDIAL_ONLY,2,1.9986651969273486
Norway_25,Datatilsynet,FINE_ONLY,3,3.0019388169602106
Norway_24,Datatilsynet,FINE_ONLY,3,3.0027941443119723
Norway_29,The Norwegian Data Protection Authority,FINE_ONLY,3,3.001732262903775
Norway_27,Norwegian Data Protection Authority,FINE_PLUS,4,3.9981922853348912
Norway_26,Datatilsynet,FINE_PLUS,4,3.997114233478162
Norway_30,Norwegian Data Protection Authority,FINE_ONLY,3,3.0033363996533984
Norway_33,The Norwegian Data Protection Authority,FINE_PLUS,4,3.992941394501594
Norway_34,Datatilsynet,FINE_ONLY,3,3.006722444523055
Norway_28,Datatilsynet,REMEDIAL_ONLY,2,2.0071183701552275
Norway_36,Norwegian Data Inspectorate,REMEDIAL_ONLY,2,1.9894246179008066
Norway_37,Datatilsynet,REMEDIAL_ONLY,2,2.009157724739136
Norway_38,Datatilsynet,FINE_ONLY,3,3.002557929228938
Norway_41,Norwegian Data Protection Authority,FINE_PLUS,4,3.994453627194976
Norway_39,The Data Inspectorate,FINE_PLUS,4,3.998865768435954
Norway_43,Norwegian Data Inspectorate,FINE_ONLY,3,3.002804284556847
Norway_42,Datatilsynet,FINE_ONLY,3,3.003789752388807
Norway_44,Datatilsynet,FINE_PLUS,4,3.939461770693524
Norway_40,Datatilsynet,FINE_ONLY,3,3.006471672111699
Norway_46,Datatilsynet,FINE_PLUS,4,3.9918476334113975
Norway_45,Datatilsynet,FINE_PLUS,4,3.998221388067007
Norway_48,Datatilsynet,FINE_PLUS,4,3.998859969139394
Norway_50,Datatilsynet,NONE,0,0.005541331797451841
Norway_51,Datatilsynet,FINE_ONLY,3,3.00706308706411
Norway_53,Datatilsynet,REMEDIAL_ONLY,2,2.003390027835783
Norway_47,Norwegian Data Protection Authority,FINE_PLUS,4,3.9981922853348912
Norway_49,Datatilsynet,FINE_PLUS,4,3.9643044205671867
Norway_52,Datatilsynet,FINE_ONLY,3,3.006632176244556
Norway_54,Datatilsynet,FINE_ONLY,3,3.002821409910077
Norway_56,Datatilsynet,NONE,0,0.012002707174331093
Norway_60,Datatilsynet,FINE_ONLY,3,3.004007879242392
Norway_62,STRING,NONE,0,1.0184657420165083e-05
Norway_55,Datatilsynet,REMEDIAL_ONLY,2,1.9990545729453333
Norway_58,Privacy Board,NONE,0,0.013832716044598712
Norway_61,STRING,NONE,0,0.004046743768487306
Norway_59,Datatilsynet,FINE_PLUS,4,3.989335754947945
Norway_57,Datatilsynet,FINE_PLUS,4,3.9926041405535533
Norway_64,Norwegian Data Protection Authority,REMEDIAL_ONLY,2,1.9992721884610873
Norway_63,Datatilsynet,FINE_PLUS,4,3.996008123133257
Norway_66,Estonian Data Protection Inspectorate,NONE,0,0.005727357944852089
Norway_68,Norwegian Data Protection Authority,FINE_ONLY,3,3.002729331705059
Norway_65,Datatilsynet,FINE_PLUS,4,3.9974443005901987
Norway_67,Datatilsynet,FINE_ONLY,3,3.0055419697492733
Norway_69,Norwegian Data Protection Authority,REMEDIAL_ONLY,2,1.9968161749652895
Norway_70,Datatilsynet,REMEDIAL_ONLY,2,2.0152801383576433
Norway_71,Datatilsynet,FINE_PLUS,4,3.997451963212525
Norway_72,Datatilsynet,REMEDIAL_ONLY,2,1.9994797407095406
Norway_73,NOT_DISCUSSED,NONE,0,0.0012646945783738271
Norway_74,Norwegian Data Protection Authority,FINE_PLUS,4,3.9934415113639945
Norway_76,Norwegian Data Protection Authority,REMEDIAL_ONLY,2,2.000506703818322
Norway_77,Oslo District Court,REMEDIAL_ONLY,2,2.0010771858287986
Norway_75,Norwegian Data Protection Authority,REMEDIAL_ONLY,2,2.036740649340594
Norway_79,Norwegian Privacy Board,NONE,0,0.006381855968901108
Norway_78,Datatilsynet,FINE_ONLY,3,3.0037600050359177
Norway_81,Privacy Board,REMEDIAL_ONLY,2,1.9871608251338677
Norway_80,Norwegian Privacy Board,NONE,0,0.010684407058692972
Norway_82,The Privacy Board,FINE_PLUS,4,3.998582604866068
Norway_83,The Norwegian Privacy Board,NONE,0,0.006189922468552608
Netherlands_3,Dutch Data Protection Authority,FINE_ONLY,3,3.006271402516142
Netherlands_1,Autoriteit Persoonsgegevens,FINE_ONLY,3,3.001147820679653
Netherlands_6,NOT_DISCUSSED,NONE,0,0.0012646945783738271
Netherlands_4,Autoriteit Persoonsgegevens,FINE_ONLY,3,3.0039777804869483
Netherlands_5,Autoriteit Persoonsgegevens,FINE_PLUS,4,3.966425087089766
Netherlands_2,Autoriteit Persoonsgegevens,FINE_PLUS,4,3.9868885769853195
Netherlands_7,Autoriteit Persoonsgegevens,FINE_ONLY,3,3.005774395661547
Netherlands_8,Autoriteit Persoonsgegevens,FINE_ONLY,3,3.002191709163929
Netherlands_9,Autoriteit Persoonsgegevens (AP),FINE_ONLY,3,3.0058616403258758
Netherlands_11,Autoriteit Persoonsgegevens,FINE_PLUS,4,3.9796516353364533
Netherlands_10,Autoriteit Persoonsgegevens,FINE_ONLY,3,3.0023781780208685
Netherlands_12,Autoriteit Persoonsgegevens,FINE_ONLY,3,3.000472384591844
Netherlands_13,Autoriteit Persoonsgegevens,FINE_ONLY,3,3.005496713398122
Netherlands_14,Autoriteit Persoonsgegevens,FINE_ONLY,3,2.994652045136606
Netherlands_15,Autoriteit Persoonsgege,FINE_ONLY,3,3.004063459337343
Netherlands_16,Autoriteit Persoonsgegevens,FINE_ONLY,3,3.0022333593085375
Netherlands_22,Autoriteit Persoonsgegevens,FINE_PLUS,4,3.995229737673755
Netherlands_17,Dutch Data Protection Authority,FINE_ONLY,3,3.002397328030102
Netherlands_19,Rechtbank Zeeland-West-Brabant,NONE,0,0.00872398722657694
Netherlands_21,Dutch Data Protection Authority,FINE_ONLY,3,3.0024067036488487
Netherlands_23,Autoriteit Persoonsgegevens,FINE_ONLY,3,3.0043561335789093
Netherlands_20,Dutch Data Protection Authority,FINE_ONLY,3,3.004257758765316
Netherlands_25,Dutch Data Protection Authority,FINE_PLUS,4,3.9813985607445477
Netherlands_24,Dutch Data Protection Authority,FINE_ONLY,3,3.0079850951201506
Netherlands_26,Dutch Data Protection Authority,FINE_ONLY,3,3.0075975306928746
Netherlands_28,Autoriteit Persoonsgegevens,REMEDIAL_ONLY,2,2.0097821690054154
Netherlands_27,Dutch Data Protection Authority,FINE_ONLY,3,3.00360494290187
Netherlands_30,Dutch Data Protection Authority,FINE_ONLY,3,3.003321986833275
Netherlands_29,Autoriteit Persoonsgegevens,FINE_ONLY,3,3.0056761181039486
Netherlands_31,Personal Data Authority,FINE_ONLY,3,3.005921571992739
Netherlands_32,Dutch Data Protection Authority,REMEDIAL_ONLY,2,2.001638713490805
Netherlands_34,Autoriteit Persoonsgegevens,FINE_ONLY,3,3.0058046335103037
Netherlands_33,Autoriteit Persoonsgegevens,FINE_ONLY,3,3.0022448387773726
Netherlands_37,Autoriteit Persoonsgegevens,REMEDIAL_ONLY,2,1.9993416555224874
Netherlands_35,Autoriteit Persoonsgegevens,REMEDIAL_ONLY,2,2.004178150010783
Netherlands_36,Autoriteit Persoonsgegevens,FINE_ONLY,3,3.0026409008932107
Netherlands_38,Autoriteit Persoonsgegevens,NONE,0,0.019835209213152648
Malta_1,Information and Data Protection Commissioner,REMEDIAL_ONLY,2,2.0189734621364117
Malta_5,Commissioner for Information and Data Protection,REMEDIAL_ONLY,2,1.99740157228703
Netherlands_39,Autoriteit Persoonsgegevens,FINE_ONLY,3,3.0080892807218165
Malta_11,Information and Data Protection Commissioner,REMEDIAL_ONLY,2,2.007950039889538
Malta_7,Office of the Information and Data Protection Commissioner,FINE_PLUS,4,3.9893188529604715
Malta_10,STRING,NONE,0,8.2991857665431e-05
Malta_9,Information and Data Protection Commissioner,REMEDIAL_ONLY,2,2.003920403011984
Malta_12,The Commissioner,FINE_PLUS,4,3.9971119826174166
Luxembourg_1,National Commission for Data Protection,REMEDIAL_ONLY,2,1.9940820222285556
Malta_13,Information and Data Protection Commissioner,FINE_PLUS,4,3.991660710027743
Luxembourg_3,National Commission for Data Protection,FINE_PLUS,4,3.998002535859947
Luxembourg_4,National Commission for Data Protection,FINE_PLUS,4,3.999176028015337
Luxembourg_7,National Commission for Data Protection,FINE_ONLY,3,3.006657577241171
Luxembourg_5,National Commission for Data Protection,FINE_PLUS,4,3.999106972083961
Luxembourg_8,National Commission for Data Protection,FINE_ONLY,3,3.0066263203429004
Luxembourg_9,National Commission for Data Protection,FINE_PLUS,4,3.9992074060175296
Luxembourg_13,STRING,NONE,0,0.004925363867329612
Luxembourg_10,National Commission for Data Protection,FINE_PLUS,4,3.9940346170053416
Luxembourg_12,National Commission for Data Protection,FINE_PLUS,4,3.9957854189144237
Luxembourg_11,National Commission for Data Protection,FINE_PLUS,4,3.9982941284997735
Luxembourg_14,National Commission for Data Protection,FINE_PLUS,4,3.9983239938123623
Luxembourg_15,National Commission for Data Protection,FINE_PLUS,4,3.9980259486303558
Luxembourg_16,National Commission for Data Protection,NONE,0,0.0056640333698507106
Luxembourg_17,STRING,FINE_ONLY,3,3.0032644453152013
Luxembourg_21,National Commission for Data Protection,FINE_PLUS,4,3.996291410983503
Luxembourg_20,National Commission for Data Protection,REMEDIAL_ONLY,2,2.0019790426614965
Luxembourg_18,National Commission for Data Protection,FINE_ONLY,3,3.006025746917906
Luxembourg_25,National Commission for Data Protection,NONE,0,0.0056640333698507106
Luxembourg_23,National Commission for Data Protection,FINE_PLUS,4,3.9985791582676447
Lithuania_2,State Data Protection Inspectorate,FINE_ONLY,3,3.0028595448772473
Luxembourg_24,National Commission for Data Protection (CNPD),REMEDIAL_ONLY,2,1.999033407116927
Luxembourg_22,National Commission for Data Protection,FINE_PLUS,4,3.9833766855610615
Lithuania_4,State Data Protection Inspectorate (SDPI),FINE_ONLY,3,2.982113794291895
Lithuania_7,Valstybinė duomenų apsaugos inspekcija (VDAI),FINE_PLUS,4,3.9966255817045364
Lithuania_9,State Data Protection Inspectorate,NONE,0,0.005040576276066309
Lithuania_3,State Data Protection Inspectorate,FINE_PLUS,4,3.994328380789066
Lithuania_10,State Data Protection Inspectorate,FINE_ONLY,3,3.0105283288394746
Lithuania_8,State Data Protection Inspectorate,REMEDIAL_ONLY,2,2.002155606422069
Lithuania_11,State Data Protection Inspectorate,FINE_ONLY,3,3.0020109099361654
Lithuania_12,State Data Protection Inspectorate,FINE_ONLY,3,3.0073240603080724
Latvia_3,Data State Inspectorate,FINE_ONLY,3,2.9823393202273514
Latvia_1,Data State Inspectorate,FINE_ONLY,3,3.003477041313703
Latvia_8,,NONE,0,0.002803470101901616
Latvia_7,,NONE,0,0.002803470101901616
Latvia_5,,NONE,0,0.002803470101901616
Latvia_6,Data State Inspections,FINE_ONLY,3,3.0023540555864012
Latvia_4,Data State Inspection,REMEDIAL_ONLY,2,2.003677135033558
Latvia_2,,NONE,0,0.002803470101901616
Latvia_9,State Data Inspectorate,FINE_PLUS,4,3.990419930072631
Latvia_12,Data State Inspectorate,FINE_PLUS,4,3.97863702908525
Latvia_10,Data State Inspectorate,FINE_PLUS,4,3.997455479725848
Latvia_11,Data State Inspectorate,REMEDIAL_ONLY,2,2.008738849823531
Latvia_13,Data State Inspections,FINE_PLUS,4,3.998429634255216
Latvia_14,State Data Inspectorate,FINE_PLUS,4,3.9974953276602796
Italy_1,Garante per la protezione dei dati personali,FINE_PLUS,4,3.9988618548840855
Italy_3,Garante per la protezione dei dati personali,FINE_ONLY,3,3.002029817806078
Italy_8,,NONE,0,0.002803470101901616
Italy_10,,NONE,0,0.002803470101901616
Italy_4,Garante per la protezione dei dati personali,FINE_ONLY,3,3.002528744074174
Italy_9,Garante per la protezione dei dati personali,NONE,0,0.0008086317456065578
Italy_2,Garante per la protezione dei dati personali,FINE_PLUS,4,3.9993520774464426
Italy_12,Garante per la protezione dei dati personali,NONE,0,0.008320542516091095
Italy_14,Garante per la protezione dei dati personali,FINE_ONLY,3,2.9977966894355568
Italy_17,Garante per la protezione dei dati personali,FINE_ONLY,3,3.005395811698796
Italy_13,Garante per la protezione dei dati personali,FINE_ONLY,3,3.0054725272982847
Italy_16,Garante per la protezione dei dati personali,FINE_PLUS,4,3.995542790639126
Italy_18,Garante per la protezione dei dati personali,FINE_ONLY,3,3.004705217588385
Italy_15,Garante per la protezione dei dati personali,FINE_PLUS,4,3.9995832780576666
Italy_21,Garante per la protezione dei dati personali,FINE_ONLY,3,3.0003183871491963
Italy_20,Garante per la Protezione dei Dati Personali,FINE_ONLY,3,3.002526328331344
Italy_22,Garante per la protezione dei dati personali,FINE_ONLY,3,3.0070214671452473
Italy_24,Garante per la protezione dei dati personali,NONE,0,0.006848115412825794
Italy_25,Garante per la protezione dei dati personali,FINE_ONLY,3,3.005489508337688
Italy_29,Guarantor for the Protection of Personal Data,FINE_ONLY,3,3.0061773163393894
Italy_31,Garante per la protezione dei dati personali,FINE_PLUS,4,3.998230147897754
Italy_26,Garante per la protezione dei dati personali,FINE_PLUS,4,3.998693231959054
Italy_27,Garante per la protezione dei dati personali,FINE_ONLY,3,3.0037897114396928
Italy_28,Garante per la protezione dei dati personali,FINE_ONLY,3,3.0132407619529626
Italy_32,Garante per la protezione dei dati personali,FINE_PLUS,4,3.994126716415014
Italy_34,Garante per la protezione dei dati personali,REMEDIAL_ONLY,2,2.00716626437073
Italy_37,Garante per la protezione dei dati personali,FINE_ONLY,3,3.0051699153831213
Italy_36,Garante per la protezione dei dati personali,FINE_ONLY,3,3.0040937197343913
Italy_38,Garante per la protezione dei dati personali,REMEDIAL_ONLY,2,2.003617874703182
Italy_40,Garante per la protezione dei dati personali,FINE_ONLY,3,3.00106442885438
Italy_43,Garante per la protezione dei dati personali,FINE_ONLY,3,3.006480726519103
Italy_42,Garante per la protezione dei dati personali,REMEDIAL_ONLY,2,2.003353480019855
Italy_46,Garante per la protezione dei dati personali,REMEDIAL_ONLY,2,2.0047054869192666
Italy_48,Garante per la protezione dei dati personali,NONE,0,0.026622492246591165
Italy_45,Garante per la protezione dei dati personali,FINE_PLUS,4,3.9987628834774873
Italy_49,Garante per la protezione dei dati personali,REMEDIAL_ONLY,2,2.0263225249949732
Italy_50,Garante per la protezione dei dati personali,REMEDIAL_ONLY,2,1.9931575782742714
Italy_47,Garante per la protezione dei dati personali,REMEDIAL_ONLY,2,2.0034769692011505
Italy_51,Garante per la protezione dei dati personali,REMEDIAL_ONLY,2,2.010712027733361
Italy_53,Garante per la protezione dei dati personali,FINE_PLUS,4,3.980763728514366
Italy_54,Garante per la protezione dei dati personali,FINE_PLUS,4,3.9986841103681536
Italy_56,Garante per la protezione dei dati personali,FINE_ONLY,3,3.0019998086068638
Italy_57,Garante per la protezione dei dati personali,FINE_ONLY,3,3.001381760110433
Italy_59,Garante per la protezione dei dati personali,FINE_PLUS,4,3.995929701674988
Italy_55,Garante per la protezione dei dati personali,FINE_ONLY,3,3.0036570705738597
Italy_61,Garante per la protezione dei dati personali,FINE_PLUS,4,3.975379101883836
Italy_58,Garante per la protezione dei dati personali,FINE_ONLY,3,3.004372431087546
Italy_60,Garante per la protezione dei dati personali,FINE_PLUS,4,3.9996643269488055
Italy_62,Garante per la protezione dei dati personali,FINE_PLUS,4,3.999325218558237
Italy_63,Garante per la protezione dei dati personali,FINE_PLUS,4,3.9993279886044326
Italy_64,Garante per la protezione dei dati personali,FINE_PLUS,4,3.9984437302335896
Italy_65,Garante per la protezione dei dati personali,FINE_PLUS,4,3.9984689639434623
Italy_67,Garante per la protezione dei dati personali,FINE_PLUS,4,3.9988605410901985
Italy_68,Garante per la protezione dei dati personali,FINE_ONLY,3,3.0026147939680286
Italy_69,Garante per la protezione dei dati personali,FINE_PLUS,4,3.9988152084914033
Italy_70,Garante per la protezione dei dati personali,FINE_PLUS,4,3.9947966017800964
Italy_66,Garante per la protezione dei dati personali,FINE_PLUS,4,3.999904327054535
Italy_71,Garante per la protezione dei dati personali,REMEDIAL_ONLY,2,2.0073136380659498
Italy_72,Garante per la protezione dei dati personali,FINE_PLUS,4,3.976699647583373
Italy_73,Garante per la protezione dei dati personali,FINE_PLUS,4,3.998041149053862
Italy_74,Garante per la protezione dei dati personali,FINE_ONLY,3,3.0035862051318607
Italy_76,Garante per la protezione dei dati personali,FINE_ONLY,3,3.006570155759993
Italy_75,Garante per la protezione dei dati personali,FINE_ONLY,3,3.0036342547030848
Italy_77,Garante per la protezione dei dati personali,FINE_PLUS,4,3.9990171429347217
Italy_79,Garante per la protezione dei dati personali,FINE_ONLY,3,3.0056429654645296
Italy_78,Garante per la protezione dei dati personali,REMEDIAL_ONLY,2,2.0001646299856066
Italy_81,Garante per la protezione dei dati personali,FINE_PLUS,4,3.9956292862251543
Italy_80,Garante per la protezione dei dati personali,FINE_ONLY,3,3.002038372754838
Italy_82,Garante per la protezione dei dati personali,FINE_PLUS,4,3.9804270351083892
Italy_84,Garante per la protezione dei dati personali,FINE_ONLY,3,3.0059170316395796
Italy_86,Garante per la protezione dei dati personali,REMEDIAL_ONLY,2,2.0020825907875386
Italy_87,Garante per la protezione dei dati personali,FINE_ONLY,3,3.001624896241364
Italy_90,Garante per la protezione dei dati personali,REMEDIAL_ONLY,2,2.022200906500869
Italy_92,Garante per la protezione dei dati personali,REMEDIAL_ONLY,2,2.0003230956957365
Italy_83,,NONE,0,0.002803470101901616
Italy_89,Garante per la protezione dei dati personali,FINE_ONLY,3,3.010926341498474
Italy_91,Garante per la protezione dei dati personali,FINE_PLUS,4,3.9833353912364498
Italy_88,Garante per la protezione dei dati personali,FINE_PLUS,4,3.9823254039334746
Italy_93,Garante per la protezione dei dati personali,NONE,0,0.016601830405020328
Italy_94,Garante per la protezione dei dati personali,REMEDIAL_ONLY,2,2.004345737839177
Italy_96,Garante per la protezione dei dati personali,FINE_ONLY,3,3.0053260022010204
Italy_97,Garante per la protezione dei dati personali,FINE_ONLY,3,3.0025283396198184
Italy_99,Garante per la protezione dei dati personali,FINE_PLUS,4,3.974774939569527
Italy_98,Garante per la protezione dei dati personali,FINE_PLUS,4,3.987011899449977
Italy_95,Garante per la protezione dei dati personali,FINE_PLUS,4,3.9983293081112703
Italy_100,Garante per la protezione dei dati personali,FINE_ONLY,3,3.0040691048396786
Italy_101,Garante per la protezione dei dati personali,FINE_PLUS,4,3.9993886003083996
Italy_102,Garante per la protezione dei dati personali,FINE_ONLY,3,3.0075398714405894
Italy_106,Garante per la protezione dei dati personali,REMEDIAL_ONLY,2,2.002053917982169
Italy_105,Garante per la protezione dei dati personali,FINE_PLUS,4,3.9987771911244034
Italy_103,Garante per la protezione dei dati personali,FINE_ONLY,3,3.005722371526773
Italy_104,Garante per la protezione dei dati personali,FINE_ONLY,3,3.0061017303178446
Italy_108,Garante per la protezione dei dati personali,FINE_PLUS,4,3.998937928897221
Italy_107,Garante per la protezione dei dati personali,FINE_ONLY,3,3.00404469123074
Italy_109,Garante per la protezione dei dati personali,FINE_PLUS,4,3.9974455563066416
Italy_110,Garante per la protezione dei dati personali,FINE_ONLY,3,2.999764148118183
Italy_111,Garante per la protezione dei dati personali,FINE_ONLY,3,3.001223265054561
Italy_113,Garante per la protezione dei dati personali,FINE_ONLY,3,3.0037912801833797
Italy_112,Garante per la protezione dei dati personali,FINE_ONLY,3,3.003559725966412
Italy_114,Garante per la protezione dei dati personali,FINE_PLUS,4,3.997349260631983
Italy_116,Garante per la protezione dei dati personali,FINE_ONLY,3,3.0055598660206013
Italy_115,Garante per la protezione dei dati personali,FINE_ONLY,3,3.0086753940600066
Italy_119,Garante per la protezione dei dati personali,FINE_ONLY,3,3.0040004470260753
Italy_117,Garante per la protezione dei dati personali,FINE_PLUS,4,3.9867295753461045
Italy_118,Garante per la protezione dei dati personali,FINE_ONLY,3,3.0048568938161844
Italy_120,Garante per la protezione dei dati personali,FINE_PLUS,4,3.999299214877756
Italy_122,Garante per la protezione dei dati personali,FINE_ONLY,3,3.005427573902067
Italy_121,Garante per la protezione dei dati personali,FINE_PLUS,4,3.9768299469071215
Italy_124,Garante per la protezione dei dati personali,REMEDIAL_ONLY,2,2.0013379587126816
Italy_125,Garante per la protezione dei dati personali,REMEDIAL_ONLY,2,2.004627956255793
Italy_123,Garante per la protezione dei dati personali,FINE_PLUS,4,3.99317027798586
Italy_126,Garante per la protezione dei dati personali,FINE_ONLY,3,2.999910662238257
Italy_127,Garante per la protezione dei dati personali,REMEDIAL_ONLY,2,2.000067388007974
Italy_131,Garante per la protezione dei dati personali,REMEDIAL_ONLY,2,2.003570466530084
Italy_130,Garante per la protezione dei dati personali,REMEDIAL_ONLY,2,2.0001646299856066
Italy_128,Garante per la protezione dei dati personali,FINE_PLUS,4,3.9994840374356087
Italy_132,Garante per la protezione dei dati personali,REMEDIAL_ONLY,2,1.9990899577013124
Italy_129,Garante per la protezione dei dati personali,FINE_ONLY,3,3.0057172875279354
Italy_133,Garante per la protezione dei dati personali,REMEDIAL_ONLY,2,1.9957935437310232
Italy_135,Garante per la protezione dei dati personali,FINE_ONLY,3,3.009990688279006
Italy_139,NOT_DISCUSSED,NONE,0,0.0012646945783738271
Italy_138,Garante per la protezione dei dati personali,FINE_PLUS,4,3.97320186447637
Italy_134,Garante per la protezione dei dati personali,FINE_ONLY,3,3.0102809981016323
Italy_136,Garante per la protezione dei dati personali,REMEDIAL_ONLY,2,2.0064675180837535
Italy_140,Garante per la protezione dei dati personali,FINE_PLUS,4,3.988128863246544
Italy_141,Garante per la protezione dei dati personali,REMEDIAL_ONLY,2,2.011152730510764
Italy_137,Garante per la protezione dei dati personali,FINE_ONLY,3,3.002864644622033
Italy_143,Garante per la protezione dei dati personali,FINE_ONLY,3,3.0020098043085364
Italy_144,Garante per la protezione dei dati personali,REMEDIAL_ONLY,2,2.0026448567654684
Italy_142,Garante per la protezione dei dati personali,REMEDIAL_ONLY,2,2.0062750631846553
Italy_146,Garante per la protezione dei dati personali,REMEDIAL_ONLY,2,2.0036750052291765
Italy_148,Garante per la protezione dei dati personali,FINE_PLUS,4,3.979924391010302
Italy_147,Garante per la protezione dei dati personali,FINE_PLUS,4,3.9988487923160494
Italy_145,Garante per la protezione dei dati personali,FINE_PLUS,4,3.999574531030284
Italy_150,Garante per la protezione dei dati personali,FINE_PLUS,4,3.998669376026234
Italy_149,Garante per la protezione dei dati personali,REMEDIAL_ONLY,2,2.0025147720905987
Italy_151,Garante per la protezione dei dati personali,REMEDIAL_ONLY,2,2.0222638273494145
Italy_152,Garante per la protezione dei dati personali,REMEDIAL_ONLY,2,2.0092437846142945
Italy_153,Garante per la protezione dei dati personali,FINE_PLUS,4,3.998099126187986
Italy_157,Garante per la protezione dei dati personali,FINE_ONLY,3,3.006988846919648
Italy_154,Garante per la protezione dei dati personali,FINE_PLUS,4,3.998391950731251
Italy_156,Garante per la protezione dei dati personali,REMEDIAL_ONLY,2,2.0049934258697535
Italy_155,Garante per la protezione dei dati personali,FINE_PLUS,4,3.9769545289449058
Italy_158,Garante per la protezione dei dati personali,NONE,0,0.0020710029871345054
Italy_159,Garante per la protezione dei dati personali,FINE_PLUS,4,3.999105781216531
Italy_161,Garante per la protezione dei dati personali,FINE_PLUS,4,3.98333616335403
Italy_164,Garante per la protezione dei dati personali,FINE_PLUS,4,3.986123088718057
Italy_160,Garante per la protezione dei dati personali,FINE_PLUS,4,3.973404438972148
Italy_162,Garante per la protezione dei dati personali,FINE_PLUS,4,3.999804475416822
Italy_165,Garante per la protezione dei dati personali,FINE_ONLY,3,3.0082366257672843
Italy_167,Garante per la protezione dei dati personali,FINE_PLUS,4,3.9972735558870913
Italy_163,Garante per la protezione dei dati personali,REMEDIAL_ONLY,2,2.0030579029565416
Italy_166,Garante per la protezione dei dati personali,FINE_ONLY,3,3.00457710060633
Italy_169,,NONE,0,0.002803470101901616
Italy_173,,NONE,0,0.002803470101901616
Italy_168,Garante per la protezione dei dati personali,FINE_PLUS,4,3.995979904911747
Italy_170,Garante per la protezione dei dati personali,FINE_ONLY,3,3.0056914282296083
Italy_171,Garante per la protezione dei dati personali,FINE_PLUS,4,3.9997789475386316
Italy_176,Garante per la protezione dei dati personali,FINE_PLUS,4,3.987768283252969
Italy_181,,NONE,0,0.002803470101901616
Italy_172,Garante per la protezione dei dati personali,FINE_ONLY,3,3.0032030631372795
Italy_178,Garante per la protezione dei dati personali,FINE_PLUS,4,3.9994985448156086
Italy_177,Garante per la protezione dei dati personali,FINE_ONLY,3,3.0032630074907987
Italy_179,Garante per la protezione dei dati personali,REMEDIAL_ONLY,2,2.030134234357869
Italy_180,Garante per la protezione dei dati personali,FINE_PLUS,4,3.999423629421894
Italy_184,Garante per la protezione dei dati personali,FINE_PLUS,4,3.9706471628593265
Italy_182,Garante per la protezione dei dati personali,FINE_PLUS,4,3.999302304277124
Italy_183,Garante per la protezione dei dati personali,FINE_ONLY,3,3.006681786237245
Italy_189,Garante per la protezione dei dati personali,FINE_ONLY,3,3.003339946241012
Italy_186,Garante per la protezione dei dati personali,FINE_PLUS,4,3.978658992225059
Italy_191,Garante per la protezione dei dati personali,REMEDIAL_ONLY,2,2.0008258861907944
Italy_193,Garante per la protezione dei dati personali,REMEDIAL_ONLY,2,2.0217721304715117
Italy_190,Garante per la protezione dei dati personali,FINE_PLUS,4,3.9996524220911716
Italy_194,Garante per la protezione dei dati personali,FINE_PLUS,4,3.9863293260037493
Italy_195,Garante per la protezione dei dati personali,FINE_PLUS,4,3.980097585406522
Italy_197,Garante per la protezione dei dati personali,FINE_PLUS,4,3.975331204895244
Italy_198,Garante per la protezione dei dati personali,NONE,0,0.008320542516091095
Italy_196,Garante per la protezione dei dati personali,FINE_ONLY,3,3.004658703203663
Italy_201,Garante per la protezione dei dati personali,REMEDIAL_ONLY,2,2.007148933767294
Italy_200,Garante per la protezione dei dati personali,REMEDIAL_ONLY,2,2.007514431316918
Italy_199,Garante per la protezione dei dati personali,FINE_PLUS,4,3.999853499309532
Italy_203,Garante per la protezione dei dati personali,FINE_PLUS,4,3.9984330676615705
Italy_204,Garante per la protezione dei dati personali,FINE_ONLY,3,3.0035685312436233
Italy_202,Garante per la protezione dei dati personali,FINE_PLUS,4,3.9989464279106985
Italy_205,Garante per la protezione dei dati personali,REMEDIAL_ONLY,2,2.000856872903272
Italy_207,Garante per la protezione dei dati personali,FINE_ONLY,3,3.0011588426504114
Italy_210,Garante per la protezione dei dati personali,FINE_ONLY,3,3.002948245034098
Italy_209,Garante per la protezione dei dati personali,FINE_PLUS,4,3.998833853046462
Italy_206,Garante per la protezione dei dati personali,FINE_PLUS,4,3.9987919441323316
Italy_208,Garante per la protezione dei dati personali,FINE_ONLY,3,3.0027981385881173
Italy_211,Garante per la protezione dei dati personali,FINE_ONLY,3,3.004398952483275
Italy_212,Garante per la protezione dei dati personali,REMEDIAL_ONLY,2,2.0729832470039042
Italy_213,Garante per la protezione dei dati personali,FINE_PLUS,4,3.9945837666878754
Italy_215,Garante per la protezione dei dati personali,FINE_ONLY,3,3.0029010346725524
Italy_214,Garante per la protezione dei dati personali,FINE_ONLY,3,3.0031517526974567
Italy_216,Garante per la protezione dei dati personali,FINE_ONLY,3,3.007163269006517
Italy_217,Garante per la protezione dei dati personali,FINE_ONLY,3,3.0055210269422536
Italy_218,Garante per la protezione dei dati personali,FINE_ONLY,3,3.005914322999752
Italy_219,Garante per la protezione dei dati personali,FINE_ONLY,3,3.011246725001019
Italy_220,Garante per la protezione dei dati personali,FINE_PLUS,4,3.9986757869322975
Italy_224,Garante per la protezione dei dati personali,FINE_PLUS,4,3.9993913281706686
Italy_223,Garante per la protezione dei dati personali,FINE_PLUS,4,3.987401180525321
Italy_225,Garante per la protezione dei dati personali,FINE_PLUS,4,3.9615252713043207
Italy_226,Garante per la protezione dei dati personali,REMEDIAL_ONLY,2,2.002417337692783
Italy_221,Garante per la protezione dei dati personali,FINE_PLUS,4,3.979318661233103
Italy_222,Garante per la protezione dei dati personali,FINE_ONLY,3,3.001251766374539
Italy_227,Garante per la protezione dei dati personali,REMEDIAL_ONLY,2,1.9992379737834889
Italy_228,Garante per la protezione dei dati personali,FINE_ONLY,3,3.0010228089305016
Italy_231,Garante per la protezione dei dati personali,FINE_PLUS,4,3.981569309483442
Italy_234,Garante per la protezione dei dati personali,FINE_ONLY,3,3.0041296332382
Italy_230,Garante per la protezione dei dati personali,FINE_ONLY,3,3.0045359354698173
Italy_235,Garante per la protezione dei dati personali,FINE_PLUS,4,3.9955278674588137
Italy_233,Garante per la protezione dei dati personali,FINE_PLUS,4,3.978149503729209
Italy_229,Garante per la protezione dei dati personali,FINE_ONLY,3,3.0035706601711722
Italy_232,Garante per la protezione dei dati personali,FINE_PLUS,4,3.9999094710595786
Italy_236,Garante per la protezione dei dati personali,FINE_PLUS,4,3.971499036581964
Italy_240,Garante per la protezione dei dati personali,NONE,0,0.0004937423932067993
Italy_239,Garante per la protezione dei dati personali,FINE_ONLY,3,3.0031490282534676
Italy_238,Garante per la protezione dei dati personali,FINE_ONLY,3,3.008417936087951
Italy_242,Garante per la protezione dei dati personali,REMEDIAL_ONLY,2,2.0006893980809646
Italy_237,Garante per la protezione dei dati personali,FINE_ONLY,3,3.0031490282534676
Italy_241,Garante per la protezione dei dati personali,FINE_PLUS,4,3.994743481058165
Italy_243,Garante per la protezione dei dati personali,FINE_PLUS,4,3.9945019224717986
Italy_244,Garante per la protezione dei dati personali,FINE_PLUS,4,3.980749504273252
Italy_247,Garante per la protezione dei dati personali,FINE_ONLY,3,3.0018446791783435
Italy_245,Garante per la protezione dei dati personali,FINE_PLUS,4,3.9998217074864737
Italy_246,Garante per la protezione dei dati personali,FINE_PLUS,4,3.999149114151966
Italy_250,Garante per la protezione dei dati personali,REMEDIAL_ONLY,2,2.002842360842848
Italy_251,Garante per la protezione dei dati personali,FINE_ONLY,3,2.9994731167694226
Italy_249,Garante per la protezione dei dati personali,REMEDIAL_ONLY,2,1.9982477889881016
Italy_248,Garante per la protezione dei dati personali,FINE_ONLY,3,3.0016841911505154
Italy_252,Garante per la protezione dei dati personali,FINE_PLUS,4,3.9802586953972607
Italy_258,Garante per la protezione dei dati personali,FINE_ONLY,3,3.0060630611504755
Italy_257,Garante per la protezione dei dati personali,FINE_ONLY,3,3.0028824318070915
Italy_255,Garante per la protezione dei dati personali,FINE_PLUS,4,3.998239258369454
Italy_254,Garante per la protezione dei dati personali,REMEDIAL_ONLY,2,1.9979008086284096
Italy_253,Garante per la protezione dei dati personali,REMEDIAL_ONLY,2,1.9991767421624032
Italy_256,Garante per la protezione dei dati personali,FINE_PLUS,4,3.9815412246494435
Italy_259,Garante per la protezione dei dati personali,FINE_PLUS,4,3.987249338037576
Italy_263,NOT_DISCUSSED,NONE,0,0.0012646945783738271
Italy_262,Garante per la protezione dei dati personali,FINE_PLUS,4,3.9987861225482138
Italy_261,Garante per la protezione dei dati personali,FINE_PLUS,4,3.999945615708394
Italy_266,Garante per la protezione dei dati personali,FINE_ONLY,3,3.0007733335708364
Italy_265,Garante per la protezione dei dati personali,REMEDIAL_ONLY,2,2.0019674174793742
Italy_264,Garante per la protezione dei dati personali,FINE_PLUS,4,3.998386484526841
Italy_260,,NONE,0,0.002803470101901616
Italy_268,Guarantor for the Protection of Personal Data,FINE_ONLY,3,3.005849770441539
Italy_271,Garante per la protezione dei dati personali,FINE_ONLY,3,3.0136291343670134
Italy_269,Garante per la protezione dei dati personali,FINE_PLUS,4,3.998749022905363
Italy_267,Garante per la protezione dei dati personali,FINE_PLUS,4,3.998413350861599
Italy_270,Garante per la protezione dei dati personali,REMEDIAL_ONLY,2,1.9994098682991794
Italy_274,Garante per la protezione dei dati personali,FINE_ONLY,3,3.0031490282534676
Italy_273,Garante per la protezione dei dati personali,NONE,0,0.03315360247983446
Italy_272,Garante per la protezione dei dati personali,FINE_ONLY,3,3.0057793195596494
Italy_275,,NONE,0,0.002803470101901616
Italy_276,Garante per la protezione dei dati personali,REMEDIAL_ONLY,2,2.005933375241841
Italy_277,Garante per la protezione dei dati personali,REMEDIAL_ONLY,2,2.001457021373714
Italy_281,Garante per la protezione dei dati personali,REMEDIAL_ONLY,2,2.007387276541572
Italy_283,Garante per la protezione dei dati personali,FINE_ONLY,3,3.004871441444035
Italy_278,Garante per la protezione dei dati personali,REMEDIAL_ONLY,2,2.0082699345094794
Italy_282,Garante per la protezione dei dati personali,REMEDIAL_ONLY,2,2.0019079191901406
Italy_279,Garante per la protezione dei dati personali,FINE_PLUS,4,3.98014518410128
Italy_285,Garante per la protezione dei dati personali,FINE_ONLY,3,3.004732371280711
Italy_280,Garante per la protezione dei dati personali,FINE_PLUS,4,3.999473789539616
Italy_286,Garante per la protezione dei dati personali,FINE_ONLY,3,3.0052390168898575
Italy_284,Garante per la protezione dei dati personali,FINE_PLUS,4,3.9998010399466013
Italy_288,Garante per la protezione dei dati personali,FINE_ONLY,3,3.0011034581133473
Italy_289,Garante per la protezione dei dati personali,FINE_PLUS,4,3.999897787215268
Italy_291,Garante per la protezione dei dati personali,REMEDIAL_ONLY,2,2.036263767024439
Italy_287,Garante per la protezione dei dati personali,FINE_PLUS,4,3.998795180197962
Italy_290,Garante per la protezione dei dati personali,REMEDIAL_ONLY,2,2.0058682293322088
Italy_293,Garante per la protezione dei dati personali,FINE_ONLY,3,3.00194884009609
Italy_294,Garante per la protezione dei dati personali,FINE_ONLY,3,3.0041059964007544
Italy_292,Garante per la protezione dei dati personali,REMEDIAL_ONLY,2,2.012756127974357
Italy_297,Garante per la protezione dei dati personali,FINE_PLUS,4,3.976828249439743
Italy_298,Garante per la protezione dei dati personali,FINE_PLUS,4,3.942658843685162
Italy_299,Garante per la protezione dei dati personali,FINE_ONLY,3,3.001605546456688
Italy_295,Garante per la protezione dei dati personali,FINE_PLUS,4,3.9990159960498723
Italy_300,Garante per la protezione dei dati personali,FINE_PLUS,4,3.99673356364389
Italy_296,Garante per la protezione dei dati personali,FINE_PLUS,4,3.9988090002610837
Italy_301,Garante per la protezione dei dati personali,FINE_PLUS,4,3.9790395211605016
Italy_302,Garante per la protezione dei dati personali,FINE_PLUS,4,3.923582201095528
Italy_304,Garante per la protezione dei dati personali,FINE_PLUS,4,3.995628655303586
Italy_303,Garante per la protezione dei dati personali,FINE_PLUS,4,3.9860487206728528
Italy_307,Garante per la protezione dei dati personali,FINE_PLUS,4,3.99943336823636
Italy_310,Garante per la protezione dei dati personali,REMEDIAL_ONLY,2,2.0023738076518143
Italy_306,Garante per la protezione dei dati personali,FINE_PLUS,4,3.985956937629018
Italy_309,Garante per la protezione dei dati personali,FINE_ONLY,3,3.0011588426504114
Italy_308,STRING Garante per la protezione dei dati personali,FINE_ONLY,3,3.002763651692452
Italy_305,Garante per la protezione dei dati personali,FINE_PLUS,4,3.999725829211258
Italy_312,Garante per la protezione dei dati personali,NONE,0,0.0011589536774442245
Italy_313,,NONE,0,0.002803470101901616
Italy_311,,NONE,0,0.002803470101901616
Italy_314,Garante per la protezione dei dati personali,REMEDIAL_ONLY,2,2.016378527501267
Italy_316,Garante per la protezione dei dati personali,REMEDIAL_ONLY,2,2.0119463051627253
Italy_315,Garante per la protezione dei dati personali,FINE_ONLY,3,3.0047191843526915
Ireland_2,STRING,NONE,0,0.0011597947917773522
Ireland_5,NOT_DISCUSSED,NONE,0,0.0012646945783738271
Ireland_1,Data Protection Commission of Ireland,REMEDIAL_ONLY,2,2.0039525751697327
Ireland_3,,NONE,0,0.002803470101901616
Ireland_4,STRING,NONE,0,0.004839402233987893
Ireland_6,Data Protection Commission,FINE_PLUS,4,3.9995890976700297
Ireland_7,Data Protection Commission,FINE_PLUS,4,3.998648192399673
Ireland_13,Data Protection Commission,FINE_PLUS,4,3.999134583287249
Ireland_11,STRING,NONE,0,0.00014899735942807248
Ireland_10,Data Protection Commission,REMEDIAL_ONLY,2,2.0195604955810715
Ireland_12,STRING,NONE,0,0.00014899735942807248
Ireland_16,Data Protection Commission,NONE,0,0.017227921496709472
Ireland_18,NOT_DISCUSSED,NONE,0,0.0012646945783738271
Ireland_14,Data Protection Commission,FINE_PLUS,4,3.992036904479254
Ireland_15,STRING,NONE,0,0.00014899735942807248
Ireland_17,Data Protection Commission,FINE_PLUS,4,3.999414543560883
Ireland_8,,NONE,0,0.002803470101901616
Ireland_19,Data Protection Commission of Ireland,REMEDIAL_ONLY,2,2.0013977434391452
Ireland_9,,NONE,0,0.002803470101901616
Ireland_20,NOT_MENTIONED,NONE,0,0.0006820855759258339
Ireland_22,NOT_MENTIONED,NONE,0,0.0006820855759258339
Ireland_24,Data Protection Commission,NONE,0,0.008935103834815428
Ireland_23,STRING,NONE,0,0.0015141028897742385
Ireland_26,NOT_DISCUSSED,NONE,0,0.0012646945783738271
Ireland_21,Data Protection Commission,REMEDIAL_ONLY,2,2.0097671885449553
Ireland_25,STRING,NONE,0,0.00014899735942807248
Ireland_28,NOT_MENTIONED,NONE,0,0.0006820855759258339
Ireland_27,STRING,NONE,0,0.0004954695663202787
Ireland_29,Data Protection Commission,REMEDIAL_ONLY,2,2.0060711908791506
Ireland_31,STRING,NONE,0,0.0126890709592738
Ireland_33,NOT_DISCUSSED,NONE,0,0.0012646945783738271
Ireland_36,NOT_DISCUSSED,NONE,0,0.0012646945783738271
Ireland_34,Data Protection Commission,REMEDIAL_ONLY,2,2.0022452488454032
Ireland_32,Data Protection Commission,NONE,0,0.012049403532189428
Ireland_35,Data Protection Commission,REMEDIAL_ONLY,2,1.9993665269214822
Ireland_37,STRING,NONE,0,0.033180109949605234
Ireland_38,Data Protection Commission,FINE_PLUS,4,3.9628229488714264
Ireland_41,NOT_MENTIONED,NONE,0,0.0006820855759258339
Ireland_39,STRING,NONE,0,0.0010706535046134632
Ireland_43,NOT_DISCUSSED,NONE,0,0.0012646945783738271
Ireland_40,NOT_MENTIONED,NONE,0,0.0006820855759258339
Ireland_44,Irish Data Protection Commission,FINE_PLUS,4,3.9974569610836754
Ireland_42,Data Protection Commission,FINE_ONLY,3,3.004876280331951
Ireland_46,Official name of the deciding Data Protection Authority (DPA): Data Protection Commission,FINE_PLUS,4,3.99999999480672
Ireland_30,,NONE,0,0.002803470101901616
Iceland_1,Persónuvernd,REMEDIAL_ONLY,2,2.0007901012872598
Iceland_2,Persónuvernd,NONE,0,0.007568563708515317
Iceland_3,Privacy Policy Board,FINE_ONLY,3,3.001948674801599
Iceland_5,Privacy Policy Board,FINE_ONLY,3,3.001288055059525
Iceland_4,Persónuvernd,REMEDIAL_ONLY,2,2.004791677437904
Iceland_7,Persónuvernd,REMEDIAL_ONLY,2,2.0019342757133467
Iceland_6,The Data Protection Authority,NONE,0,0.00810355599395763
Iceland_9,Data Protection Authority,REMEDIAL_ONLY,2,1.99551079232729
Iceland_8,Persónuvernd,REMEDIAL_ONLY,2,2.001598929728491
Iceland_10,Persónuvernd,REMEDIAL_ONLY,2,2.0004833179317165
Ireland_45,,NONE,0,0.002803470101901616
Iceland_13,Persónuvernd (Icelandic Data Protection Authority),NONE,0,0.0034506105001315727
Iceland_12,The Data Protection Authority,REMEDIAL_ONLY,2,2.001597790015367
Iceland_14,The Data Protection Authority,REMEDIAL_ONLY,2,1.997247846871241
Iceland_16,The Data Protection Authority,REMEDIAL_ONLY,2,2.0022084780679803
Iceland_11,Persónuvernd,REMEDIAL_ONLY,2,1.9961582882588789
Iceland_17,,NONE,0,0.002803470101901616
Iceland_18,,NONE,0,0.002803470101901616
Iceland_15,Persónuvernd,NONE,0,0.004825211499709452
Iceland_21,Persónuvernd,REMEDIAL_ONLY,2,2.0010803377133977
Iceland_20,Persónuvernd,NONE,0,0.0019837683037013457
Iceland_19,The Data Protection Authority,NONE,0,0.023987752421779043
Iceland_23,Data Protection Authority,NONE,0,0.0095555352388135
Iceland_22,,NONE,0,0.002803470101901616
Iceland_27,,NONE,0,0.002803470101901616
Iceland_26,The Data Protection Authority,NONE,0,0.007773256770614241
Iceland_24,Persónuvernd,REMEDIAL_ONLY,2,1.998483621366996
Iceland_29,Persónuvernd,NONE,0,0.007334304322500514
Iceland_28,Persónuvernd,NONE,0,0.003742378032982107
Iceland_25,Persónuvernd,REMEDIAL_ONLY,2,1.9998384070494717
Iceland_31,Data Protection Authority,NONE,0,0.01209501988978232
Iceland_32,Persónuvernd (Icelandic Data Protection Authority),NONE,0,0.004768908668642456
Iceland_30,Persónuvernd,REMEDIAL_ONLY,2,1.9865022508962051
Iceland_34,Persónuvernd,REMEDIAL_ONLY,2,1.9984324892290664
Iceland_33,Persónuvernd (Icelandic Data Protection Authority),NONE,0,0.007694234129731207
Iceland_36,Persónuvernd,REMEDIAL_ONLY,2,2.001517112355068
Iceland_35,Persónuvernd,NONE,0,0.004644338661552231
Iceland_37,Persónuvernd,NONE,0,0.0051525678121532685
Iceland_38,Persónuvernd,REMEDIAL_ONLY,2,1.9975874422933977
Iceland_44,Persónuvernd,NONE,0,0.004298262773323064
Iceland_39,Persónuvernd,REMEDIAL_ONLY,2,2.0112279386464085
Iceland_43,Data Protection Authority,REMEDIAL_ONLY,2,1.9998673096376942
Iceland_40,Persónuvernd,REMEDIAL_ONLY,2,2.0159383601083025
Iceland_41,Persónuvernd,REMEDIAL_ONLY,2,1.9977525423010039
Iceland_42,Persónuvernd,FINE_PLUS,4,3.9982404567919105
Iceland_46,The Data Protection Authority,NONE,0,0.008232309851417367
Iceland_45,Persónuvernd,FINE_PLUS,4,3.999155645948854
Iceland_48,The Data Protection Authority,REMEDIAL_ONLY,2,1.999983727387617
Iceland_50,Persónuvernd,REMEDIAL_ONLY,2,2.000442489449652
Iceland_47,Persónuvernd,REMEDIAL_ONLY,2,2.0006526561798097
Iceland_51,The Data Protection Authority,REMEDIAL_ONLY,2,2.0022190278271284
Iceland_49,Persónuvernd,REMEDIAL_ONLY,2,2.0008517588836807
Iceland_52,Norwegian Data Protection Authority,REMEDIAL_ONLY,2,2.0001399081562554
Iceland_53,Persónuvernd,REMEDIAL_ONLY,2,2.0069961034765895
Iceland_57,Persónuvernd,REMEDIAL_ONLY,2,2.0063444123883567
Iceland_58,The Icelandic Data Protection Authority,REMEDIAL_ONLY,2,2.0000165753884507
Iceland_54,Persónuvernd,FINE_PLUS,4,3.992599151327372
Iceland_59,STRING,REMEDIAL_ONLY,2,2.0007183076632487
Iceland_55,Persónuvernd,REMEDIAL_ONLY,2,2.0071251223273916
Iceland_56,Persónuvernd,NONE,0,0.0021781011032988486
Iceland_60,STRING,REMEDIAL_ONLY,2,1.996746948733225
Iceland_62,Persónuvernd,NONE,0,0.011654586469695742
Iceland_63,Persónuvernd,REMEDIAL_ONLY,2,2.0017075137461875
Iceland_61,Persónuvernd,REMEDIAL_ONLY,2,2.0004902317295645
Iceland_64,Datatilsynet,NONE,0,0.004385290484190013
Iceland_67,Persónuvernd,NONE,0,0.007115787011983077
Iceland_68,Persónuvernd,NONE,0,0.0051987596464909015
Iceland_65,Persónuvernd,REMEDIAL_ONLY,2,2.0031964312958808
Iceland_66,Persónuvernd,REMEDIAL_ONLY,2,1.9986776253291483
Iceland_69,Persónuvernd,NONE,0,0.004805850752237487
Iceland_71,Persónuvernd,REMEDIAL_ONLY,2,2.0018166651439984
Iceland_70,Persónuvernd,NONE,0,0.0021914190753717882
Iceland_74,Personal Protection Agency,NONE,0,0.008725726491502616
Iceland_76,Persónuvernd,NONE,0,0.0051525678121532685
Iceland_75,Persónuvernd,REMEDIAL_ONLY,2,2.016251837214315
Iceland_73,Personal Protection Agency,NONE,0,0.019700461183086777
Iceland_77,The Data Protection Authority,REMEDIAL_ONLY,2,2.002478784367819
Iceland_72,Persónuvernd,REMEDIAL_ONLY,2,2.0030396439947427
Iceland_78,The Data Protection Authority,REMEDIAL_ONLY,2,2.0001336189296555
Iceland_79,Persónuvernd,NONE,0,0.004568930075184182
Iceland_80,Persónuvernd (Icelandic Data Protection Authority),NONE,0,0.00745472418443525
Iceland_85,NOT_MENTIONED,NONE,0,0.0006820855759258339
Iceland_83,Persónuvernd,NONE,0,0.0071839975990159646
Iceland_84,Personal Protection Agency,NONE,0,0.01776800702183641
Iceland_81,Persónuvernd,FINE_ONLY,3,3.001755937008294
Iceland_86,Persónuvernd,NONE,0,0.004490187126710189
Iceland_82,Persónuvernd,FINE_ONLY,3,3.005157562749307
Iceland_87,Persónuvernd,NONE,0,0.01324370839783011
Iceland_88,Persónuvernd,NONE,0,0.004298262773323064
Iceland_93,Persónuvernd,NONE,0,0.004490187126710189
Iceland_91,Persónuvernd,FINE_PLUS,4,3.987365107949405
Iceland_89,Persónuvernd,REMEDIAL_ONLY,2,2.0037689269018215
Iceland_92,Persónuvernd,REMEDIAL_ONLY,2,2.003562356938102
Iceland_90,Personal Protection Agency,REMEDIAL_ONLY,2,1.9912010821803452
Iceland_94,Persónuvernd,REMEDIAL_ONLY,2,1.9990104428262774
Iceland_96,Persónuvernd,REMEDIAL_ONLY,2,1.9926347030375509
Iceland_97,Persónuvernd,NONE,0,0.008289101743410236
Iceland_95,Persónuvernd,FINE_ONLY,3,3.003140818073089
Iceland_98,Data Protection Authority,FINE_ONLY,3,3.00300303504223
Iceland_101,Persónuvernd,REMEDIAL_ONLY,2,2.00151399339397
Iceland_100,Persónuvernd,NONE,0,0.0063852850968159035
Hungary_1,National Data Protection and Freedom of Information Authority,REMEDIAL_ONLY,2,2.0130811166289493
Iceland_104,Persónuvernd,NONE,0,0.006895986147164347
Iceland_102,Persónuvernd,NONE,0,0.004805850752237487
Hungary_3,NOT_DISCUSSED,NONE,0,0.0012646945783738271
Iceland_103,Persónuvernd,REMEDIAL_ONLY,2,2.029077970133149
Hungary_2,STRING,NONE,0,1.0184657420165083e-05
Hungary_4,Nemzeti Adatvédelmi és Információszabadság Hatóság,FINE_PLUS,4,3.998030424388401
Iceland_99,,NONE,0,0.002803470101901616
Hungary_7,National Data Protection and Freedom of Information Authority,FINE_PLUS,4,3.9685993742046812
Hungary_6,National Data Protection and Freedom of Information Authority,FINE_PLUS,4,3.9991926863146574
Hungary_5,National Authority for Data Protection and Freedom of Information,FINE_PLUS,4,3.9987250989642695
Hungary_8,National Data Protection and Freedom of Information Authority,FINE_PLUS,4,3.995809538386704
Hungary_10,National Data Protection and Freedom of Information Authority,REMEDIAL_ONLY,2,2.0058784728405885
Hungary_9,National Data Protection and Freedom of Information Authority,FINE_PLUS,4,3.9985165187687657
Hungary_11,National Authority for Data Protection and Freedom of Information,FINE_ONLY,3,3.003843395272897
Hungary_12,National Authority for Data Protection and Freedom of Information,FINE_PLUS,4,3.9987846121396844
Hungary_13,National Authority for Data Protection and Freedom of Information,REMEDIAL_ONLY,2,2.0015167104112717
Hungary_14,National Data Protection and Freedom of Information Authority,REMEDIAL_ONLY,2,2.000497863422154
Hungary_15,Nemzeti Adatvédelmi és Információszabadság Hatóság,REMEDIAL_ONLY,2,2.0020869140602633
Hungary_17,National Data Protection and Freedom of Information Authority,REMEDIAL_ONLY,2,2.0026672181346847
Hungary_16,National Data Protection and Freedom of Information Authority,REMEDIAL_ONLY,2,2.0127039152889474
Hungary_18,Hungarian National Authority for Data Protection and Freedom of Information,FINE_PLUS,4,3.993039383006014
Hungary_20,National Data Protection and Freedom of Information Authority,REMEDIAL_ONLY,2,2.0013540661494855
Hungary_19,Nemzeti Adatvédelmi és Információszabadság Hatóság,FINE_PLUS,4,3.999697855597569
Hungary_21,National Authority for Data Protection and Freedom of Information,FINE_PLUS,4,3.9993863736292288
Hungary_22,National Authority for Data Protection and Freedom of Information,FINE_PLUS,4,3.996635133377364
Hungary_23,National Data Protection and Freedom of Information Authority,FINE_PLUS,4,3.9794781462454925
Hungary_24,National Data Protection and Freedom of Information Authority,FINE_PLUS,4,3.9935617476749847
Hungary_26,National Data Protection and Freedom of Information Authority,FINE_PLUS,4,3.997994051866289
Hungary_25,National Data Protection and Freedom of Information Authority,FINE_PLUS,4,3.998981711757748
Hungary_28,National Data Protection and Freedom of Information Authority,FINE_PLUS,4,3.9989628151837517
Hungary_31,National Data Protection and Freedom of Information Authority,REMEDIAL_ONLY,2,2.022058026516948
Hungary_30,National Authority for Data Protection and Freedom of Information,REMEDIAL_ONLY,2,2.008148142298199
Hungary_27,National Data Protection and Freedom of Information Authority,FINE_PLUS,4,3.998851193367076
Hungary_29,National Data Protection and Freedom of Information Authority,REMEDIAL_ONLY,2,2.005932707593039
Hungary_32,National Data Protection and Freedom of Information Authority,FINE_ONLY,3,3.002378598188201
Hungary_33,National Authority for Data Protection and Freedom of Information,FINE_PLUS,4,3.9808804448743
Hungary_34,National Authority for Data Protection and Freedom of Information,FINE_PLUS,4,3.99685972315194
Hungary_37,STRING,NONE,0,0.00014899735942807248
Hungary_35,National Data Protection and Freedom of Information Authority,FINE_PLUS,4,3.9968803357356504
Hungary_36,National Data Protection and Freedom of Information Authority,FINE_PLUS,4,3.9819265289900354
Hungary_38,,NONE,0,0.002803470101901616
Hungary_40,Nemzeti Adatvédelmi és Információszabadság Hatóság,REMEDIAL_ONLY,2,2.027324885131662
Hungary_39,National Data Protection and Freedom of Information Authority,FINE_PLUS,4,3.9992502468514854
Hungary_43,National Data Protection and Freedom of Information Authority,REMEDIAL_ONLY,2,2.0053052484108216
Hungary_41,National Data Protection and Freedom of Information Authority,REMEDIAL_ONLY,2,2.0223162550308356
Hungary_44,STRING,NONE,0,0.0015141028897742385
Hungary_46,National Authority for Data Protection and Freedom of Information,FINE_PLUS,4,3.997217771806993
Hungary_42,Nemzeti Adatvédelmi és Információszabadság Hatóság,FINE_PLUS,4,3.998753975874039
Hungary_45,National Data Protection and Freedom of Information Authority,FINE_PLUS,4,3.9994341484145957
Hungary_47,National Data Protection and Freedom of Information Authority,FINE_ONLY,3,3.004373132677721
Hungary_48,National Authority for Data Protection and Freedom of Information,REMEDIAL_ONLY,2,2.0070478485018826
Hungary_50,NOT_DISCUSSED,NONE,0,0.0012646945783738271
Hungary_49,National Data Protection and Freedom of Information Authority,REMEDIAL_ONLY,2,2.012705501743787
Hungary_55,National Data Protection and Freedom of Information Authority,REMEDIAL_ONLY,2,2.019292677536442
Hungary_53,National Authority for Data Protection and Freedom of Information,REMEDIAL_ONLY,2,2.001505925585453
Hungary_54,National Data Protection and Freedom of Information Authority,NONE,0,0.010902228170225244
Hungary_52,National Data Protection and Freedom of Information Authority,FINE_PLUS,4,3.9990607908507614
Hungary_56,National Data Protection and Freedom of Information Authority,FINE_PLUS,4,3.999628190493966
Hungary_57,National Data Protection and Freedom of Information Authority,FINE_ONLY,3,3.0069106949654705
Hungary_59,National Data Protection and Freedom of Information Authority,FINE_PLUS,4,3.9971709442680505
Hungary_51,,NONE,0,0.002803470101901616
Hungary_58,STRING,NONE,0,0.0011597947917773522
Greece_1,STRING,FINE_ONLY,3,2.981195064888153
Hungary_60,National Authority for Data Protection and Freedom of Information,REMEDIAL_ONLY,2,2.003951325063014
Greece_3,Hellenic Data Protection Authority,FINE_ONLY,3,3.003899575482778
Greece_2,STRING,NONE,0,0.0015141028897742385
Greece_4,Personal Data Protection Authority,FINE_PLUS,4,3.9732589037402306
Greece_5,,NONE,0,0.002803470101901616
Greece_6,Personal Data Protection Authority,REMEDIAL_ONLY,2,2.005917420708147
Greece_8,Hellenic Data Protection Authority,FINE_ONLY,3,3.001995752178442
Greece_10,Greek Data Protection Authority,REMEDIAL_ONLY,2,1.992473888353218
Greece_11,STRING,NONE,0,0.0015141028897742385
Greece_9,Hellenic Data Protection Authority,FINE_ONLY,3,3.0033419373430292
Greece_12,STRING,NONE,0,0.0005764995227889554
Greece_7,Personal Data Protection Authority,REMEDIAL_ONLY,2,2.0010663455440607
Greece_15,STRING,NONE,0,9.709457471630362e-06
Greece_16,Hellenic Data Protection Authority,FINE_PLUS,4,3.9969851095349584
Greece_13,Hellenic Data Protection Authority,FINE_PLUS,4,3.962865824578526
Greece_17,Personal Data Protection Authority,REMEDIAL_ONLY,2,1.984139417584131
Greece_14,STRING,FINE_PLUS,4,3.9861280188535386
Greece_20,STRING,NONE,0,0.0059440243913398624
Greece_19,The Personal Data Protection Authority,FINE_PLUS,4,3.9850604499364963
Greece_18,STRING,FINE_PLUS,4,3.9825922820832207
Greece_24,NOT_DISCUSSED,NONE,0,0.0012646945783738271
Greece_21,STRING,NONE,0,0.00028274209121208123
Greece_22,Hellenic Data Protection Authority,REMEDIAL_ONLY,2,2.0081075611976695
Greece_25,Personal Data Protection Authority,FINE_ONLY,3,3.0040938162169053
Greece_27,Personal Data Protection Authority,FINE_ONLY,3,3.0036310115411187
Greece_28,Personal Data Protection Authority,FINE_ONLY,3,3.0028081488587643
Greece_23,The President of the Authority,FINE_ONLY,3,3.00435363359875
Greece_26,Personal Data Protection Authority,FINE_PLUS,4,3.9977333569035634
Greece_29,Personal Data Protection Authority,NONE,0,0.01220844926255778
Greece_30,Personal Data Protection Authority,REMEDIAL_ONLY,2,1.993274773600527
Greece_32,Personal Data Protection Authority,FINE_ONLY,3,3.003468867689568
Greece_36,Greek Data Protection Authority,FINE_PLUS,4,3.997681827085883
Greece_34,Personal Data Protection Authority,REMEDIAL_ONLY,2,1.9945756750856092
Greece_33,Personal Data Protection Authority,FINE_ONLY,3,3.006773093261884
Greece_35,Personal Data Protection Authority,FINE_ONLY,3,3.0050077666502917
Greece_37,STRING,REMEDIAL_ONLY,2,2.002916205425599
Greece_39,Personal Data Protection Authority,FINE_ONLY,3,3.002994486715657
Greece_38,Hellenic Data Protection Authority,REMEDIAL_ONLY,2,2.005650597880281
Greece_42,Personal Data Protection Authority,FINE_PLUS,4,3.9759024021869904
Greece_31,,NONE,0,0.002803470101901616
Greece_40,Personal Data Protection Authority,FINE_ONLY,3,3.00297048472441
Greece_44,NOT_DISCUSSED,NONE,0,0.0012646945783738271
Greece_41,Personal Data Protection Authority,FINE_PLUS,4,3.9976342727341785
Greece_43,STRING,REMEDIAL_ONLY,2,2.003837328529975
Greece_46,Personal Data Protection Authority,FINE_ONLY,3,3.004808635127527
Greece_48,STRING,FINE_ONLY,3,3.002140700172661
Greece_49,STRING,REMEDIAL_ONLY,2,2.007889580335587
Greece_45,Hellenic Republic Authority for the Protection of Personal Data,REMEDIAL_ONLY,2,2.002674995177818
Greece_47,Personal Data Protection Authority,FINE_PLUS,4,3.9755183041118576
Greece_50,STRING,NONE,0,0.00014899735942807248
Greece_51,The Authority,FINE_PLUS,4,3.934001808747765
Greece_52,STRING,NONE,0,0.0005764995227889554
Greece_55,NOT_DISCUSSED,NONE,0,0.0012646945783738271
Greece_53,Personal Data Protection Authority,REMEDIAL_ONLY,2,2.000476702802948
Greece_54,Personal Data Protection Authority,REMEDIAL_ONLY,2,2.001259069479501
Greece_57,STRING,REMEDIAL_ONLY,2,1.998775642081406
Greece_58,NOT_DISCUSSED,NONE,0,0.0012646945783738271
Greece_59,Personal Data Protection Authority,NONE,0,0.005388011501773416
Greece_56,Personal Data Protection Authority,FINE_ONLY,3,3.0068863541324133
Greece_61,NOT_DISCUSSED,NONE,0,0.0012646945783738271
Greece_60,Personal Data Protection Authority,FINE_ONLY,3,3.0038801752692548
Greece_63,Personal Data Protection Authority,REMEDIAL_ONLY,2,2.0098948800564944
Greece_66,,NONE,0,0.002803470101901616
Greece_64,STRING,FINE_PLUS,4,3.98304371773531
Greece_67,NOT_DISCUSSED,NONE,0,0.0012646945783738271
Greece_69,Data Protection Authority,FINE_ONLY,3,3.0021952727726773
Greece_70,NOT_DISCUSSED,NONE,0,0.0012646945783738271
Greece_62,,NONE,0,0.002803470101901616
Greece_72,Personal Data Protection Authority,REMEDIAL_ONLY,2,2.001820225665684
Greece_71,The Personal Data Protection Authority,FINE_PLUS,4,3.995638198292211
Greece_74,NOT_DISCUSSED,NONE,0,0.0012646945783738271
Greece_75,NOT_DISCUSSED,NONE,0,0.04006272039709874
Greece_65,,NONE,0,0.002803470101901616
Greece_68,,NONE,0,0.002803470101901616
Greece_73,Personal Data Protection Authority,FINE_PLUS,4,3.9785947322028434
Greece_79,NOT_DISCUSSED,NONE,0,0.0012646945783738271
Greece_80,Personal Data Protection Authority,REMEDIAL_ONLY,2,2.006227904587778
Greece_76,STRING,NONE,0,0.0015141028897742385
Greece_78,Personal Data Protection Authority,FINE_ONLY,3,3.008934156303264
Greece_77,STRING,FINE_ONLY,3,2.9987125157389123
Greece_81,The Personal Data Protection Authority,FINE_ONLY,3,3.006478999833716
Greece_83,STRING,NONE,0,0.0015141028897742385
Greece_82,Personal Data Protection Authority,FINE_ONLY,3,3.0036617654328435
Greece_84,Personal Data Protection Authority,FINE_ONLY,3,3.0049998046819075
Greece_85,Personal Data Protection Authority,REMEDIAL_ONLY,2,2.001760731402621
Greece_86,Personal Data Protection Authority,REMEDIAL_ONLY,2,2.003764020688497
Greece_89,Personal Data Protection Authority,FINE_ONLY,3,3.0040618122751153
Greece_87,STRING,NONE,0,1.7062676515831545e-05
Greece_88,Αρχή Προστασίας Δεδομένων Προσωπικού Χαρακτήρα,FINE_ONLY,3,2.9978584325177255
Greece_91,Personal Data Protection Authority,FINE_ONLY,3,3.004311328175528
Greece_92,STRING,FINE_PLUS,4,3.9026259551134435
Greece_90,STRING,FINE_ONLY,3,3.0073687799310074
Greece_93,STRING,NONE,0,0.003949462988924721
Greece_94,STRING,REMEDIAL_ONLY,2,2.005592461071246
Greece_95,Personal Data Protection Authority,NONE,0,0.005386591336991207
Greece_96,Hellenic Data Protection Authority,FINE_ONLY,3,3.0078457499386917
Greece_98,STRING,NONE,0,8.2991857665431e-05
Greece_100,Greek Data Protection Authority,FINE_PLUS,4,3.999548806494886
Greece_97,STRING,REMEDIAL_ONLY,2,1.9909441232231098
Greece_99,Personal Data Protection Authority,FINE_ONLY,3,3.011932836642239
Greece_101,NOT_MENTIONED,NONE,0,0.0006820855759258339
Greece_103,Personal Data Protection Authority,REMEDIAL_ONLY,2,2.0011357119331445
Greece_106,Personal Data Protection Authority,NONE,0,0.004902749761711324
Greece_102,Personal Data Protection Authority,NONE,0,0.04995308878643216
Greece_105,STRING,FINE_ONLY,3,3.001902485538524
Greece_107,STRING,NONE,0,0.00017507897601803525
Greece_108,Hellenic Data Protection Authority,FINE_PLUS,4,3.971606596779809
Greece_109,Personal Data Protection Authority,REMEDIAL_ONLY,2,2.0046225181269923
Greece_104,STRING,FINE_ONLY,3,3.0014099314206573
Greece_111,Personal Data Protection Authority,FINE_ONLY,3,3.007361216419619
Greece_110,STRING,NONE,0,0.0015141028897742385
Greece_112,,NONE,0,0.002803470101901616
Greece_113,Personal Data Protection Authority,FINE_PLUS,4,3.9738331493910333
Greece_114,Personal Data Protection Authority,FINE_ONLY,3,3.0053366600380294
Greece_115,Personal Data Protection Authority,REMEDIAL_ONLY,2,2.0157694749896278
Greece_120,STRING,NONE,0,0.0015141028897742385
Greece_117,Personal Data Protection Authority,FINE_PLUS,4,3.97857183618003
Greece_118,Authority for the Protection of Personal Data,FINE_ONLY,3,3.006499397689384
Greece_119,STRING,REMEDIAL_ONLY,2,1.9949127722863522
Greece_116,Personal Data Protection Authority,FINE_ONLY,3,3.00768264741314
Greece_121,STRING,REMEDIAL_ONLY,2,2.003815783153982
Greece_122,Personal Data Protection Authority,FINE_PLUS,4,3.9688881911917937
Germany_1,Bayerisches Landesamt für Datenschutzaufsicht,REMEDIAL_ONLY,2,2.01609751435344
Greece_123,Personal Data Protection Authority,FINE_PLUS,4,3.999061942282545
Greece_124,Personal Data Protection Authority,REMEDIAL_ONLY,2,2.0042874704829727
Germany_4,STRING,NONE,0,0.0005764995227889554
Germany_5,STRING,NONE,0,0.0015141028897742385
Germany_2,STRING,NONE,0,0.007765692484451409
Germany_6,STRING,NONE,0,0.00014899735942807248
Germany_3,Bavarian State Office for Data Protection Supervision,REMEDIAL_ONLY,2,1.9954470427386835
Germany_8,Der Bundesbeauftragte für den Datenschutz und die Informationsfreiheit (BfDI),FINE_PLUS,4,3.974272455449799
Germany_9,Berlin Commissioner for Data Protection and Freedom of Information,FINE_ONLY,3,3.0079128363494263
Germany_10,Berlin Commissioner for Data Protection and Freedom of Information,FINE_PLUS,4,3.9626652833196103
Germany_7,Bundesbeauftragter für den Datenschutz und die Informationsfreiheit (BfDI),REMEDIAL_ONLY,2,2.0124478357304136
Germany_11,Berlin Commissioner for Data Protection and Freedom of Information,FINE_ONLY,3,3.0007073673446616
Germany_14,Berlin Commissioner for Data Protection and Freedom of Information,NONE,0,0.0015988552180146252
Germany_13,Berlin Commissioner for Data Protection and Freedom of Information,REMEDIAL_ONLY,2,2.0016812500118766
Germany_12,Berlin Commissioner for Data Protection and Freedom of Information,REMEDIAL_ONLY,2,1.998785867593526
Germany_15,Berlin Commissioner for Data Protection and Freedom of Information,REMEDIAL_ONLY,2,2.0050851097674305
Germany_16,Berlin Commissioner for Data Protection and Freedom of Information,REMEDIAL_ONLY,2,2.0020576157372583
Germany_18,Conference of the Independent Data Protection Authorities of Bund and the Länder,REMEDIAL_ONLY,2,1.9979983932227061
Germany_20,The Hessian Commissioner for Data Protection and Freedom of Information,REMEDIAL_ONLY,2,2.000351177055731
Germany_17,STRING,NONE,0,0.0015141028897742385
Germany_21,Hamburg Commissioner for Data Protection and Freedom of Information (HmbBfDI),REMEDIAL_ONLY,2,1.9985515012106818
Germany_19,Hessian Commissioner for Data Protection and Freedom of Information,REMEDIAL_ONLY,2,2.0047485729833703
Germany_23,Hamburg Commissioner for Data Protection and Freedom of Information (HmbBfDI),FINE_ONLY,3,3.005748881900678
Germany_22,Hamburg Commissioner for Data Protection and Freedom of Information,REMEDIAL_ONLY,2,1.9973637990165005
Germany_25,Hamburg Commissioner for Data Protection and Freedom of Information (HmbBfDI),FINE_ONLY,3,3.003685496072548
Germany_26,HmbBfDI,FINE_ONLY,3,3.00190276084446
Germany_27,Der Hamburgische Beauftragte für Datenschutz und Informationsfreiheit (HmbBfDI),REMEDIAL_ONLY,2,1.994545919167423
Germany_29,Hamburg Commissioner for Data Protection and Freedom of Information (HmbBfDI),FINE_ONLY,3,3.0051346377311097
Germany_24,Hamburg Commissioner for Data Protection and Freedom of Information (HmbBfDI),FINE_ONLY,3,3.0038714951064254
Germany_28,Hamburg Commissioner for Data Protection and Freedom of Information (HmbBfDI),REMEDIAL_ONLY,2,1.9970144932343057
Germany_31,Hamburg Commissioner for Data Protection and Freedom of Information (HmbBfDI),FINE_ONLY,3,3.002421300388629
Germany_30,Hamburg Commissioner for Data Protection and Freedom of Information (HmbBfDI),FINE_ONLY,3,3.008701129856019
Germany_32,Hamburg Commissioner for Data Protection and Freedom of Information,FINE_ONLY,3,3.0025264366829014
Germany_34,The Hamburg representative for Data protection and freedom of information,NONE,0,0.00013980634226802872
Germany_33,Hamburg Commissioner for Data Protection and Freedom of Information,FINE_PLUS,4,3.9732594213537533
Germany_36,The State Commissioner for Data Protection Lower Saxony,FINE_ONLY,3,3.0056821771749447
Germany_35,Der Landesbeauftragte für den Datenschutz Niedersachsen,REMEDIAL_ONLY,2,2.0006966579869494
Germany_38,State Labor Court of Baden-Württemberg,NONE,0,0.021286649114309636
Germany_40,Der Landesbeauftragte für den Datenschutz und die Informationsfreiheit Baden-Württemberg,FINE_ONLY,3,3.0029679408527543
Germany_37,Der Landesbeauftragte für den Datenschutz Niedersachsen (LfD Lower Saxony),FINE_ONLY,3,3.0087798213120966
Germany_41,The State Commissioner for Data Protection and Freedom of Information Baden-Württemberg,FINE_ONLY,3,3.0023915533257584
Germany_39,Der Landesbeauftragte für den Datenschutz und die Informationsfreiheit Baden-Württemberg,FINE_ONLY,3,3.006705097090832
Germany_43,Bremen State Commissioner for Data Protection and Freedom of Information (LfDI),REMEDIAL_ONLY,2,2.003302121957836
Germany_44,The State Commissioner for Data Protection Lower Saxony,FINE_ONLY,3,3.0058359526204628
Germany_42,The State Commissioner for Data Protection and Freedom of Information Bremen,FINE_ONLY,3,3.007561602158256
France_2,National Commission for Information Technology and Liberties,REMEDIAL_ONLY,2,2.000743827022201
France_3,Commission Nationale de l'Informatique et des Libertés (CNIL),NONE,0,0.0060514181530535935
France_1,Commission Nationale de l'Informatique et des Libertés (CNIL),REMEDIAL_ONLY,2,2.011480565246583
France_6,National Commission for Information Technology and Freedoms,FINE_PLUS,4,3.9812510309383065
France_5,National Commission for Information Technology and Liberties,NONE,0,0.0057010831187398895
France_4,STRING,NONE,0,1.7062676515831545e-05
France_8,National Commission for Computing and Liberties,REMEDIAL_ONLY,2,2.0104113184901533
France_7,National Commission for Computing and Liberties,FINE_PLUS,4,3.9970288249739054
France_9,National Commission for Information Technology and Civil Liberties,REMEDIAL_ONLY,2,2.0081296883098427
France_10,Commission nationale de l'informatique et des libertés (CNIL),REMEDIAL_ONLY,2,2.0057992617022795
France_11,National Commission for Informatics and Freedoms (CNIL),REMEDIAL_ONLY,2,2.0023236782191374
France_12,National Commission for Informatics and Freedoms,REMEDIAL_ONLY,2,2.0065919895730295
France_14,Commission nationale de l'informatique et des libertés,FINE_PLUS,4,3.985688935760096
France_17,,NONE,0,0.002803470101901616
France_16,,NONE,0,0.002803470101901616
France_15,,NONE,0,0.002803470101901616
France_13,Commission nationale de l'informatique et des libertés,FINE_ONLY,3,3.0073102957717217
France_19,Commission Nationale de l'Informatique et des Libertés (CNIL),FINE_PLUS,4,3.995459847689435
France_18,Commission Nationale de l'Informatique et des Libertés,FINE_ONLY,3,3.0059297132161906
France_23,NOT_MENTIONED,NONE,0,0.0006820855759258339
France_21,National Commission for Informatics and Freedoms,FINE_ONLY,3,3.0038025472838132
France_22,Commission nationale de l'informatique et des libertés,FINE_ONLY,3,3.006497336496174
France_20,Commission Nationale de l'Informatique et des Libertés,FINE_PLUS,4,3.997384406230813
France_24,Commission Nationale de l'Informatique et des Libertés (CNIL),FINE_PLUS,4,3.997459383183275
France_26,National Commission for Informatics and Freedoms,REMEDIAL_ONLY,2,2.002924713915872
France_27,Commission Nationale de l'Informatique et des Libertés (CNIL),REMEDIAL_ONLY,2,2.0052490504514116
France_28,STRING,NONE,0,0.0005764995227889554
France_25,Commission Nationale de l'Informatique et des Libertés,REMEDIAL_ONLY,2,2.000537215845008
France_29,Commission nationale de l'informatique et des libertés,FINE_ONLY,3,3.005979632356067
France_30,National Commission for Information Technology and Liberties,FINE_ONLY,3,3.0050584855930853
France_31,National Commission for Informatics and Freedoms,FINE_ONLY,3,3.004969922608591
France_32,Commission Nationale de l'Informatique et des Libertés,FINE_ONLY,3,3.0036807552512563
France_33,Commission Nationale de l'Informatique et des Libertés,FINE_ONLY,3,3.004039759032638
France_35,Commission Nationale de l’Informatique et des Libertés (CNIL),FINE_ONLY,3,3.0093639031074697
France_37,National Commission for Information Technology and Freedoms,FINE_ONLY,3,3.0045742069351253
France_34,Commission Nationale de l'Informatique et des Libertés,FINE_PLUS,4,3.9682072590518342
France_36,Commission Nationale de l'Informatique et des Libertés,FINE_PLUS,4,3.994065237504126
France_39,Commission Nationale de l'Informatique et des Libertés,FINE_ONLY,3,3.011928379874141
France_41,STRING,NONE,0,0.0011597947917773522
France_38,National Commission for Computing and Liberties,FINE_PLUS,4,3.987853230810482
France_44,Commission nationale de l'informatique et des libertés,NONE,0,0.013908291861860734
France_40,Commission Nationale de l'Informatique et des Libertés (CNIL),FINE_ONLY,3,3.0052770316489825
France_45,Commission nationale de l'informatique et des libertés,FINE_ONLY,3,3.006058787190398
France_43,Commission nationale de l'informatique et des libertés,FINE_PLUS,4,3.9976836282294164
France_42,Commission nationale de l'informatique et des libertés,FINE_PLUS,4,3.9814688276045525
France_46,STRING,NONE,0,0.00014899735942807248
France_47,STRING,NONE,0,0.00014899735942807248
France_49,Commission Nationale de l'Informatique et des Libertés (CNIL),REMEDIAL_ONLY,2,2.014494670144095
France_51,National Commission for Information Technology and Liberties,REMEDIAL_ONLY,2,1.999188868581283
France_52,National Commission for Information Technology and Freedoms,FINE_PLUS,4,3.972321276158898
France_48,National Commission for Computing and Liberties,FINE_PLUS,4,3.9695148460528613
France_50,Commission Nationale de l'Informatique et des Libertés,FINE_ONLY,3,3.0122595014893783
France_53,Commission Nationale de l'Informatique et des Libertés,FINE_PLUS,4,3.997149919421303
France_54,National Commission for Information Technology and Freedoms,FINE_ONLY,3,3.007387567974782
France_55,Commission Nationale de l'Informatique et des Libertés,FINE_ONLY,3,3.005294532379153
France_57,Commission Nationale de l'Informatique et des Libertés (CNIL),REMEDIAL_ONLY,2,2.000734308317803
France_56,National Commission for Information Technology and Liberties,FINE_PLUS,4,3.9952882820559137
France_58,Commission Nationale de l'Informatique et des Libertés,NONE,0,0.007371032482419562
France_59,National Commission for Information Technology and Liberties,NONE,0,0.007545783267404837
France_61,National Commission for Information Technology and Freedoms,FINE_ONLY,3,3.0069693294131525
France_64,NOT_DISCUSSED,NONE,0,0.0012646945783738271
France_60,National Commission for Information Technology and Freedoms,FINE_ONLY,3,3.007767849014173
France_63,Commission Nationale de l'Informatique et des Libertés,FINE_ONLY,3,3.0019077670453345
France_67,NOT_DISCUSSED,NONE,0,0.0012646945783738271
France_62,National Commission for Information Technology and Freedoms,FINE_PLUS,4,3.983377363309509
France_65,STRING,NONE,0,0.00014899735942807248
France_70,NOT_DISCUSSED,NONE,0,0.0012646945783738271
France_66,Commission nationale de l'informatique et des libertés,FINE_PLUS,4,3.999139502554603
France_69,Commission Nationale de l'Informatique et des Libertés (CNIL),FINE_ONLY,3,3.0031080004149655
France_68,National Commission for Information Technology and Civil Liberties,FINE_ONLY,3,3.0058756503688953
Finland_3,NOT_DISCUSSED,NONE,0,0.0012646945783738271
Finland_2,Deputy Data Protection Commissioner,REMEDIAL_ONLY,2,2.002521120132982
Finland_6,Office of the Data Protection Supervisor,REMEDIAL_ONLY,2,2.004481393982766
Finland_4,Data Protection Commissioner and Sanctions Board,FINE_PLUS,4,3.9979337951712295
Finland_7,Deputy Data Protection Commissioner,REMEDIAL_ONLY,2,2.0010185574091692
Finland_5,STRING,NONE,0,0.03416353684848756
Finland_8,Deputy Data Protection Commissioner,REMEDIAL_ONLY,2,2.0033488552411045
Finland_12,Data Protection Supervisor,REMEDIAL_ONLY,2,1.9972008979149032
Finland_9,Office of the Data Protection Ombudsman,FINE_PLUS,4,3.965138704649717
Finland_13,Office of the Data Protection Commissioner,REMEDIAL_ONLY,2,1.9990381072867422
Finland_1,,NONE,0,0.002803470101901616
Finland_10,Finnish Data Protection Ombudsman,FINE_PLUS,4,3.9744367577317297
Finland_11,Office of the Data Protection Commissioner,FINE_PLUS,4,3.9963432238749923
Finland_14,STRING,NONE,0,0.0126890709592738
Finland_15,Office of the Data Protection Commissioner,REMEDIAL_ONLY,2,2.019166905148308
Finland_16,Office of the Data Protection Officer,REMEDIAL_ONLY,2,2.010349556422325
Finland_17,Office of the Data Protection Officer,REMEDIAL_ONLY,2,1.9985058781789604
Finland_19,Office of the Data Protection Commissioner,REMEDIAL_ONLY,2,2.0011392253710736
Finland_18,Office of the Data Protection Commissioner,REMEDIAL_ONLY,2,1.9992048813626053
Finland_20,Office of the Data Protection Commissioner,REMEDIAL_ONLY,2,2.0034904289197617
Finland_21,Office of the Data Protection Ombudsman (Finland),REMEDIAL_ONLY,2,2.005897936442166
Finland_23,Office of the Data Protection Commissioner,REMEDIAL_ONLY,2,2.0007578141397686
Finland_22,Office of the Data Protection Ombudsman,NONE,0,0.0029643469650737775
Finland_26,NOT_MENTIONED,NONE,0,0.0006820855759258339
Finland_25,Office of the Data Protection Commissioner,REMEDIAL_ONLY,2,2.000627787780908
Finland_24,Data Protection Commissioner,REMEDIAL_ONLY,2,2.01271580197219
Finland_28,NOT_DISCUSSED,NONE,0,0.0012646945783738271
Finland_27,Office of the Data Protection Supervisor (EDPS),NONE,0,0.007261677733222687
Finland_29,Finnish Data Protection Commissioner,REMEDIAL_ONLY,2,2.0066962095514844
Finland_31,STRING,NONE,0,0.0015141028897742385
Finland_32,Deputy Data Protection Commissioner's Office,REMEDIAL_ONLY,2,2.000627838480397
Finland_30,Office of the Data Protection Commissioner,FINE_PLUS,4,3.9963449461347187
Finland_34,Data Protection Commissioner,FINE_PLUS,4,3.9965767145559825
Finland_33,Deputy Data Protection Commissioner,REMEDIAL_ONLY,2,1.9831959585174204
Finland_35,Finnish Data Protection Authority,NONE,0,0.01034821802289563
Finland_37,STRING,REMEDIAL_ONLY,2,2.0017607445079304
Finland_36,Suomen tietosuojavaltuutettu,REMEDIAL_ONLY,2,2.0031983052783184
Finland_38,Finnish Data Protection Commissioner,FINE_PLUS,4,3.9963445873352925
Finland_42,Deputy Data Protection Commissioner,REMEDIAL_ONLY,2,2.0165802599130083
Finland_41,Data Protection Commissioner (Finland),REMEDIAL_ONLY,2,2.000242662148049
Finland_40,Data Protection Commissioner,REMEDIAL_ONLY,2,2.0160103167350507
Finland_43,Deputy Data Protection Commissioner,REMEDIAL_ONLY,2,2.0044558919026305
Finland_39,Office of the Data Protection Commissioner (Finland),REMEDIAL_ONLY,2,2.0299304566128935
Finland_44,Office of the Data Protection Commissioner,FINE_PLUS,4,3.999967205099086
