decision_id,dpa_name_canonical,country_group,severity_label,severity_rank,severity_expected,art33_timely_flag,subjects_notified_flag
United Kingdom_18,Information Commissioner's Office,NON_EEA,FINE_ONLY,3,2.840677206591917,0,1
United Kingdom_20,Information Commissioner's Office,NON_EEA,REMEDIAL_ONLY,2,2.9395601686062354,0,1
United Kingdom_10,STRING,NON_EEA,NONE,0,0.0012072453186642296,,
United Kingdom_7,STRING,NON_EEA,NONE,0,0.001363967819737022,,
United Kingdom_16,Information Commissioner's Office,NON_EEA,FINE_ONLY,3,3.353640139065581,0,1
United Kingdom_17,Information Commissioner's Office,NON_EEA,FINE_ONLY,3,2.663368703626964,1,1
United Kingdom_21,Information Commissioner's Office,NON_EEA,FINE_ONLY,3,2.908123884057251,0,1
United Kingdom_19,Information Commissioner's Office,NON_EEA,FINE_ONLY,3,2.4922418344556254,0,0
United Kingdom_26,Information Commissioner's Office,NON_EEA,REMEDIAL_ONLY,2,2.7053657192615663,0,0
United Kingdom_25,Information Commissioner's Office,NON_EEA,REMEDIAL_ONLY,2,2.7444921821444734,0,0
United Kingdom_23,Information Commissioner's Office,NON_EEA,FINE_ONLY,3,2.657923526458105,1,1
United Kingdom_24,Information Commissioner's Office,NON_EEA,REMEDIAL_ONLY,2,3.159892533988157,0,1
United Kingdom_29,Information Commissioner's Office,NON_EEA,FINE_ONLY,3,2.562117758909437,0,0
United Kingdom_27,Information Commissioner's Office,NON_EEA,FINE_ONLY,3,2.3189176397835918,0,0
United Kingdom_28,Information Commissioner's Office,NON_EEA,FINE_ONLY,3,3.221037022909563,0,1
United Kingdom_22,Information Commissioner's Office,NON_EEA,FINE_ONLY,3,2.0672592228587128,0,0
United Kingdom_30,Information Commissioner's Office,NON_EEA,REMEDIAL_ONLY,2,2.982711425243818,0,0
United Kingdom_32,Information Commissioner's Office,NON_EEA,NONE,0,1.7636206055865893,0,1
United Kingdom_33,STRING,NON_EEA,REMEDIAL_ONLY,2,1.6327674817519493,0,0
United Kingdom_31,Information Commissioner's Office,NON_EEA,REMEDIAL_ONLY,2,2.8160886401095917,0,0
United Kingdom_36,NOT_DISCUSSED,NON_EEA,NONE,0,5.075232691886811e-07,,
United Kingdom_34,Information Commissioner's Office,NON_EEA,FINE_ONLY,3,2.2025938520769803,1,1
United Kingdom_37,The Information Commissioner's Office,NON_EEA,REMEDIAL_ONLY,2,0.9191706676557413,0,0
United Kingdom_35,Information Commissioner's Office,NON_EEA,REMEDIAL_ONLY,2,2.2794840383999366,0,0
United Kingdom_39,Information Commissioner's Office,NON_EEA,REMEDIAL_ONLY,2,2.60180756658748,0,0
United Kingdom_45,Information Commissioner's Office,NON_EEA,REMEDIAL_ONLY,2,3.3884357780935495,0,0
United Kingdom_40,Information Commissioner's Office,NON_EEA,FINE_ONLY,3,2.282695908876774,0,0
United Kingdom_43,The Information Commissioner,NON_EEA,REMEDIAL_ONLY,2,2.5128524730650064,0,0
United Kingdom_44,Information Commissioner's Office,NON_EEA,FINE_ONLY,3,2.590610845516373,0,0
United Kingdom_41,Information Commissioner's Office,NON_EEA,FINE_ONLY,3,2.5662538755400495,1,1
United Kingdom_46,Information Commissioner's Office,NON_EEA,REMEDIAL_ONLY,2,2.543518241744035,0,0
United Kingdom_48,The Information Commissioner,NON_EEA,REMEDIAL_ONLY,2,0.590921157903027,0,0
United Kingdom_53,Information Commissioner's Office,NON_EEA,FINE_PLUS,4,2.9164989335806424,0,0
United Kingdom_52,Information Commissioner's Office,NON_EEA,FINE_ONLY,3,2.2410448885647716,0,0
United Kingdom_51,Information Commissioner's Office,NON_EEA,FINE_ONLY,3,2.5039424702404025,0,0
United Kingdom_47,Information Commissioner's Office,NON_EEA,FINE_PLUS,4,2.922875632203461,0,0
United Kingdom_49,The Information Commissioner,NON_EEA,REMEDIAL_ONLY,2,0.7576666716294497,0,0
United Kingdom_50,Information Commissioner's Office,NON_EEA,REMEDIAL_ONLY,2,3.4764818632726406,0,0
United Kingdom_38,,UNKNOWN,NONE,0,2.7967659532723843e-06,,
United Kingdom_54,UNCLEAR,NON_EEA,NONE,0,0.017637278284908242,0,0
United Kingdom_55,Information Commissioner's Office,NON_EEA,REMEDIAL_ONLY,2,2.4983739964263347,0,1
United Kingdom_59,Information Commissioner's Office,NON_EEA,FINE_ONLY,3,2.440561949311739,0,0
United Kingdom_56,Information Commissioner's Office,NON_EEA,FINE_ONLY,3,1.9848306807494467,0,0
United Kingdom_61,STRING,NON_EEA,FINE_ONLY,3,1.315172667339629,0,0
United Kingdom_60,Information Commissioner's Office,NON_EEA,FINE_ONLY,3,2.8042126911289853,1,1
United Kingdom_57,Information Commissioner's Office,NON_EEA,FINE_ONLY,3,2.2287122763583005,1,1
United Kingdom_63,NOT_DISCUSSED,NON_EEA,NONE,0,5.075232691886811e-07,,
United Kingdom_62,Information Commissioner's Office,NON_EEA,FINE_ONLY,3,1.9848306807494467,0,0
Sweden_2,Swedish Data Protection Authority,EU,FINE_PLUS,4,3.1924084104605246,0,0
Sweden_3,Datainspektionen,EU,FINE_PLUS,4,3.779323265210488,0,0
Sweden_4,Datainspektionen,EU,FINE_PLUS,4,3.779323265210488,0,0
Sweden_1,Datainspektionen,EU,FINE_PLUS,4,3.9829240424475856,0,0
United Kingdom_58,,UNKNOWN,NONE,0,2.7967659532723843e-06,,
Sweden_5,Datainspektionen,EU,FINE_PLUS,4,3.9055733949624094,0,0
Sweden_7,Datainspektionen,EU,FINE_PLUS,4,3.8499940899285203,0,0
Sweden_6,Datainspektionen,EU,REMEDIAL_ONLY,2,3.616521446659598,0,0
Sweden_8,,UNKNOWN,NONE,0,2.7967659532723843e-06,,
Sweden_9,The Data Inspectorate,EU,FINE_ONLY,3,2.900269237382462,0,0
Sweden_10,The Data Inspectorate,EU,FINE_PLUS,4,3.9431865078873796,0,1
Sweden_11,Datainspektionen,EU,FINE_ONLY,3,2.878219117342594,0,0
Sweden_12,Integritetsskyddsmyndigheten (IMY),EU,REMEDIAL_ONLY,2,2.134264321921343,0,0
Sweden_14,Integritetsskyddsmyndigheten (IMY),EU,FINE_PLUS,4,3.804155122693055,0,0
Sweden_15,Integritetsskyddsmyndigheten (IMY),EU,REMEDIAL_ONLY,2,2.511364980311153,0,0
Sweden_18,Integritetsskyddsmyndigheten,EU,FINE_ONLY,3,1.7896364130016726,0,0
Sweden_13,Integritetsskyddsmyndigheten (IMY),EU,REMEDIAL_ONLY,2,2.6993735137987005,0,0
Sweden_16,Swedish Authority for Privacy Protection,EU,REMEDIAL_ONLY,2,2.2063791915251594,0,0
Sweden_20,Integritetsskyddsmyndigheten (IMY),EU,FINE_ONLY,3,2.4266182035100257,0,0
Sweden_21,Integritetsskyddsmyndigheten (IMY),EU,REMEDIAL_ONLY,2,2.4658318879504235,0,0
Sweden_22,Integritetsskyddsmyndigheten (IMY),EU,FINE_PLUS,4,3.67368494250732,0,0
Sweden_23,Integrity Protection Authority,EU,FINE_ONLY,3,1.6632806006081555,1,0
Sweden_26,Integritetsskyddsmyndigheten,EU,REMEDIAL_ONLY,2,1.980678479109479,0,0
Sweden_24,Integritetsskyddsmyndigheten (IMY),EU,FINE_ONLY,3,1.9180277830998167,0,0
Sweden_27,Integrity Protection Authority,EU,NONE,0,0.34919970229285957,0,0
Sweden_30,Integritetsskyddsmyndigheten,EU,REMEDIAL_ONLY,2,1.8831481304641822,0,0
Sweden_31,Integritetsskyddsmyndigheten,EU,REMEDIAL_ONLY,2,2.117238314505166,0,0
Sweden_33,The Swedish Privacy Protection Agency (IMY),EU,REMEDIAL_ONLY,2,2.4651643022226892,0,0
Sweden_29,Swedish Authority for Privacy Protection,EU,FINE_PLUS,4,3.99999964357282,0,0
Sweden_32,Swedish Authority for Privacy Protection,EU,REMEDIAL_ONLY,2,3.03878167513338,0,0
Sweden_36,Integritetsskyddsmyndigheten (IMY),EU,FINE_PLUS,4,3.705235090452298,0,0
Sweden_34,Integritetsskyddsmyndigheten (IMY),EU,REMEDIAL_ONLY,2,3.215622351217431,0,0
Sweden_35,Integritetsskyddsmyndigheten (IMY),EU,FINE_ONLY,3,2.376451330469356,0,0
Sweden_37,Integritetsskyddsmyndigheten,EU,FINE_ONLY,3,2.652890401993575,0,1
Sweden_38,Swedish Authority for Privacy Protection (IMY),EU,REMEDIAL_ONLY,2,2.047456436833117,0,0
Sweden_40,Swedish Authority for Privacy Protection (IMY),EU,REMEDIAL_ONLY,2,1.6205388702263832,0,0
Sweden_41,Swedish Authority for Privacy Protection (IMY),EU,REMEDIAL_ONLY,2,1.7451520247017682,0,0
Sweden_39,Integritetsskyddsmyndigheten (IMY),EU,FINE_ONLY,3,3.049169017683125,0,1
Sweden_44,Swedish Authority for Privacy Protection (IMY),EU,REMEDIAL_ONLY,2,1.96091341935875,0,0
Sweden_42,Integritetsskyddsmyndigheten (IMY),EU,FINE_ONLY,3,2.640593472294527,1,0
Sweden_43,Integrity Protection Authority,EU,FINE_ONLY,3,1.9934840119063257,0,0
Sweden_46,STRING,NON_EEA,NONE,0,0.0037656507148629004,,
Sweden_45,Swedish Authority for Privacy Protection (IMY),EU,REMEDIAL_ONLY,2,1.5707703564701236,0,0
Sweden_47,Swedish Authority for Privacy Protection (IMY),EU,REMEDIAL_ONLY,2,1.4326230364362662,0,0
Sweden_48,Integritetsskyddsmyndigheten (IMY),EU,REMEDIAL_ONLY,2,2.2430985787703177,0,0
Sweden_49,Integritetsskyddsmyndigheten (IMY),EU,FINE_ONLY,3,2.37063090167651,0,0
Sweden_50,Swedish Authority for Privacy Protection,EU,REMEDIAL_ONLY,2,1.6544623424674485,0,0
Spain_1,Spanish Agency for Data Protection,EU,NONE,0,1.1097396978306744,0,0
Sweden_54,Integritetsskyddsmyndigheten,EU,REMEDIAL_ONLY,2,1.6057749195354651,0,0
Sweden_57,Swedish Data Protection Authority,EU,NONE,0,0.8277137281353519,0,0
Sweden_52,Integritetsskyddsmyndigheten,EU,REMEDIAL_ONLY,2,2.0538280451860427,0,0
Sweden_51,Integritetsskyddsmyndigheten (IMY),EU,REMEDIAL_ONLY,2,2.6037777283710213,0,0
Sweden_53,Swedish Authority for Privacy Protection (IMY),EU,FINE_ONLY,3,2.3679795947387845,1,1
Spain_3,Spanish Agency for Data Protection,EU,REMEDIAL_ONLY,2,3.8695209784475137,0,0
Spain_2,Agencia Española de Protección de Datos,EU,REMEDIAL_ONLY,2,1.6500631494909883,0,0
Spain_4,Spanish Data Protection Agency,EU,FINE_PLUS,4,3.8073156237927064,0,1
Spain_6,Spanish Data Protection Agency (AEPD),EU,NONE,0,0.1518231015027497,0,0
Spain_5,Spanish Agency for Data Protection,EU,NONE,0,1.58188573685197,0,0
Spain_7,Spanish Data Protection Agency,EU,NONE,0,1.599659826664587,0,0
Spain_8,Spanish Agency for Data Protection,EU,NONE,0,1.3835422789082863,0,0
Spain_9,Spanish Agency for Data Protection,EU,NONE,0,1.4901145503961186,0,0
Spain_10,Spanish Agency for Data Protection,EU,REMEDIAL_ONLY,2,2.536788333723102,0,0
Spain_12,Spanish Agency for Data Protection,EU,NONE,0,1.2096706710492855,0,0
Spain_11,Spanish Agency for Data Protection,EU,REMEDIAL_ONLY,2,2.4260513247390385,1,0
Spain_15,Spanish Agency for Data Protection,EU,NONE,0,1.4901145503961186,0,0
Spain_13,Spanish Agency for Data Protection,EU,NONE,0,1.584488776549867,0,0
Spain_16,Spanish Agency for Data Protection,EU,NONE,0,1.4901145503961186,0,0
Spain_14,Spanish Agency for Data Protection,EU,NONE,0,1.086471035738152,0,0
Spain_17,Spanish Agency for Data Protection,EU,NONE,0,1.4901145503961186,0,0
Spain_18,Spanish Agency for Data Protection,EU,NONE,0,1.229532824189242,0,0
Spain_19,Spanish Agency for Data Protection,EU,NONE,0,1.4901145503961186,0,0
Spain_20,Spanish Agency for Data Protection,EU,NONE,0,1.069484105383715,0,0
Spain_21,Spanish Data Protection Agency,EU,NONE,0,1.1888986501463161,0,0
Spain_22,Spanish Data Protection Agency,EU,NONE,0,1.6278612538252544,1,0
Spain_23,STRING,NON_EEA,NONE,0,0.5607015721156632,0,0
Spain_25,Spanish Agency for Data Protection,EU,NONE,0,1.8834995451426304,1,0
Spain_24,Spanish Data Protection Agency,EU,NONE,0,1.3216360834644492,0,0
Spain_26,Spanish Data Protection Agency,EU,NONE,0,1.6278612538252544,1,0
Spain_27,Spanish Data Protection Agency,EU,NONE,0,1.920525055297574,1,1
Spain_28,Spanish Agency for Data Protection,EU,NONE,0,1.177198425016269,0,0
Spain_30,Spanish Data Protection Agency,EU,REMEDIAL_ONLY,2,2.446470078097338,0,0
Spain_32,Spanish Data Protection Agency,EU,NONE,0,1.5876461756579756,0,0
Spain_29,Spanish Agency for Data Protection,EU,NONE,0,1.1202338405963292,1,0
Spain_31,Spanish Agency for Data Protection,EU,NONE,0,1.3351375621114534,0,0
Spain_33,Spanish Agency for Data Protection,EU,NONE,0,1.1097396978306744,0,0
Spain_35,Spanish Data Protection Agency,EU,NONE,0,1.593965580723928,0,0
Spain_34,Spanish Data Protection Agency,EU,REMEDIAL_ONLY,2,3.1175141064154053,0,0
Spain_36,Spanish Agency for Data Protection,EU,FINE_ONLY,3,1.9767425853623266,0,0
Spain_38,Spanish Data Protection Agency,EU,FINE_ONLY,3,3.1927144384520716,0,1
Spain_40,Spanish Data Protection Agency,EU,FINE_PLUS,4,3.6025726641352875,0,0
Spain_41,Spanish Data Protection Agency,EU,FINE_ONLY,3,2.4939722787511602,0,0
Spain_37,Spanish Data Protection Agency,EU,NONE,0,1.378331929226101,0,0
Spain_42,Spanish Agency for Data Protection,EU,FINE_ONLY,3,2.207205106092871,0,0
Spain_43,Spanish Data Protection Agency,EU,REMEDIAL_ONLY,2,2.4442940333267904,0,0
Spain_45,Spanish Agency for Data Protection,EU,FINE_PLUS,4,3.815172458878864,0,0
Spain_47,Spanish Agency for Data Protection,EU,FINE_ONLY,3,2.481831717496074,0,0
Spain_48,Spanish Data Protection Agency,EU,NONE,0,0.8979497505089796,0,0
Spain_51,Spanish Data Protection Agency,EU,NONE,0,0.9115194991694785,0,0
Spain_49,Spanish Data Protection Agency,EU,FINE_ONLY,3,2.464276422593204,0,0
Spain_46,Spanish Data Protection Agency,EU,REMEDIAL_ONLY,2,3.5998556537487456,0,0
Spain_52,Spanish Data Protection Agency,EU,NONE,0,1.1829373348009158,0,0
Spain_50,Spanish Agency for Data Protection,EU,FINE_PLUS,4,3.633956455892371,0,0
Spain_53,Spanish Data Protection Agency,EU,FINE_PLUS,4,3.1764537924106184,0,0
Spain_56,Spanish Data Protection Agency,EU,NONE,0,1.6914737704331415,0,0
Spain_55,Spanish Agency for Data Protection,EU,FINE_ONLY,3,2.7450650390728404,0,0
Spain_54,Spanish Data Protection Agency,EU,FINE_ONLY,3,2.3855049671707427,0,0
Spain_57,Spanish Agency for Data Protection,EU,FINE_PLUS,4,3.6052501516098117,0,0
Spain_58,Spanish Agency for Data Protection,EU,FINE_ONLY,3,2.9148416778342088,0,0
Spain_59,Spanish Data Protection Agency,EU,FINE_ONLY,3,2.6162156991390138,0,0
Spain_61,Spanish Agency for Data Protection,EU,FINE_ONLY,3,2.532374486340061,0,0
Spain_60,Spanish Data Protection Agency,EU,FINE_ONLY,3,2.4923367696455627,0,0
Spain_62,Spanish Agency for Data Protection,EU,FINE_ONLY,3,2.5115146569105393,0,0
Spain_63,Agencia Española de Protección de Datos,EU,FINE_ONLY,3,2.1695425393154326,0,0
Spain_64,Spanish Data Protection Agency,EU,FINE_PLUS,4,3.6684414618605605,0,0
Spain_65,Spanish Data Protection Agency,EU,FINE_ONLY,3,2.5464239930156567,0,0
Spain_66,Spanish Agency for Data Protection,EU,REMEDIAL_ONLY,2,3.5427821369469856,0,0
Spain_67,Spanish Data Protection Agency,EU,FINE_ONLY,3,2.6578771067488183,0,0
Spain_69,Spanish Data Protection Agency,EU,FINE_ONLY,3,2.5464239930156567,0,0
Spain_71,Spanish Agency for Data Protection,EU,REMEDIAL_ONLY,2,2.3870660236023857,0,1
Spain_70,Spanish Agency for Data Protection,EU,NONE,0,0.8997526896719974,0,0
Spain_68,Spanish Data Protection Agency,EU,FINE_ONLY,3,2.8178463173859756,0,0
Spain_73,Spanish Agency for Data Protection,EU,REMEDIAL_ONLY,2,2.6005823572490088,0,0
Spain_74,Spanish Data Protection Agency,EU,FINE_ONLY,3,2.6123816659916272,0,0
Spain_72,Spanish Data Protection Agency,EU,REMEDIAL_ONLY,2,2.808282758674185,0,0
Spain_77,Spanish Data Protection Agency,EU,NONE,0,1.2235947217046204,0,0
Spain_79,,UNKNOWN,NONE,0,2.7967659532723843e-06,,
Spain_75,Spanish Data Protection Agency,EU,FINE_ONLY,3,2.4990178129613687,0,0
Spain_81,Spanish Agency for Data Protection,EU,REMEDIAL_ONLY,2,2.4651432528553654,0,0
Spain_78,Spanish Data Protection Agency,EU,FINE_ONLY,3,3.189871226393385,0,0
Spain_76,Spanish Agency for Data Protection,EU,FINE_ONLY,3,2.922737659114731,0,0
Spain_82,Spanish Data Protection Agency,EU,FINE_ONLY,3,2.8713672197185587,0,0
Spain_80,Spanish Data Protection Agency,EU,FINE_ONLY,3,2.6441347046105577,0,0
Spain_83,Spanish Data Protection Agency,EU,REMEDIAL_ONLY,2,2.601768775444311,0,0
Spain_85,Spanish Agency for Data Protection,EU,FINE_PLUS,4,3.5875389720085478,0,0
Spain_84,Spanish Data Protection Agency,EU,REMEDIAL_ONLY,2,1.9985977727046584,0,0
Spain_87,Spanish Data Protection Agency,EU,NONE,0,1.5669591342233549,0,0
Spain_86,Spanish Data Protection Agency,EU,FINE_PLUS,4,3.1764537924106184,0,0
Spain_88,Spanish Data Protection Agency,EU,FINE_ONLY,3,2.2817209821593116,0,0
Spain_91,Spanish Data Protection Agency,EU,FINE_PLUS,4,3.1192892811193564,0,0
Spain_93,Spanish Data Protection Agency,EU,FINE_ONLY,3,2.6840434731376295,0,0
Spain_89,Spanish Data Protection Agency,EU,FINE_ONLY,3,2.3005431190916923,0,0
Spain_90,Spanish Data Protection Agency,EU,FINE_PLUS,4,3.7214604967440597,0,0
Spain_94,Spanish Data Protection Agency,EU,REMEDIAL_ONLY,2,2.7170329492454215,0,0
Spain_95,Spanish Data Protection Agency,EU,NONE,0,1.1829373348009158,0,0
Spain_92,Agencia Española de Protección de Datos,EU,REMEDIAL_ONLY,2,3.275012207796486,0,0
Spain_96,Spanish Data Protection Agency,EU,REMEDIAL_ONLY,2,3.5998556537487456,0,0
Spain_98,Spanish Data Protection Agency,EU,REMEDIAL_ONLY,2,2.971205969571276,0,0
Spain_99,Spanish Data Protection Agency,EU,NONE,0,1.5045983649011936,0,0
Spain_100,Spanish Data Protection Agency,EU,FINE_PLUS,4,3.5691727015713584,0,0
Spain_97,Spanish Data Protection Agency,EU,FINE_PLUS,4,3.9391967766498137,0,0
Spain_103,Spanish Agency for Data Protection,EU,FINE_ONLY,3,2.4536340668182355,0,0
Spain_102,Spanish Data Protection Agency,EU,REMEDIAL_ONLY,2,2.6812385587466907,0,0
Spain_101,Spanish Data Protection Agency,EU,FINE_ONLY,3,2.7252167220552583,0,0
Spain_107,Spanish Data Protection Agency,EU,FINE_ONLY,3,2.775277319493446,0,0
Spain_105,Spanish Agency for Data Protection,EU,REMEDIAL_ONLY,2,2.906821819632851,0,0
Spain_106,Spanish Agency for Data Protection,EU,FINE_ONLY,3,2.5115146569105393,0,0
Spain_104,Spanish Agency for Data Protection,EU,FINE_ONLY,3,2.460059078816223,0,0
Spain_108,Spanish Data Protection Agency,EU,REMEDIAL_ONLY,2,3.602982400775721,0,0
Spain_110,Spanish Data Protection Agency,EU,FINE_ONLY,3,2.671797513842722,0,0
Spain_111,Spanish Data Protection Agency,EU,NONE,0,1.599659826664587,0,0
Spain_109,Spanish Data Protection Agency,EU,FINE_ONLY,3,2.3068341759801414,0,0
Spain_112,Spanish Data Protection Agency,EU,FINE_ONLY,3,2.630499909354942,0,0
Spain_116,Spanish Agency for Data Protection,EU,FINE_ONLY,3,2.4651432528553654,0,0
Spain_117,Spanish Data Protection Agency,EU,REMEDIAL_ONLY,2,2.6532075416782277,0,0
Spain_115,Spanish Data Protection Agency,EU,FINE_ONLY,3,3.218288082965036,1,1
Spain_114,Spanish Data Protection Agency,EU,FINE_ONLY,3,2.671797513842722,0,0
Spain_119,Spanish Agency for Data Protection,EU,REMEDIAL_ONLY,2,2.460059078816223,0,0
Spain_113,Spanish Agency for Data Protection,EU,FINE_ONLY,3,2.8594008369697783,0,0
Spain_118,Spanish Agency for Data Protection,EU,FINE_PLUS,4,3.633956455892371,0,0
Spain_121,Spanish Data Protection Agency,EU,FINE_ONLY,3,2.5464239930156567,0,0
Spain_120,Spanish Data Protection Agency,EU,FINE_ONLY,3,2.9103563724414556,0,0
Spain_122,Spanish Data Protection Agency,EU,FINE_PLUS,4,3.683609122840177,0,0
Spain_124,Spanish Data Protection Agency,EU,FINE_PLUS,4,3.6411966074536473,0,0
Spain_126,Spanish Data Protection Agency,EU,FINE_ONLY,3,2.7603998809364008,0,0
Spain_125,Spanish Data Protection Agency,EU,FINE_PLUS,4,2.7468882116824846,0,0
Spain_127,Spanish Data Protection Agency,EU,FINE_PLUS,4,3.122956832626054,0,0
Spain_123,Spanish Agency for Data Protection,EU,FINE_PLUS,4,3.8695209784475137,0,0
Spain_130,Spanish Data Protection Agency,EU,NONE,0,1.5897351809599263,0,0
Spain_129,Spanish Data Protection Agency,EU,FINE_PLUS,4,3.1764537924106184,0,0
Spain_128,Spanish Data Protection Agency,EU,NONE,0,1.599659826664587,0,0
Spain_133,Spanish Agency for Data Protection,EU,REMEDIAL_ONLY,2,2.5783354821795457,0,0
Spain_131,Spanish Data Protection Agency,EU,FINE_ONLY,3,2.624185002173031,0,0
Spain_132,Spanish Agency for Data Protection,EU,FINE_ONLY,3,2.6292539039817093,0,0
Spain_134,Spanish Data Protection Agency,EU,FINE_ONLY,3,2.71386719291038,0,0
Spain_137,Spanish Data Protection Agency,EU,FINE_ONLY,3,2.4405993134056794,0,0
Spain_135,Spanish Data Protection Agency,EU,FINE_ONLY,3,2.3600104011025933,0,0
Spain_136,Spanish Data Protection Agency,EU,FINE_PLUS,4,3.6646970199755753,0,0
Spain_138,Spanish Data Protection Agency,EU,FINE_PLUS,4,3.7026798391485816,0,0
Spain_139,Spanish Data Protection Agency,EU,FINE_PLUS,4,3.4999011254835466,0,0
Spain_141,Spanish Data Protection Agency,EU,NONE,0,1.693378950510731,0,0
Spain_140,Spanish Data Protection Agency,EU,FINE_PLUS,4,3.6043570362259247,0,0
Spain_142,Spanish Data Protection Agency,EU,FINE_ONLY,3,2.812037083231223,0,0
Spain_143,Spanish Data Protection Agency,EU,FINE_PLUS,4,3.5998556537487456,0,0
Spain_144,Spanish Agency for Data Protection,EU,NONE,0,1.1097396978306744,0,0
Spain_146,Spanish Agency for Data Protection,EU,FINE_ONLY,3,2.460059078816223,0,0
Spain_147,Spanish Agency for Data Protection,EU,FINE_ONLY,3,2.639085292777086,0,0
Spain_149,Spanish Data Protection Agency,EU,FINE_PLUS,4,3.787401579579722,0,0
Spain_151,Agencia Española de Protección de Datos,EU,FINE_PLUS,4,3.1163941645202793,0,0
Spain_150,Spanish Data Protection Agency,EU,FINE_PLUS,4,3.769313930392628,0,0
Spain_152,Spanish Data Protection Agency,EU,FINE_PLUS,4,3.864951673191638,0,0
Spain_154,Spanish Data Protection Agency,EU,FINE_PLUS,4,3.1795265226600877,0,0
Spain_153,Spanish Data Protection Agency,EU,FINE_PLUS,4,3.732405030551257,0,0
Spain_155,Spanish Data Protection Agency,EU,FINE_PLUS,4,3.683609122840177,0,0
Spain_156,Spanish Data Protection Agency,EU,FINE_PLUS,4,3.2031539219828713,0,1
Spain_158,Spanish Data Protection Agency,EU,FINE_PLUS,4,3.1824487279375653,0,0
Spain_157,Spanish Data Protection Agency,EU,FINE_PLUS,4,3.800550116292074,0,0
Spain_160,Spanish Data Protection Agency,EU,FINE_ONLY,3,2.6123816659916272,0,0
Spain_159,Spanish Data Protection Agency,EU,FINE_ONLY,3,3.112313844504537,0,0
Spain_162,Spanish Data Protection Agency,EU,NONE,0,1.599659826664587,0,0
Spain_161,Spanish Data Protection Agency,EU,FINE_ONLY,3,2.530590955881913,0,0
Spain_164,Spanish Data Protection Agency,EU,REMEDIAL_ONLY,2,2.002572977810102,0,0
Spain_165,Spanish Data Protection Agency,EU,FINE_ONLY,3,2.464276422593204,0,0
Spain_167,,UNKNOWN,NONE,0,2.7967659532723843e-06,,
Spain_163,Spanish Data Protection Agency,EU,FINE_PLUS,4,3.6708415245725043,0,0
Spain_168,Spanish Data Protection Agency,EU,REMEDIAL_ONLY,2,3.0699844029602805,0,0
Spain_169,Spanish Data Protection Agency,EU,FINE_ONLY,3,2.722685713783444,0,0
Spain_166,Spanish Data Protection Agency,EU,FINE_PLUS,4,3.504017295258258,0,0
Spain_174,Spanish Data Protection Agency,EU,FINE_PLUS,4,3.6136561144213424,0,0
Spain_173,Spanish Data Protection Agency,EU,FINE_ONLY,3,2.3068341759801414,0,0
Spain_171,Spanish Data Protection Agency,EU,FINE_ONLY,3,2.5464239930156567,0,0
Spain_172,Spanish Data Protection Agency,EU,FINE_PLUS,4,3.725037776693645,0,0
Spain_170,,UNKNOWN,NONE,0,2.7967659532723843e-06,,
Spain_179,Spanish Agency for Data Protection,EU,FINE_ONLY,3,2.215931768224757,0,0
Spain_178,Spanish Data Protection Agency,EU,FINE_ONLY,3,2.7109289402538823,0,0
Spain_177,Spanish Data Protection Agency,EU,FINE_PLUS,4,3.726973847221081,0,1
Spain_175,Spanish Data Protection Agency,EU,FINE_PLUS,4,3.134958467773239,0,0
Spain_176,Spanish Data Protection Agency,EU,FINE_ONLY,3,3.1525119429929847,0,1
Spain_181,Spanish Data Protection Agency,EU,FINE_ONLY,3,2.7109289402538823,0,0
Spain_187,Spanish Data Protection Agency,EU,NONE,0,1.599659826664587,0,0
Spain_180,Spanish Data Protection Agency,EU,FINE_PLUS,4,3.0482721342765267,0,0
Spain_182,Agencia Española de Protección de Datos,EU,FINE_ONLY,3,2.828824004958922,1,1
Spain_186,Spanish Data Protection Agency,EU,NONE,0,1.2235947217046204,0,0
Spain_185,Spanish Data Protection Agency,EU,FINE_ONLY,3,2.8494226379566676,0,0
Spain_188,Spanish Data Protection Agency,EU,FINE_ONLY,3,2.581278203999885,0,0
Spain_189,Spanish Data Protection Agency,EU,FINE_PLUS,4,3.753663766396172,0,0
Spain_183,Spanish Data Protection Agency,EU,REMEDIAL_ONLY,2,3.858620679995101,0,0
Spain_190,Spanish Data Protection Agency,EU,FINE_PLUS,4,2.9124512720209474,0,0
Spain_191,Spanish Data Protection Agency,EU,FINE_ONLY,3,2.930296270942934,0,0
Spain_194,Spanish Data Protection Agency,EU,FINE_PLUS,4,3.4496391909450503,0,0
Spain_192,Spanish Data Protection Agency,EU,FINE_PLUS,4,3.238670485415465,0,0
Spain_193,Spanish Data Protection Agency,EU,FINE_PLUS,4,3.507755808434461,0,0
Spain_196,Spanish Data Protection Agency,EU,NONE,0,1.8829808928981655,0,0
Spain_195,Spanish Data Protection Agency,EU,FINE_ONLY,3,2.8321774744844013,0,0
Spain_200,Spanish Data Protection Agency,EU,FINE_ONLY,3,2.5464239930156567,0,0
Spain_199,Spanish Data Protection Agency,EU,FINE_ONLY,3,2.6123816659916272,0,0
Spain_197,Spanish Data Protection Agency,EU,FINE_PLUS,4,3.877030750564238,0,0
Spain_198,Spanish Data Protection Agency,EU,FINE_ONLY,3,2.9430584982321712,0,0
Spain_202,Spanish Data Protection Agency,EU,NONE,0,0.33277446633547325,0,0
Spain_201,Spanish Data Protection Agency,EU,FINE_ONLY,3,2.8137608126815015,0,0
Spain_203,Spanish Data Protection Agency,EU,FINE_PLUS,4,3.122956832626054,0,0
Spain_206,Spanish Data Protection Agency,EU,FINE_PLUS,4,3.7235415618489536,0,0
Spain_205,Spanish Data Protection Agency,EU,FINE_ONLY,3,3.128548495757202,1,1
Spain_204,Spanish Data Protection Agency,EU,FINE_PLUS,4,3.7141160934542583,0,0
Spain_208,Spanish Data Protection Agency,EU,FINE_PLUS,4,3.6708415245725043,0,0
Spain_207,Spanish Data Protection Agency,EU,FINE_PLUS,4,3.994926392157123,0,0
Spain_209,Spanish Data Protection Agency,EU,FINE_PLUS,4,3.8683559194819255,0,0
Spain_210,Spanish Data Protection Agency,EU,FINE_PLUS,4,3.7978446981814624,0,0
Spain_212,Spanish Data Protection Agency,EU,FINE_PLUS,4,3.1494810399007234,0,0
Spain_211,Spanish Data Protection Agency,EU,FINE_PLUS,4,3.7419690717431235,0,0
Spain_214,Spanish Data Protection Agency,EU,REMEDIAL_ONLY,2,2.5309670008913243,0,0
Spain_215,Spanish Data Protection Agency,EU,FINE_PLUS,4,3.6411966074536473,0,0
Spain_219,Spanish Data Protection Agency,EU,NONE,0,0.003861743174852217,,
Spain_216,Spanish Data Protection Agency,EU,FINE_PLUS,4,3.45115823478912,0,0
Spain_217,Spanish Data Protection Agency,EU,FINE_PLUS,4,3.722626819443423,0,0
Spain_220,Spanish Data Protection Agency,EU,FINE_ONLY,3,2.98965300938082,0,0
Spain_218,Spanish Data Protection Agency,EU,FINE_PLUS,4,3.635339433780309,0,0
Spain_221,Spanish Data Protection Agency,EU,FINE_PLUS,4,2.9787283702549994,0,0
Spain_222,Spanish Data Protection Agency,EU,FINE_PLUS,4,3.6411966074536473,0,0
Spain_224,Spanish Data Protection Agency,EU,FINE_PLUS,4,3.1192892811193564,0,0
Spain_225,Spanish Data Protection Agency,EU,FINE_ONLY,3,2.6123816659916272,0,0
Spain_228,Spanish Data Protection Agency,EU,FINE_PLUS,4,3.5998556537487456,0,0
Spain_227,Spanish Data Protection Agency,EU,FINE_PLUS,4,3.8069718689839185,0,0
Spain_226,Spanish Data Protection Agency,EU,FINE_ONLY,3,2.383676707410094,0,0
Spain_230,Spanish Data Protection Agency,EU,FINE_PLUS,4,3.1672474148821976,0,0
Spain_231,Agencia Española de Protección de Datos,EU,FINE_ONLY,3,3.048016118845472,0,1
Spain_232,Spanish Data Protection Agency,EU,FINE_ONLY,3,2.6123816659916272,0,0
Spain_233,Spanish Data Protection Agency,EU,FINE_PLUS,4,3.6618121265960633,0,0
Spain_235,Spanish Data Protection Agency,EU,FINE_PLUS,4,3.6930723950361295,0,0
Spain_237,Spanish Data Protection Agency,EU,FINE_PLUS,4,3.630386941018486,1,1
Spain_240,Spanish Data Protection Agency,EU,NONE,0,1.3118221795425042,0,0
Spain_238,Spanish Data Protection Agency (AEPD),EU,REMEDIAL_ONLY,2,1.7949953410359074,0,0
Spain_239,Spanish Data Protection Agency,EU,FINE_ONLY,3,2.5871196352025283,0,0
Spain_236,Spanish Data Protection Agency,EU,FINE_ONLY,3,2.6517062177646356,0,0
Spain_241,Spanish Agency for Data Protection,EU,FINE_PLUS,4,3.5427821369469856,0,0
Spain_243,Spanish Agency for Data Protection,EU,FINE_ONLY,3,2.4651432528553654,0,0
Spain_242,Spanish Agency for Data Protection,EU,FINE_ONLY,3,2.642856868245235,0,0
Spain_244,Spanish Data Protection Agency,EU,NONE,0,1.537420294749022,0,0
Spain_245,Spanish Data Protection Agency,EU,REMEDIAL_ONLY,2,2.6840434731376295,0,0
Spain_247,Spanish Agency for Data Protection,EU,FINE_ONLY,3,2.6005823572490088,0,0
Spain_246,Spanish Agency for Data Protection,EU,REMEDIAL_ONLY,2,2.6326943318201432,0,0
Spain_250,Spanish Data Protection Agency,EU,REMEDIAL_ONLY,2,3.5736051586506217,0,0
Spain_248,Spanish Data Protection Agency,EU,FINE_ONLY,3,2.6192907725041463,0,0
Spain_249,Spanish Data Protection Agency,EU,FINE_ONLY,3,2.6192907725041463,0,0
Spain_252,Spanish Agency for Data Protection,EU,REMEDIAL_ONLY,2,2.332123772683069,0,0
Spain_251,Spanish Agency for Data Protection,EU,FINE_ONLY,3,2.6601788107647275,0,0
Spain_253,Spanish Data Protection Agency,EU,REMEDIAL_ONLY,2,3.5998556537487456,0,0
Spain_254,Spanish Data Protection Agency,EU,REMEDIAL_ONLY,2,3.3414707899821963,0,0
Spain_255,Spanish Agency for Data Protection,EU,FINE_PLUS,4,3.761803914127154,0,0
Spain_259,Spanish Agency for Data Protection,EU,FINE_ONLY,3,2.5344310224408977,0,0
Spain_258,Spanish Agency for Data Protection,EU,NONE,0,1.4901145503961186,0,0
Spain_260,Spanish Agency for Data Protection,EU,REMEDIAL_ONLY,2,2.628060608961757,0,0
Spain_256,Spanish Agency for Data Protection,EU,FINE_ONLY,3,2.7657238379355995,0,0
Spain_261,Agencia Española de Protección de Datos,EU,FINE_ONLY,3,2.2099152270756197,0,0
Spain_262,Spanish Data Protection Agency,EU,REMEDIAL_ONLY,2,3.6835565244382966,1,
Spain_257,,UNKNOWN,NONE,0,2.7967659532723843e-06,,
Spain_263,Spanish Agency for Data Protection,EU,FINE_ONLY,3,2.5273758073036374,0,0
Spain_264,Spanish Agency for Data Protection,EU,FINE_ONLY,3,2.7657238379355995,0,0
Spain_265,Spanish Data Protection Agency,EU,FINE_ONLY,3,2.627617111676173,0,0
Spain_266,Spanish Data Protection Agency,EU,FINE_ONLY,3,2.5514077973168496,0,0
Spain_267,Spanish Data Protection Agency,EU,FINE_PLUS,4,3.9068848463061934,0,0
Spain_269,Spanish Agency for Data Protection,EU,REMEDIAL_ONLY,2,2.278665625489648,0,0
Spain_270,Spanish Agency for Data Protection,EU,REMEDIAL_ONLY,2,2.5273758073036374,0,0
Spain_268,Spanish Agency for Data Protection,EU,FINE_PLUS,4,3.4183601488027997,0,0
Spain_272,Spanish Agency for Data Protection,EU,REMEDIAL_ONLY,2,3.678158241574097,0,0
Spain_271,Spanish Agency for Data Protection,EU,FINE_ONLY,3,2.460059078816223,0,0
Spain_273,Spanish Agency for Data Protection,EU,REMEDIAL_ONLY,2,2.6451040810526174,0,0
Spain_274,Spanish Agency for Data Protection,EU,REMEDIAL_ONLY,2,2.460059078816223,0,0
Spain_275,Spanish Agency for Data Protection,EU,FINE_ONLY,3,2.4105351118569316,0,0
Spain_276,Spanish Agency for Data Protection,EU,FINE_ONLY,3,2.3274596304753308,0,0
Spain_278,Spanish Agency for Data Protection,EU,REMEDIAL_ONLY,2,3.325100926596278,0,0
Spain_280,Spanish Agency for Data Protection,EU,NONE,0,1.584488776549867,0,0
Spain_281,Agencia Española de Protección de Datos,EU,FINE_ONLY,3,2.490176621822972,0,0
Spain_279,Spanish Agency for Data Protection,EU,FINE_ONLY,3,2.4117165855081577,0,0
Spain_282,Spanish Agency for Data Protection,EU,FINE_PLUS,4,3.5462255127522964,0,0
Spain_277,Spanish Agency for Data Protection (AEPD),EU,REMEDIAL_ONLY,2,2.5940299397809667,0,0
Spain_288,Spanish Data Protection Agency,EU,REMEDIAL_ONLY,2,2.610364230289693,0,0
Spain_284,,UNKNOWN,NONE,0,2.7967659532723843e-06,,
Spain_286,,UNKNOWN,NONE,0,2.7967659532723843e-06,,
Spain_289,Agencia Española de Protección de Datos,EU,REMEDIAL_ONLY,2,3.0447698700069443,0,0
Spain_283,Spanish Agency for Data Protection,EU,FINE_PLUS,4,3.8385010951287946,0,0
Spain_287,Spanish Data Protection Agency,EU,REMEDIAL_ONLY,2,3.2574394906927244,0,0
Spain_285,Spanish Agency for Data Protection,EU,FINE_ONLY,3,2.460059078816223,0,0
Spain_296,Agencia Española de Protección de Datos,EU,FINE_PLUS,4,3.7986696871025605,0,0
Spain_290,Spanish Agency for Data Protection,EU,FINE_ONLY,3,2.4536340668182355,0,0
Spain_297,Agencia Española de Protección de Datos,EU,FINE_ONLY,3,3.127499387423762,0,0
Spain_291,Spanish Agency for Data Protection,EU,REMEDIAL_ONLY,2,2.5273758073036374,0,0
Spain_292,Spanish Data Protection Agency,EU,FINE_ONLY,3,2.6123816659916272,0,0
Spain_294,Spanish Agency for Data Protection,EU,REMEDIAL_ONLY,2,2.5273758073036374,0,0
Spain_293,Spanish Agency for Data Protection,EU,FINE_PLUS,4,3.6615619227569987,0,0
Spain_295,Spanish Data Protection Agency,EU,REMEDIAL_ONLY,2,2.4837072487720335,0,0
Spain_298,Spanish Agency for Data Protection,EU,NONE,0,1.622400390395677,0,0
Spain_300,Spanish Data Protection Agency,EU,FINE_ONLY,3,2.7934711360467075,0,0
Spain_299,Spanish Agency for Data Protection,EU,FINE_PLUS,4,2.880749152213628,0,0
Spain_303,Spanish Agency for Data Protection,EU,FINE_ONLY,3,2.5753627180140137,0,0
Spain_301,Spanish Data Protection Agency,EU,FINE_ONLY,3,2.7579109359334573,0,0
Spain_302,Agencia Española de Protección de Datos,EU,REMEDIAL_ONLY,2,2.6740834427917664,0,0
Spain_304,Spanish Data Protection Agency,EU,REMEDIAL_ONLY,2,3.45115823478912,0,0
Spain_305,Spanish Agency for Data Protection,EU,NONE,0,1.4901145503961186,0,0
Spain_309,Spanish Data Protection Agency,EU,FINE_PLUS,4,3.661118748912539,0,0
Spain_306,Spanish Data Protection Agency,EU,FINE_ONLY,3,2.3068341759801414,0,0
Spain_312,Spanish Data Protection Agency,EU,FINE_PLUS,4,3.129327600708206,0,0
Spain_307,Spanish Data Protection Agency,EU,FINE_PLUS,4,3.9591225769554703,0,0
Spain_308,Spanish Data Protection Agency,EU,FINE_ONLY,3,2.6192907725041463,0,0
Spain_311,Spanish Agency for Data Protection,EU,FINE_ONLY,3,2.19998123545613,0,0
Spain_310,STRING,NON_EEA,NONE,0,0.5607015721156632,0,0
Spain_313,Spanish Agency for Data Protection,EU,REMEDIAL_ONLY,2,3.794001085792202,0,0
Spain_314,Spanish Agency for Data Protection,EU,FINE_ONLY,3,2.945311006171894,0,0
Spain_315,Spanish Agency for Data Protection,EU,FINE_ONLY,3,2.5273758073036374,0,0
Spain_320,Spanish Agency for Data Protection,EU,REMEDIAL_ONLY,2,2.3961102781936936,0,0
Spain_318,Spanish Agency for Data Protection,EU,FINE_PLUS,4,3.0064988001503448,0,0
Spain_317,Spanish Agency for Data Protection,EU,REMEDIAL_ONLY,2,3.7284496570700676,0,0
Spain_316,Agencia Española de Protección de Datos,EU,FINE_ONLY,3,2.4694721044177244,0,0
Spain_319,Spanish Agency for Data Protection,EU,REMEDIAL_ONLY,2,3.8882086840259613,0,0
Spain_321,Spanish Agency for Data Protection,EU,FINE_ONLY,3,2.763977671747998,0,0
Spain_323,Spanish Data Protection Agency,EU,FINE_ONLY,3,2.6123816659916272,0,0
Spain_325,Spanish Agency for Data Protection,EU,REMEDIAL_ONLY,2,3.8685769945901165,0,0
Spain_322,Spanish Agency for Data Protection,EU,FINE_PLUS,4,3.794001085792202,0,0
Spain_327,Spanish Agency for Data Protection,EU,REMEDIAL_ONLY,2,3.5427821369469856,0,0
Spain_324,Spanish Agency for Data Protection,EU,FINE_ONLY,3,2.168960875574642,0,0
Spain_326,Spanish Agency for Data Protection,EU,FINE_PLUS,4,3.8531444742579275,0,0
Spain_328,Spanish Agency for Data Protection,EU,FINE_ONLY,3,2.6005823572490088,0,0
Spain_329,Spanish Agency for Data Protection,EU,REMEDIAL_ONLY,2,2.6005823572490088,0,0
Spain_332,Spanish Data Protection Agency,EU,NONE,0,1.8777309710447958,0,0
Spain_330,Spanish Agency for Data Protection,EU,REMEDIAL_ONLY,2,3.5875389720085478,0,0
Spain_331,Spanish Agency for Data Protection,EU,NONE,0,0.9855104504997092,0,0
Spain_334,Spanish Data Protection Agency,EU,FINE_ONLY,3,2.6192907725041463,0,0
Spain_335,Agencia Española de Protección de Datos,EU,FINE_ONLY,3,2.6332251640381488,0,0
Spain_333,Spanish Agency for Data Protection,EU,REMEDIAL_ONLY,2,2.624040877203375,0,0
Spain_336,Spanish Agency for Data Protection,EU,REMEDIAL_ONLY,2,3.5427821369469856,0,0
Spain_340,Agencia Española de Protección de Datos,EU,FINE_ONLY,3,2.692359333025364,0,0
Spain_337,Spanish Data Protection Agency,EU,FINE_ONLY,3,2.8554432813288675,0,0
Spain_341,Spanish Agency for Data Protection,EU,FINE_ONLY,3,2.460059078816223,0,0
Spain_338,Spanish Agency for Data Protection,EU,FINE_ONLY,3,2.6349419494184207,0,0
Spain_342,Spanish Agency for Data Protection,EU,FINE_PLUS,4,3.841664481980246,0,0
Spain_343,Spanish Agency for Data Protection,EU,FINE_PLUS,4,3.5875389720085478,0,0
Spain_344,Spanish Agency for Data Protection,EU,REMEDIAL_ONLY,2,3.738556921276351,0,0
Spain_345,Spanish Agency for Data Protection,EU,NONE,0,1.7818373256673117,0,0
Spain_346,Spanish Agency for Data Protection,EU,FINE_ONLY,3,2.294202853271081,0,0
Spain_347,Spanish Agency for Data Protection,EU,FINE_PLUS,4,3.0483620826166593,0,0
Spain_349,Spanish Data Protection Agency,EU,REMEDIAL_ONLY,2,3.0007506804625597,0,1
Spain_350,Spanish Agency for Data Protection,EU,FINE_ONLY,3,2.294202853271081,0,0
Spain_348,Spanish Agency for Data Protection,EU,FINE_PLUS,4,3.875296259004878,0,0
Spain_351,Spanish Agency for Data Protection,EU,FINE_ONLY,3,2.801329242619873,0,0
Spain_352,Spanish Agency for Data Protection,EU,FINE_ONLY,3,2.723638158297638,0,0
Spain_353,Spanish Agency for Data Protection,EU,REMEDIAL_ONLY,2,3.8032391721461396,0,0
Spain_354,Spanish Agency for Data Protection,EU,FINE_ONLY,3,2.4347242151266335,0,0
Spain_355,Spanish Data Protection Agency,EU,FINE_ONLY,3,2.742349552420647,0,0
Spain_357,Spanish Agency for Data Protection,EU,FINE_ONLY,3,2.460059078816223,0,0
Spain_356,Spanish Agency for Data Protection,EU,FINE_ONLY,3,2.929228163914385,0,0
Spain_358,Spanish Agency for Data Protection,EU,FINE_ONLY,3,1.9498355290299667,0,0
Spain_360,Spanish Data Protection Agency,EU,FINE_PLUS,4,3.2531863277817097,0,0
Spain_359,Spanish Agency for Data Protection,EU,FINE_ONLY,3,2.5796528227476094,0,0
Spain_362,Spanish Agency for Data Protection,EU,FINE_ONLY,3,2.763977671747998,0,0
Spain_361,Spanish Agency for Data Protection,EU,FINE_ONLY,3,2.6063910716926078,0,0
Spain_365,STRING,NON_EEA,NONE,0,0.0037656507148629004,,
Spain_364,Spanish Agency for Data Protection,EU,FINE_PLUS,4,3.7284496570700676,0,0
Spain_363,Spanish Agency for Data Protection,EU,FINE_ONLY,3,2.3113971363622112,0,0
Spain_367,Spanish Data Protection Agency,EU,FINE_ONLY,3,2.9103563724414556,0,0
Spain_366,Spanish Agency for Data Protection,EU,REMEDIAL_ONLY,2,2.8214327298071358,1,1
Spain_368,Spanish Data Protection Agency,EU,FINE_ONLY,3,2.6192907725041463,0,0
Spain_370,Spanish Agency for Data Protection,EU,FINE_ONLY,3,2.1569207873865697,0,0
Spain_369,Spanish Agency for Data Protection,EU,FINE_ONLY,3,2.457715023553972,0,0
Spain_371,Spanish Agency for Data Protection,EU,FINE_ONLY,3,2.059339809435709,0,0
Spain_372,Spanish Agency for Data Protection,EU,REMEDIAL_ONLY,2,3.5875389720085478,0,0
Spain_373,Spanish Agency for Data Protection,EU,FINE_ONLY,3,2.923588845749226,0,0
Spain_375,Spanish Data Protection Agency,EU,FINE_ONLY,3,2.0403075683571075,0,0
Spain_374,Spanish Agency for Data Protection,EU,REMEDIAL_ONLY,2,3.10280495532922,0,0
Spain_376,Spanish Agency for Data Protection,EU,FINE_ONLY,3,2.700602021206335,0,0
Spain_378,Spanish Agency for Data Protection,EU,FINE_ONLY,3,2.69561838915213,0,0
Spain_377,Spanish Agency for Data Protection,EU,FINE_ONLY,3,2.7450650390728404,0,0
Spain_379,Spanish Data Protection Agency,EU,NONE,0,1.5394041869477284,0,0
Spain_381,Spanish Agency for Data Protection,EU,REMEDIAL_ONLY,2,2.5165398161991734,0,0
Spain_380,Spanish Data Protection Agency,EU,FINE_ONLY,3,2.7116336534801326,0,0
Spain_382,Spanish Data Protection Agency,EU,FINE_ONLY,3,2.71386719291038,0,0
Spain_383,Spanish Agency for Data Protection,EU,FINE_ONLY,3,2.5273758073036374,0,0
Spain_384,Spanish Data Protection Agency,EU,REMEDIAL_ONLY,2,3.552317814884106,0,0
Spain_387,Spanish Data Protection Agency,EU,FINE_ONLY,3,3.005403827698416,0,0
Spain_389,Spanish Data Protection Agency,EU,FINE_ONLY,3,2.572722181780904,0,0
Spain_388,Spanish Agency for Data Protection,EU,FINE_PLUS,4,3.8882086840259613,0,0
Spain_385,Spanish Agency for Data Protection,EU,FINE_ONLY,3,2.460059078816223,0,0
Spain_386,Spanish Agency for Data Protection,EU,FINE_ONLY,3,2.6581862125211804,0,0
Spain_391,Spanish Agency for Data Protection,EU,FINE_ONLY,3,2.4651432528553654,0,0
Spain_390,Spanish Data Protection Agency,EU,FINE_PLUS,4,3.5099961894753546,0,0
Spain_392,Spanish Agency for Data Protection,EU,FINE_ONLY,3,2.2848359604247643,0,0
Spain_393,Spanish Agency for Data Protection,EU,FINE_ONLY,3,2.2617169479036403,0,0
Spain_394,Spanish Agency for Data Protection,EU,REMEDIAL_ONLY,2,2.674564900751874,0,0
Spain_396,Spanish Agency for Data Protection,EU,FINE_PLUS,4,3.5457096100375853,0,0
Spain_397,Spanish Data Protection Agency,EU,FINE_ONLY,3,2.477655307368421,0,0
Spain_395,Spanish Agency for Data Protection,EU,FINE_ONLY,3,2.3712427447830335,0,0
Spain_398,Spanish Data Protection Agency,EU,FINE_ONLY,3,2.712096387932382,0,0
Spain_406,Agencia Española de Protección de Datos (AEPD),EU,REMEDIAL_ONLY,2,2.300272590224772,0,0
Spain_401,Spanish Data Protection Agency,EU,FINE_PLUS,4,3.7400928507374083,0,0
Spain_400,Spanish Agency for Data Protection,EU,FINE_ONLY,3,3.4616274827879643,0,0
Spain_402,Spanish Data Protection Agency,EU,FINE_ONLY,3,2.8905513507763656,0,0
Spain_399,Spanish Agency for Data Protection,EU,FINE_PLUS,4,3.8866214616121786,0,0
Spain_405,Spanish Agency for Data Protection,EU,FINE_PLUS,4,3.7217753109486,0,0
Spain_403,Spanish Agency for Data Protection,EU,FINE_ONLY,3,2.5344310224408977,0,0
Spain_404,Agencia Española de Protección de Datos,EU,FINE_PLUS,4,3.8594495646312237,0,0
Spain_408,Spanish Agency for Data Protection,EU,FINE_ONLY,3,2.6005823572490088,0,0
Spain_410,Spanish Data Protection Agency,EU,FINE_ONLY,3,2.601768775444311,0,0
Spain_409,Spanish Data Protection Agency,EU,REMEDIAL_ONLY,2,2.6998676272982256,0,0
Spain_411,Spanish Agency for Data Protection,EU,FINE_PLUS,4,3.922663561717668,0,0
Spain_417,Spanish Data Protection Agency,EU,REMEDIAL_ONLY,2,2.5902859214478706,1,1
Spain_412,Spanish Data Protection Agency,EU,FINE_PLUS,4,3.238670485415465,0,0
Spain_415,Spanish Agency for Data Protection,EU,FINE_ONLY,3,2.8505364064456478,0,0
Spain_414,Spanish Agency for Data Protection,EU,REMEDIAL_ONLY,2,2.460059078816223,0,0
Spain_418,Spanish Data Protection Agency,EU,REMEDIAL_ONLY,2,2.350092204759759,0,0
Spain_416,Spanish Agency for Data Protection,EU,FINE_ONLY,3,2.460059078816223,0,0
Spain_419,Spanish Agency for Data Protection,EU,FINE_ONLY,3,2.2595089222086426,0,0
Spain_421,Spanish Agency for Data Protection,EU,FINE_ONLY,3,2.5273758073036374,0,0
Spain_420,Spanish Agency for Data Protection,EU,FINE_PLUS,4,3.698724120976557,0,0
Spain_422,Spanish Agency for Data Protection,EU,FINE_ONLY,3,2.763977671747998,0,0
Spain_423,Spanish Agency for Data Protection,EU,FINE_ONLY,3,2.6581862125211804,0,0
Spain_424,Spanish Data Protection Agency,EU,FINE_ONLY,3,2.6123816659916272,0,0
Spain_426,Spanish Data Protection Agency,EU,FINE_PLUS,4,3.7547358183120885,0,0
Spain_425,Spanish Agency for Data Protection,EU,FINE_PLUS,4,3.4642938160160552,0,0
Spain_427,Spanish Data Protection Agency,EU,FINE_ONLY,3,2.6840434731376295,0,0
Spain_428,Spanish Agency for Data Protection,EU,FINE_PLUS,4,3.633956455892371,0,0
Spain_429,Spanish Agency for Data Protection,EU,REMEDIAL_ONLY,2,2.644317417899405,0,0
Spain_430,Spanish Data Protection Agency,EU,REMEDIAL_ONLY,2,3.4811725324453198,0,0
Spain_431,Spanish Agency for Data Protection,EU,FINE_PLUS,4,3.5875389720085478,0,0
Spain_432,Spanish Data Protection Agency,EU,FINE_ONLY,3,2.6123816659916272,0,0
Spain_435,Spanish Agency for Data Protection,EU,FINE_ONLY,3,2.2647636117509355,0,0
Spain_433,Spanish Agency for Data Protection,EU,FINE_ONLY,3,2.1569207873865697,0,0
Spain_436,Spanish Data Protection Agency,EU,FINE_ONLY,3,2.7651138822139627,0,0
Spain_434,Spanish Agency for Data Protection,EU,FINE_ONLY,3,1.9767425853623266,0,0
Spain_438,Spanish Data Protection Agency,EU,FINE_ONLY,3,2.5425153355665837,0,0
Spain_440,Spanish Agency for Data Protection,EU,FINE_ONLY,3,2.5738450080557027,0,0
Spain_437,Spanish Agency for Data Protection,EU,NONE,0,1.4901145503961186,0,0
Spain_441,Spanish Agency for Data Protection,EU,FINE_ONLY,3,2.5273758073036374,0,0
Spain_439,Spanish Agency for Data Protection,EU,FINE_ONLY,3,2.4651432528553654,0,0
Spain_443,Spanish Agency for Data Protection,EU,REMEDIAL_ONLY,2,3.239076985382491,0,0
Spain_442,Spanish Agency for Data Protection,EU,FINE_PLUS,4,3.8006908912403823,0,0
Spain_446,Spanish Agency for Data Protection,EU,REMEDIAL_ONLY,2,3.3683438920808007,0,0
Spain_444,Agencia Española de Protección de Datos,EU,FINE_ONLY,3,2.408851281055487,0,0
Spain_447,STRING,NON_EEA,NONE,0,0.636936748952928,0,0
Spain_445,Spanish Data Protection Agency,EU,FINE_ONLY,3,2.7564225346476494,0,0
Spain_448,STRING,NON_EEA,NONE,0,0.002378274375649192,,
Spain_449,Spanish Agency for Data Protection,EU,FINE_PLUS,4,3.497341707638045,0,0
Spain_451,Spanish Agency for Data Protection,EU,FINE_ONLY,3,2.5344310224408977,0,0
Spain_452,Spanish Agency for Data Protection,EU,FINE_ONLY,3,2.6005823572490088,0,0
Spain_450,Spanish Agency for Data Protection,EU,FINE_ONLY,3,2.5344310224408977,0,0
Spain_453,Spanish Agency for Data Protection,EU,FINE_ONLY,3,2.763977671747998,0,0
Spain_455,Spanish Data Protection Agency,EU,FINE_PLUS,4,2.997710780658638,0,0
Spain_454,Spanish Agency for Data Protection,EU,FINE_PLUS,4,3.436592039443676,0,0
Spain_457,Spanish Data Protection Agency,EU,REMEDIAL_ONLY,2,3.4811725324453198,0,0
Spain_456,Spanish Agency for Data Protection,EU,REMEDIAL_ONLY,2,3.3683438920808007,0,0
Spain_459,Spanish Agency for Data Protection,EU,FINE_PLUS,4,3.191820071645205,0,0
Spain_458,Spanish Agency for Data Protection,EU,FINE_ONLY,3,1.9958916703033325,0,0
Spain_461,Spanish Agency for Data Protection,EU,FINE_ONLY,3,2.6952184497175087,0,0
Spain_466,Spanish Agency for Data Protection,EU,REMEDIAL_ONLY,2,3.5427821369469856,0,0
Spain_467,Spanish Agency for Data Protection,EU,REMEDIAL_ONLY,2,2.8251572623639913,0,0
Spain_463,Spanish Data Protection Agency,EU,NONE,0,1.3216360834644492,0,0
Spain_462,Spanish Agency for Data Protection,EU,FINE_ONLY,3,2.826878485181425,0,0
Spain_460,Spanish Agency for Data Protection,EU,FINE_ONLY,3,2.6601788107647275,0,0
Spain_464,Spanish Agency for Data Protection,EU,FINE_ONLY,3,2.5394291552128694,0,0
Spain_465,Spanish Agency for Data Protection,EU,FINE_ONLY,3,2.460059078816223,0,0
Spain_469,Spanish Data Protection Agency,EU,REMEDIAL_ONLY,2,2.3291929667974203,0,0
Spain_471,Spanish Data Protection Agency,EU,NONE,0,1.632672117033417,0,0
Spain_470,Spanish Agency for Data Protection,EU,FINE_PLUS,4,3.10280495532922,0,0
Spain_468,Spanish Data Protection Agency,EU,FINE_ONLY,3,2.596616720533312,0,0
Spain_479,Spanish Agency for Data Protection,EU,FINE_ONLY,3,2.698630722672838,0,0
Spain_472,Spanish Agency for Data Protection,EU,REMEDIAL_ONLY,2,2.578031737516928,0,0
Spain_473,Spanish Agency for Data Protection,EU,FINE_ONLY,3,2.5273758073036374,0,0
Spain_476,Spanish Data Protection Agency,EU,NONE,0,1.3509447961297005,0,0
Spain_474,Spanish Agency for Data Protection,EU,FINE_PLUS,4,3.301113617356992,0,0
Spain_475,STRING,NON_EEA,NONE,0,0.15275213907285556,0,0
Spain_477,,UNKNOWN,NONE,0,2.7967659532723843e-06,,
Spain_478,Spanish Data Protection Agency,EU,REMEDIAL_ONLY,2,2.3309418543015803,0,0
Spain_480,Spanish Agency for Data Protection,EU,REMEDIAL_ONLY,2,2.460059078816223,0,0
Spain_482,Agencia Española de Protección de Datos,EU,FINE_ONLY,3,2.210077414569588,0,0
Spain_481,Spanish Agency for Data Protection,EU,FINE_ONLY,3,2.763977671747998,0,0
Spain_484,Spanish Agency for Data Protection,EU,FINE_PLUS,4,3.8695209784475137,0,0
Spain_485,Spanish Agency for Data Protection,EU,REMEDIAL_ONLY,2,2.5273758073036374,0,0
Spain_487,Spanish Agency for Data Protection,EU,FINE_ONLY,3,2.3712427447830335,0,0
Spain_483,Spanish Agency for Data Protection,EU,FINE_ONLY,3,2.6601788107647275,0,0
Spain_486,Spanish Agency for Data Protection,EU,FINE_ONLY,3,2.460059078816223,0,0
Spain_490,Spanish Agency for Data Protection,EU,FINE_ONLY,3,2.18601018459876,0,0
Spain_488,Spanish Agency for Data Protection,EU,REMEDIAL_ONLY,2,2.687235218889391,0,0
Spain_489,STRING,NON_EEA,NONE,0,0.5607015721156632,0,0
Spain_492,Spanish Data Protection Agency,EU,FINE_ONLY,3,2.6123816659916272,0,0
Spain_491,Spanish Data Protection Agency,EU,FINE_ONLY,3,2.8515524912996133,0,0
Spain_493,Spanish Data Protection Agency,EU,REMEDIAL_ONLY,2,3.109878974664481,0,0
Spain_494,Spanish Data Protection Agency,EU,FINE_ONLY,3,2.5425153355665837,0,0
Spain_496,Spanish Agency for Data Protection,EU,REMEDIAL_ONLY,2,3.7736461686713274,0,0
Spain_495,Spanish Data Protection Agency,EU,FINE_ONLY,3,2.71386719291038,0,0
Spain_497,Spanish Data Protection Agency,EU,FINE_ONLY,3,2.6123816659916272,0,0
Spain_498,Spanish Data Protection Agency,EU,REMEDIAL_ONLY,2,2.6514973571911282,0,0
Spain_499,Spanish Agency for Data Protection,EU,REMEDIAL_ONLY,2,3.5095724471352625,0,0
Spain_501,Spanish Agency for Data Protection,EU,FINE_PLUS,4,2.9015525683542336,0,0
Spain_500,Spanish Data Protection Agency,EU,FINE_PLUS,4,3.9311837835061927,0,0
Spain_503,Spanish Data Protection Agency,EU,FINE_PLUS,4,3.5456391250978143,0,0
Spain_506,Spanish Data Protection Agency,EU,FINE_ONLY,3,2.5514077973168496,0,0
Spain_502,Spanish Agency for Data Protection,EU,FINE_PLUS,4,3.8748864419222495,0,0
Spain_504,Spanish Data Protection Agency,EU,REMEDIAL_ONLY,2,3.7773954995984926,0,0
Spain_505,Spanish Agency for Data Protection,EU,FINE_PLUS,4,3.1089092565855445,0,0
Spain_509,Spanish Data Protection Agency,EU,FINE_ONLY,3,2.592986010134584,0,0
Spain_507,Spanish Agency for Data Protection,EU,FINE_ONLY,3,2.5386794244723965,0,0
Spain_508,Spanish Agency of Data Protection,EU,FINE_PLUS,4,3.699689403600722,0,0
Spain_510,Spanish Data Protection Agency,EU,FINE_ONLY,3,2.8096710590913845,0,0
Spain_511,Spanish Agency for Data Protection,EU,FINE_ONLY,3,2.6601788107647275,0,0
Spain_514,Spanish Agency for Data Protection,EU,REMEDIAL_ONLY,2,2.292037221496543,0,0
Spain_512,STRING,NON_EEA,NONE,0,0.636936748952928,0,0
Spain_513,Spanish Agency for Data Protection,EU,FINE_ONLY,3,2.670476319674188,0,0
Spain_515,Spanish Agency for Data Protection,EU,REMEDIAL_ONLY,2,3.5875389720085478,0,0
Spain_516,Spanish Agency for Data Protection,EU,FINE_PLUS,4,2.9015525683542336,0,0
Spain_522,Spanish Agency for Data Protection,EU,FINE_ONLY,3,1.8962258784699149,0,0
Spain_517,Spanish Agency for Data Protection,EU,FINE_ONLY,3,2.460059078816223,0,0
Spain_518,Spanish Agency for Data Protection,EU,FINE_ONLY,3,2.237058144250553,0,0
Spain_519,Spanish Data Protection Agency,EU,FINE_ONLY,3,2.4914274363889315,0,0
Spain_524,Spanish Data Protection Agency,EU,NONE,0,1.599659826664587,0,0
Spain_525,Spanish Data Protection Agency,EU,NONE,0,1.599659826664587,0,0
Spain_521,Spanish Agency for Data Protection,EU,FINE_PLUS,4,3.5759494202032096,0,0
Spain_520,Spanish Agency for Data Protection,EU,FINE_ONLY,3,2.755534081685647,0,0
Spain_523,Spanish Data Protection Agency,EU,FINE_ONLY,3,2.5464239930156567,0,0
Spain_531,NOT_DISCUSSED,NON_EEA,NONE,0,0.0009698143447632868,0,0
Spain_526,Spanish Data Protection Agency,EU,FINE_PLUS,4,3.683609122840177,0,0
Spain_528,STRING,NON_EEA,NONE,0,0.5607015721156632,0,0
Spain_527,Agencia Española de Protección de Datos,EU,FINE_ONLY,3,2.53664480038929,0,0
Spain_536,Spanish Data Protection Agency,EU,FINE_ONLY,3,2.553786582558891,0,0
Spain_532,Spanish Agency for Data Protection,EU,NONE,0,1.4901145503961186,0,0
Spain_529,Spanish Agency for Data Protection,EU,REMEDIAL_ONLY,2,2.5115146569105393,0,0
Spain_533,Spanish Agency for Data Protection,EU,FINE_ONLY,3,2.763977671747998,0,0
Spain_530,Spanish Data Protection Agency,EU,FINE_ONLY,3,2.7592475666141856,0,0
Spain_534,Spanish Agency for Data Protection,EU,FINE_PLUS,4,2.8881437755710047,0,0
Spain_535,Spanish Agency for Data Protection,EU,FINE_ONLY,3,2.460059078816223,0,0
Spain_537,Spanish Agency for Data Protection,EU,NONE,0,1.20760751584279,0,0
Spain_539,Spanish Agency for Data Protection,EU,REMEDIAL_ONLY,2,3.0644312920066517,0,0
Spain_541,Spanish Agency for Data Protection,EU,REMEDIAL_ONLY,2,3.2705137093370427,0,0
Spain_542,Spanish Agency for Data Protection,EU,FINE_ONLY,3,2.391497769834616,0,0
Spain_544,Spanish Data Protection Agency,EU,FINE_ONLY,3,2.6123816659916272,0,0
Spain_543,Spanish Agency for Data Protection,EU,FINE_PLUS,4,3.5427821369469856,0,0
Spain_540,Spanish Agency for Data Protection,EU,REMEDIAL_ONLY,2,2.9069903482645296,0,0
Spain_545,Spanish Data Protection Agency,EU,FINE_PLUS,4,3.9320865671222616,0,0
Spain_546,Spanish Data Protection Agency,EU,FINE_ONLY,3,2.4081442445058863,0,0
Spain_547,Spanish Data Protection Agency,EU,FINE_ONLY,3,2.6123816659916272,0,0
Spain_549,Spanish Agency for Data Protection,EU,FINE_PLUS,4,3.910236957125307,0,0
Spain_551,Spanish Agency for Data Protection,EU,FINE_ONLY,3,2.6029066862570724,0,0
Spain_550,Spanish Agency for Data Protection,EU,FINE_PLUS,4,3.5427821369469856,0,0
Spain_552,Spanish Agency for Data Protection,EU,FINE_ONLY,3,3.0156991138584983,0,0
Spain_558,Spanish Agency for Data Protection,EU,FINE_PLUS,4,3.8454718522485805,0,0
Spain_553,Spanish Agency for Data Protection,EU,FINE_ONLY,3,2.4164644879695976,0,0
Spain_554,Spanish Agency for Data Protection,EU,FINE_ONLY,3,2.2647636117509355,0,0
Spain_555,Spanish Agency for Data Protection,EU,FINE_ONLY,3,2.0398227301378618,0,0
Spain_556,Spanish Agency for Data Protection,EU,FINE_PLUS,4,3.384401632311612,0,0
Spain_559,Spanish Agency for Data Protection,EU,FINE_PLUS,4,3.4166218691796466,0,0
Spain_557,Spanish Agency for Data Protection,EU,FINE_ONLY,3,2.588068327807523,0,0
Spain_562,Spanish Agency for Data Protection,EU,FINE_ONLY,3,2.6005823572490088,0,0
Spain_561,Spanish Agency for Data Protection,EU,FINE_ONLY,3,2.460059078816223,0,0
Spain_563,Spanish Agency for Data Protection,EU,FINE_ONLY,3,2.3274596304753308,0,0
Spain_560,Spanish Agency for Data Protection,EU,REMEDIAL_ONLY,2,3.8224168649402515,0,0
Spain_564,Spanish Agency for Data Protection,EU,FINE_PLUS,4,3.396636072174073,0,0
Spain_565,Spanish Agency for Data Protection,EU,FINE_ONLY,3,2.6601788107647275,0,0
Spain_568,Spanish Agency for Data Protection,EU,FINE_ONLY,3,2.510962100486449,0,0
Spain_566,Spanish Data Protection Agency,EU,FINE_ONLY,3,2.9337514335392254,0,0
Spain_567,Spanish Agency for Data Protection,EU,FINE_PLUS,4,3.835362852180681,0,0
Spain_575,Spanish Data Protection Agency,EU,FINE_ONLY,3,2.860796004930079,0,0
Spain_572,NOT_DISCUSSED,NON_EEA,NONE,0,5.075232691886811e-07,,
Spain_570,Spanish Agency for Data Protection,EU,FINE_ONLY,3,2.460059078816223,0,0
Spain_569,Spanish Agency for Data Protection,EU,FINE_ONLY,3,2.443170974516641,0,0
Spain_571,Spanish Data Protection Agency,EU,REMEDIAL_ONLY,2,2.5514077973168496,0,0
Spain_573,Spanish Agency for Data Protection,EU,REMEDIAL_ONLY,2,3.8959731448093207,0,
Spain_574,Spanish Agency for Data Protection,EU,FINE_ONLY,3,2.69561838915213,0,0
Spain_578,Spanish Data Protection Agency,EU,NONE,0,1.3087092034958698,0,0
Spain_576,Spanish Data Protection Agency,EU,FINE_PLUS,4,3.1192892811193564,0,0
Spain_581,Spanish Data Protection Agency,EU,FINE_PLUS,4,3.866078147824372,0,0
Spain_577,Spanish Data Protection Agency,EU,FINE_PLUS,4,3.9586824524892563,1,1
Spain_582,Spanish Data Protection Agency,EU,FINE_PLUS,4,3.710795707678601,0,0
Spain_580,Spanish Data Protection Agency (AEPD),EU,REMEDIAL_ONLY,2,2.8547164230895343,0,0
Spain_579,Spanish Data Protection Agency,EU,FINE_ONLY,3,2.4244476165218987,0,0
Spain_583,Spanish Data Protection Agency,EU,FINE_ONLY,3,2.7109289402538823,0,0
Spain_584,Agencia Española de Protección de Datos,EU,NONE,0,1.4060650876656458,0,0
Spain_586,STRING,NON_EEA,NONE,0,0.0005492125171230322,,
Spain_590,Spanish Data Protection Agency,EU,NONE,0,1.2229941177823525,0,0
Spain_585,Spanish Data Protection Agency,EU,REMEDIAL_ONLY,2,3.9010350139821712,0,0
Spain_587,Spanish Data Protection Agency,EU,REMEDIAL_ONLY,2,2.2273566361856223,0,0
Spain_588,Spanish Data Protection Agency,EU,REMEDIAL_ONLY,2,2.4287561281193013,0,0
Spain_589,Spanish Agency for Data Protection,EU,REMEDIAL_ONLY,2,2.1785037059537604,0,0
Spain_591,Spanish Agency for Data Protection,EU,REMEDIAL_ONLY,2,2.6342998389643975,0,0
Spain_592,Agencia Española de Protección de Datos,EU,REMEDIAL_ONLY,2,3.007701778212659,0,0
Spain_593,Agencia Española de Protección de Datos,EU,NONE,0,1.0001441010592242,0,0
Spain_595,Spanish Data Protection Agency,EU,REMEDIAL_ONLY,2,2.416328247583457,0,0
Spain_596,Spanish Data Protection Agency,EU,REMEDIAL_ONLY,2,2.227918229912986,0,0
Spain_597,Spanish Agency for Data Protection,EU,REMEDIAL_ONLY,2,2.24005406352695,0,0
Spain_594,Spanish Data Protection Agency,EU,REMEDIAL_ONLY,2,2.368421537075563,0,0
Spain_598,Spanish Agency for Data Protection,EU,REMEDIAL_ONLY,2,2.5977159205102462,0,0
Spain_599,Spanish Agency for Data Protection,EU,REMEDIAL_ONLY,2,2.648541008203396,0,0
Spain_600,Spanish Data Protection Agency,EU,REMEDIAL_ONLY,2,3.080446553984145,0,0
Spain_605,Spanish Agency for Data Protection,EU,REMEDIAL_ONLY,2,2.0607318101580576,0,0
Spain_603,Spanish Data Protection Agency,EU,REMEDIAL_ONLY,2,1.9878713903475547,0,0
Spain_601,Spanish Agency for Data Protection,EU,REMEDIAL_ONLY,2,2.24005406352695,0,0
Spain_602,Spanish Data Protection Agency,EU,REMEDIAL_ONLY,2,2.042526122167758,0,0
Spain_608,,UNKNOWN,NONE,0,2.7967659532723843e-06,,
Spain_609,,UNKNOWN,NONE,0,2.7967659532723843e-06,,
Spain_604,Spanish Data Protection Agency,EU,NONE,0,1.4954768727766394,0,0
Spain_606,Spanish Data Protection Agency,EU,REMEDIAL_ONLY,2,2.6159295335137154,0,0
Spain_607,Spanish Data Protection Agency,EU,REMEDIAL_ONLY,2,2.76979840652705,0,0
Spain_611,Spanish Data Protection Agency,EU,REMEDIAL_ONLY,2,2.6405874437075956,0,0
Spain_612,Agencia Española de Protección de Datos,EU,NONE,0,1.717767033404443,0,0
Spain_610,Spanish Data Protection Agency,EU,NONE,0,1.3787372587429028,0,0
Spain_615,Catalan Data Protection Authority,EU,NONE,0,0.2891378513381546,0,0
Spain_614,Spanish Data Protection Agency,EU,REMEDIAL_ONLY,2,2.557951614526348,0,0
Spain_613,Spanish Agency for Data Protection,EU,REMEDIAL_ONLY,2,2.8548059953113607,0,0
Spain_616,Spanish Data Protection Agency,EU,FINE_PLUS,4,3.1764537924106184,0,0
Spain_617,Catalan Data Protection Authority (APDCAT),EU,NONE,0,0.048323510055643615,0,0
Spain_619,Catalan Data Protection Agency (APDCAT),EU,NONE,0,0.06278219005665964,0,0
Spain_621,Catalan Data Protection Authority,EU,REMEDIAL_ONLY,2,2.7938945380690896,0,0
Spain_620,Catalan Data Protection Authority,EU,REMEDIAL_ONLY,2,3.006613576654421,0,0
Spain_624,Catalan Data Protection Authority,EU,REMEDIAL_ONLY,2,1.9298947008434597,0,0
Spain_630,Basque Agency for the Protection of Data,EU,NONE,0,0.07511291532885411,0,0
Spain_625,Catalan Data Protection Authority,EU,REMEDIAL_ONLY,2,2.8178022212595684,1,0
Spain_618,Agència de Protecció de Dades de Catalunya,EU,FINE_PLUS,4,3.988163837986481,0,0
Spain_631,Basque Agency for Data Protection,EU,NONE,0,0.036622913721721995,0,0
Spain_623,STRING,NON_EEA,NONE,0,0.0005492125171230322,,
Slovenia_1,Information Commissioner,EU,REMEDIAL_ONLY,2,2.2806319491319034,0,0
Slovenia_3,Information Commissioner,EU,REMEDIAL_ONLY,2,2.301896495812997,0,0
Spain_627,Catalan Data Protection Authority,EU,REMEDIAL_ONLY,2,1.8271027442810412,1,1
Spain_626,Catalan Data Protection Authority,EU,FINE_ONLY,3,1.545585725276644,0,0
Spain_628,Council for Transparency and Protection of Data of Andalusia,EU,REMEDIAL_ONLY,2,2.570444396324023,0,0
Spain_629,Transparency and Data Protection Council of Andalusia,EU,REMEDIAL_ONLY,2,2.9097764709454466,0,0
Slovenia_4,Information Commissioner,EU,NONE,0,0.274051433666226,0,0
Slovenia_5,Information Commissioner,EU,REMEDIAL_ONLY,2,1.0482003155586113,0,0
Slovenia_8,Information Commissioner of the Republic of Slovenia,EU,NONE,0,0.0004623865226103252,0,0
Slovenia_6,Informacijski pooblaščenec,EU,NONE,0,0.1018777302253564,0,0
Slovenia_9,Information Commissioner of the Republic of Slovenia,EU,NONE,0,0.005569047357678603,0,0
Slovenia_7,Information Commissioner of the Republic of Slovenia,EU,NONE,0,0.011655610434449959,0,0
Slovenia_10,Information Commissioner of the Republic of Slovenia,EU,NONE,0,0.01242634360841044,0,0
Slovenia_12,Information Commissioner,EU,NONE,0,0.10144763456238559,0,0
Slovenia_11,Information Commissioner,EU,NONE,0,0.31078133735091384,0,0
Slovenia_14,Information Commissioner of the Republic of Slovenia,EU,NONE,0,0.014079171615103636,0,0
Slovenia_18,Information Commissioner,EU,NONE,0,0.31078133735091384,0,0
Slovenia_13,Information Commissioner,EU,NONE,0,0.18088164903231474,0,0
Slovenia_16,Information Commissioner,EU,NONE,0,0.20068256415999164,0,0
Slovenia_15,Information Commissioner (IP),EU,NONE,0,0.027179141162868348,0,0
Slovenia_17,Information Commissioner (IP),EU,NONE,0,0.01615941443661839,0,0
Slovenia_19,Information Commissioner of the Republic of Slovenia,EU,NONE,0,0.014172378516518647,0,0
Slovenia_21,Information Commissioner,EU,NONE,0,0.009936306760642055,0,0
Slovenia_20,Information Commissioner,EU,NONE,0,0.017657823102957493,0,0
Slovenia_24,Information Commissioner,EU,NONE,0,0.09085095487587791,0,0
Slovenia_23,Information Commissioner,EU,NONE,0,0.31078133735091384,0,0
Slovenia_25,Information Commissioner,EU,NONE,0,0.14671886770992681,0,0
Slovenia_22,Information Commissioner (Slovenia),EU,NONE,0,0.04883394212716241,0,0
Slovenia_26,Information Commissioner,EU,NONE,0,0.1637721570806533,0,0
Slovenia_34,Information Commissioner of the Republic of Slovenia,EU,NONE,0,0.045973641012660105,0,0
Slovenia_27,Information Commissioner,EU,NONE,0,0.31078133735091384,0,0
Slovenia_28,Information Commissioner of the Republic of Slovenia,EU,NONE,0,0.003195945913912701,0,0
Slovenia_29,Information Commissioner (Slovenia),EU,NONE,0,0.05028279409410852,0,0
Slovenia_30,Information Commissioner,EU,NONE,0,0.17096798066288588,0,0
Slovenia_31,Information Commissioner,EU,NONE,0,0.1721947291480994,0,0
Slovenia_32,Information Commissioner of the Republic of Slovenia,EU,NONE,0,0.014079171615103636,0,0
Slovenia_33,Information Commissioner of the Republic of Slovenia,EU,NONE,0,0.004817037952966063,0,0
Slovenia_35,Information Commissioner,EU,REMEDIAL_ONLY,2,0.589166792770309,0,0
Slovenia_36,Information Commissioner,EU,NONE,0,0.31078133735091384,0,0
Slovenia_37,Information Commissioner,EU,NONE,0,0.1341539576902675,0,0
Slovenia_38,Information Commissioner,EU,NONE,0,0.20068256415999164,0,0
Slovenia_40,,UNKNOWN,NONE,0,2.7967659532723843e-06,,
Slovenia_41,Informacijski pooblaščenec (Information Commissioner),EU,NONE,0,0.10180422062554273,0,0
Slovenia_39,Information Commissioner,EU,NONE,0,0.1854925955760547,0,0
Slovenia_42,Information Commissioner,EU,NONE,0,0.3068891471433882,0,0
Slovenia_43,Information Commissioner (Slovenia),EU,REMEDIAL_ONLY,2,1.591178805916677,0,0
Slovenia_44,Information Commissioner (IP),EU,NONE,0,0.08715116598788963,0,0
Slovenia_45,Information Commissioner,EU,NONE,0,0.31078133735091384,0,0
Slovenia_46,Information Commissioner (Slovenia),EU,NONE,0,0.09345480719464017,0,0
Slovenia_47,Information Commissioner (Slovenia),EU,NONE,0,0.046520485130791434,0,0
Slovenia_50,Informacijski pooblaščenec (IP),EU,REMEDIAL_ONLY,2,3.690208788772287,0,0
Slovenia_48,Information Commissioner of the Republic of Slovenia,EU,NONE,0,0.014079171615103636,0,0
Slovenia_51,Information Commissioner,EU,NONE,0,0.6096807657802497,0,0
Slovenia_55,Information Commissioner,EU,NONE,0,0.39334786886820206,0,0
Slovenia_56,Information Commissioner,NON_EEA,NONE,0,3.679060519246047e-05,,
Slovenia_53,Information Commissioner,EU,NONE,0,0.485586858038069,0,0
Slovenia_54,Information Commissioner (Slovenia),EU,FINE_PLUS,4,3.999732913171563,0,0
Slovenia_52,,UNKNOWN,NONE,0,2.7967659532723843e-06,,
Slovenia_57,Information Commissioner,EU,REMEDIAL_ONLY,2,1.2071994462145637,0,0
Slovenia_58,Information Commissioner of Slovenia,EU,FINE_ONLY,3,2.499756683731606,0,0
Slovenia_59,STRING,NON_EEA,NONE,0,0.002160241680904451,,
Slovenia_61,Information Commissioner,EU,FINE_ONLY,3,1.2071994462145637,0,0
Slovenia_62,Information Commissioner,EU,REMEDIAL_ONLY,2,1.2071994462145637,0,0
Slovenia_63,Information Commissioner of the Republic of Slovenia,EU,NONE,0,0.05301585453237245,0,0
Slovenia_65,Information Commissioner,EU,REMEDIAL_ONLY,2,0.9806944135074239,0,0
Slovenia_64,Information Commissioner,EU,REMEDIAL_ONLY,2,1.6186640694210528,0,0
Slovenia_60,,UNKNOWN,NONE,0,2.7967659532723843e-06,,
Slovenia_66,Information Commissioner,EU,REMEDIAL_ONLY,2,2.7832349748845564,0,0
Slovenia_67,Information Commissioner,EU,REMEDIAL_ONLY,2,1.8299342766482956,0,0
Slovenia_68,Information Commissioner,EU,NONE,0,0.31078133735091384,0,0
Slovenia_69,Information Commissioner (Slovenia),EU,NONE,0,0.10653933820429828,0,0
Slovenia_72,Information Commissioner,EU,REMEDIAL_ONLY,2,1.0045844037153508,0,0
Slovenia_73,Informacijski pooblaščenec (Information Commissioner),EU,NONE,0,0.11599197544689666,0,0
Slovenia_74,Information Commissioner (Slovenia),EU,REMEDIAL_ONLY,2,0.5575173418013355,0,0
Slovenia_75,Information Commissioner,EU,NONE,0,0.11698587361760049,0,0
Slovenia_76,NOT_DISCUSSED,NON_EEA,NONE,0,5.075232691886811e-07,,
Slovakia_1,Office for the Protection of Personal Data of the Slovak Republic,EU,REMEDIAL_ONLY,2,1.7369985567146518,0,0
Slovenia_77,Information Commissioner,EU,REMEDIAL_ONLY,2,0.74739969505138,0,0
Romania_1,National Supervisory Authority for Personal Data Processing,EU,FINE_PLUS,4,3.968636408391853,0,0
Slovenia_78,Information Commissioner of the Republic of Slovenia,EU,REMEDIAL_ONLY,2,0.23754388499321977,0,0
Romania_2,The National Supervisory Authority for the Processing of Personal Data,EU,FINE_PLUS,4,3.6265578619039376,0,0
Romania_4,National Supervisory Authority,EU,FINE_ONLY,3,3.0276376016473363,0,0
Romania_3,National Supervisory Authority for the Processing of Personal Data,EU,FINE_PLUS,4,3.9934127615574173,0,0
Romania_5,National Supervisory Authority for Personal Data Processing,EU,FINE_ONLY,3,3.071759931852025,0,0
Romania_6,A.N.S.P.D.C.P.,EU,FINE_ONLY,3,3.4774930375548347,0,0
Romania_7,STRING,EU,FINE_ONLY,3,2.256945807322852,0,0
Romania_9,The National Supervisory Authority,EU,FINE_PLUS,4,3.9167506582944784,0,0
Romania_11,Autoritatea Națională de Supraveghere a Prelucrării Datelor cu Caracter Personal (ANSPDCP),EU,FINE_PLUS,4,3.988088567453119,0,0
Romania_10,National Supervisory Authority for the Processing of Personal Data,EU,FINE_PLUS,4,3.9699877086803577,0,0
Romania_13,Autoritatea Națională de Supraveghere a Prelucrării Datelor cu Caracter Personal,EU,FINE_PLUS,4,3.947202977249421,0,0
Romania_12,National Supervisory Authority,EU,FINE_ONLY,3,3.0880922688395716,0,0
Romania_14,National Supervisory Authority,EU,FINE_ONLY,3,3.176264676098112,0,0
Romania_8,,UNKNOWN,NONE,0,2.7967659532723843e-06,,
Romania_15,National Supervisory Authority,EU,FINE_PLUS,4,3.7626381714482773,0,0
Romania_16,STRING,EU,FINE_PLUS,4,3.7287126459270685,0,0
Romania_17,National Supervisory Authority for Personal Data Processing,EU,FINE_PLUS,4,3.8985400295637374,0,0
Romania_20,National Supervisory Authority for Personal Data Processing,EU,FINE_PLUS,4,3.818586456750327,0,0
Romania_19,National Supervisory Authority for the Processing of Personal Data,EU,FINE_PLUS,4,3.976203234553834,0,0
Romania_18,National Supervisory Authority,EU,FINE_PLUS,4,3.9924988489609863,0,0
Romania_21,STRING,EU,FINE_ONLY,3,2.775774006900014,0,0
Romania_24,National Supervisory Authority,EU,FINE_PLUS,4,3.959148969683318,0,0
Romania_22,,UNKNOWN,NONE,0,2.7967659532723843e-06,,
Romania_26,National Supervisory Authority for the Processing of Personal Data,EU,FINE_PLUS,4,3.9781112925149116,0,0
Romania_25,A.N.S.P.D.C.P.,EU,FINE_PLUS,4,3.9491518709633646,0,0
Romania_23,,UNKNOWN,NONE,0,2.7967659532723843e-06,,
Romania_28,A.N.S.P.D.C.P.,EU,FINE_PLUS,4,3.993371988345054,0,0
Romania_29,National Supervisory Authority,EU,FINE_PLUS,4,3.4956765026012517,0,0
Romania_27,STRING,EU,FINE_ONLY,3,2.726737222654668,0,0
Romania_30,The National Supervisory Authority,EU,FINE_PLUS,4,3.9947808711712134,0,0
Romania_34,National Supervisory Authority for Personal Data Processing,EU,FINE_ONLY,3,3.293150141355981,0,0
Romania_33,National Supervisory Authority,EU,FINE_PLUS,4,3.711908712102178,0,0
Romania_36,National Supervisory Authority,EU,FINE_ONLY,3,3.063780402597578,0,0
Romania_32,Autoritatea Națională de Supraveghere a Prelucrării Datelor cu Caracter Personal (ANSPDCP),EU,FINE_PLUS,4,3.910586498688743,0,0
Romania_31,National Supervisory Authority,EU,FINE_PLUS,4,3.9988447051266287,0,0
Romania_37,National Supervisory Authority,EU,FINE_ONLY,3,2.9693661338852575,1,0
Romania_38,The National Supervisory Authority for Personal Data Processing,EU,FINE_PLUS,4,3.972357834682313,0,0
Romania_35,,UNKNOWN,NONE,0,2.7967659532723843e-06,,
Romania_43,National Supervisory Authority,EU,FINE_ONLY,3,3.0880922688395716,0,0
Romania_40,STRING,EU,FINE_PLUS,4,3.005520310319963,0,0
Romania_42,National Supervisory Authority,EU,FINE_PLUS,4,3.9247647559730274,0,0
Romania_41,A.N.S.P.D.C.P,EU,FINE_PLUS,4,3.979029406806737,0,0
Romania_45,A.N.S.P.D.C.P.,EU,FINE_ONLY,3,3.0477272815992493,0,0
Romania_39,,UNKNOWN,NONE,0,2.7967659532723843e-06,,
Romania_48,National Supervisory Authority for Personal Data Processing,EU,FINE_PLUS,4,3.9454059349243304,0,0
Romania_49,National Supervisory Authority for the Processing of Personal Data,EU,FINE_ONLY,3,3.032138910041244,0,0
Romania_47,A.N.S.P.D.C.P.,EU,FINE_PLUS,4,3.970470071620475,0,0
Romania_44,,UNKNOWN,NONE,0,2.7967659532723843e-06,,
Romania_50,National Supervisory Authority,EU,FINE_ONLY,3,3.3029244256824133,0,0
Romania_46,National Supervisory Authority for Personal Data Processing,EU,FINE_PLUS,4,3.9825866031422557,0,0
Romania_52,The National Supervisory Authority for Personal Data Processing,EU,FINE_ONLY,3,3.171169039100673,0,0
Romania_51,National Supervisory Authority,EU,FINE_PLUS,4,3.8074284363080513,0,0
Romania_53,A.N.S.P.D.C.P.,EU,FINE_ONLY,3,3.713990379563553,0,0
Romania_54,The National Supervisory Authority for Personal Data Processing,EU,FINE_PLUS,4,3.894129184623557,0,0
Romania_57,Autoritatea Națională de Supraveghere a Prelucrării Datelor cu Caracter Personal,EU,FINE_PLUS,4,3.964754629778119,0,0
Romania_56,Autoritatea Națională de Supraveghere a Prelucrării Datelor cu Caracter Personal (ANSPDCP),EU,FINE_PLUS,4,3.8722459403314122,0,0
Romania_58,National Supervisory Authority,EU,FINE_PLUS,4,3.977391099757137,0,0
Romania_59,National Supervisory Authority,EU,FINE_ONLY,3,3.0121752908672987,0,0
Romania_60,The National Supervisory Authority for the Processing of Personal Data,EU,FINE_PLUS,4,3.4212506759450783,0,0
Romania_61,A.N.S.P.D.C.P.,EU,FINE_ONLY,3,3.324723977314548,0,0
Romania_55,,UNKNOWN,NONE,0,2.7967659532723843e-06,,
Romania_62,A.N.S.P.D.C.P,EU,FINE_PLUS,4,3.5699384057361048,0,0
Romania_63,National Supervisory Authority,EU,FINE_PLUS,4,3.8605466339158347,0,0
Romania_65,Autoritatea Națională de Supraveghere a Prelucrării Datelor cu Caracter Personal,EU,FINE_PLUS,4,3.989472698116966,0,0
Romania_67,The National Supervisory Authority for the Processing of Personal Data,EU,FINE_PLUS,4,3.9970952993388016,0,0
Romania_68,National Supervisory Authority,EU,FINE_PLUS,4,3.9391129901579554,0,0
Romania_69,National Supervisory Authority,EU,FINE_PLUS,4,3.9642294913025067,0,0
Romania_70,National Supervisory Authority,EU,FINE_PLUS,4,3.9982173208499696,0,0
Romania_64,,UNKNOWN,NONE,0,2.7967659532723843e-06,,
Romania_72,National Supervisory Authority,EU,FINE_PLUS,4,3.9396929664823466,0,0
Romania_66,,UNKNOWN,NONE,0,2.7967659532723843e-06,,
Romania_71,A.N.S.P.D.C.P.,EU,FINE_PLUS,4,3.7257657062303124,0,0
Romania_74,The National Supervisory Authority,EU,FINE_PLUS,4,3.8747051984760117,0,0
Romania_73,National Supervisory Authority,EU,FINE_PLUS,4,3.957954245828095,0,0
Romania_79,National Supervisory Authority,EU,FINE_PLUS,4,3.968763593066205,0,0
Romania_77,A.N.S.P.D.C.P.,EU,FINE_PLUS,4,3.9807283360814036,0,0
Romania_76,The National Supervisory Authority for the Processing of Personal Data,EU,FINE_PLUS,4,3.9977025384188902,0,0
Romania_78,The National Supervisory Authority for the Processing of Personal Data,EU,FINE_PLUS,4,3.9817599495206317,0,0
Romania_80,A.N.S.P.D.C.P.,EU,FINE_PLUS,4,3.5017811929968143,0,0
Romania_75,National Supervisory Authority for the Processing of Personal Data,EU,FINE_PLUS,4,3.9179918794937727,0,0
Romania_82,STRING,EU,FINE_ONLY,3,2.3383908417158787,0,0
Romania_81,A.N.S.P.D.C.P.,EU,FINE_ONLY,3,3.3193617020509083,0,0
Romania_84,National Supervisory Authority,EU,FINE_PLUS,4,3.3482197400576545,0,0
Romania_87,National DPA,EU,FINE_ONLY,3,2.3085759394969405,0,0
Romania_86,A.N.S.P.D.C.P,EU,FINE_PLUS,4,3.922226458969656,0,0
Romania_85,STRING,EU,FINE_PLUS,4,3.475754439310653,0,0
Romania_92,National Supervisory Authority,EU,FINE_PLUS,4,3.5795001581510695,0,0
Romania_83,,UNKNOWN,NONE,0,2.7967659532723843e-06,,
Romania_88,,UNKNOWN,NONE,0,2.7967659532723843e-06,,
Romania_91,National Supervisory Authority for the Processing of Personal Data,EU,FINE_PLUS,4,3.996754320078581,0,0
Romania_89,,UNKNOWN,NONE,0,2.7967659532723843e-06,,
Romania_93,The National Supervisory Authority for the Processing of Personal Data,EU,FINE_PLUS,4,3.9480358582619677,0,0
Romania_94,A.N.S.P.D.C.P,EU,FINE_PLUS,4,3.898481171714923,0,0
Romania_90,,UNKNOWN,NONE,0,2.7967659532723843e-06,,
Romania_96,STRING,EU,FINE_PLUS,4,3.0444130093142885,0,0
Romania_95,STRING,EU,FINE_ONLY,3,2.5539379356801586,0,0
Romania_100,A.N.S.P.D.C.P.,EU,FINE_ONLY,3,3.0477272815992493,0,0
Romania_99,Autoritatea Națională de Supraveghere a Prelucrării Datelor cu Caracter Personal (ANSPDCP),EU,FINE_ONLY,3,3.110740558752699,0,0
Romania_102,The National Supervisory Authority for the Processing of Personal Data,EU,FINE_PLUS,4,3.940474271114762,0,0
Romania_97,,UNKNOWN,NONE,0,2.7967659532723843e-06,,
Romania_101,The National Supervisory Authority for Personal Data Processing,EU,FINE_PLUS,4,3.9989953689540414,0,0
Romania_98,ANSPDCP,EU,FINE_PLUS,4,3.92103493958367,0,0
Romania_103,National Supervisory Authority,EU,FINE_ONLY,3,2.950006798272011,0,0
Romania_107,National Authority,EU,FINE_PLUS,4,3.3787045547559647,0,0
Romania_108,A.N.S.P.D.C.P.,EU,FINE_PLUS,4,3.986924279959303,0,0
Romania_110,National Supervisory Authority,EU,FINE_PLUS,4,3.814722405557446,0,0
Romania_109,STRING,EU,FINE_PLUS,4,3.8765612074468145,0,0
Romania_104,,UNKNOWN,NONE,0,2.7967659532723843e-06,,
Romania_105,,UNKNOWN,NONE,0,2.7967659532723843e-06,,
Romania_106,,UNKNOWN,NONE,0,2.7967659532723843e-06,,
Romania_113,A.N.S.P.D.C.P,EU,FINE_ONLY,3,3.440889832919611,0,0
Romania_112,National Supervisory Authority,EU,REMEDIAL_ONLY,2,3.963819736935959,0,0
Romania_111,,UNKNOWN,NONE,0,2.7967659532723843e-06,,
Romania_116,National Supervisory Authority,EU,FINE_PLUS,4,3.4956765026012517,0,0
Romania_114,A.N.S.P.D.C.P.,EU,FINE_PLUS,4,3.847427473560977,0,0
Romania_117,The National Supervisory Authority,EU,FINE_PLUS,4,3.951004119511419,0,0
Romania_115,,UNKNOWN,NONE,0,2.7967659532723843e-06,,
Romania_121,National Supervisory Authority,EU,FINE_PLUS,4,3.954094841593588,0,0
Romania_120,National Supervisory Authority for Personal Data Processing,EU,REMEDIAL_ONLY,2,3.972697560977861,0,0
Romania_119,National Supervisory Authority for the Processing of Personal Data,EU,FINE_PLUS,4,3.986517783702694,0,0
Romania_118,,UNKNOWN,NONE,0,2.7967659532723843e-06,,
Romania_122,National Supervisory Authority,EU,FINE_PLUS,4,3.8043574690317787,0,0
Romania_123,National Supervisory Authority,EU,FINE_PLUS,4,3.975720500562878,0,0
Romania_125,STRING,EU,FINE_ONLY,3,3.043044756445187,0,0
Romania_124,A.N.S.P.D.C.P.,EU,FINE_PLUS,4,3.8726303461587888,0,0
Romania_127,National Supervisory Authority,EU,FINE_ONLY,3,3.0276376016473363,0,0
Romania_128,STRING,EU,FINE_ONLY,3,2.7058602538128063,0,0
Romania_126,ANSPDCP,EU,FINE_ONLY,3,3.050103455365902,0,0
Romania_130,STRING,EU,FINE_ONLY,3,2.256945807322852,0,0
Romania_131,The National Supervisory Authority for Personal Data Processing,EU,REMEDIAL_ONLY,2,3.99534637983107,0,0
Romania_129,A.N.S.P.D.C.P.,EU,FINE_PLUS,4,3.8694060626432307,0,0
Romania_132,A.N.S.P.D.C.P,EU,FINE_PLUS,4,3.991524294154773,0,0
Romania_134,A.N.S.P.D.C.P.,EU,FINE_ONLY,3,3.3400776088027753,0,0
Romania_133,National Authority for the Supervision of Personal Data Processing,EU,REMEDIAL_ONLY,2,3.0446490233956998,0,0
Romania_135,The National Supervisory Authority for Personal Data Processing,EU,FINE_PLUS,4,3.9431407254682487,0,0
Romania_138,STRING,EU,FINE_ONLY,3,2.639180313660255,0,0
Romania_136,A.N.S.P.D.C.P,EU,FINE_PLUS,4,3.62070534816561,0,0
Romania_137,STRING,EU,FINE_PLUS,4,3.7914188371993585,0,0
Romania_139,National Supervisory Authority for Personal Data Processing,EU,FINE_PLUS,4,3.9745561134217766,0,0
Romania_142,STRING,EU,FINE_PLUS,4,3.9292432423740133,0,0
Romania_143,STRING,EU,FINE_ONLY,3,2.3147500595885395,0,0
Romania_141,STRING The National Supervisory Authority for Personal Data Processing,EU,FINE_PLUS,4,3.999999921081419,0,0
Romania_140,The National Supervisory Authority for Personal Data Processing,EU,FINE_PLUS,4,3.9902969224096916,0,0
Romania_145,STRING National Supervisory Authority,EU,FINE_PLUS,4,3.999999502463637,0,0
Romania_144,National Supervisory Authority,EU,FINE_PLUS,4,3.802548014989455,0,0
Romania_146,National Supervisory Authority,EU,FINE_PLUS,4,3.782175591729516,0,0
Romania_148,A.N.S.P.D.C.P.,EU,FINE_ONLY,3,3.1860738829398105,0,0
Romania_153,National Supervisory Authority for Personal Data Processing,EU,FINE_ONLY,3,3.205415719681816,0,0
Romania_150,Romanian Supervisory Authority,EU,FINE_PLUS,4,3.6271478525119702,0,0
Romania_156,National Supervisory Authority,EU,FINE_PLUS,4,3.8054242262792104,0,0
Romania_151,The National Supervisory Authority,EU,FINE_PLUS,4,3.430141802027455,0,0
Romania_152,National Supervisory Authority for Personal Data Processing,EU,FINE_PLUS,4,3.878556844517384,0,0
Romania_147,,UNKNOWN,NONE,0,2.7967659532723843e-06,,
Romania_154,STRING,EU,FINE_PLUS,4,3.4194608572575436,0,0
Romania_149,,UNKNOWN,NONE,0,2.7967659532723843e-06,,
Romania_158,A.N.S.P.D.C.P.,EU,FINE_PLUS,4,3.9239032635105575,0,0
Romania_159,STRING,EU,FINE_PLUS,4,3.902753261344074,0,0
Romania_157,STRING,EU,FINE_PLUS,4,3.4407448342307845,0,0
Romania_155,National Supervisory Authority for Personal Data Processing,EU,FINE_PLUS,4,3.9524530543594323,0,0
Romania_161,A.N.S.P.D.C.P,EU,FINE_ONLY,3,3.5852737773995216,0,0
Romania_162,National Supervisory Authority for Personal Data Processing,EU,FINE_PLUS,4,3.8556828403400214,0,0
Romania_163,The National Supervisory Authority for Personal Data Processing,EU,FINE_PLUS,4,3.9762552009446277,0,0
Romania_165,STRING,EU,FINE_PLUS,4,3.7782084042048933,0,0
Romania_160,,UNKNOWN,NONE,0,2.7967659532723843e-06,,
Romania_167,STRING,EU,FINE_PLUS,4,3.6046692841628154,0,0
Romania_164,A.N.S.P.D.C.P.,EU,FINE_PLUS,4,3.8819301665791746,0,0
Romania_166,The National Supervisory Authority for Personal Data Processing,EU,FINE_PLUS,4,3.752767806448961,0,0
Romania_170,STRING,EU,FINE_PLUS,4,2.973996430790864,0,0
Romania_171,A.N.S.P.D.C.P,EU,FINE_ONLY,3,3.024265022855853,0,0
Romania_168,,UNKNOWN,NONE,0,2.7967659532723843e-06,,
Romania_173,,UNKNOWN,NONE,0,2.7967659532723843e-06,,
Romania_174,National Supervisory Authority,EU,REMEDIAL_ONLY,2,3.7886161717201228,0,0
Romania_169,,UNKNOWN,NONE,0,2.7967659532723843e-06,,
Romania_175,National Supervisory Authority,EU,REMEDIAL_ONLY,2,3.834760623527299,0,0
Romania_172,National Supervisory Authority,EU,FINE_PLUS,4,3.922489288862847,0,0
Romania_176,The National Supervisory Authority for Personal Data Processing,EU,FINE_PLUS,4,3.85873872421105,0,0
Portugal_11,National Commission for Data Protection (CNPD),EU,FINE_ONLY,3,2.418918527299268,0,0
Portugal_1,Comissão Nacional de Proteção de Dados,EU,FINE_ONLY,3,2.5973046513272666,0,0
Romania_177,A.N.S.P.D.C.P,EU,FINE_PLUS,4,3.848476186914432,0,0
Portugal_3,Comissão Nacional de Proteção de Dados,EU,FINE_ONLY,3,2.4410745025333984,0,0
Portugal_5,Comissão Nacional de Proteção de Dados,EU,FINE_ONLY,3,2.376864213620174,0,0
Portugal_10,Comissão Nacional de Proteção de Dados,EU,FINE_PLUS,4,2.7821920194735963,0,0
Poland_1,President of the Office for Personal Data Protection,EU,FINE_ONLY,3,3.2955194889452395,0,1
Portugal_4,Comissão Nacional de Proteção de Dados (CNPD),EU,FINE_ONLY,3,2.466203234383952,0,0
Poland_4,President of the Office for the Protection of Personal Data,EU,FINE_ONLY,3,2.0768379204236043,0,1
Poland_5,President of the Office for Personal Data Protection,EU,FINE_ONLY,3,2.338639429466763,0,0
Portugal_12,Comissão Nacional de Proteção de Dados,EU,REMEDIAL_ONLY,2,2.1538336098114503,0,0
Portugal_13,Comissão Nacional de Proteção de Dados,EU,REMEDIAL_ONLY,2,2.3211099365393224,0,0
Poland_8,President of the Office for Personal Data Protection,EU,FINE_ONLY,3,2.279912557704829,0,0
Poland_3,President of the Office for Personal Data Protection,EU,FINE_ONLY,3,2.8421180360152882,0,0
Poland_2,President of the Personal Data Protection Office,EU,NONE,0,2.190448286731883,0,0
Poland_7,President of the Office for Personal Data Protection,EU,FINE_ONLY,3,2.3485585295490305,0,0
Poland_11,,UNKNOWN,NONE,0,2.7967659532723843e-06,,
Poland_9,President of the Personal Data Protection Office,EU,FINE_ONLY,3,2.4467418721891145,0,0
Poland_10,President of the Office for Personal Data Protection,EU,REMEDIAL_ONLY,2,2.4124226893956653,0,0
Poland_6,President of the Office for Personal Data Protection,EU,FINE_ONLY,3,3.047581995979081,0,0
Poland_13,President of the Personal Data Protection Office (UODO),EU,FINE_ONLY,3,3.3491096768187916,0,0
Poland_12,President of the Office for Personal Data Protection,EU,FINE_ONLY,3,2.6513195379136105,0,0
Poland_14,President of the Personal Data Protection Office,EU,FINE_PLUS,4,3.493755380190287,0,0
Poland_15,President of the Personal Data Protection Office,EU,REMEDIAL_ONLY,2,3.969625462243772,0,0
Poland_16,President of the Office for Personal Data Protection,EU,FINE_ONLY,3,2.5221768776111015,0,1
Poland_19,President of the Office for Personal Data Protection,EU,REMEDIAL_ONLY,2,2.333303849240523,0,0
Poland_18,President of the Personal Data Protection Office (UODO),EU,FINE_PLUS,4,3.902287383220054,0,0
Poland_17,President of the Office for Personal Data Protection,EU,FINE_ONLY,3,3.167930762836201,1,1
Poland_20,President of the Personal Data Protection Office,EU,FINE_PLUS,4,3.453764690953091,0,0
Poland_21,President of the Personal Data Protection Office,EU,FINE_ONLY,3,3.014954281690668,0,0
Poland_24,President of the Personal Data Protection Office,EU,FINE_ONLY,3,3.3440741737526314,1,1
Poland_22,President of the Personal Data Protection Office (UODO),EU,FINE_PLUS,4,3.983785371469753,,1
Poland_32,President of the Personal Data Protection Office,EU,FINE_PLUS,4,3.6536118641186754,1,0
Poland_27,President of the Personal Data Protection Office (UODO),EU,FINE_ONLY,3,3.2978009768456484,1,1
Poland_29,President of the Office for Personal Data Protection,EU,FINE_ONLY,3,3.101525544668454,0,1
Poland_31,President of the Office for Personal Data Protection,EU,FINE_PLUS,4,3.9491605583641727,1,1
Poland_26,President of the Personal Data Protection Office,EU,FINE_ONLY,3,3.0725214874945994,1,0
Poland_28,President of the Office for Personal Data Protection,EU,REMEDIAL_ONLY,2,2.8790282789210035,0,0
Poland_30,President of the Personal Data Protection Office (UODO),EU,FINE_PLUS,4,3.9672104420756664,0,1
Poland_25,President of the Personal Data Protection Office (UODO),EU,FINE_ONLY,3,3.817908525571951,1,1
Poland_34,President of the Personal Data Protection Office,EU,FINE_PLUS,4,3.765768912506265,0,0
Poland_38,President of the Office for Personal Data Protection,EU,FINE_PLUS,4,3.5599471479878897,0,1
Poland_36,President of the Personal Data Protection Office (UODO),EU,FINE_ONLY,3,3.1912471757588907,0,0
Poland_37,President of the Office for Personal Data Protection,EU,FINE_ONLY,3,2.7610563037218734,0,0
Poland_35,STRING President of the Personal Data Protection Office,EU,FINE_ONLY,3,3.0106300517299687,1,1
Poland_39,President of the Personal Data Protection Office,EU,FINE_ONLY,3,3.0167406439656688,0,0
Poland_33,President of the Personal Data Protection Office (UODO),EU,FINE_ONLY,3,2.8039187313823057,0,0
Poland_40,President of the Personal Data Protection Office (UODO),EU,FINE_ONLY,3,3.1905632147555436,0,0
Poland_43,President of the Personal Data Protection Office,EU,FINE_PLUS,4,3.51621404985949,0,1
Poland_41,President of the Personal Data Protection Office (UODO),EU,FINE_PLUS,4,3.537410668296747,0,0
Poland_42,President of the Office for Personal Data Protection (UODO),EU,FINE_ONLY,3,2.744681887409288,0,1
Poland_46,President of the Office for Personal Data Protection (UODO),EU,FINE_ONLY,3,2.8519130704112734,0,1
Poland_44,President of the Office for Personal Data Protection,EU,FINE_ONLY,3,3.2253920712479722,1,1
Poland_47,President of the Personal Data Protection Office,EU,FINE_PLUS,4,3.8930514661410225,1,1
Poland_48,President of the Office for Personal Data Protection,EU,FINE_PLUS,4,3.862190029233344,0,1
Poland_45,President of the Personal Data Protection Office,EU,FINE_ONLY,3,3.0498065034381163,0,1
Poland_51,President of the Personal Data Protection Office (UODO),EU,FINE_PLUS,4,3.538699801640523,0,0
Poland_49,President of the Personal Data Protection Office,EU,FINE_PLUS,4,3.912182281820452,0,1
Poland_53,President of the Personal Data Protection Office,EU,FINE_ONLY,3,2.9793808109212354,0,0
Poland_50,President of the Office for Personal Data Protection,EU,FINE_PLUS,4,3.4092502157044935,0,0
Poland_52,President of the Personal Data Protection Office,EU,FINE_PLUS,4,3.646080843837912,0,0
Poland_54,President of the Personal Data Protection Office,EU,FINE_PLUS,4,3.7026411907729333,0,0
Poland_55,President of the Office for Personal Data Protection,EU,FINE_PLUS,4,3.754294405756962,0,0
Poland_57,President of the Personal Data Protection Office,EU,FINE_ONLY,3,3.2634939665265623,0,0
Poland_56,President of the Personal Data Protection Office (UODO),EU,FINE_PLUS,4,3.9415110094727503,0,0
Poland_59,President of the Office for Personal Data Protection,EU,REMEDIAL_ONLY,2,2.882219460847257,0,0
Poland_58,President of the Office for Personal Data Protection,EU,REMEDIAL_ONLY,2,3.1289281994399687,0,0
Poland_60,President of the Personal Data Protection Office,EU,FINE_PLUS,4,3.9117154063436756,1,1
Poland_62,President of the Office for Personal Data Protection,EU,FINE_PLUS,4,3.9432133749509135,0,0
Poland_63,President of the Office for Personal Data Protection (UODO),EU,REMEDIAL_ONLY,2,2.2150673812139616,0,0
Poland_61,President of the Office for Personal Data Protection,EU,FINE_ONLY,3,3.33646038768299,0,1
Poland_64,President of the Office for Personal Data Protection,EU,FINE_PLUS,4,3.8136612851531164,0,0
Poland_65,President of the Office for Personal Data Protection,EU,FINE_ONLY,3,2.22259906295971,0,0
Norway_4,Datatilsynet,EEA_NON_EU,FINE_PLUS,4,3.74734375862905,0,1
Norway_3,Privacy Board,EEA_NON_EU,NONE,0,0.024402436873325994,0,0
Norway_5,Datatilsynet,EEA_NON_EU,FINE_ONLY,3,2.929886308698563,1,0
Norway_1,Norwegian Data Protection Authority,EEA_NON_EU,FINE_ONLY,3,3.652962490239089,0,0
Norway_6,Datatilsynet,EEA_NON_EU,FINE_PLUS,4,3.079826131600468,0,0
Norway_7,Datatilsynet,EEA_NON_EU,REMEDIAL_ONLY,2,3.193425205441266,0,0
Norway_8,NOT_DISCUSSED,NON_EEA,NONE,0,5.075232691886811e-07,,
Norway_9,Datatilsynet,EEA_NON_EU,FINE_ONLY,3,3.0378498784925365,1,1
Norway_2,,UNKNOWN,NONE,0,2.7967659532723843e-06,,
Norway_11,Datatilsynet,EEA_NON_EU,FINE_ONLY,3,2.3570523744882372,0,0
Norway_10,Norwegian Data Protection Authority,EEA_NON_EU,FINE_ONLY,3,3.2871627896799,1,
Norway_13,Datatilsynet,EEA_NON_EU,FINE_ONLY,3,2.9557901601351197,0,0
Norway_14,Norwegian Data Protection Authority,EEA_NON_EU,REMEDIAL_ONLY,2,2.205343391908293,0,0
Norway_15,Datatilsynet,EEA_NON_EU,REMEDIAL_ONLY,2,1.8494111115802454,0,0
Norway_16,The Norwegian Data Protection Authority,EEA_NON_EU,FINE_ONLY,3,2.925941752612667,0,0
Norway_17,Datatilsynet,EEA_NON_EU,FINE_ONLY,3,2.8336986486142774,1,0
Norway_18,Norwegian Data Protection Authority,EEA_NON_EU,REMEDIAL_ONLY,2,2.489777079249069,0,0
Norway_21,Datatilsynet,EEA_NON_EU,REMEDIAL_ONLY,2,2.1083949060507727,0,0
Norway_20,Datatilsynet,EEA_NON_EU,FINE_ONLY,3,2.79686534288796,0,0
Norway_12,,UNKNOWN,NONE,0,2.7967659532723843e-06,,
Norway_23,Personvernnemnda (Privacy Board),EEA_NON_EU,NONE,0,0.09007476131431003,0,0
Norway_22,Datatilsynet,EEA_NON_EU,REMEDIAL_ONLY,2,2.4234301210793494,0,0
Norway_25,Datatilsynet,EEA_NON_EU,FINE_ONLY,3,2.2486473775791964,0,0
Norway_24,Datatilsynet,EEA_NON_EU,FINE_ONLY,3,2.407723934511762,0,0
Norway_29,The Norwegian Data Protection Authority,EEA_NON_EU,FINE_ONLY,3,2.854166869803491,0,1
Norway_27,Norwegian Data Protection Authority,EEA_NON_EU,FINE_PLUS,4,3.9016873375576493,0,0
Norway_26,Datatilsynet,EEA_NON_EU,FINE_PLUS,4,3.7288478839717216,0,0
Norway_30,Norwegian Data Protection Authority,EEA_NON_EU,FINE_ONLY,3,2.421886171272736,0,0
Norway_33,The Norwegian Data Protection Authority,EEA_NON_EU,FINE_PLUS,4,3.7180562586399972,0,0
Norway_34,Datatilsynet,EEA_NON_EU,FINE_ONLY,3,2.7798370305198254,0,0
Norway_28,Datatilsynet,EEA_NON_EU,REMEDIAL_ONLY,2,3.9618712296744856,0,0
Norway_36,Norwegian Data Inspectorate,EEA_NON_EU,REMEDIAL_ONLY,2,2.328917778623539,0,
Norway_37,Datatilsynet,EEA_NON_EU,REMEDIAL_ONLY,2,2.9048427172491484,0,0
Norway_38,Datatilsynet,EEA_NON_EU,FINE_ONLY,3,2.740775076852286,1,1
Norway_41,Norwegian Data Protection Authority,EEA_NON_EU,FINE_PLUS,4,3.3875561941180887,0,0
Norway_39,The Data Inspectorate,EEA_NON_EU,FINE_PLUS,4,3.9866108600293493,0,0
Norway_43,Norwegian Data Inspectorate,EEA_NON_EU,FINE_ONLY,3,2.1078734470245464,0,0
Norway_42,Datatilsynet,EEA_NON_EU,FINE_ONLY,3,2.5769987137199095,1,0
Norway_44,Datatilsynet,EEA_NON_EU,FINE_PLUS,4,2.9753462727806723,0,0
Norway_40,Datatilsynet,EEA_NON_EU,FINE_ONLY,3,2.703843359019076,0,1
Norway_46,Datatilsynet,EEA_NON_EU,FINE_PLUS,4,3.5887667235887815,0,0
Norway_45,Datatilsynet,EEA_NON_EU,FINE_PLUS,4,3.854836361053622,0,0
Norway_48,Datatilsynet,EEA_NON_EU,FINE_PLUS,4,3.8200491123367772,0,0
Norway_50,Datatilsynet,EEA_NON_EU,NONE,0,1.314702618584814,0,0
Norway_51,Datatilsynet,EEA_NON_EU,FINE_ONLY,3,2.703884307680337,0,0
Norway_53,Datatilsynet,EEA_NON_EU,REMEDIAL_ONLY,2,3.0294723486663946,0,0
Norway_47,Norwegian Data Protection Authority,EEA_NON_EU,FINE_PLUS,4,3.9016873375576493,0,0
Norway_49,Datatilsynet,EEA_NON_EU,FINE_PLUS,4,3.4165985261893113,1,1
Norway_52,Datatilsynet,EEA_NON_EU,FINE_ONLY,3,2.7327363121141137,0,0
Norway_54,Datatilsynet,EEA_NON_EU,FINE_ONLY,3,2.617687333044266,1,1
Norway_56,Datatilsynet,EEA_NON_EU,NONE,0,1.7611426017135274,0,0
Norway_60,Datatilsynet,EEA_NON_EU,FINE_ONLY,3,2.8414901711105967,1,1
Norway_62,STRING,NON_EEA,NONE,0,0.002160241680904451,,
Norway_55,Datatilsynet,EEA_NON_EU,REMEDIAL_ONLY,2,2.1390905158887885,0,0
Norway_58,Privacy Board,EEA_NON_EU,NONE,0,0.11932541341391134,0,0
Norway_61,STRING,EEA_NON_EU,NONE,0,1.6618827626441832,0,0
Norway_59,Datatilsynet,EEA_NON_EU,FINE_PLUS,4,3.957888107116786,1,1
Norway_57,Datatilsynet,EEA_NON_EU,FINE_PLUS,4,3.9603100534220927,0,0
Norway_64,Norwegian Data Protection Authority,EEA_NON_EU,REMEDIAL_ONLY,2,2.489777079249069,0,0
Norway_63,Datatilsynet,EEA_NON_EU,FINE_PLUS,4,3.8199414631638606,0,0
Norway_66,Estonian Data Protection Inspectorate,EU,NONE,0,0.1018777302253564,0,0
Norway_68,Norwegian Data Protection Authority,EEA_NON_EU,FINE_ONLY,3,2.726898013855556,1,1
Norway_65,Datatilsynet,EEA_NON_EU,FINE_PLUS,4,3.640382583279791,0,0
Norway_67,Datatilsynet,EEA_NON_EU,FINE_ONLY,3,3.2986790018589023,0,1
Norway_69,Norwegian Data Protection Authority,EEA_NON_EU,REMEDIAL_ONLY,2,2.132633059098998,0,0
Norway_70,Datatilsynet,EEA_NON_EU,REMEDIAL_ONLY,2,3.525704994510678,0,0
Norway_71,Datatilsynet,EEA_NON_EU,FINE_PLUS,4,3.845547330943451,0,0
Norway_72,Datatilsynet,EEA_NON_EU,REMEDIAL_ONLY,2,2.1037526106214126,0,0
Norway_73,NOT_DISCUSSED,NON_EEA,NONE,0,5.075232691886811e-07,,
Norway_74,Norwegian Data Protection Authority,EEA_NON_EU,FINE_PLUS,4,3.692361460254351,0,0
Norway_76,Norwegian Data Protection Authority,EEA_NON_EU,REMEDIAL_ONLY,2,2.5366598473018658,0,0
Norway_77,Oslo District Court,EEA_NON_EU,REMEDIAL_ONLY,2,2.180769719251414,0,0
Norway_75,Norwegian Data Protection Authority,EEA_NON_EU,REMEDIAL_ONLY,2,3.9583438242768203,0,0
Norway_79,Norwegian Privacy Board,EEA_NON_EU,NONE,0,0.054731366672107984,0,0
Norway_78,Datatilsynet,EEA_NON_EU,FINE_ONLY,3,2.8862875321040624,1,1
Norway_81,Privacy Board,EEA_NON_EU,REMEDIAL_ONLY,2,0.4345542919320933,0,0
Norway_80,Norwegian Privacy Board,EEA_NON_EU,NONE,0,0.12786415515436478,0,0
Norway_82,The Privacy Board,EEA_NON_EU,FINE_PLUS,4,3.9724296219965725,0,0
Norway_83,The Norwegian Privacy Board,EEA_NON_EU,NONE,0,0.04752334236296296,0,0
Netherlands_3,Dutch Data Protection Authority,EU,FINE_ONLY,3,2.6615853704390053,0,0
Netherlands_1,Autoriteit Persoonsgegevens,EU,FINE_ONLY,3,2.841113154547064,0,0
Netherlands_6,NOT_DISCUSSED,NON_EEA,NONE,0,5.075232691886811e-07,,
Netherlands_4,Autoriteit Persoonsgegevens,EU,FINE_ONLY,3,3.1306164378713772,0,1
Netherlands_5,Autoriteit Persoonsgegevens,EU,FINE_PLUS,4,2.9529165164671825,0,0
Netherlands_2,Autoriteit Persoonsgegevens,EU,FINE_PLUS,4,3.9003099393003904,0,1
Netherlands_7,Autoriteit Persoonsgegevens,EU,FINE_ONLY,3,2.6082482196913013,0,0
Netherlands_8,Autoriteit Persoonsgegevens,EU,FINE_ONLY,3,2.843556083170498,0,0
Netherlands_9,Autoriteit Persoonsgegevens (AP),EU,FINE_ONLY,3,2.7114365588472715,0,0
Netherlands_11,Autoriteit Persoonsgegevens,EU,FINE_PLUS,4,3.455073492829415,0,0
Netherlands_10,Autoriteit Persoonsgegevens,EU,FINE_ONLY,3,3.2026530894354215,1,1
Netherlands_12,Autoriteit Persoonsgegevens,EU,FINE_ONLY,3,3.1989210829777024,1,0
Netherlands_13,Autoriteit Persoonsgegevens,EU,FINE_ONLY,3,2.737100803685722,0,0
Netherlands_14,Autoriteit Persoonsgegevens,EU,FINE_ONLY,3,2.567363608159124,0,0
Netherlands_15,Autoriteit Persoonsgege,EU,FINE_ONLY,3,2.3234972428903116,0,0
Netherlands_16,Autoriteit Persoonsgegevens,EU,FINE_ONLY,3,3.000484493435191,1,1
Netherlands_22,Autoriteit Persoonsgegevens,EU,FINE_PLUS,4,3.820769012729724,1,1
Netherlands_17,Dutch Data Protection Authority,EU,FINE_ONLY,3,2.6228436063860943,0,0
Netherlands_19,Rechtbank Zeeland-West-Brabant,EU,NONE,0,0.09558847807528104,0,0
Netherlands_21,Dutch Data Protection Authority,EU,FINE_ONLY,3,2.5524842294905503,0,0
Netherlands_23,Autoriteit Persoonsgegevens,EU,FINE_ONLY,3,2.785402003523566,0,0
Netherlands_20,Dutch Data Protection Authority,EU,FINE_ONLY,3,2.924645646903233,0,0
Netherlands_25,Dutch Data Protection Authority,EU,FINE_PLUS,4,3.2520769265594773,0,0
Netherlands_24,Dutch Data Protection Authority,EU,FINE_ONLY,3,2.5500056988144704,0,0
Netherlands_26,Dutch Data Protection Authority,EU,FINE_ONLY,3,2.964480883512503,0,0
Netherlands_28,Autoriteit Persoonsgegevens,EU,REMEDIAL_ONLY,2,3.361713878060823,0,0
Netherlands_27,Dutch Data Protection Authority,EU,FINE_ONLY,3,2.239288208849444,0,0
Netherlands_30,Dutch Data Protection Authority,EU,FINE_ONLY,3,2.8221150236413575,0,0
Netherlands_29,Autoriteit Persoonsgegevens,EU,FINE_ONLY,3,2.7872479927307396,0,0
Netherlands_31,Personal Data Authority,EU,FINE_ONLY,3,2.486121850096007,0,0
Netherlands_32,Dutch Data Protection Authority,EU,REMEDIAL_ONLY,2,2.3031861043246593,0,0
Netherlands_34,Autoriteit Persoonsgegevens,EU,FINE_ONLY,3,2.893960797906487,0,0
Netherlands_33,Autoriteit Persoonsgegevens,EU,FINE_ONLY,3,2.5595548749231165,0,0
Netherlands_37,Autoriteit Persoonsgegevens,EU,REMEDIAL_ONLY,2,2.339103611018701,0,0
Netherlands_35,Autoriteit Persoonsgegevens,EU,REMEDIAL_ONLY,2,3.262389391649206,0,0
Netherlands_36,Autoriteit Persoonsgegevens,EU,FINE_ONLY,3,2.805863406593549,0,0
Netherlands_38,Autoriteit Persoonsgegevens,EU,NONE,0,2.0524326393230785,0,0
Malta_1,Information and Data Protection Commissioner,EU,REMEDIAL_ONLY,2,3.320361004496144,0,0
Malta_5,Commissioner for Information and Data Protection,EU,REMEDIAL_ONLY,2,1.7818621314251033,0,0
Netherlands_39,Autoriteit Persoonsgegevens,EU,FINE_ONLY,3,2.6239099801270966,0,0
Malta_11,Information and Data Protection Commissioner,EU,REMEDIAL_ONLY,2,2.509856793496846,0,0
Malta_7,Office of the Information and Data Protection Commissioner,EU,FINE_PLUS,4,3.6836100754200882,0,0
Malta_10,STRING,NON_EEA,NONE,0,0.0037656507148629004,,
Malta_9,Information and Data Protection Commissioner,EU,REMEDIAL_ONLY,2,2.736797218524623,0,0
Malta_12,The Commissioner,NON_EEA,FINE_PLUS,4,3.7538458257779554,0,0
Luxembourg_1,National Commission for Data Protection,EU,REMEDIAL_ONLY,2,2.357109945877102,0,0
Malta_13,Information and Data Protection Commissioner,EU,FINE_PLUS,4,3.316835258049057,0,0
Luxembourg_3,National Commission for Data Protection,EU,FINE_PLUS,4,3.934273369749383,0,0
Luxembourg_4,National Commission for Data Protection,EU,FINE_PLUS,4,3.9688053751956716,0,0
Luxembourg_7,National Commission for Data Protection,EU,FINE_ONLY,3,2.8072285906318664,0,0
Luxembourg_5,National Commission for Data Protection,EU,FINE_PLUS,4,3.9524511426789086,0,0
Luxembourg_8,National Commission for Data Protection,EU,FINE_ONLY,3,2.9760341128734225,0,0
Luxembourg_9,National Commission for Data Protection,EU,FINE_PLUS,4,3.8345867741654907,0,0
Luxembourg_13,STRING,EU,NONE,0,1.609156912192521,0,0
Luxembourg_10,National Commission for Data Protection,EU,FINE_PLUS,4,3.6049176643753067,0,0
Luxembourg_12,National Commission for Data Protection,EU,FINE_PLUS,4,3.8035071876549225,0,0
Luxembourg_11,National Commission for Data Protection,EU,FINE_PLUS,4,3.8702375261401536,0,0
Luxembourg_14,National Commission for Data Protection,EU,FINE_PLUS,4,3.919371936346131,0,0
Luxembourg_15,National Commission for Data Protection,EU,FINE_PLUS,4,3.5081829289256503,0,0
Luxembourg_16,National Commission for Data Protection,EU,NONE,0,1.6598299259797846,0,0
Luxembourg_17,STRING,EU,FINE_ONLY,3,2.619773520207518,0,0
Luxembourg_21,National Commission for Data Protection,EU,FINE_PLUS,4,3.8391490749390367,0,0
Luxembourg_20,National Commission for Data Protection,EU,REMEDIAL_ONLY,2,2.7082809969815336,0,0
Luxembourg_18,National Commission for Data Protection,EU,FINE_ONLY,3,2.93084438208179,0,0
Luxembourg_25,National Commission for Data Protection,EU,NONE,0,1.6598299259797846,0,0
Luxembourg_23,National Commission for Data Protection,EU,FINE_PLUS,4,3.573166764208124,0,0
Lithuania_2,State Data Protection Inspectorate,EU,FINE_ONLY,3,2.4548167847501223,0,0
Luxembourg_24,National Commission for Data Protection (CNPD),EU,REMEDIAL_ONLY,2,2.1694970721166067,0,0
Luxembourg_22,National Commission for Data Protection,EU,FINE_PLUS,4,3.259716243503663,0,0
Lithuania_4,State Data Protection Inspectorate (SDPI),EU,FINE_ONLY,3,2.2791823292757494,0,0
Lithuania_7,Valstybinė duomenų apsaugos inspekcija (VDAI),EU,FINE_PLUS,4,3.986010967751336,0,0
Lithuania_9,State Data Protection Inspectorate,EU,NONE,0,0.9142392857549843,0,0
Lithuania_3,State Data Protection Inspectorate,EU,FINE_PLUS,4,3.669340918715725,0,0
Lithuania_10,State Data Protection Inspectorate,EU,FINE_ONLY,3,2.8698220995286827,0,0
Lithuania_8,State Data Protection Inspectorate,EU,REMEDIAL_ONLY,2,2.3960614503612163,0,0
Lithuania_11,State Data Protection Inspectorate,EU,FINE_ONLY,3,3.090672842739497,0,1
Lithuania_12,State Data Protection Inspectorate,EU,FINE_ONLY,3,2.3583829356848267,0,0
Latvia_3,Data State Inspectorate,NON_EEA,FINE_ONLY,3,1.7339266681955898,0,0
Latvia_1,Data State Inspectorate,EU,FINE_ONLY,3,2.745307203257715,0,0
Latvia_8,,UNKNOWN,NONE,0,2.7967659532723843e-06,,
Latvia_7,,UNKNOWN,NONE,0,2.7967659532723843e-06,,
Latvia_5,,UNKNOWN,NONE,0,2.7967659532723843e-06,,
Latvia_6,Data State Inspections,EU,FINE_ONLY,3,2.3329725921854316,0,0
Latvia_4,Data State Inspection,EU,REMEDIAL_ONLY,2,3.12789083834197,0,0
Latvia_2,,UNKNOWN,NONE,0,2.7967659532723843e-06,,
Latvia_9,State Data Inspectorate,EU,FINE_PLUS,4,3.930742242294134,0,0
Latvia_12,Data State Inspectorate,EU,FINE_PLUS,4,3.3039598461590027,0,0
Latvia_10,Data State Inspectorate,EU,FINE_PLUS,4,3.7529824385173614,0,0
Latvia_11,Data State Inspectorate,EU,REMEDIAL_ONLY,2,2.937607941157656,0,0
Latvia_13,Data State Inspections,EU,FINE_PLUS,4,3.954758022008707,0,0
Latvia_14,State Data Inspectorate,EU,FINE_PLUS,4,3.891845385162109,0,0
Italy_1,Garante per la protezione dei dati personali,EU,FINE_PLUS,4,3.94682809088509,0,0
Italy_3,Garante per la protezione dei dati personali,EU,FINE_ONLY,3,2.4152330089778173,1,1
Italy_8,,UNKNOWN,NONE,0,2.7967659532723843e-06,,
Italy_10,,UNKNOWN,NONE,0,2.7967659532723843e-06,,
Italy_4,Garante per la protezione dei dati personali,EU,FINE_ONLY,3,2.8561584228487678,0,1
Italy_9,Garante per la protezione dei dati personali,EU,NONE,0,0.7696166061279677,0,0
Italy_2,Garante per la protezione dei dati personali,EU,FINE_PLUS,4,3.998996355942879,0,0
Italy_12,Garante per la protezione dei dati personali,EU,NONE,0,0.6296225772358347,0,0
Italy_14,Garante per la protezione dei dati personali,EU,FINE_ONLY,3,2.2252531202289823,0,0
Italy_17,Garante per la protezione dei dati personali,EU,FINE_ONLY,3,2.3132380307661897,0,0
Italy_13,Garante per la protezione dei dati personali,EU,FINE_ONLY,3,2.480251842474181,0,0
Italy_16,Garante per la protezione dei dati personali,EU,FINE_PLUS,4,3.9397623561787394,0,0
Italy_18,Garante per la protezione dei dati personali,EU,FINE_ONLY,3,2.2921768975698646,0,0
Italy_15,Garante per la protezione dei dati personali,EU,FINE_PLUS,4,3.9888511630465078,0,0
Italy_21,Garante per la protezione dei dati personali,EU,FINE_ONLY,3,1.907922418983362,0,0
Italy_20,Garante per la Protezione dei Dati Personali,EU,FINE_ONLY,3,1.9099347189579994,0,0
Italy_22,Garante per la protezione dei dati personali,EU,FINE_ONLY,3,2.6749344029925863,0,0
Italy_24,Garante per la protezione dei dati personali,EU,NONE,0,0.9875967670460178,0,0
Italy_25,Garante per la protezione dei dati personali,EU,FINE_ONLY,3,2.6320556677532894,0,0
Italy_29,Guarantor for the Protection of Personal Data,EU,FINE_ONLY,3,2.6028225845266544,0,0
Italy_31,Garante per la protezione dei dati personali,EU,FINE_PLUS,4,3.643921371290385,0,0
Italy_26,Garante per la protezione dei dati personali,EU,FINE_PLUS,4,3.9032149668724276,0,0
Italy_27,Garante per la protezione dei dati personali,EU,FINE_ONLY,3,2.591471589500863,0,0
Italy_28,Garante per la protezione dei dati personali,EU,FINE_ONLY,3,3.063763571728254,0,0
Italy_32,Garante per la protezione dei dati personali,EU,FINE_PLUS,4,3.5608121347266515,0,0
Italy_34,Garante per la protezione dei dati personali,EU,REMEDIAL_ONLY,2,3.1421105138939383,0,0
Italy_37,Garante per la protezione dei dati personali,EU,FINE_ONLY,3,2.5640539761309586,1,1
Italy_36,Garante per la protezione dei dati personali,EU,FINE_ONLY,3,2.883623279343683,0,0
Italy_38,Garante per la protezione dei dati personali,EU,REMEDIAL_ONLY,2,3.0841418409674137,0,0
Italy_40,Garante per la protezione dei dati personali,EU,FINE_ONLY,3,2.5576936038582345,1,0
Italy_43,Garante per la protezione dei dati personali,EU,FINE_ONLY,3,2.710605254069572,0,0
Italy_42,Garante per la protezione dei dati personali,EU,REMEDIAL_ONLY,2,2.6558509766521645,0,0
Italy_46,Garante per la protezione dei dati personali,EU,REMEDIAL_ONLY,2,2.8473224780385804,0,0
Italy_48,Garante per la protezione dei dati personali,EU,NONE,0,1.9486014638144802,0,0
Italy_45,Garante per la protezione dei dati personali,EU,FINE_PLUS,4,3.9742451451212166,0,0
Italy_49,Garante per la protezione dei dati personali,EU,REMEDIAL_ONLY,2,3.409295439336347,0,0
Italy_50,Garante per la protezione dei dati personali,EU,REMEDIAL_ONLY,2,2.46949953987965,0,0
Italy_47,Garante per la protezione dei dati personali,EU,REMEDIAL_ONLY,2,3.4231589996632943,0,0
Italy_51,Garante per la protezione dei dati personali,EU,REMEDIAL_ONLY,2,3.455043938944921,0,0
Italy_53,Garante per la protezione dei dati personali,EU,FINE_PLUS,4,3.2940547452196123,0,0
Italy_54,Garante per la protezione dei dati personali,EU,FINE_PLUS,4,3.9977805246337854,0,0
Italy_56,Garante per la protezione dei dati personali,EU,FINE_ONLY,3,2.8598299661350617,0,0
Italy_57,Garante per la protezione dei dati personali,EU,FINE_ONLY,3,2.788280462711265,1,1
Italy_59,Garante per la protezione dei dati personali,EU,FINE_PLUS,4,3.713645364036173,0,0
Italy_55,Garante per la protezione dei dati personali,EU,FINE_ONLY,3,2.850082731826765,0,0
Italy_61,Garante per la protezione dei dati personali,EU,FINE_PLUS,4,3.3415439025942986,0,0
Italy_58,Garante per la protezione dei dati personali,EU,FINE_ONLY,3,3.0587590427433344,0,0
Italy_60,Garante per la protezione dei dati personali,EU,FINE_PLUS,4,3.9943415840469143,0,0
Italy_62,Garante per la protezione dei dati personali,EU,FINE_PLUS,4,3.9851542050108915,0,0
Italy_63,Garante per la protezione dei dati personali,EU,FINE_PLUS,4,3.9755294567743076,0,0
Italy_64,Garante per la protezione dei dati personali,EU,FINE_PLUS,4,3.861180893658249,0,0
Italy_65,Garante per la protezione dei dati personali,EU,FINE_PLUS,4,3.9877826879092617,0,0
Italy_67,Garante per la protezione dei dati personali,EU,FINE_PLUS,4,3.9370581116565315,0,0
Italy_68,Garante per la protezione dei dati personali,EU,FINE_ONLY,3,2.3975656491296533,0,0
Italy_69,Garante per la protezione dei dati personali,EU,FINE_PLUS,4,3.8590617739461877,0,0
Italy_70,Garante per la protezione dei dati personali,EU,FINE_PLUS,4,3.8984144202040287,0,0
Italy_66,Garante per la protezione dei dati personali,EU,FINE_PLUS,4,3.999646217538118,0,0
Italy_71,Garante per la protezione dei dati personali,EU,REMEDIAL_ONLY,2,3.35953562795535,0,0
Italy_72,Garante per la protezione dei dati personali,EU,FINE_PLUS,4,2.9179760363222598,0,0
Italy_73,Garante per la protezione dei dati personali,EU,FINE_PLUS,4,3.983481339867605,0,0
Italy_74,Garante per la protezione dei dati personali,EU,FINE_ONLY,3,2.596963405542237,0,0
Italy_76,Garante per la protezione dei dati personali,EU,FINE_ONLY,3,2.503189046692126,0,0
Italy_75,Garante per la protezione dei dati personali,EU,FINE_ONLY,3,2.8259304563374634,0,1
Italy_77,Garante per la protezione dei dati personali,EU,FINE_PLUS,4,3.9794832366199206,0,0
Italy_79,Garante per la protezione dei dati personali,EU,FINE_ONLY,3,2.665740652514305,0,0
Italy_78,Garante per la protezione dei dati personali,EU,REMEDIAL_ONLY,2,2.9578159329701172,0,0
Italy_81,Garante per la protezione dei dati personali,EU,FINE_PLUS,4,3.6483666233242396,0,0
Italy_80,Garante per la protezione dei dati personali,EU,FINE_ONLY,3,2.907900561511985,1,1
Italy_82,Garante per la protezione dei dati personali,EU,FINE_PLUS,4,3.588984339920531,1,1
Italy_84,Garante per la protezione dei dati personali,EU,FINE_ONLY,3,2.6139463391119686,0,0
Italy_86,Garante per la protezione dei dati personali,EU,REMEDIAL_ONLY,2,3.094616718334376,0,0
Italy_87,Garante per la protezione dei dati personali,EU,FINE_ONLY,3,2.716678384264394,0,1
Italy_90,Garante per la protezione dei dati personali,EU,REMEDIAL_ONLY,2,3.941524137957534,0,0
Italy_92,Garante per la protezione dei dati personali,EU,REMEDIAL_ONLY,2,2.3684394848246257,0,0
Italy_83,,UNKNOWN,NONE,0,2.7967659532723843e-06,,
Italy_89,Garante per la protezione dei dati personali,EU,FINE_ONLY,3,3.012518548896839,0,0
Italy_91,Garante per la protezione dei dati personali,EU,FINE_PLUS,4,3.1744102874613755,0,0
Italy_88,Garante per la protezione dei dati personali,EU,FINE_PLUS,4,3.6730274270821273,0,0
Italy_93,Garante per la protezione dei dati personali,EU,NONE,0,1.0471049373979713,0,0
Italy_94,Garante per la protezione dei dati personali,EU,REMEDIAL_ONLY,2,2.5391280073371747,0,0
Italy_96,Garante per la protezione dei dati personali,EU,FINE_ONLY,3,2.810105871181026,0,0
Italy_97,Garante per la protezione dei dati personali,EU,FINE_ONLY,3,2.540982065882877,0,0
Italy_99,Garante per la protezione dei dati personali,EU,FINE_PLUS,4,3.279803331937762,0,0
Italy_98,Garante per la protezione dei dati personali,EU,FINE_PLUS,4,3.5597116109192615,0,0
Italy_95,Garante per la protezione dei dati personali,EU,FINE_PLUS,4,3.885476468261376,0,0
Italy_100,Garante per la protezione dei dati personali,EU,FINE_ONLY,3,2.1068519761620133,0,0
Italy_101,Garante per la protezione dei dati personali,EU,FINE_PLUS,4,3.8825188456492277,0,0
Italy_102,Garante per la protezione dei dati personali,EU,FINE_ONLY,3,2.68067899361008,0,0
Italy_106,Garante per la protezione dei dati personali,EU,REMEDIAL_ONLY,2,3.082807971131737,0,0
Italy_105,Garante per la protezione dei dati personali,EU,FINE_PLUS,4,3.904297286896808,0,0
Italy_103,Garante per la protezione dei dati personali,EU,FINE_ONLY,3,1.988288120345496,0,0
Italy_104,Garante per la protezione dei dati personali,EU,FINE_ONLY,3,2.4877761283675732,0,0
Italy_108,Garante per la protezione dei dati personali,EU,FINE_PLUS,4,3.996792434424361,0,0
Italy_107,Garante per la protezione dei dati personali,EU,FINE_ONLY,3,2.9297985813954277,0,0
Italy_109,Garante per la protezione dei dati personali,EU,FINE_PLUS,4,3.9164057774300662,0,0
Italy_110,Garante per la protezione dei dati personali,EU,FINE_ONLY,3,2.5243917184409606,0,0
Italy_111,Garante per la protezione dei dati personali,EU,FINE_ONLY,3,2.035579135333029,0,0
Italy_113,Garante per la protezione dei dati personali,EU,FINE_ONLY,3,2.6749344029925863,0,0
Italy_112,Garante per la protezione dei dati personali,EU,FINE_ONLY,3,2.723720314679368,0,0
Italy_114,Garante per la protezione dei dati personali,EU,FINE_PLUS,4,3.890804970454668,0,0
Italy_116,Garante per la protezione dei dati personali,EU,FINE_ONLY,3,2.5934831493489328,0,0
Italy_115,Garante per la protezione dei dati personali,EU,FINE_ONLY,3,3.035451076098032,0,0
Italy_119,Garante per la protezione dei dati personali,EU,FINE_ONLY,3,2.539626441115411,0,0
Italy_117,Garante per la protezione dei dati personali,EU,FINE_PLUS,4,3.7645788531410407,0,0
Italy_118,Garante per la protezione dei dati personali,EU,FINE_ONLY,3,2.879273530507433,0,0
Italy_120,Garante per la protezione dei dati personali,EU,FINE_PLUS,4,3.9786793991316047,0,0
Italy_122,Garante per la protezione dei dati personali,EU,FINE_ONLY,3,2.926783334472735,0,0
Italy_121,Garante per la protezione dei dati personali,EU,FINE_PLUS,4,3.606677036530656,0,0
Italy_124,Garante per la protezione dei dati personali,EU,REMEDIAL_ONLY,2,2.6749344029925863,0,0
Italy_125,Garante per la protezione dei dati personali,EU,REMEDIAL_ONLY,2,3.615462679563911,0,0
Italy_123,Garante per la protezione dei dati personali,EU,FINE_PLUS,4,3.73523786310835,0,0
Italy_126,Garante per la protezione dei dati personali,EU,FINE_ONLY,3,2.4498479305099976,0,0
Italy_127,Garante per la protezione dei dati personali,EU,REMEDIAL_ONLY,2,2.2371768158667806,0,0
Italy_131,Garante per la protezione dei dati personali,EU,REMEDIAL_ONLY,2,2.6749344029925863,0,0
Italy_130,Garante per la protezione dei dati personali,EU,REMEDIAL_ONLY,2,2.9578159329701172,0,0
Italy_128,Garante per la protezione dei dati personali,EU,FINE_PLUS,4,3.99781260040013,0,0
Italy_132,Garante per la protezione dei dati personali,EU,REMEDIAL_ONLY,2,2.89119487430589,0,0
Italy_129,Garante per la protezione dei dati personali,EU,FINE_ONLY,3,2.8641920910174314,0,0
Italy_133,Garante per la protezione dei dati personali,EU,REMEDIAL_ONLY,2,2.610026245419874,0,0
Italy_135,Garante per la protezione dei dati personali,EU,FINE_ONLY,3,3.4093182866736864,0,0
Italy_139,NOT_DISCUSSED,NON_EEA,NONE,0,5.075232691886811e-07,,
Italy_138,Garante per la protezione dei dati personali,EU,FINE_PLUS,4,2.8782206488823396,0,0
Italy_134,Garante per la protezione dei dati personali,EU,FINE_ONLY,3,3.5755472241706903,0,0
Italy_136,Garante per la protezione dei dati personali,EU,REMEDIAL_ONLY,2,3.0841418409674137,0,0
Italy_140,Garante per la protezione dei dati personali,EU,FINE_PLUS,4,3.5850009962830733,0,0
Italy_141,Garante per la protezione dei dati personali,EU,REMEDIAL_ONLY,2,3.7268830033875955,0,0
Italy_137,Garante per la protezione dei dati personali,EU,FINE_ONLY,3,2.8106421677782656,0,1
Italy_143,Garante per la protezione dei dati personali,EU,FINE_ONLY,3,2.4424889208644522,0,0
Italy_144,Garante per la protezione dei dati personali,EU,REMEDIAL_ONLY,2,2.500940771161515,0,0
Italy_142,Garante per la protezione dei dati personali,EU,REMEDIAL_ONLY,2,3.335193527605253,0,0
Italy_146,Garante per la protezione dei dati personali,EU,REMEDIAL_ONLY,2,2.904431041235852,0,0
Italy_148,Garante per la protezione dei dati personali,EU,FINE_PLUS,4,3.3542175034082495,0,0
Italy_147,Garante per la protezione dei dati personali,EU,FINE_PLUS,4,3.9553138976004583,0,0
Italy_145,Garante per la protezione dei dati personali,EU,FINE_PLUS,4,3.998119418589764,0,0
Italy_150,Garante per la protezione dei dati personali,EU,FINE_PLUS,4,3.9602292093729994,0,0
Italy_149,Garante per la protezione dei dati personali,EU,REMEDIAL_ONLY,2,3.1998158973145845,0,0
Italy_151,Garante per la protezione dei dati personali,EU,REMEDIAL_ONLY,2,3.740182354645973,0,0
Italy_152,Garante per la protezione dei dati personali,EU,REMEDIAL_ONLY,2,2.9321650817071503,0,0
Italy_153,Garante per la protezione dei dati personali,EU,FINE_PLUS,4,3.964679366351803,0,0
Italy_157,Garante per la protezione dei dati personali,EU,FINE_ONLY,3,3.0569335663132184,0,0
Italy_154,Garante per la protezione dei dati personali,EU,FINE_PLUS,4,3.9911896273224174,0,0
Italy_156,Garante per la protezione dei dati personali,EU,REMEDIAL_ONLY,2,2.9148092938274095,0,0
Italy_155,Garante per la protezione dei dati personali,EU,FINE_PLUS,4,3.310459104104817,0,0
Italy_158,Garante per la protezione dei dati personali,EU,NONE,0,1.4285436250831567,0,0
Italy_159,Garante per la protezione dei dati personali,EU,FINE_PLUS,4,3.934568490540555,0,0
Italy_161,Garante per la protezione dei dati personali,EU,FINE_PLUS,4,3.7950608377985597,0,0
Italy_164,Garante per la protezione dei dati personali,EU,FINE_PLUS,4,3.667945219423338,0,0
Italy_160,Garante per la protezione dei dati personali,EU,FINE_PLUS,4,3.1195641070369486,0,0
Italy_162,Garante per la protezione dei dati personali,EU,FINE_PLUS,4,3.9992432318440265,0,1
Italy_165,Garante per la protezione dei dati personali,EU,FINE_ONLY,3,2.9203775540147303,0,0
Italy_167,Garante per la protezione dei dati personali,EU,FINE_PLUS,4,3.9856078924530207,0,0
Italy_163,Garante per la protezione dei dati personali,EU,REMEDIAL_ONLY,2,2.927823119337817,0,0
Italy_166,Garante per la protezione dei dati personali,EU,FINE_ONLY,3,3.289417739638629,0,0
Italy_169,,UNKNOWN,NONE,0,2.7967659532723843e-06,,
Italy_173,,UNKNOWN,NONE,0,2.7967659532723843e-06,,
Italy_168,Garante per la protezione dei dati personali,EU,FINE_PLUS,4,3.592426381439416,0,0
Italy_170,Garante per la protezione dei dati personali,EU,FINE_ONLY,3,2.8567676151254005,0,0
Italy_171,Garante per la protezione dei dati personali,EU,FINE_PLUS,4,3.996839519927985,0,1
Italy_176,Garante per la protezione dei dati personali,EU,FINE_PLUS,4,3.6637683603254168,0,0
Italy_181,,UNKNOWN,NONE,0,2.7967659532723843e-06,,
Italy_172,Garante per la protezione dei dati personali,EU,FINE_ONLY,3,3.309034622226007,0,1
Italy_178,Garante per la protezione dei dati personali,EU,FINE_PLUS,4,3.9850907786050342,0,0
Italy_177,Garante per la protezione dei dati personali,EU,FINE_ONLY,3,2.7105680109433163,0,0
Italy_179,Garante per la protezione dei dati personali,EU,REMEDIAL_ONLY,2,1.1623158313344428,0,0
Italy_180,Garante per la protezione dei dati personali,EU,FINE_PLUS,4,3.9971651273939157,0,0
Italy_184,Garante per la protezione dei dati personali,EU,FINE_PLUS,4,2.953136856610328,0,0
Italy_182,Garante per la protezione dei dati personali,EU,FINE_PLUS,4,3.9951198431423403,0,0
Italy_183,Garante per la protezione dei dati personali,EU,FINE_ONLY,3,2.6858243652814764,0,0
Italy_189,Garante per la protezione dei dati personali,EU,FINE_ONLY,3,2.4816634951255203,0,0
Italy_186,Garante per la protezione dei dati personali,EU,FINE_PLUS,4,3.3693865553505686,0,0
Italy_191,Garante per la protezione dei dati personali,EU,REMEDIAL_ONLY,2,2.6637662236935253,0,0
Italy_193,Garante per la protezione dei dati personali,EU,REMEDIAL_ONLY,2,3.962755954828546,0,0
Italy_190,Garante per la protezione dei dati personali,EU,FINE_PLUS,4,3.998964182254115,0,0
Italy_194,Garante per la protezione dei dati personali,EU,FINE_PLUS,4,3.5259355241676884,0,0
Italy_195,Garante per la protezione dei dati personali,EU,FINE_PLUS,4,3.2175036873257015,0,0
Italy_197,Garante per la protezione dei dati personali,EU,FINE_PLUS,4,3.0294642732093156,0,0
Italy_198,Garante per la protezione dei dati personali,EU,NONE,0,0.6296225772358347,0,0
Italy_196,Garante per la protezione dei dati personali,EU,FINE_ONLY,3,2.5013046183011314,0,0
Italy_201,Garante per la protezione dei dati personali,EU,REMEDIAL_ONLY,2,3.5024868436570116,0,0
Italy_200,Garante per la protezione dei dati personali,EU,REMEDIAL_ONLY,2,3.649018452904607,0,0
Italy_199,Garante per la protezione dei dati personali,EU,FINE_PLUS,4,3.999003080602178,0,0
Italy_203,Garante per la protezione dei dati personali,EU,FINE_PLUS,4,3.8308421616296235,0,0
Italy_204,Garante per la protezione dei dati personali,EU,FINE_ONLY,3,2.438146605899584,0,0
Italy_202,Garante per la protezione dei dati personali,EU,FINE_PLUS,4,3.9902537007960985,0,0
Italy_205,Garante per la protezione dei dati personali,EU,REMEDIAL_ONLY,2,2.6033880025701275,0,0
Italy_207,Garante per la protezione dei dati personali,EU,FINE_ONLY,3,2.18263473646558,0,0
Italy_210,Garante per la protezione dei dati personali,EU,FINE_ONLY,3,2.535992389631868,0,0
Italy_209,Garante per la protezione dei dati personali,EU,FINE_PLUS,4,3.966802425868231,0,0
Italy_206,Garante per la protezione dei dati personali,EU,FINE_PLUS,4,3.989120318385523,0,0
Italy_208,Garante per la protezione dei dati personali,EU,FINE_ONLY,3,2.836814187191839,0,0
Italy_211,Garante per la protezione dei dati personali,EU,FINE_ONLY,3,2.337848779716407,0,0
Italy_212,Garante per la protezione dei dati personali,EU,REMEDIAL_ONLY,2,1.8344701888491675,0,0
Italy_213,Garante per la protezione dei dati personali,EU,FINE_PLUS,4,3.968760022854857,0,0
Italy_215,Garante per la protezione dei dati personali,EU,FINE_ONLY,3,2.8639581939252827,1,1
Italy_214,Garante per la protezione dei dati personali,EU,FINE_ONLY,3,3.0156463802514253,1,1
Italy_216,Garante per la protezione dei dati personali,EU,FINE_ONLY,3,2.885762473810208,0,1
Italy_217,Garante per la protezione dei dati personali,EU,FINE_ONLY,3,3.559854063258884,1,1
Italy_218,Garante per la protezione dei dati personali,EU,FINE_ONLY,3,2.3160019690854146,0,0
Italy_219,Garante per la protezione dei dati personali,EU,FINE_ONLY,3,2.788854146564139,0,0
Italy_220,Garante per la protezione dei dati personali,EU,FINE_PLUS,4,3.8757078073952567,0,0
Italy_224,Garante per la protezione dei dati personali,EU,FINE_PLUS,4,3.9876016025794274,0,0
Italy_223,Garante per la protezione dei dati personali,EU,FINE_PLUS,4,3.606570930053444,0,0
Italy_225,Garante per la protezione dei dati personali,EU,FINE_PLUS,4,3.0984404078875407,0,0
Italy_226,Garante per la protezione dei dati personali,EU,REMEDIAL_ONLY,2,3.166169241750007,0,0
Italy_221,Garante per la protezione dei dati personali,EU,FINE_PLUS,4,2.9675449078270337,0,0
Italy_222,Garante per la protezione dei dati personali,EU,FINE_ONLY,3,2.5241681790494654,0,0
Italy_227,Garante per la protezione dei dati personali,EU,REMEDIAL_ONLY,2,2.2361631449361883,0,0
Italy_228,Garante per la protezione dei dati personali,EU,FINE_ONLY,3,2.792685940726227,0,1
Italy_231,Garante per la protezione dei dati personali,EU,FINE_PLUS,4,3.3708549844461904,0,0
Italy_234,Garante per la protezione dei dati personali,EU,FINE_ONLY,3,2.9037198969265483,1,1
Italy_230,Garante per la protezione dei dati personali,EU,FINE_ONLY,3,2.4980546798077325,0,0
Italy_235,Garante per la protezione dei dati personali,EU,FINE_PLUS,4,3.5976656576137427,0,0
Italy_233,Garante per la protezione dei dati personali,EU,FINE_PLUS,4,3.2150780353609196,0,0
Italy_229,Garante per la protezione dei dati personali,EU,FINE_ONLY,3,2.8734371617316876,0,0
Italy_232,Garante per la protezione dei dati personali,EU,FINE_PLUS,4,3.9938453109294723,0,0
Italy_236,Garante per la protezione dei dati personali,EU,FINE_PLUS,4,3.0620502401452985,0,0
Italy_240,Garante per la protezione dei dati personali,EU,NONE,0,0.709015723949423,0,0
Italy_239,Garante per la protezione dei dati personali,EU,FINE_ONLY,3,2.2559099757160554,0,0
Italy_238,Garante per la protezione dei dati personali,EU,FINE_ONLY,3,3.1339342542712734,0,0
Italy_242,Garante per la protezione dei dati personali,EU,REMEDIAL_ONLY,2,2.4898757769431277,0,0
Italy_237,Garante per la protezione dei dati personali,EU,FINE_ONLY,3,2.2559099757160554,0,0
Italy_241,Garante per la protezione dei dati personali,EU,FINE_PLUS,4,3.707508274491038,0,0
Italy_243,Garante per la protezione dei dati personali,EU,FINE_PLUS,4,3.840738342347619,0,0
Italy_244,Garante per la protezione dei dati personali,EU,FINE_PLUS,4,3.505786092428232,0,0
Italy_247,Garante per la protezione dei dati personali,EU,FINE_ONLY,3,2.4590397123445524,0,0
Italy_245,Garante per la protezione dei dati personali,EU,FINE_PLUS,4,3.999310981894645,0,0
Italy_246,Garante per la protezione dei dati personali,EU,FINE_PLUS,4,3.9794782585450674,0,0
Italy_250,Garante per la protezione dei dati personali,EU,REMEDIAL_ONLY,2,3.1098039925552676,0,0
Italy_251,Garante per la protezione dei dati personali,EU,FINE_ONLY,3,2.4576912780883253,0,0
Italy_249,Garante per la protezione dei dati personali,EU,REMEDIAL_ONLY,2,2.438146605899584,0,0
Italy_248,Garante per la protezione dei dati personali,EU,FINE_ONLY,3,2.7665514426821747,1,1
Italy_252,Garante per la protezione dei dati personali,EU,FINE_PLUS,4,3.4320180363289357,0,0
Italy_258,Garante per la protezione dei dati personali,EU,FINE_ONLY,3,2.685100215738073,0,0
Italy_257,Garante per la protezione dei dati personali,EU,FINE_ONLY,3,2.333548879987443,0,0
Italy_255,Garante per la protezione dei dati personali,EU,FINE_PLUS,4,3.9999408063511774,0,0
Italy_254,Garante per la protezione dei dati personali,EU,REMEDIAL_ONLY,2,2.5637171705526605,0,0
Italy_253,Garante per la protezione dei dati personali,EU,REMEDIAL_ONLY,2,2.412217892664662,0,0
Italy_256,Garante per la protezione dei dati personali,EU,FINE_PLUS,4,3.5504258880264046,0,0
Italy_259,Garante per la protezione dei dati personali,EU,FINE_PLUS,4,3.6166208812058045,0,0
Italy_263,NOT_DISCUSSED,NON_EEA,NONE,0,5.075232691886811e-07,,
Italy_262,Garante per la protezione dei dati personali,EU,FINE_PLUS,4,3.958527762816167,0,0
Italy_261,Garante per la protezione dei dati personali,EU,FINE_PLUS,4,3.9995701438746423,0,0
Italy_266,Garante per la protezione dei dati personali,EU,FINE_ONLY,3,2.587378337451794,1,1
Italy_265,Garante per la protezione dei dati personali,EU,REMEDIAL_ONLY,2,3.9025402091464647,1,1
Italy_264,Garante per la protezione dei dati personali,EU,FINE_PLUS,4,3.9096659545989256,0,0
Italy_260,,UNKNOWN,NONE,0,2.7967659532723843e-06,,
Italy_268,Guarantor for the Protection of Personal Data,EU,FINE_ONLY,3,3.2534957717873487,0,0
Italy_271,Garante per la protezione dei dati personali,EU,FINE_ONLY,3,3.127619075738689,0,0
Italy_269,Garante per la protezione dei dati personali,EU,FINE_PLUS,4,3.777487656365529,0,0
Italy_267,Garante per la protezione dei dati personali,EU,FINE_PLUS,4,3.8373668877782596,0,1
Italy_270,Garante per la protezione dei dati personali,EU,REMEDIAL_ONLY,2,2.364829097452923,0,0
Italy_274,Garante per la protezione dei dati personali,EU,FINE_ONLY,3,2.2559099757160554,0,0
Italy_273,Garante per la protezione dei dati personali,EU,NONE,0,1.623478493367357,0,0
Italy_272,Garante per la protezione dei dati personali,EU,FINE_ONLY,3,2.659649557747858,0,0
Italy_275,,UNKNOWN,NONE,0,2.7967659532723843e-06,,
Italy_276,Garante per la protezione dei dati personali,EU,REMEDIAL_ONLY,2,3.51139743819109,0,0
Italy_277,Garante per la protezione dei dati personali,EU,REMEDIAL_ONLY,2,2.7915675300541514,0,0
Italy_281,Garante per la protezione dei dati personali,EU,REMEDIAL_ONLY,2,3.5733932292721633,0,0
Italy_283,Garante per la protezione dei dati personali,EU,FINE_ONLY,3,2.926896550615634,0,0
Italy_278,Garante per la protezione dei dati personali,EU,REMEDIAL_ONLY,2,3.8259706584399367,0,0
Italy_282,Garante per la protezione dei dati personali,EU,REMEDIAL_ONLY,2,2.990621648372834,0,0
Italy_279,Garante per la protezione dei dati personali,EU,FINE_PLUS,4,3.4484859119269173,0,0
Italy_285,Garante per la protezione dei dati personali,EU,FINE_ONLY,3,2.7518545547459192,0,0
Italy_280,Garante per la protezione dei dati personali,EU,FINE_PLUS,4,3.9987726235920955,0,0
Italy_286,Garante per la protezione dei dati personali,EU,FINE_ONLY,3,2.899300571510368,0,0
Italy_284,Garante per la protezione dei dati personali,EU,FINE_PLUS,4,3.9965952827897593,0,0
Italy_288,Garante per la protezione dei dati personali,EU,FINE_ONLY,3,2.7975152821957816,1,0
Italy_289,Garante per la protezione dei dati personali,EU,FINE_PLUS,4,3.998498767524354,0,0
Italy_291,Garante per la protezione dei dati personali,EU,REMEDIAL_ONLY,2,3.8139292065467534,0,0
Italy_287,Garante per la protezione dei dati personali,EU,FINE_PLUS,4,3.9494611121719023,0,1
Italy_290,Garante per la protezione dei dati personali,EU,REMEDIAL_ONLY,2,3.571596632268652,0,0
Italy_293,Garante per la protezione dei dati personali,EU,FINE_ONLY,3,2.6281847288250675,1,0
Italy_294,Garante per la protezione dei dati personali,EU,FINE_ONLY,3,2.7787550012681055,0,0
Italy_292,Garante per la protezione dei dati personali,EU,REMEDIAL_ONLY,2,3.4369960041858447,0,0
Italy_297,Garante per la protezione dei dati personali,EU,FINE_PLUS,4,3.379490565195904,0,0
Italy_298,Garante per la protezione dei dati personali,EU,FINE_PLUS,4,3.494088244799569,0,0
Italy_299,Garante per la protezione dei dati personali,EU,FINE_ONLY,3,2.575041910053946,1,0
Italy_295,Garante per la protezione dei dati personali,EU,FINE_PLUS,4,3.950684136351021,0,0
Italy_300,Garante per la protezione dei dati personali,EU,FINE_PLUS,4,3.8131824501252476,0,0
Italy_296,Garante per la protezione dei dati personali,EU,FINE_PLUS,4,3.8984567373252252,0,0
Italy_301,Garante per la protezione dei dati personali,EU,FINE_PLUS,4,3.409257718689748,0,0
Italy_302,Garante per la protezione dei dati personali,EU,FINE_PLUS,4,3.3153634965646335,0,0
Italy_304,Garante per la protezione dei dati personali,EU,FINE_PLUS,4,3.632788432133313,0,0
Italy_303,Garante per la protezione dei dati personali,EU,FINE_PLUS,4,3.4895155069650787,0,0
Italy_307,Garante per la protezione dei dati personali,EU,FINE_PLUS,4,3.932256616560842,0,0
Italy_310,Garante per la protezione dei dati personali,EU,REMEDIAL_ONLY,2,3.1016465887132894,0,0
Italy_306,Garante per la protezione dei dati personali,EU,FINE_PLUS,4,3.757817575307949,0,0
Italy_309,Garante per la protezione dei dati personali,EU,FINE_ONLY,3,2.18263473646558,0,0
Italy_308,STRING Garante per la protezione dei dati personali,EU,FINE_ONLY,3,2.5486969804918362,0,0
Italy_305,Garante per la protezione dei dati personali,EU,FINE_PLUS,4,3.9979562907052335,0,0
Italy_312,Garante per la protezione dei dati personali,EU,NONE,0,1.1439944272975853,0,0
Italy_313,,UNKNOWN,NONE,0,2.7967659532723843e-06,,
Italy_311,,UNKNOWN,NONE,0,2.7967659532723843e-06,,
Italy_314,Garante per la protezione dei dati personali,EU,REMEDIAL_ONLY,2,3.9323320978107645,0,0
Italy_316,Garante per la protezione dei dati personali,EU,REMEDIAL_ONLY,2,3.248231057507727,1,1
Italy_315,Garante per la protezione dei dati personali,EU,FINE_ONLY,3,3.0190114564829242,0,0
Ireland_2,STRING,NON_EEA,NONE,0,0.0005492125171230322,,
Ireland_5,NOT_DISCUSSED,NON_EEA,NONE,0,5.075232691886811e-07,,
Ireland_1,Data Protection Commission of Ireland,EU,REMEDIAL_ONLY,2,2.249472655867439,0,0
Ireland_3,,UNKNOWN,NONE,0,2.7967659532723843e-06,,
Ireland_4,STRING,NON_EEA,NONE,0,0.17958586485532813,0,0
Ireland_6,Data Protection Commission,EU,FINE_PLUS,4,3.8383697230469482,0,0
Ireland_7,Data Protection Commission,EU,FINE_PLUS,4,3.584225228510256,0,0
Ireland_13,Data Protection Commission,EU,FINE_PLUS,4,3.615668746635092,0,0
Ireland_11,STRING,NON_EEA,NONE,0,0.0021051207558252516,,
Ireland_10,Data Protection Commission,EU,REMEDIAL_ONLY,2,3.159656220232759,0,0
Ireland_12,STRING,NON_EEA,NONE,0,0.0021051207558252516,,
Ireland_16,Data Protection Commission,EU,NONE,0,0.40469349536492694,0,0
Ireland_18,NOT_DISCUSSED,NON_EEA,NONE,0,5.075232691886811e-07,,
Ireland_14,Data Protection Commission,EU,FINE_PLUS,4,2.9453684109928853,0,0
Ireland_15,STRING,NON_EEA,NONE,0,0.0021051207558252516,,
Ireland_17,Data Protection Commission,EU,FINE_PLUS,4,3.8180289203083295,0,0
Ireland_8,,UNKNOWN,NONE,0,2.7967659532723843e-06,,
Ireland_19,Data Protection Commission of Ireland,EU,REMEDIAL_ONLY,2,1.64539603139069,0,0
Ireland_9,,UNKNOWN,NONE,0,2.7967659532723843e-06,,
Ireland_20,NOT_MENTIONED,NON_EEA,NONE,0,0.0020664997739290314,0,0
Ireland_22,NOT_MENTIONED,NON_EEA,NONE,0,0.0020664997739290314,0,0
Ireland_24,Data Protection Commission,EU,NONE,0,0.7263506608720626,0,0
Ireland_23,STRING,NON_EEA,NONE,0,0.5607015721156632,0,0
Ireland_26,NOT_DISCUSSED,NON_EEA,NONE,0,5.075232691886811e-07,,
Ireland_21,Data Protection Commission,EU,REMEDIAL_ONLY,2,2.232121249239079,0,0
Ireland_25,STRING,NON_EEA,NONE,0,0.0021051207558252516,,
Ireland_28,NOT_MENTIONED,NON_EEA,NONE,0,0.0020664997739290314,0,0
Ireland_27,STRING,EU_INSTITUTION,NONE,0,0.21360579683423941,0,0
Ireland_29,Data Protection Commission,EU,REMEDIAL_ONLY,2,3.1426164703199975,0,0
Ireland_31,STRING,NON_EEA,NONE,0,0.15275213907285556,0,0
Ireland_33,NOT_DISCUSSED,NON_EEA,NONE,0,5.075232691886811e-07,,
Ireland_36,NOT_DISCUSSED,NON_EEA,NONE,0,5.075232691886811e-07,,
Ireland_34,Data Protection Commission,EU,REMEDIAL_ONLY,2,2.692910673071568,0,0
Ireland_32,Data Protection Commission,EU,NONE,0,0.47385450256445794,0,0
Ireland_35,Data Protection Commission,EU,REMEDIAL_ONLY,2,1.0359705018723144,0,0
Ireland_37,STRING,NON_EEA,NONE,0,7.67415564401075e-05,,
Ireland_38,Data Protection Commission,EU,FINE_PLUS,4,2.410493051546397,0,0
Ireland_41,NOT_MENTIONED,NON_EEA,NONE,0,0.0020664997739290314,0,0
Ireland_39,STRING,NON_EEA,NONE,0,0.0006319799425474892,,
Ireland_43,NOT_DISCUSSED,NON_EEA,NONE,0,5.075232691886811e-07,,
Ireland_40,NOT_MENTIONED,NON_EEA,NONE,0,0.0020664997739290314,0,0
Ireland_44,Irish Data Protection Commission,EU,FINE_PLUS,4,3.914887363105727,0,0
Ireland_42,Data Protection Commission,EU,FINE_ONLY,3,1.8542514146116482,0,0
Ireland_46,Official name of the deciding Data Protection Authority (DPA): Data Protection Commission,NON_EEA,FINE_PLUS,4,3.694319578959097,0,0
Ireland_30,,UNKNOWN,NONE,0,2.7967659532723843e-06,,
Iceland_1,Persónuvernd,EEA_NON_EU,REMEDIAL_ONLY,2,1.918013453224434,0,0
Iceland_2,Persónuvernd,EEA_NON_EU,NONE,0,0.0929561045113696,0,0
Iceland_3,Privacy Policy Board,EEA_NON_EU,FINE_ONLY,3,2.6183226074903123,1,1
Iceland_5,Privacy Policy Board,EEA_NON_EU,FINE_ONLY,3,2.385233465457728,1,0
Iceland_4,Persónuvernd,EEA_NON_EU,REMEDIAL_ONLY,2,1.8137173991503084,0,0
Iceland_7,Persónuvernd,EEA_NON_EU,REMEDIAL_ONLY,2,2.680929097189878,0,0
Iceland_6,The Data Protection Authority,EEA_NON_EU,NONE,0,0.1367481590841393,0,0
Iceland_9,Data Protection Authority,EEA_NON_EU,REMEDIAL_ONLY,2,1.3259984050104872,0,0
Iceland_8,Persónuvernd,EEA_NON_EU,REMEDIAL_ONLY,2,2.490070214786793,0,0
Iceland_10,Persónuvernd,EEA_NON_EU,REMEDIAL_ONLY,2,2.0750724732852914,0,0
Ireland_45,,UNKNOWN,NONE,0,2.7967659532723843e-06,,
Iceland_13,Persónuvernd (Icelandic Data Protection Authority),EEA_NON_EU,NONE,0,0.02755593395769751,0,0
Iceland_12,The Data Protection Authority,EEA_NON_EU,REMEDIAL_ONLY,2,1.1522143418102182,0,0
Iceland_14,The Data Protection Authority,EEA_NON_EU,REMEDIAL_ONLY,2,0.2992441057173659,0,0
Iceland_16,The Data Protection Authority,EEA_NON_EU,REMEDIAL_ONLY,2,2.381088907321323,0,0
Iceland_11,Persónuvernd,EEA_NON_EU,REMEDIAL_ONLY,2,1.0992081543475032,0,0
Iceland_17,,UNKNOWN,NONE,0,2.7967659532723843e-06,,
Iceland_18,,UNKNOWN,NONE,0,2.7967659532723843e-06,,
Iceland_15,Persónuvernd,EEA_NON_EU,NONE,0,0.18248697319200746,0,0
Iceland_21,Persónuvernd,EEA_NON_EU,REMEDIAL_ONLY,2,1.6634261729059547,0,0
Iceland_20,Persónuvernd,EEA_NON_EU,NONE,0,0.0775689260303235,0,0
Iceland_19,The Data Protection Authority,EEA_NON_EU,NONE,0,0.40297789340363865,1,1
Iceland_23,Data Protection Authority,EEA_NON_EU,NONE,0,0.14170580890898088,0,0
Iceland_22,,UNKNOWN,NONE,0,2.7967659532723843e-06,,
Iceland_27,,UNKNOWN,NONE,0,2.7967659532723843e-06,,
Iceland_26,The Data Protection Authority,EEA_NON_EU,NONE,0,0.06742536097209739,0,0
Iceland_24,Persónuvernd,EEA_NON_EU,REMEDIAL_ONLY,2,1.25635357085254,0,0
Iceland_29,Persónuvernd,EEA_NON_EU,NONE,0,0.08084933974902453,0,0
Iceland_28,Persónuvernd,EEA_NON_EU,NONE,0,0.08536744607183289,0,0
Iceland_25,Persónuvernd,EEA_NON_EU,REMEDIAL_ONLY,2,1.521271712738673,0,0
Iceland_31,Data Protection Authority,EEA_NON_EU,NONE,0,0.3606920396670983,0,0
Iceland_32,Persónuvernd (Icelandic Data Protection Authority),EEA_NON_EU,NONE,0,0.029241310518768993,0,0
Iceland_30,Persónuvernd,EEA_NON_EU,REMEDIAL_ONLY,2,1.0652131331417083,0,0
Iceland_34,Persónuvernd,EEA_NON_EU,REMEDIAL_ONLY,2,0.9925860991283442,0,0
Iceland_33,Persónuvernd (Icelandic Data Protection Authority),EEA_NON_EU,NONE,0,0.029241310518768993,0,0
Iceland_36,Persónuvernd,EEA_NON_EU,REMEDIAL_ONLY,2,2.0681430527140288,0,0
Iceland_35,Persónuvernd,EEA_NON_EU,NONE,0,0.09494692340707278,0,0
Iceland_37,Persónuvernd,EEA_NON_EU,NONE,0,0.14340823923057033,0,0
Iceland_38,Persónuvernd,EEA_NON_EU,REMEDIAL_ONLY,2,1.1599396035807419,0,0
Iceland_44,Persónuvernd,EEA_NON_EU,NONE,0,0.26365268683673415,0,0
Iceland_39,Persónuvernd,EEA_NON_EU,REMEDIAL_ONLY,2,3.003712904997293,0,0
Iceland_43,Data Protection Authority,EEA_NON_EU,REMEDIAL_ONLY,2,1.2209672570171306,0,0
Iceland_40,Persónuvernd,EEA_NON_EU,REMEDIAL_ONLY,2,2.6430587127784633,1,0
Iceland_41,Persónuvernd,EEA_NON_EU,REMEDIAL_ONLY,2,1.0239070926897447,0,0
Iceland_42,Persónuvernd,EEA_NON_EU,FINE_PLUS,4,3.7774996785324313,1,1
Iceland_46,The Data Protection Authority,EEA_NON_EU,NONE,0,0.05326428245351911,0,0
Iceland_45,Persónuvernd,EEA_NON_EU,FINE_PLUS,4,3.9486717204661668,0,0
Iceland_48,The Data Protection Authority,EEA_NON_EU,REMEDIAL_ONLY,2,0.84629041412506,0,0
Iceland_50,Persónuvernd,EEA_NON_EU,REMEDIAL_ONLY,2,1.414982453697452,0,0
Iceland_47,Persónuvernd,EEA_NON_EU,REMEDIAL_ONLY,2,1.4758352283522296,0,0
Iceland_51,The Data Protection Authority,EEA_NON_EU,REMEDIAL_ONLY,2,1.7161876644731278,0,0
Iceland_49,Persónuvernd,EEA_NON_EU,REMEDIAL_ONLY,2,1.6158104375458118,1,1
Iceland_52,Norwegian Data Protection Authority,EEA_NON_EU,REMEDIAL_ONLY,2,2.351938829406016,0,0
Iceland_53,Persónuvernd,EEA_NON_EU,REMEDIAL_ONLY,2,2.696220487736952,0,0
Iceland_57,Persónuvernd,EEA_NON_EU,REMEDIAL_ONLY,2,3.1222588617217197,0,0
Iceland_58,The Icelandic Data Protection Authority,EEA_NON_EU,REMEDIAL_ONLY,2,2.0297167638652427,0,1
Iceland_54,Persónuvernd,EEA_NON_EU,FINE_PLUS,4,3.2703889418999186,0,0
Iceland_59,STRING,EEA_NON_EU,REMEDIAL_ONLY,2,2.97934455070044,0,0
Iceland_55,Persónuvernd,EEA_NON_EU,REMEDIAL_ONLY,2,2.420917227115647,0,0
Iceland_56,Persónuvernd,EEA_NON_EU,NONE,0,0.11820128154843235,0,0
Iceland_60,STRING,EEA_NON_EU,REMEDIAL_ONLY,2,2.1693563555750988,0,0
Iceland_62,Persónuvernd,EEA_NON_EU,NONE,0,0.5519294795711099,0,0
Iceland_63,Persónuvernd,EEA_NON_EU,REMEDIAL_ONLY,2,1.7553863798980154,0,0
Iceland_61,Persónuvernd,EEA_NON_EU,REMEDIAL_ONLY,2,0.9022550733105317,0,0
Iceland_64,Datatilsynet,EEA_NON_EU,NONE,0,1.2997012524065448,0,0
Iceland_67,Persónuvernd,EEA_NON_EU,NONE,0,0.2429997384663498,0,0
Iceland_68,Persónuvernd,EEA_NON_EU,NONE,0,0.12512905653443174,0,0
Iceland_65,Persónuvernd,EEA_NON_EU,REMEDIAL_ONLY,2,1.8184599257796499,0,0
Iceland_66,Persónuvernd,EEA_NON_EU,REMEDIAL_ONLY,2,1.884700984812771,1,1
Iceland_69,Persónuvernd,EEA_NON_EU,NONE,0,0.10905366473338673,0,0
Iceland_71,Persónuvernd,EEA_NON_EU,REMEDIAL_ONLY,2,2.134194577235086,0,0
Iceland_70,Persónuvernd,EEA_NON_EU,NONE,0,0.25004109848116907,0,0
Iceland_74,Personal Protection Agency,EEA_NON_EU,NONE,0,0.025633059482992215,0,0
Iceland_76,Persónuvernd,EEA_NON_EU,NONE,0,0.14340823923057033,0,0
Iceland_75,Persónuvernd,EEA_NON_EU,REMEDIAL_ONLY,2,2.7962042780868153,0,0
Iceland_73,Personal Protection Agency,EEA_NON_EU,NONE,0,0.05670408003577232,0,0
Iceland_77,The Data Protection Authority,EEA_NON_EU,REMEDIAL_ONLY,2,2.5478064262345623,0,0
Iceland_72,Persónuvernd,EEA_NON_EU,REMEDIAL_ONLY,2,2.5233928486127146,0,0
Iceland_78,The Data Protection Authority,EEA_NON_EU,REMEDIAL_ONLY,2,0.6442152266717088,0,0
Iceland_79,Persónuvernd,EEA_NON_EU,NONE,0,0.1567728597642717,0,0
Iceland_80,Persónuvernd (Icelandic Data Protection Authority),EEA_NON_EU,NONE,0,0.017852305073144503,0,0
Iceland_85,NOT_MENTIONED,NON_EEA,NONE,0,0.0020664997739290314,0,0
Iceland_83,Persónuvernd,EEA_NON_EU,NONE,0,0.06235414146059115,0,0
Iceland_84,Personal Protection Agency,EEA_NON_EU,NONE,0,0.13118498916993748,0,0
Iceland_81,Persónuvernd,EEA_NON_EU,FINE_ONLY,3,1.570610939027284,0,0
Iceland_86,Persónuvernd,EEA_NON_EU,NONE,0,0.08259126731243538,0,0
Iceland_82,Persónuvernd,EEA_NON_EU,FINE_ONLY,3,1.9703155850310932,0,0
Iceland_87,Persónuvernd,EEA_NON_EU,NONE,0,0.31303884756562705,0,0
Iceland_88,Persónuvernd,EEA_NON_EU,NONE,0,0.26365268683673415,0,0
Iceland_93,Persónuvernd,EEA_NON_EU,NONE,0,0.08259126731243538,0,0
Iceland_91,Persónuvernd,EEA_NON_EU,FINE_PLUS,4,3.2182869767377977,0,0
Iceland_89,Persónuvernd,EEA_NON_EU,REMEDIAL_ONLY,2,2.444495713725017,0,0
Iceland_92,Persónuvernd,EEA_NON_EU,REMEDIAL_ONLY,2,0.4422167979210385,0,0
Iceland_90,Personal Protection Agency,EEA_NON_EU,REMEDIAL_ONLY,2,0.15656058420157237,0,0
Iceland_94,Persónuvernd,EEA_NON_EU,REMEDIAL_ONLY,2,0.8644001579113358,0,0
Iceland_96,Persónuvernd,EEA_NON_EU,REMEDIAL_ONLY,2,1.0652131331417083,0,0
Iceland_97,Persónuvernd,EEA_NON_EU,NONE,0,0.2788155114492257,0,0
Iceland_95,Persónuvernd,EEA_NON_EU,FINE_ONLY,3,1.2026498938968917,0,0
Iceland_98,Data Protection Authority,EEA_NON_EU,FINE_ONLY,3,1.8881738848336274,0,0
Iceland_101,Persónuvernd,EEA_NON_EU,REMEDIAL_ONLY,2,1.8081877695984292,0,0
Iceland_100,Persónuvernd,EEA_NON_EU,NONE,0,0.08104549730027433,0,0
Hungary_1,National Data Protection and Freedom of Information Authority,EU,REMEDIAL_ONLY,2,2.938407381772493,0,0
Iceland_104,Persónuvernd,EEA_NON_EU,NONE,0,0.06102643873521152,0,0
Iceland_102,Persónuvernd,EEA_NON_EU,NONE,0,0.10905366473338673,0,0
Hungary_3,NOT_DISCUSSED,NON_EEA,NONE,0,5.075232691886811e-07,,
Iceland_103,Persónuvernd,EEA_NON_EU,REMEDIAL_ONLY,2,3.835531746219602,0,0
Hungary_2,STRING,NON_EEA,NONE,0,0.002160241680904451,,
Hungary_4,Nemzeti Adatvédelmi és Információszabadság Hatóság,EU,FINE_PLUS,4,3.982628446092439,0,0
Iceland_99,,UNKNOWN,NONE,0,2.7967659532723843e-06,,
Hungary_7,National Data Protection and Freedom of Information Authority,EU,FINE_PLUS,4,2.1534606671022125,0,0
Hungary_6,National Data Protection and Freedom of Information Authority,EU,FINE_PLUS,4,3.6299263151539574,1,0
Hungary_5,National Authority for Data Protection and Freedom of Information,EU,FINE_PLUS,4,3.9591949638639807,0,0
Hungary_8,National Data Protection and Freedom of Information Authority,EU,FINE_PLUS,4,3.332550639687825,0,0
Hungary_10,National Data Protection and Freedom of Information Authority,EU,REMEDIAL_ONLY,2,2.7252808052550015,0,0
Hungary_9,National Data Protection and Freedom of Information Authority,EU,FINE_PLUS,4,3.6650185176634205,0,0
Hungary_11,National Authority for Data Protection and Freedom of Information,EU,FINE_ONLY,3,2.3525881193002127,0,0
Hungary_12,National Authority for Data Protection and Freedom of Information,EU,FINE_PLUS,4,3.9286259464746887,0,0
Hungary_13,National Authority for Data Protection and Freedom of Information,EU,REMEDIAL_ONLY,2,3.092712182037918,0,0
Hungary_14,National Data Protection and Freedom of Information Authority,EU,REMEDIAL_ONLY,2,1.7403462012613296,0,0
Hungary_15,Nemzeti Adatvédelmi és Információszabadság Hatóság,EU,REMEDIAL_ONLY,2,2.667436292330129,0,0
Hungary_17,National Data Protection and Freedom of Information Authority,EU,REMEDIAL_ONLY,2,2.1294316178257096,0,0
Hungary_16,National Data Protection and Freedom of Information Authority,EU,REMEDIAL_ONLY,2,3.405297692437726,0,0
Hungary_18,Hungarian National Authority for Data Protection and Freedom of Information,EU,FINE_PLUS,4,3.8074398401344123,1,0
Hungary_20,National Data Protection and Freedom of Information Authority,EU,REMEDIAL_ONLY,2,3.0249906731152167,0,0
Hungary_19,Nemzeti Adatvédelmi és Információszabadság Hatóság,EU,FINE_PLUS,4,3.989036079189515,0,0
Hungary_21,National Authority for Data Protection and Freedom of Information,EU,FINE_PLUS,4,3.9628351516720874,0,0
Hungary_22,National Authority for Data Protection and Freedom of Information,EU,FINE_PLUS,4,3.9939932922051606,0,0
Hungary_23,National Data Protection and Freedom of Information Authority,EU,FINE_PLUS,4,2.820707270267941,0,0
Hungary_24,National Data Protection and Freedom of Information Authority,EU,FINE_PLUS,4,3.6891978991766012,0,0
Hungary_26,National Data Protection and Freedom of Information Authority,EU,FINE_PLUS,4,3.4611146068373966,0,0
Hungary_25,National Data Protection and Freedom of Information Authority,EU,FINE_PLUS,4,3.9069234337572283,0,0
Hungary_28,National Data Protection and Freedom of Information Authority,EU,FINE_PLUS,4,3.883263813439568,0,0
Hungary_31,National Data Protection and Freedom of Information Authority,EU,REMEDIAL_ONLY,2,3.3475505931459617,0,0
Hungary_30,National Authority for Data Protection and Freedom of Information,EU,REMEDIAL_ONLY,2,3.9511749822783937,0,0
Hungary_27,National Data Protection and Freedom of Information Authority,EU,FINE_PLUS,4,3.832870066404869,0,0
Hungary_29,National Data Protection and Freedom of Information Authority,EU,REMEDIAL_ONLY,2,2.9411334443277726,0,0
Hungary_32,National Data Protection and Freedom of Information Authority,EU,FINE_ONLY,3,2.257887642380726,1,0
Hungary_33,National Authority for Data Protection and Freedom of Information,EU,FINE_PLUS,4,3.507260864193229,0,0
Hungary_34,National Authority for Data Protection and Freedom of Information,EU,FINE_PLUS,4,3.711753532259607,0,0
Hungary_37,STRING,NON_EEA,NONE,0,0.0021051207558252516,,
Hungary_35,National Data Protection and Freedom of Information Authority,EU,FINE_PLUS,4,3.1370620003076857,0,0
Hungary_36,National Data Protection and Freedom of Information Authority,EU,FINE_PLUS,4,2.866468020196865,0,0
Hungary_38,,UNKNOWN,NONE,0,2.7967659532723843e-06,,
Hungary_40,Nemzeti Adatvédelmi és Információszabadság Hatóság,EU,REMEDIAL_ONLY,2,3.8086468613788362,,
Hungary_39,National Data Protection and Freedom of Information Authority,EU,FINE_PLUS,4,3.7855031950686797,0,0
Hungary_43,National Data Protection and Freedom of Information Authority,EU,REMEDIAL_ONLY,2,3.2035149503775493,0,0
Hungary_41,National Data Protection and Freedom of Information Authority,EU,REMEDIAL_ONLY,2,3.1868664045306736,0,0
Hungary_44,STRING,NON_EEA,NONE,0,0.5607015721156632,0,0
Hungary_46,National Authority for Data Protection and Freedom of Information,EU,FINE_PLUS,4,3.9882205155622326,0,0
Hungary_42,Nemzeti Adatvédelmi és Információszabadság Hatóság,EU,FINE_PLUS,4,3.920781191530675,0,0
Hungary_45,National Data Protection and Freedom of Information Authority,EU,FINE_PLUS,4,3.8967034482674356,0,0
Hungary_47,National Data Protection and Freedom of Information Authority,EU,FINE_ONLY,3,2.0318496060409776,0,0
Hungary_48,National Authority for Data Protection and Freedom of Information,EU,REMEDIAL_ONLY,2,3.4370822856043173,0,0
Hungary_50,NOT_DISCUSSED,NON_EEA,NONE,0,5.075232691886811e-07,,
Hungary_49,National Data Protection and Freedom of Information Authority,EU,REMEDIAL_ONLY,2,3.1964378522898906,0,0
Hungary_55,National Data Protection and Freedom of Information Authority,EU,REMEDIAL_ONLY,2,2.9680332792091724,0,0
Hungary_53,National Authority for Data Protection and Freedom of Information,EU,REMEDIAL_ONLY,2,2.963527741509475,0,0
Hungary_54,National Data Protection and Freedom of Information Authority,EU,NONE,0,0.6920569572710926,0,0
Hungary_52,National Data Protection and Freedom of Information Authority,EU,FINE_PLUS,4,3.9728689223853197,0,0
Hungary_56,National Data Protection and Freedom of Information Authority,EU,FINE_PLUS,4,3.9726072281520586,0,0
Hungary_57,National Data Protection and Freedom of Information Authority,EU,FINE_ONLY,3,1.9789128014254178,0,0
Hungary_59,National Data Protection and Freedom of Information Authority,EU,FINE_PLUS,4,3.6584206609924466,0,0
Hungary_51,,UNKNOWN,NONE,0,2.7967659532723843e-06,,
Hungary_58,STRING,NON_EEA,NONE,0,0.0005492125171230322,,
Greece_1,STRING,NON_EEA,FINE_ONLY,3,1.6327674817519493,0,0
Hungary_60,National Authority for Data Protection and Freedom of Information,EU,REMEDIAL_ONLY,2,2.9607322313618596,0,0
Greece_3,Hellenic Data Protection Authority,EU,FINE_ONLY,3,2.625827783998132,0,0
Greece_2,STRING,NON_EEA,NONE,0,0.5607015721156632,0,0
Greece_4,Personal Data Protection Authority,EU,FINE_PLUS,4,3.382776808440795,0,0
Greece_5,,UNKNOWN,NONE,0,2.7967659532723843e-06,,
Greece_6,Personal Data Protection Authority,EU,REMEDIAL_ONLY,2,3.1540527531916522,0,0
Greece_8,Hellenic Data Protection Authority,EU,FINE_ONLY,3,2.630713793092127,0,0
Greece_10,Greek Data Protection Authority,EU,REMEDIAL_ONLY,2,2.3561066557551724,0,0
Greece_11,STRING,NON_EEA,NONE,0,0.5607015721156632,0,0
Greece_9,Hellenic Data Protection Authority,EU,FINE_ONLY,3,2.5351546418282442,0,0
Greece_12,STRING,NON_EEA,NONE,0,0.636936748952928,0,0
Greece_7,Personal Data Protection Authority,EU,REMEDIAL_ONLY,2,2.434772120298327,0,0
Greece_15,STRING,NON_EEA,NONE,0,0.00016979995332577769,,
Greece_16,Hellenic Data Protection Authority,EU,FINE_PLUS,4,3.8616092771875987,0,0
Greece_13,Hellenic Data Protection Authority,EU,FINE_PLUS,4,3.1597272251902857,0,0
Greece_17,Personal Data Protection Authority,EU,REMEDIAL_ONLY,2,2.254747002675157,0,0
Greece_14,STRING,EU,FINE_PLUS,4,3.8585969460031935,0,0
Greece_20,STRING,EU,NONE,0,1.0591004890209539,0,0
Greece_19,The Personal Data Protection Authority,EU,FINE_PLUS,4,3.714385362343346,0,0
Greece_18,STRING,EU,FINE_PLUS,4,3.612429896154473,0,0
Greece_24,NOT_DISCUSSED,NON_EEA,NONE,0,5.075232691886811e-07,,
Greece_21,STRING,NON_EEA,NONE,0,0.002378274375649192,,
Greece_22,Hellenic Data Protection Authority,EU,REMEDIAL_ONLY,2,3.5451575548583407,0,0
Greece_25,Personal Data Protection Authority,EU,FINE_ONLY,3,2.6877037222026967,0,0
Greece_27,Personal Data Protection Authority,EU,FINE_ONLY,3,2.34470088988321,0,0
Greece_28,Personal Data Protection Authority,EU,FINE_ONLY,3,2.9950065902759326,1,1
Greece_23,The President of the Authority,EU,FINE_ONLY,3,2.676734210410929,0,0
Greece_26,Personal Data Protection Authority,EU,FINE_PLUS,4,3.9568813535538965,0,0
Greece_29,Personal Data Protection Authority,EU,NONE,0,1.037577221860352,0,0
Greece_30,Personal Data Protection Authority,EU,REMEDIAL_ONLY,2,1.7407456933188932,0,0
Greece_32,Personal Data Protection Authority,EU,FINE_ONLY,3,2.279190120163937,0,0
Greece_36,Greek Data Protection Authority,EU,FINE_PLUS,4,3.919488499442133,0,0
Greece_34,Personal Data Protection Authority,EU,REMEDIAL_ONLY,2,2.0337889813425942,0,0
Greece_33,Personal Data Protection Authority,EU,FINE_ONLY,3,2.232057351030964,0,0
Greece_35,Personal Data Protection Authority,EU,FINE_ONLY,3,2.0436098188534118,0,0
Greece_37,STRING,NON_EEA,REMEDIAL_ONLY,2,2.7301648888139574,0,0
Greece_39,Personal Data Protection Authority,EU,FINE_ONLY,3,2.024108851946595,0,0
Greece_38,Hellenic Data Protection Authority,EU,REMEDIAL_ONLY,2,3.2418444471375505,0,0
Greece_42,Personal Data Protection Authority,EU,FINE_PLUS,4,3.5077037371888125,1,1
Greece_31,,UNKNOWN,NONE,0,2.7967659532723843e-06,,
Greece_40,Personal Data Protection Authority,EU,FINE_ONLY,3,2.629900426142846,1,0
Greece_44,NOT_DISCUSSED,NON_EEA,NONE,0,5.075232691886811e-07,,
Greece_41,Personal Data Protection Authority,EU,FINE_PLUS,4,3.8726450282099423,0,0
Greece_43,STRING,EU,REMEDIAL_ONLY,2,2.9192804398694325,0,0
Greece_46,Personal Data Protection Authority,EU,FINE_ONLY,3,2.2695173333428404,0,0
Greece_48,STRING,EU,FINE_ONLY,3,2.3305698090503606,0,0
Greece_49,STRING,EU,REMEDIAL_ONLY,2,3.528890545124126,0,0
Greece_45,Hellenic Republic Authority for the Protection of Personal Data,EU,REMEDIAL_ONLY,2,1.9942799845095402,0,0
Greece_47,Personal Data Protection Authority,EU,FINE_PLUS,4,3.098342736905824,0,0
Greece_50,STRING,NON_EEA,NONE,0,0.0021051207558252516,,
Greece_51,The Authority,NON_EEA,FINE_PLUS,4,2.912457036642947,0,0
Greece_52,STRING,NON_EEA,NONE,0,0.636936748952928,0,0
Greece_55,NOT_DISCUSSED,NON_EEA,NONE,0,5.075232691886811e-07,,
Greece_53,Personal Data Protection Authority,EU,REMEDIAL_ONLY,2,2.341123446990887,0,0
Greece_54,Personal Data Protection Authority,EU,REMEDIAL_ONLY,2,2.578960406084903,0,0
Greece_57,STRING,NON_EEA,REMEDIAL_ONLY,2,2.0494798755946317,0,0
Greece_58,NOT_DISCUSSED,NON_EEA,NONE,0,5.075232691886811e-07,,
Greece_59,Personal Data Protection Authority,EU,NONE,0,1.1479235260120038,0,0
Greece_56,Personal Data Protection Authority,EU,FINE_ONLY,3,1.8223745544462147,0,0
Greece_61,NOT_DISCUSSED,NON_EEA,NONE,0,5.075232691886811e-07,,
Greece_60,Personal Data Protection Authority,EU,FINE_ONLY,3,2.403457970645419,0,0
Greece_63,Personal Data Protection Authority,EU,REMEDIAL_ONLY,2,3.1876084924936574,0,0
Greece_66,,UNKNOWN,NONE,0,2.7967659532723843e-06,,
Greece_64,STRING,NON_EEA,FINE_PLUS,4,2.8222866918478653,0,0
Greece_67,NOT_DISCUSSED,NON_EEA,NONE,0,5.075232691886811e-07,,
Greece_69,Data Protection Authority,EU,FINE_ONLY,3,1.5287481941110266,0,0
Greece_70,NOT_DISCUSSED,NON_EEA,NONE,0,5.075232691886811e-07,,
Greece_62,,UNKNOWN,NONE,0,2.7967659532723843e-06,,
Greece_72,Personal Data Protection Authority,EU,REMEDIAL_ONLY,2,2.449632552288125,0,0
Greece_71,The Personal Data Protection Authority,EU,FINE_PLUS,4,3.76571634131907,0,0
Greece_74,NOT_DISCUSSED,NON_EEA,NONE,0,5.075232691886811e-07,,
Greece_75,NOT_DISCUSSED,NON_EEA,NONE,0,1.961576521103403e-06,,
Greece_65,,UNKNOWN,NONE,0,2.7967659532723843e-06,,
Greece_68,,UNKNOWN,NONE,0,2.7967659532723843e-06,,
Greece_73,Personal Data Protection Authority,EU,FINE_PLUS,4,3.782251680523734,0,0
Greece_79,NOT_DISCUSSED,NON_EEA,NONE,0,5.075232691886811e-07,,
Greece_80,Personal Data Protection Authority,EU,REMEDIAL_ONLY,2,3.1258903198149794,0,0
Greece_76,STRING,NON_EEA,NONE,0,0.5607015721156632,0,0
Greece_78,Personal Data Protection Authority,EU,FINE_ONLY,3,2.71407206532727,0,0
Greece_77,STRING,NON_EEA,FINE_ONLY,3,2.03156139411729,0,0
Greece_81,The Personal Data Protection Authority,EU,FINE_ONLY,3,2.82096306244128,0,0
Greece_83,STRING,NON_EEA,NONE,0,0.5607015721156632,0,0
Greece_82,Personal Data Protection Authority,EU,FINE_ONLY,3,3.030721151598095,0,0
Greece_84,Personal Data Protection Authority,EU,FINE_ONLY,3,2.32326766036803,0,0
Greece_85,Personal Data Protection Authority,EU,REMEDIAL_ONLY,2,2.783365799593052,0,0
Greece_86,Personal Data Protection Authority,EU,REMEDIAL_ONLY,2,2.780193817483068,0,0
Greece_89,Personal Data Protection Authority,EU,FINE_ONLY,3,2.341123446990887,0,0
Greece_87,STRING,NON_EEA,NONE,0,0.0012072453186642296,,
Greece_88,Αρχή Προστασίας Δεδομένων Προσωπικού Χαρακτήρα,EU,FINE_ONLY,3,2.1397717485220777,0,0
Greece_91,Personal Data Protection Authority,EU,FINE_ONLY,3,2.4039264321548357,0,0
Greece_92,STRING,EU,FINE_PLUS,4,3.3254053001024344,0,0
Greece_90,STRING,EU,FINE_ONLY,3,3.0156224108390988,0,0
Greece_93,STRING,NON_EEA,NONE,0,0.0003530690407334003,,
Greece_94,STRING,NON_EEA,REMEDIAL_ONLY,2,3.44079464729639,0,0
Greece_95,Personal Data Protection Authority,EU,NONE,0,1.3433697553043515,0,0
Greece_96,Hellenic Data Protection Authority,EU,FINE_ONLY,3,3.1265098234614785,0,0
Greece_98,STRING,NON_EEA,NONE,0,0.0037656507148629004,,
Greece_100,Greek Data Protection Authority,EU,FINE_PLUS,4,3.9890851596978223,0,0
Greece_97,STRING,NON_EEA,REMEDIAL_ONLY,2,1.8272959365285546,0,0
Greece_99,Personal Data Protection Authority,EU,FINE_ONLY,3,3.352178565002035,0,0
Greece_101,NOT_MENTIONED,NON_EEA,NONE,0,0.0020664997739290314,0,0
Greece_103,Personal Data Protection Authority,EU,REMEDIAL_ONLY,2,2.3024206123706397,0,0
Greece_106,Personal Data Protection Authority,EU,NONE,0,0.002437980246219773,,
Greece_102,Personal Data Protection Authority,EU,NONE,0,2.0276400059693027,0,0
Greece_105,STRING,NON_EEA,FINE_ONLY,3,1.722633686779711,0,0
Greece_107,STRING,NON_EEA,NONE,0,0.004253840923820085,,
Greece_108,Hellenic Data Protection Authority,EU,FINE_PLUS,4,3.5446333086244604,0,0
Greece_109,Personal Data Protection Authority,EU,REMEDIAL_ONLY,2,2.425547411003323,0,0
Greece_104,STRING,NON_EEA,FINE_ONLY,3,1.8670082527736573,0,0
Greece_111,Personal Data Protection Authority,EU,FINE_ONLY,3,2.7491518795535903,0,0
Greece_110,STRING,NON_EEA,NONE,0,0.5607015721156632,0,0
Greece_112,,UNKNOWN,NONE,0,2.7967659532723843e-06,,
Greece_113,Personal Data Protection Authority,EU,FINE_PLUS,4,3.0046347406738256,0,0
Greece_114,Personal Data Protection Authority,EU,FINE_ONLY,3,2.4137120948600517,0,0
Greece_115,Personal Data Protection Authority,EU,REMEDIAL_ONLY,2,3.5057320813410207,0,0
Greece_120,STRING,NON_EEA,NONE,0,0.5607015721156632,0,0
Greece_117,Personal Data Protection Authority,EU,FINE_PLUS,4,3.320289923212209,0,0
Greece_118,Authority for the Protection of Personal Data,EU,FINE_ONLY,3,2.8024619172959615,0,0
Greece_119,STRING,EU,REMEDIAL_ONLY,2,2.002651256439196,0,0
Greece_116,Personal Data Protection Authority,EU,FINE_ONLY,3,3.009858393357962,0,0
Greece_121,STRING,NON_EEA,REMEDIAL_ONLY,2,2.7883621582166476,0,0
Greece_122,Personal Data Protection Authority,EU,FINE_PLUS,4,3.28144299358212,1,1
Germany_1,Bayerisches Landesamt für Datenschutzaufsicht,EU,REMEDIAL_ONLY,2,3.849023278190428,0,0
Greece_123,Personal Data Protection Authority,EU,FINE_PLUS,4,3.932835619397022,0,0
Greece_124,Personal Data Protection Authority,EU,REMEDIAL_ONLY,2,2.6772323737468295,0,0
Germany_4,STRING,NON_EEA,NONE,0,0.636936748952928,0,0
Germany_5,STRING,NON_EEA,NONE,0,0.5607015721156632,0,0
Germany_2,STRING,EU,NONE,0,1.891736509724693,0,0
Germany_6,STRING,NON_EEA,NONE,0,0.0021051207558252516,,
Germany_3,Bavarian State Office for Data Protection Supervision,EU,REMEDIAL_ONLY,2,1.787844898116415,0,0
Germany_8,Der Bundesbeauftragte für den Datenschutz und die Informationsfreiheit (BfDI),EU,FINE_PLUS,4,3.7264486620791453,0,0
Germany_9,Berlin Commissioner for Data Protection and Freedom of Information,EU,FINE_ONLY,3,2.676584780357704,0,0
Germany_10,Berlin Commissioner for Data Protection and Freedom of Information,EU,FINE_PLUS,4,2.349137179080207,0,0
Germany_7,Bundesbeauftragter für den Datenschutz und die Informationsfreiheit (BfDI),EU,REMEDIAL_ONLY,2,3.4736740934619137,0,0
Germany_11,Berlin Commissioner for Data Protection and Freedom of Information,EU,FINE_ONLY,3,2.8322873998742844,0,0
Germany_14,Berlin Commissioner for Data Protection and Freedom of Information,EU,NONE,0,0.729734197300916,0,0
Germany_13,Berlin Commissioner for Data Protection and Freedom of Information,EU,REMEDIAL_ONLY,2,2.8022118970264405,0,0
Germany_12,Berlin Commissioner for Data Protection and Freedom of Information,EU,REMEDIAL_ONLY,2,1.6895080299762326,0,0
Germany_15,Berlin Commissioner for Data Protection and Freedom of Information,EU,REMEDIAL_ONLY,2,2.995538952760318,0,0
Germany_16,Berlin Commissioner for Data Protection and Freedom of Information,EU,REMEDIAL_ONLY,2,2.0285983131056655,0,0
Germany_18,Conference of the Independent Data Protection Authorities of Bund and the Länder,EU,REMEDIAL_ONLY,2,1.7062710206108558,0,0
Germany_20,The Hessian Commissioner for Data Protection and Freedom of Information,EU,REMEDIAL_ONLY,2,1.7145601275154048,0,0
Germany_17,STRING,NON_EEA,NONE,0,0.5607015721156632,0,0
Germany_21,Hamburg Commissioner for Data Protection and Freedom of Information (HmbBfDI),EU,REMEDIAL_ONLY,2,2.12765595832818,0,0
Germany_19,Hessian Commissioner for Data Protection and Freedom of Information,EU,REMEDIAL_ONLY,2,2.3693885714147696,0,0
Germany_23,Hamburg Commissioner for Data Protection and Freedom of Information (HmbBfDI),EU,FINE_ONLY,3,2.436448827310421,0,0
Germany_22,Hamburg Commissioner for Data Protection and Freedom of Information,EU,REMEDIAL_ONLY,2,2.1961357148305125,0,0
Germany_25,Hamburg Commissioner for Data Protection and Freedom of Information (HmbBfDI),EU,FINE_ONLY,3,2.3835471883063097,0,0
Germany_26,HmbBfDI,EU,FINE_ONLY,3,2.0881627369127242,,
Germany_27,Der Hamburgische Beauftragte für Datenschutz und Informationsfreiheit (HmbBfDI),EU,REMEDIAL_ONLY,2,1.517657149237381,0,0
Germany_29,Hamburg Commissioner for Data Protection and Freedom of Information (HmbBfDI),EU,FINE_ONLY,3,2.259567550843061,0,0
Germany_24,Hamburg Commissioner for Data Protection and Freedom of Information (HmbBfDI),EU,FINE_ONLY,3,2.248783836775546,0,0
Germany_28,Hamburg Commissioner for Data Protection and Freedom of Information (HmbBfDI),EU,REMEDIAL_ONLY,2,2.6899068439837386,0,0
Germany_31,Hamburg Commissioner for Data Protection and Freedom of Information (HmbBfDI),EU,FINE_ONLY,3,2.614792601034862,0,0
Germany_30,Hamburg Commissioner for Data Protection and Freedom of Information (HmbBfDI),EU,FINE_ONLY,3,3.504788738346014,0,0
Germany_32,Hamburg Commissioner for Data Protection and Freedom of Information,EU,FINE_ONLY,3,2.3571567288786968,0,0
Germany_34,The Hamburg representative for Data protection and freedom of information,EU,NONE,0,0.10558147052724065,0,0
Germany_33,Hamburg Commissioner for Data Protection and Freedom of Information,EU,FINE_PLUS,4,3.1728402367955404,0,0
Germany_36,The State Commissioner for Data Protection Lower Saxony,EU,FINE_ONLY,3,2.392473992498135,0,0
Germany_35,Der Landesbeauftragte für den Datenschutz Niedersachsen,EU,REMEDIAL_ONLY,2,1.9840377674176237,0,0
Germany_38,State Labor Court of Baden-Württemberg,EU,NONE,0,0.19579850651076935,0,0
Germany_40,Der Landesbeauftragte für den Datenschutz und die Informationsfreiheit Baden-Württemberg,EU,FINE_ONLY,3,2.557469235280272,0,0
Germany_37,Der Landesbeauftragte für den Datenschutz Niedersachsen (LfD Lower Saxony),EU,FINE_ONLY,3,2.9386422023032877,0,0
Germany_41,The State Commissioner for Data Protection and Freedom of Information Baden-Württemberg,EU,FINE_ONLY,3,2.6683527714857482,1,1
Germany_39,Der Landesbeauftragte für den Datenschutz und die Informationsfreiheit Baden-Württemberg,EU,FINE_ONLY,3,2.802158514589702,0,0
Germany_43,Bremen State Commissioner for Data Protection and Freedom of Information (LfDI),EU,REMEDIAL_ONLY,2,2.089690970329799,0,0
Germany_44,The State Commissioner for Data Protection Lower Saxony,EU,FINE_ONLY,3,2.6386472462902293,0,0
Germany_42,The State Commissioner for Data Protection and Freedom of Information Bremen,EU,FINE_ONLY,3,2.8753360098867247,0,0
France_2,National Commission for Information Technology and Liberties,EU,REMEDIAL_ONLY,2,1.2033648298284672,0,0
France_3,Commission Nationale de l'Informatique et des Libertés (CNIL),EU,NONE,0,0.35207078858129504,0,0
France_1,Commission Nationale de l'Informatique et des Libertés (CNIL),EU,REMEDIAL_ONLY,2,3.2112347886088406,0,0
France_6,National Commission for Information Technology and Freedoms,EU,FINE_PLUS,4,3.4587571602966563,0,0
France_5,National Commission for Information Technology and Liberties,EU,NONE,0,0.14424344908363063,0,0
France_4,STRING,NON_EEA,NONE,0,0.0012072453186642296,,
France_8,National Commission for Computing and Liberties,EU,REMEDIAL_ONLY,2,3.4084894008888247,0,0
France_7,National Commission for Computing and Liberties,EU,FINE_PLUS,4,3.8315945564124494,0,0
France_9,National Commission for Information Technology and Civil Liberties,EU,REMEDIAL_ONLY,2,3.715415486283697,0,0
France_10,Commission nationale de l'informatique et des libertés (CNIL),EU,REMEDIAL_ONLY,2,2.8567207848452267,0,0
France_11,National Commission for Informatics and Freedoms (CNIL),EU,REMEDIAL_ONLY,2,2.6036512804375187,0,0
France_12,National Commission for Informatics and Freedoms,EU,REMEDIAL_ONLY,2,2.812782612240296,0,0
France_14,Commission nationale de l'informatique et des libertés,EU,FINE_PLUS,4,3.734442521140309,0,0
France_17,,UNKNOWN,NONE,0,2.7967659532723843e-06,,
France_16,,UNKNOWN,NONE,0,2.7967659532723843e-06,,
France_15,,UNKNOWN,NONE,0,2.7967659532723843e-06,,
France_13,Commission nationale de l'informatique et des libertés,EU,FINE_ONLY,3,3.0797180193560303,0,0
France_19,Commission Nationale de l'Informatique et des Libertés (CNIL),EU,FINE_PLUS,4,3.347009403818899,0,0
France_18,Commission Nationale de l'Informatique et des Libertés,EU,FINE_ONLY,3,2.6121790162449057,0,0
France_23,NOT_MENTIONED,NON_EEA,NONE,0,0.0020664997739290314,0,0
France_21,National Commission for Informatics and Freedoms,EU,FINE_ONLY,3,2.4528107263403536,0,0
France_22,Commission nationale de l'informatique et des libertés,EU,FINE_ONLY,3,2.709654459188212,0,0
France_20,Commission Nationale de l'Informatique et des Libertés,EU,FINE_PLUS,4,3.7417143289761228,0,0
France_24,Commission Nationale de l'Informatique et des Libertés (CNIL),EU,FINE_PLUS,4,3.714329500110135,0,0
France_26,National Commission for Informatics and Freedoms,EU,REMEDIAL_ONLY,2,2.7782561421875616,0,0
France_27,Commission Nationale de l'Informatique et des Libertés (CNIL),EU,REMEDIAL_ONLY,2,2.274010081674766,0,0
France_28,STRING,NON_EEA,NONE,0,0.636936748952928,0,0
France_25,Commission Nationale de l'Informatique et des Libertés,EU,REMEDIAL_ONLY,2,2.081303588536639,0,0
France_29,Commission nationale de l'informatique et des libertés,EU,FINE_ONLY,3,2.9398768160189386,0,0
France_30,National Commission for Information Technology and Liberties,EU,FINE_ONLY,3,2.0467266425991157,0,1
France_31,National Commission for Informatics and Freedoms,EU,FINE_ONLY,3,2.2297113067651666,0,0
France_32,Commission Nationale de l'Informatique et des Libertés,EU,FINE_ONLY,3,3.506422238320666,1,0
France_33,Commission Nationale de l'Informatique et des Libertés,EU,FINE_ONLY,3,2.8595776658272984,1,0
France_35,Commission Nationale de l’Informatique et des Libertés (CNIL),EU,FINE_ONLY,3,2.972166122087088,0,0
France_37,National Commission for Information Technology and Freedoms,EU,FINE_ONLY,3,3.324373159829256,0,0
France_34,Commission Nationale de l'Informatique et des Libertés,EU,FINE_PLUS,4,3.291553017434006,0,0
France_36,Commission Nationale de l'Informatique et des Libertés,EU,FINE_PLUS,4,3.772548174784227,0,0
France_39,Commission Nationale de l'Informatique et des Libertés,EU,FINE_ONLY,3,3.2529603882017915,0,0
France_41,STRING,NON_EEA,NONE,0,0.0005492125171230322,,
France_38,National Commission for Computing and Liberties,EU,FINE_PLUS,4,3.834630566878412,0,0
France_44,Commission nationale de l'informatique et des libertés,EU,NONE,0,1.9126586156653438,0,0
France_40,Commission Nationale de l'Informatique et des Libertés (CNIL),EU,FINE_ONLY,3,2.501328619242753,0,0
France_45,Commission nationale de l'informatique et des libertés,EU,FINE_ONLY,3,2.8171985736554457,0,0
France_43,Commission nationale de l'informatique et des libertés,EU,FINE_PLUS,4,3.8698479858122483,1,1
France_42,Commission nationale de l'informatique et des libertés,EU,FINE_PLUS,4,3.7282521606692085,0,0
France_46,STRING,NON_EEA,NONE,0,0.0021051207558252516,,
France_47,STRING,NON_EEA,NONE,0,0.0021051207558252516,,
France_49,Commission Nationale de l'Informatique et des Libertés (CNIL),EU,REMEDIAL_ONLY,2,2.8162284705156004,0,0
France_51,National Commission for Information Technology and Liberties,EU,REMEDIAL_ONLY,2,1.0401048412940348,0,0
France_52,National Commission for Information Technology and Freedoms,EU,FINE_PLUS,4,3.3885830350787733,0,0
France_48,National Commission for Computing and Liberties,EU,FINE_PLUS,4,3.7069227987043343,0,0
France_50,Commission Nationale de l'Informatique et des Libertés,EU,FINE_ONLY,3,2.872618188727223,0,0
France_53,Commission Nationale de l'Informatique et des Libertés,EU,FINE_PLUS,4,3.9017781780601832,0,0
France_54,National Commission for Information Technology and Freedoms,EU,FINE_ONLY,3,3.307778299567376,0,0
France_55,Commission Nationale de l'Informatique et des Libertés,EU,FINE_ONLY,3,2.9468566306125674,0,0
France_57,Commission Nationale de l'Informatique et des Libertés (CNIL),EU,REMEDIAL_ONLY,2,1.9314635925939583,0,0
France_56,National Commission for Information Technology and Liberties,EU,FINE_PLUS,4,2.944046364793468,0,0
France_58,Commission Nationale de l'Informatique et des Libertés,EU,NONE,0,1.0063746246254408,0,0
France_59,National Commission for Information Technology and Liberties,EU,NONE,0,0.07306596969639512,0,0
France_61,National Commission for Information Technology and Freedoms,EU,FINE_ONLY,3,2.927032810302637,0,0
France_64,NOT_DISCUSSED,NON_EEA,NONE,0,5.075232691886811e-07,,
France_60,National Commission for Information Technology and Freedoms,EU,FINE_ONLY,3,3.069042647762316,0,0
France_63,Commission Nationale de l'Informatique et des Libertés,EU,FINE_ONLY,3,2.514534722684109,0,0
France_67,NOT_DISCUSSED,NON_EEA,NONE,0,5.075232691886811e-07,,
France_62,National Commission for Information Technology and Freedoms,EU,FINE_PLUS,4,3.7521624996977154,0,0
France_65,STRING,NON_EEA,NONE,0,0.0021051207558252516,,
France_70,NOT_DISCUSSED,NON_EEA,NONE,0,5.075232691886811e-07,,
France_66,Commission nationale de l'informatique et des libertés,EU,FINE_PLUS,4,3.9969181294785985,0,0
France_69,Commission Nationale de l'Informatique et des Libertés (CNIL),EU,FINE_ONLY,3,2.0769772871186847,0,0
France_68,National Commission for Information Technology and Civil Liberties,EU,FINE_ONLY,3,1.458178166369679,0,0
Finland_3,NOT_DISCUSSED,NON_EEA,NONE,0,5.075232691886811e-07,,
Finland_2,Deputy Data Protection Commissioner,EU,REMEDIAL_ONLY,2,2.349792587531628,0,0
Finland_6,Office of the Data Protection Supervisor,EU,REMEDIAL_ONLY,2,2.434745405170733,0,0
Finland_4,Data Protection Commissioner and Sanctions Board,EU,FINE_PLUS,4,3.9702327345784125,0,0
Finland_7,Deputy Data Protection Commissioner,EU,REMEDIAL_ONLY,2,1.8651215347943764,0,0
Finland_5,STRING,NON_EEA,NONE,0,0.00244053945392142,,
Finland_8,Deputy Data Protection Commissioner,EU,REMEDIAL_ONLY,2,3.031865973477672,0,0
Finland_12,Data Protection Supervisor,EU,REMEDIAL_ONLY,2,1.5192804520915857,0,0
Finland_9,Office of the Data Protection Ombudsman,EU,FINE_PLUS,4,3.72839090890161,0,1
Finland_13,Office of the Data Protection Commissioner,EU,REMEDIAL_ONLY,2,2.172252799307844,0,0
Finland_1,,UNKNOWN,NONE,0,2.7967659532723843e-06,,
Finland_10,Finnish Data Protection Ombudsman,EU,FINE_PLUS,4,3.866271068138315,0,1
Finland_11,Office of the Data Protection Commissioner,EU,FINE_PLUS,4,3.3429477576506224,0,0
Finland_14,STRING,NON_EEA,NONE,0,0.15275213907285556,0,0
Finland_15,Office of the Data Protection Commissioner,EU,REMEDIAL_ONLY,2,3.414758073409267,0,1
Finland_16,Office of the Data Protection Officer,EU,REMEDIAL_ONLY,2,2.829373917717961,0,0
Finland_17,Office of the Data Protection Officer,EU,REMEDIAL_ONLY,2,1.2542603006088815,0,0
Finland_19,Office of the Data Protection Commissioner,EU,REMEDIAL_ONLY,2,2.3411546702814445,0,0
Finland_18,Office of the Data Protection Commissioner,EU,REMEDIAL_ONLY,2,2.2997735656641014,0,1
Finland_20,Office of the Data Protection Commissioner,EU,REMEDIAL_ONLY,2,2.809741208805268,0,0
Finland_21,Office of the Data Protection Ombudsman (Finland),EU,REMEDIAL_ONLY,2,2.652354094692761,0,0
Finland_23,Office of the Data Protection Commissioner,EU,REMEDIAL_ONLY,2,2.253849767926209,0,0
Finland_22,Office of the Data Protection Ombudsman,EU,NONE,0,0.6710417281072188,0,0
Finland_26,NOT_MENTIONED,NON_EEA,NONE,0,0.0020664997739290314,0,0
Finland_25,Office of the Data Protection Commissioner,EU,REMEDIAL_ONLY,2,2.266471898112806,0,0
Finland_24,Data Protection Commissioner,EU,REMEDIAL_ONLY,2,3.110409439071485,0,0
Finland_28,NOT_DISCUSSED,NON_EEA,NONE,0,5.075232691886811e-07,,
Finland_27,Office of the Data Protection Supervisor (EDPS),EU,NONE,0,0.1149471073188405,0,0
Finland_29,Finnish Data Protection Commissioner,EU,REMEDIAL_ONLY,2,3.7471682567386,0,0
Finland_31,STRING,NON_EEA,NONE,0,0.5607015721156632,0,0
Finland_32,Deputy Data Protection Commissioner's Office,EU,REMEDIAL_ONLY,2,2.5094592122087467,0,0
Finland_30,Office of the Data Protection Commissioner,EU,FINE_PLUS,4,3.836756321996341,0,0
Finland_34,Data Protection Commissioner,EU,FINE_PLUS,4,3.908268887145556,0,0
Finland_33,Deputy Data Protection Commissioner,EU,REMEDIAL_ONLY,2,1.6651160086902452,0,1
Finland_35,Finnish Data Protection Authority,EU,NONE,0,0.04528362752442694,0,0
Finland_37,STRING,EU,REMEDIAL_ONLY,2,3.4084261114917176,0,0
Finland_36,Suomen tietosuojavaltuutettu,EU,REMEDIAL_ONLY,2,2.9032509939741247,0,0
Finland_38,Finnish Data Protection Commissioner,EU,FINE_PLUS,4,3.732158868438252,0,0
Finland_42,Deputy Data Protection Commissioner,EU,REMEDIAL_ONLY,2,3.208700027562897,0,0
Finland_41,Data Protection Commissioner (Finland),EU,REMEDIAL_ONLY,2,1.8226572550881597,0,0
Finland_40,Data Protection Commissioner,EU,REMEDIAL_ONLY,2,3.2604812032393022,0,0
Finland_43,Deputy Data Protection Commissioner,EU,REMEDIAL_ONLY,2,3.3053869376134193,0,0
Finland_39,Office of the Data Protection Commissioner (Finland),EU,REMEDIAL_ONLY,2,3.8597773609384536,0,0
Finland_44,Office of the Data Protection Commissioner,EU,FINE_PLUS,4,3.999995899896623,0,0
