decision_id,ai_amount_eur,ai_raw,human_amount_eur,human_amount_native,human_currency,human_raw,status,difference_eur
Austria_1,,,,,,None,MISSING_BOTH,
Austria_10,,,,,,None,MISSING_BOTH,
Austria_11,,,,,,None,MISSING_BOTH,
Austria_12,,,,,,n/a,MISSING_BOTH,
Austria_13,,,,,,None,MISSING_BOTH,
Austria_14,,,,,,None,MISSING_BOTH,
Austria_15,,,,,,n/a,MISSING_BOTH,
Austria_16,,,,,,n/a,MISSING_BOTH,
Austria_17,,,,,,None,MISSING_BOTH,
Austria_18,,,,,,n/a,MISSING_BOTH,
Austria_19,,,,,,None,MISSING_BOTH,
Austria_2,,,600.000000,600.000000,EUR,600 EUR,AI_MISSING,600.000000
Austria_20,,,,,,None,MISSING_BOTH,
Austria_21,,,600.000000,600.000000,EUR,600 EUR,AI_MISSING,600.000000
Austria_22,,,,,,n/a,MISSING_BOTH,
Austria_23,,,,,,None,MISSING_BOTH,
Austria_24,,,,,,n/a,MISSING_BOTH,
Austria_25,,,,,,n/a,MISSING_BOTH,
Austria_26,,,,,,n/a,MISSING_BOTH,
Austria_27,,,,,,n/a,MISSING_BOTH,
Austria_28,,,,,,n/a,MISSING_BOTH,
Austria_29,,,,,,n/a,MISSING_BOTH,
Austria_3,,,,,,None,MISSING_BOTH,
Austria_30,,,25000.000000,25000.000000,EUR,"25,000 EUR",AI_MISSING,25000.000000
Austria_31,,,,,,n/a,MISSING_BOTH,
Austria_32,,,,,,n/a,MISSING_BOTH,
Austria_33,,,,,,n/a,MISSING_BOTH,
Austria_34,,,,,,n/a,MISSING_BOTH,
Austria_35,,,,,,n/a,MISSING_BOTH,
Austria_36,,,,,,n/a,MISSING_BOTH,
Austria_37,,,,,,n/a,MISSING_BOTH,
Austria_38,,,,,,n/a,MISSING_BOTH,
Austria_39,,,10000.000000,10000.000000,EUR,"10,000 EUR",AI_MISSING,10000.000000
Austria_4,,,,,,None,MISSING_BOTH,
Austria_40,,,20000.000000,20000.000000,EUR,"20,000 EUR",AI_MISSING,20000.000000
Austria_41,,,12100.000000,12100.000000,EUR,"12,100 EUR",AI_MISSING,12100.000000
Austria_42,,,,,,n/a,MISSING_BOTH,
Austria_43,,,5900.000000,5900.000000,EUR,"5,900 EUR",AI_MISSING,5900.000000
Austria_44,,,10000.000000,10000.000000,EUR,"10,000 EUR",AI_MISSING,10000.000000
Austria_45,,,9500.000000,9500.000000,EUR,"9,500 EUR",AI_MISSING,9500.000000
Austria_46,,,5500.000000,5500.000000,EUR,"5,500 EUR",AI_MISSING,5500.000000
Austria_47,,,2000.000000,2000.000000,EUR,"2,000 EUR",AI_MISSING,2000.000000
Austria_48,,,,,,None,MISSING_BOTH,
Austria_49,,,,,,None,MISSING_BOTH,
Austria_5,,,,,,None,MISSING_BOTH,
Austria_50,,,,,,None,MISSING_BOTH,
Austria_51,,,,,,None,MISSING_BOTH,
Austria_52,,,,,,None,MISSING_BOTH,
Austria_53,,,,,,n/a,MISSING_BOTH,
Austria_54,,,,,,None,MISSING_BOTH,
Austria_55,,,,,,None,MISSING_BOTH,
Austria_56,,,,,,n/a,MISSING_BOTH,
Austria_57,,,,,,n/a,MISSING_BOTH,
Austria_58,,,,,,n/a,MISSING_BOTH,
Austria_59,,,5280.000000,5280.000000,EUR,5280 EUR,AI_MISSING,5280.000000
Austria_6,,,,,,None,MISSING_BOTH,
Austria_60,,,,,,n/a,MISSING_BOTH,
Austria_61,,,1000.000000,1000.000000,EUR,"1,000 EUR",AI_MISSING,1000.000000
Austria_62,,,,,,n/a,MISSING_BOTH,
Austria_63,,,,,,n/a,MISSING_BOTH,
Austria_64,,,,,,n/a,MISSING_BOTH,
Austria_65,,,,,,n/a,MISSING_BOTH,
Austria_66,,,,,,None,MISSING_BOTH,
Austria_67,,,,,,n/a,MISSING_BOTH,
Austria_68,,,,,,n/a,MISSING_BOTH,
Austria_69,,,,,,n/a,MISSING_BOTH,
Austria_7,,,150.000000,150.000000,EUR,150 EUR,AI_MISSING,150.000000
Austria_70,,,,,,n/a,MISSING_BOTH,
Austria_8,,,,,,None,MISSING_BOTH,
Austria_9,,,,,,None,MISSING_BOTH,
Belgium_1,,,,,,None,MISSING_BOTH,
Belgium_10,,,,,,n/a,MISSING_BOTH,
Belgium_100,,,,,,n/a,MISSING_BOTH,
Belgium_101,,,,,,n/a,MISSING_BOTH,
Belgium_102,,,,,,None,MISSING_BOTH,
Belgium_103,,,,,,n/a,MISSING_BOTH,
Belgium_104,,,,,,n/a,MISSING_BOTH,
Belgium_105,,,,,,n/a,MISSING_BOTH,
Belgium_106,,,,,,None,MISSING_BOTH,
Belgium_107,,,,,,n/a,MISSING_BOTH,
Belgium_108,,,,,,n/a,MISSING_BOTH,
Belgium_109,,,15000.000000,15000.000000,EUR,15000 EUR,AI_MISSING,15000.000000
Belgium_11,,,10000.000000,10000.000000,EUR,"10,000 EUR",AI_MISSING,10000.000000
Belgium_110,,,,,,n/a,MISSING_BOTH,
Belgium_111,,,,,,None,MISSING_BOTH,
Belgium_112,,,,,,n/a,MISSING_BOTH,
Belgium_113,,,,,,n/a,MISSING_BOTH,
Belgium_114,,,,,,n/a,MISSING_BOTH,
Belgium_115,,,10000.000000,10000.000000,EUR,10000 EUR,AI_MISSING,10000.000000
Belgium_116,,,,,,n/a,MISSING_BOTH,
Belgium_117,,,,,,n/a,MISSING_BOTH,
Belgium_118,,,,,,None,MISSING_BOTH,
Belgium_119,,,,,,None,MISSING_BOTH,
Belgium_12,,,,,,n/a,MISSING_BOTH,
Belgium_120,,,,,,n/a,MISSING_BOTH,
Belgium_121,,,1500.000000,1500.000000,EUR,1500 EUR,AI_MISSING,1500.000000
Belgium_122,,,,,,n/a,MISSING_BOTH,
Belgium_123,,,,,,n/a,MISSING_BOTH,
Belgium_124,,,1500.000000,1500.000000,EUR,1500 EUR,AI_MISSING,1500.000000
Belgium_125,,,,,,n/a,MISSING_BOTH,
Belgium_126,,,10000.000000,10000.000000,EUR,10000 EUR,AI_MISSING,10000.000000
Belgium_127,,,,,,n/a,MISSING_BOTH,
Belgium_128,,,30000.000000,30000.000000,EUR,"30,000 EUR",AI_MISSING,30000.000000
Belgium_129,,,,,,n/a,MISSING_BOTH,
Belgium_13,,,,,,None,MISSING_BOTH,
Belgium_130,,,,,,n/a,MISSING_BOTH,
Belgium_131,,,,,,None,MISSING_BOTH,
Belgium_132,,,50000.000000,50000.000000,EUR,50000 EUR,AI_MISSING,50000.000000
Belgium_133,,,,,,n/a,MISSING_BOTH,
Belgium_134,,,,,,n/a,MISSING_BOTH,
Belgium_135,,,,,,None,MISSING_BOTH,
Belgium_136,,,5000.000000,5000.000000,EUR,5000 EUR,AI_MISSING,5000.000000
Belgium_137,,,,,,None,MISSING_BOTH,
Belgium_138,,,50.000000,50.000000,EUR,50.000 EUR,AI_MISSING,50.000000
Belgium_139,,,,,,n/a,MISSING_BOTH,
Belgium_14,,,174640.000000,174640.000000,EUR,"174,640 EUR",AI_MISSING,174640.000000
Belgium_140,,,,,,n/a,MISSING_BOTH,
Belgium_141,,,172431.000000,172431.000000,EUR,"172,431 EUR",AI_MISSING,172431.000000
Belgium_142,,,,,,n/a,MISSING_BOTH,
Belgium_143,,,,,,n/a,MISSING_BOTH,
Belgium_144,,,,,,n/a,MISSING_BOTH,
Belgium_145,,,,,,n/a,MISSING_BOTH,
Belgium_146,,,,,,n/a,MISSING_BOTH,
Belgium_147,,,,,,n/a,MISSING_BOTH,
Belgium_148,,,,,,n/a,MISSING_BOTH,
Belgium_149,,,,,,n/a,MISSING_BOTH,
Belgium_15,,,,,,None,MISSING_BOTH,
Belgium_150,,,20.000000,20.000000,EUR,20.000 EUR,AI_MISSING,20.000000
Belgium_151,,,,,,n/a,MISSING_BOTH,
Belgium_152,,,50.000000,50.000000,EUR,50.000 EUR,AI_MISSING,50.000000
Belgium_153,,,,,,n/a,MISSING_BOTH,
Belgium_154,,,,,,n/a,MISSING_BOTH,
Belgium_155,,,,,,n/a,MISSING_BOTH,
Belgium_156,,,,,,n/a,MISSING_BOTH,
Belgium_157,,,,,,n/a,MISSING_BOTH,
Belgium_158,,,100000.000000,100000.000000,EUR,"100,000 EUR",AI_MISSING,100000.000000
Belgium_159,,,8000.000000,8000.000000,EUR,"8,000 EUR",AI_MISSING,8000.000000
Belgium_16,,,,,,n/a,MISSING_BOTH,
Belgium_160,,,,,,n/a,MISSING_BOTH,
Belgium_161,,,,,,n/a,MISSING_BOTH,
Belgium_162,,,,,,n/a,MISSING_BOTH,
Belgium_163,,,,,,n/a,MISSING_BOTH,
Belgium_164,,,,,,n/a,MISSING_BOTH,
Belgium_165,,,,,,n/a,MISSING_BOTH,
Belgium_166,,,45000.000000,45000.000000,EUR,"45,000 EUR",AI_MISSING,45000.000000
Belgium_167,,,,,,n/a,MISSING_BOTH,
Belgium_168,,,,,,None,MISSING_BOTH,
Belgium_169,,,,,,n/a,MISSING_BOTH,
Belgium_17,,,,,,None,MISSING_BOTH,
Belgium_170,,,,,,None,MISSING_BOTH,
Belgium_171,,,,,,None,MISSING_BOTH,
Belgium_172,,,20000.000000,20000.000000,EUR,"20,000 EUR",AI_MISSING,20000.000000
Belgium_173,,,,,,n/a,MISSING_BOTH,
Belgium_174,,,,,,None,MISSING_BOTH,
Belgium_175,,,,,,n/a,MISSING_BOTH,
Belgium_176,,,,,,n/a,MISSING_BOTH,
Belgium_177,,,,,,n/a,MISSING_BOTH,
Belgium_178,,,,,,n/a,MISSING_BOTH,
Belgium_179,,,,,,n/a,MISSING_BOTH,
Belgium_18,,,,,,n/a,MISSING_BOTH,
Belgium_180,,,,,,n/a,MISSING_BOTH,
Belgium_181,,,,,,n/a,MISSING_BOTH,
Belgium_182,,,,,,n/a,MISSING_BOTH,
Belgium_183,,,10000.000000,10000.000000,EUR,10000 EUR,AI_MISSING,10000.000000
Belgium_184,,,,,,n/a,MISSING_BOTH,
Belgium_185,,,,,,n/a,MISSING_BOTH,
Belgium_186,,,,,,n/a,MISSING_BOTH,
Belgium_187,,,,,,n/a,MISSING_BOTH,
Belgium_188,,,75000.000000,75000.000000,EUR,75000 EUR,AI_MISSING,75000.000000
Belgium_189,,,,,,n/a,MISSING_BOTH,
Belgium_19,,,5000.000000,5000.000000,EUR,"5,000 EUR",AI_MISSING,5000.000000
Belgium_190,,,,,,n/a,MISSING_BOTH,
Belgium_191,,,,,,n/a,MISSING_BOTH,
Belgium_192,,,,,,n/a,MISSING_BOTH,
Belgium_193,,,,,,n/a,MISSING_BOTH,
Belgium_194,,,,,,n/a,MISSING_BOTH,
Belgium_195,,,,,,n/a,MISSING_BOTH,
Belgium_196,,,,,,n/a,MISSING_BOTH,
Belgium_197,,,,,,n/a,MISSING_BOTH,
Belgium_198,,,,,,n/a,MISSING_BOTH,
Belgium_199,,,,,,n/a,MISSING_BOTH,
Belgium_2,,,,,,None,MISSING_BOTH,
Belgium_20,,,,,,None,MISSING_BOTH,
Belgium_200,,,,,,n/a,MISSING_BOTH,
Belgium_201,,,,,,n/a,MISSING_BOTH,
Belgium_202,,,,,,n/a,MISSING_BOTH,
Belgium_203,,,,,,n/a,MISSING_BOTH,
Belgium_204,,,,,,n/a,MISSING_BOTH,
Belgium_205,,,,,,n/a,MISSING_BOTH,
Belgium_206,,,,,,n/a,MISSING_BOTH,
Belgium_207,,,,,,n/a,MISSING_BOTH,
Belgium_208,,,,,,n/a,MISSING_BOTH,
Belgium_209,,,,,,n/a,MISSING_BOTH,
Belgium_21,,,,,,n/a,MISSING_BOTH,
Belgium_210,,,,,,n/a,MISSING_BOTH,
Belgium_211,,,,,,n/a,MISSING_BOTH,
Belgium_212,,,,,,n/a,MISSING_BOTH,
Belgium_213,,,,,,n/a,MISSING_BOTH,
Belgium_214,,,,,,n/a,MISSING_BOTH,
Belgium_215,,,,,,n/a,MISSING_BOTH,
Belgium_216,,,,,,n/a,MISSING_BOTH,
Belgium_217,,,,,,n/a,MISSING_BOTH,
Belgium_218,,,,,,n/a,MISSING_BOTH,
Belgium_22,,,,,,n/a,MISSING_BOTH,
Belgium_23,,,15000.000000,15000.000000,EUR,"15,000 EUR",AI_MISSING,15000.000000
Belgium_24,,,,,,n/a,MISSING_BOTH,
Belgium_25,,,,,,n/a,MISSING_BOTH,
Belgium_26,,,2000.000000,2000.000000,EUR,2000 EUR,AI_MISSING,2000.000000
Belgium_27,,,,,,n/a,MISSING_BOTH,
Belgium_28,,,,,,n/a,MISSING_BOTH,
Belgium_29,,,,,,None,MISSING_BOTH,
Belgium_3,,,,,,n/a,MISSING_BOTH,
Belgium_30,,,,,,n/a,MISSING_BOTH,
Belgium_31,,,,,,None,MISSING_BOTH,
Belgium_32,,,,,,n/a,MISSING_BOTH,
Belgium_33,,,,,,n/a,MISSING_BOTH,
Belgium_34,,,,,,None,MISSING_BOTH,
Belgium_35,,,,,,n/a,MISSING_BOTH,
Belgium_36,,,50.000000,50.000000,EUR,50.000 EUR,AI_MISSING,50.000000
Belgium_37,,,,,,n/a,MISSING_BOTH,
Belgium_38,,,,,,None,MISSING_BOTH,
Belgium_39,,,,,,None,MISSING_BOTH,
Belgium_4,,,10000.000000,10000.000000,EUR,10000 EUR,AI_MISSING,10000.000000
Belgium_40,,,,,,n/a,MISSING_BOTH,
Belgium_41,,,,,,n/a,MISSING_BOTH,
Belgium_42,,,,,,n/a,MISSING_BOTH,
Belgium_43,,,,,,None,MISSING_BOTH,
Belgium_44,,,,,,None,MISSING_BOTH,
Belgium_45,,,50000.000000,50000.000000,EUR,50000 EUR,AI_MISSING,50000.000000
Belgium_46,,,,,,n/a,MISSING_BOTH,
Belgium_47,,,,,,None,MISSING_BOTH,
Belgium_48,,,,,,n/a,MISSING_BOTH,
Belgium_49,,,,,,n/a,MISSING_BOTH,
Belgium_5,,,,,,n/a,MISSING_BOTH,
Belgium_50,,,1000.000000,1000.000000,EUR,1000 EUR,AI_MISSING,1000.000000
Belgium_51,,,,,,n/a,MISSING_BOTH,
Belgium_52,,,,,,n/a,MISSING_BOTH,
Belgium_53,,,2000.000000,2000.000000,EUR,"2,000 EUR",AI_MISSING,2000.000000
Belgium_54,,,2000.000000,2000.000000,EUR,2000 EUR,AI_MISSING,2000.000000
Belgium_55,,,,,,n/a,MISSING_BOTH,
Belgium_56,,,,,,None,MISSING_BOTH,
Belgium_57,,,,,,n/a,MISSING_BOTH,
Belgium_58,,,10000.000000,10000.000000,EUR,10000 EUR,AI_MISSING,10000.000000
Belgium_59,,,,,,None,MISSING_BOTH,
Belgium_6,,,,,,n/a,MISSING_BOTH,
Belgium_60,,,,,,None,MISSING_BOTH,
Belgium_61,,,,,,n/a,MISSING_BOTH,
Belgium_62,,,1000.000000,1000.000000,EUR,1000 EUR,AI_MISSING,1000.000000
Belgium_63,,,600000.000000,600000.000000,EUR,600000 EUR,AI_MISSING,600000.000000
Belgium_64,,,,,,None,MISSING_BOTH,
Belgium_65,,,,,,n/a,MISSING_BOTH,
Belgium_66,,,,,,None,MISSING_BOTH,
Belgium_67,,,,,,n/a,MISSING_BOTH,
Belgium_68,,,3000.000000,3000.000000,EUR,3000 EUR,AI_MISSING,3000.000000
Belgium_69,,,,,,None,MISSING_BOTH,
Belgium_7,,,,,,None,MISSING_BOTH,
Belgium_70,,,,,,n/a,MISSING_BOTH,
Belgium_71,,,,,,n/a,MISSING_BOTH,
Belgium_72,,,,,,n/a,MISSING_BOTH,
Belgium_73,,,,,,None,MISSING_BOTH,
Belgium_74,,,,,,None,MISSING_BOTH,
Belgium_75,,,,,,n/a,MISSING_BOTH,
Belgium_76,,,,,,None,MISSING_BOTH,
Belgium_77,,,,,,n/a,MISSING_BOTH,
Belgium_78,,,,,,n/a,MISSING_BOTH,
Belgium_79,,,,,,n/a,MISSING_BOTH,
Belgium_8,,,,,,n/a,MISSING_BOTH,
Belgium_80,,,7500.000000,7500.000000,EUR,7500 EUR,AI_MISSING,7500.000000
Belgium_81,,,,,,n/a,MISSING_BOTH,
Belgium_82,,,100000.000000,100000.000000,EUR,100000 EUR,AI_MISSING,100000.000000
Belgium_83,,,,,,n/a,MISSING_BOTH,
Belgium_84,,,,,,None,MISSING_BOTH,
Belgium_85,,,200000.000000,200000.000000,EUR,"200,000 EUR",AI_MISSING,200000.000000
Belgium_86,,,,,,n/a,MISSING_BOTH,
Belgium_87,,,,,,n/a,MISSING_BOTH,
Belgium_88,,,,,,n/a,MISSING_BOTH,
Belgium_89,,,,,,n/a,MISSING_BOTH,
Belgium_9,,,50000.000000,50000.000000,EUR,50000 EUR,AI_MISSING,50000.000000
Belgium_90,,,,,,n/a,MISSING_BOTH,
Belgium_91,,,,,,n/a,MISSING_BOTH,
Belgium_92,,,,,,n/a,MISSING_BOTH,
Belgium_93,,,5000.000000,5000.000000,EUR,5000 EUR,AI_MISSING,5000.000000
Belgium_94,,,,,,None,MISSING_BOTH,
Belgium_95,,,,,,None,MISSING_BOTH,
Belgium_96,,,100000.000000,100000.000000,EUR,100000 EUR,AI_MISSING,100000.000000
Belgium_97,,,30.000000,30.000000,EUR,30.000 EUR,AI_MISSING,30.000000
Belgium_98,,,40000.000000,40000.000000,EUR,"40,000 EUR",AI_MISSING,40000.000000
Belgium_99,,,,,,n/a,MISSING_BOTH,
Bulgaria_1,,,255.000000,500.000000,BGN,500 BGN,AI_MISSING,255.000000
Bulgaria_10,,,1020.000000,2000.000000,BGN,"2,000 BGN",AI_MISSING,1020.000000
Bulgaria_11,,,,,,n/a,MISSING_BOTH,
Bulgaria_12,,,,,,n/a,MISSING_BOTH,
Bulgaria_13,,,,,,n/a,MISSING_BOTH,
Bulgaria_2,,,,,,n/a,MISSING_BOTH,
Bulgaria_3,,,5.100000,10.000000,BGN,10.0000 BGN,AI_MISSING,5.100000
Bulgaria_4,,,1020.000000,2000.000000,BGN,2000 BGN,AI_MISSING,1020.000000
Bulgaria_5,,,,,,n/a,MISSING_BOTH,
Bulgaria_6,,,1020.000000,2000.000000,BGN,2000 BGN,AI_MISSING,1020.000000
Bulgaria_7,,,5100.000000,10000.000000,BGN,"10,000 BGN",AI_MISSING,5100.000000
Bulgaria_8,,,,,,n/a,MISSING_BOTH,
Bulgaria_9,,,12750.000000,25000.000000,BGN,"25,000 BGN",AI_MISSING,12750.000000
Croatia_1,,,101000.000000,101000.000000,EUR,"101,000 EUR",AI_MISSING,101000.000000
Croatia_10,,,5470000.000000,5470000.000000,EUR,5470000 EUR,AI_MISSING,5470000.000000
Croatia_11,,,125020.000000,940000.000000,HRK,940000 HRK,AI_MISSING,125020.000000
Croatia_12,,,89775.000000,675000.000000,HRK,675000 HRK,AI_MISSING,89775.000000
Croatia_13,,,,,,n/a,MISSING_BOTH,
Croatia_14,,,,,,None,MISSING_BOTH,
Croatia_15,,,,,,n/a,MISSING_BOTH,
Croatia_16,,,,,,n/a,MISSING_BOTH,
Croatia_17,,,25000.000000,25000.000000,EUR,25000 EUR,AI_MISSING,25000.000000
Croatia_18,,,190000.000000,190000.000000,EUR,"190,000 EUR",AI_MISSING,190000.000000
Croatia_19,,,30000.000000,30000.000000,EUR,"20,000 and 30,000 €",AI_MISSING,30000.000000
Croatia_2,,,175000.000000,175000.000000,EUR,"175,000 EUR",AI_MISSING,175000.000000
Croatia_20,,,,,,n/a,MISSING_BOTH,
Croatia_21,,,,,,n/a,MISSING_BOTH,
Croatia_22,,,380000.000000,380000.000000,EUR,380000,AI_MISSING,380000.000000
Croatia_23,,,,,,n/a,MISSING_BOTH,
Croatia_24,,,,,,None,MISSING_BOTH,
Croatia_25,,,279300.000000,2100000.000000,HRK,2100000 HRK,AI_MISSING,279300.000000
Croatia_26,,,3990.000000,30000.000000,HRK,30000 HRK,AI_MISSING,3990.000000
Croatia_27,,,0.000000,0.000000,EUR,0,AI_MISSING,0.000000
Croatia_28,,,,,,n/a,MISSING_BOTH,
Croatia_29,,,,,,n/a,MISSING_BOTH,
Croatia_3,,,2265000.000000,2265000.000000,EUR,2265000 EUR,AI_MISSING,2265000.000000
Croatia_30,,,15000.000000,15000.000000,EUR,15000 EUR,AI_MISSING,15000.000000
Croatia_31,,,,,,None,MISSING_BOTH,
Croatia_32,,,,,,n/a,MISSING_BOTH,
Croatia_33,,,,,,n/a,MISSING_BOTH,
Croatia_34,,,,,,n/a,MISSING_BOTH,
Croatia_35,,,,,,None,MISSING_BOTH,
Croatia_36,,,,,,n/a,MISSING_BOTH,
Croatia_37,,,320000.000000,320000.000000,EUR,"320,000 EUR",AI_MISSING,320000.000000
Croatia_38,,,50000.000000,50000.000000,EUR,"50,000 EUR",AI_MISSING,50000.000000
Croatia_39,,,,,,n/a,MISSING_BOTH,
Croatia_4,,,,,,n/a,MISSING_BOTH,
Croatia_40,,,40000.000000,40000.000000,EUR,"40,000 EUR",AI_MISSING,40000.000000
Croatia_41,,,12000.000000,12000.000000,EUR,"12,000 EUR",AI_MISSING,12000.000000
Croatia_5,,,,,,n/a,MISSING_BOTH,
Croatia_6,,,35000.000000,35000.000000,EUR,"35,000 EUR",AI_MISSING,35000.000000
Croatia_7,,,16000.000000,16000.000000,EUR,"16,000 EUR",AI_MISSING,16000.000000
Croatia_8,,,,,,None,MISSING_BOTH,
Croatia_9,,,,,,n/a,MISSING_BOTH,
Cyprus_1,,,,,,None,MISSING_BOTH,
Cyprus_10,,,,,,n/a,MISSING_BOTH,
Cyprus_11,,,,,,n/a,MISSING_BOTH,
Cyprus_12,,,,,,n/a,MISSING_BOTH,
Cyprus_13,,,,,,n/a,MISSING_BOTH,
Cyprus_14,,,1500.000000,1500.000000,EUR,"1,500 EUR",AI_MISSING,1500.000000
Cyprus_15,,,1500.000000,1500.000000,EUR,1500 EUR,AI_MISSING,1500.000000
Cyprus_16,,,,,,n/a,MISSING_BOTH,
Cyprus_17,,,,,,n/a,MISSING_BOTH,
Cyprus_18,,,7000.000000,7000.000000,EUR,"7,000 EUR",AI_MISSING,7000.000000
Cyprus_19,,,5000.000000,5000.000000,EUR,5000 EUR,AI_MISSING,5000.000000
Cyprus_2,,,,,,None,MISSING_BOTH,
Cyprus_20,,,,,,n/a,MISSING_BOTH,
Cyprus_21,,,,,,n/a,MISSING_BOTH,
Cyprus_22,,,,,,n/a,MISSING_BOTH,
Cyprus_23,,,2000.000000,2000.000000,EUR,"2,000 EUR",AI_MISSING,2000.000000
Cyprus_24,,,3000.000000,3000.000000,EUR,3000 EUR,AI_MISSING,3000.000000
Cyprus_25,,,,,,None,MISSING_BOTH,
Cyprus_26,,,3000.000000,3000.000000,EUR,3000 EUR,AI_MISSING,3000.000000
Cyprus_27,,,58400.000000,58400.000000,EUR,"58,400",AI_MISSING,58400.000000
Cyprus_28,,,45000.000000,45000.000000,EUR,"45,000 EUR",AI_MISSING,45000.000000
Cyprus_29,,,,,,n/a,MISSING_BOTH,
Cyprus_3,,,,,,None,MISSING_BOTH,
Cyprus_30,,,10.000000,10.000000,EUR,10.000 EUR,AI_MISSING,10.000000
Cyprus_31,,,14000.000000,14000.000000,EUR,"14,000 EUR",AI_MISSING,14000.000000
Cyprus_32,,,6000.000000,6000.000000,EUR,6000 EUR,AI_MISSING,6000.000000
Cyprus_4,,,,,,None,MISSING_BOTH,
Cyprus_5,,,,,,None,MISSING_BOTH,
Cyprus_6,,,15.000000,15.000000,EUR,15.000 EUR,AI_MISSING,15.000000
Cyprus_7,,,,,,None,MISSING_BOTH,
Cyprus_8,,,,,,None,MISSING_BOTH,
Cyprus_9,,,,,,n/a,MISSING_BOTH,
Czech Republic_1,,,22864.000000,22864.000000,EUR,22864 EUR,AI_MISSING,22864.000000
Czech Republic_2,,,3800.000000,3800.000000,EUR,3800 EUR,AI_MISSING,3800.000000
Czech Republic_3,,,39975.000000,975000.000000,CZK,"975,000 CZK",AI_MISSING,39975.000000
Czech Republic_4,,,14391000.000000,351000000.000000,CZK,351000000 CZK,AI_MISSING,14391000.000000
Czech Republic_5,,,,,,None,MISSING_BOTH,
Denmark_1,,,147400.000000,1100000.000000,DKK,1100000 DKK,AI_MISSING,147400.000000
Denmark_10,,,,,,None,MISSING_BOTH,
Denmark_100,,,,,,n/a,MISSING_BOTH,
Denmark_101,,,,,,n/a,MISSING_BOTH,
Denmark_102,,,,,,n/a,MISSING_BOTH,
Denmark_103,,,,,,n/a,MISSING_BOTH,
Denmark_104,,,,,,None,MISSING_BOTH,
Denmark_105,,,,,,None,MISSING_BOTH,
Denmark_106,,,,,,None,MISSING_BOTH,
Denmark_107,,,,,,n/a,MISSING_BOTH,
Denmark_108,,,,,,None,MISSING_BOTH,
Denmark_109,,,,,,None,MISSING_BOTH,
Denmark_11,,,,,,None,MISSING_BOTH,
Denmark_110,,,,,,n/a,MISSING_BOTH,
Denmark_111,,,,,,n/a,MISSING_BOTH,
Denmark_112,,,,,,n/a,MISSING_BOTH,
Denmark_113,,,,,,n/a,MISSING_BOTH,
Denmark_114,,,,,,n/a,MISSING_BOTH,
Denmark_115,,,67000.000000,500000.000000,DKK,"500,000 DKK",AI_MISSING,67000.000000
Denmark_116,,,,,,n/a,MISSING_BOTH,
Denmark_117,,,,,,n/a,MISSING_BOTH,
Denmark_118,,,,,,n/a,MISSING_BOTH,
Denmark_119,,,,,,n/a,MISSING_BOTH,
Denmark_12,,,,,,n/a,MISSING_BOTH,
Denmark_120,,,,,,n/a,MISSING_BOTH,
Denmark_121,,,,,,n/a,MISSING_BOTH,
Denmark_122,,,,,,n/a,MISSING_BOTH,
Denmark_123,,,,,,n/a,MISSING_BOTH,
Denmark_124,,,,,,n/a,MISSING_BOTH,
Denmark_125,,,,,,n/a,MISSING_BOTH,
Denmark_126,,,,,,n/a,MISSING_BOTH,
Denmark_127,,,,,,n/a,MISSING_BOTH,
Denmark_128,,,,,,n/a,MISSING_BOTH,
Denmark_129,,,,,,n/a,MISSING_BOTH,
Denmark_13,,,,,,None,MISSING_BOTH,
Denmark_130,,,,,,n/a,MISSING_BOTH,
Denmark_131,,,,,,n/a,MISSING_BOTH,
Denmark_132,,,,,,n/a,MISSING_BOTH,
Denmark_133,,,,,,n/a,MISSING_BOTH,
Denmark_134,,,,,,n/a,MISSING_BOTH,
Denmark_135,,,,,,n/a,MISSING_BOTH,
Denmark_136,,,,,,n/a,MISSING_BOTH,
Denmark_137,,,,,,n/a,MISSING_BOTH,
Denmark_138,,,,,,n/a,MISSING_BOTH,
Denmark_139,,,13400.000000,100000.000000,DKK,"100,000 DKK",AI_MISSING,13400.000000
Denmark_14,,,,,,None,MISSING_BOTH,
Denmark_140,,,6700.000000,50000.000000,DKK,"50,000 DKK",AI_MISSING,6700.000000
Denmark_141,,,1340000.000000,10000000.000000,DKK,"10,000,000 DKK",AI_MISSING,1340000.000000
Denmark_142,,,26800.000000,200000.000000,DKK,"200,000 DKK",AI_MISSING,26800.000000
Denmark_143,,,,,,n/a,MISSING_BOTH,
Denmark_144,,,134000.000000,1000000.000000,DKK,"1,000,000 DKK",AI_MISSING,134000.000000
Denmark_145,,,6700.000000,50000.000000,DKK,50000 DKK,AI_MISSING,6700.000000
Denmark_146,,,80400.000000,600000.000000,DKK,"600,000 DKK",AI_MISSING,80400.000000
Denmark_147,,,,,,n/a,MISSING_BOTH,
Denmark_148,,,17800.000000,200000.000000,NOK,"200,000 NOK",AI_MISSING,17800.000000
Denmark_15,,,,,,None,MISSING_BOTH,
Denmark_16,,,,,,None,MISSING_BOTH,
Denmark_17,,,,,,None,MISSING_BOTH,
Denmark_18,,,,,,None,MISSING_BOTH,
Denmark_19,,,,,,None,MISSING_BOTH,
Denmark_2,,,6700.000000,50000.000000,DKK,50000 DKK,AI_MISSING,6700.000000
Denmark_20,,,,,,None,MISSING_BOTH,
Denmark_21,,,,,,None,MISSING_BOTH,
Denmark_22,,,,,,None,MISSING_BOTH,
Denmark_23,,,,,,None,MISSING_BOTH,
Denmark_24,,,,,,None,MISSING_BOTH,
Denmark_25,,,,,,n/a,MISSING_BOTH,
Denmark_26,,,,,,None,MISSING_BOTH,
Denmark_27,,,,,,None,MISSING_BOTH,
Denmark_28,,,,,,None,MISSING_BOTH,
Denmark_29,,,,,,None,MISSING_BOTH,
Denmark_3,,,6700.000000,50000.000000,DKK,50000 DKK,AI_MISSING,6700.000000
Denmark_30,,,,,,None,MISSING_BOTH,
Denmark_31,,,,,,None,MISSING_BOTH,
Denmark_32,,,20100.000000,150000.000000,DKK,150000 DKK,AI_MISSING,20100.000000
Denmark_33,,,,,,n/a,MISSING_BOTH,
Denmark_34,,,,,,n/a,MISSING_BOTH,
Denmark_35,,,,,,None,MISSING_BOTH,
Denmark_36,,,,,,None,MISSING_BOTH,
Denmark_37,,,,,,None,MISSING_BOTH,
Denmark_38,,,,,,None,MISSING_BOTH,
Denmark_39,,,,,,None,MISSING_BOTH,
Denmark_4,,,,,,None,MISSING_BOTH,
Denmark_40,,,,,,None,MISSING_BOTH,
Denmark_41,,,,,,None,MISSING_BOTH,
Denmark_42,,,,,,None,MISSING_BOTH,
Denmark_43,,,,,,None,MISSING_BOTH,
Denmark_44,,,,,,-,MISSING_BOTH,
Denmark_45,,,,,,None,MISSING_BOTH,
Denmark_46,,,,,,n/a,MISSING_BOTH,
Denmark_47,,,,,,None,MISSING_BOTH,
Denmark_48,,,,,,n/a,MISSING_BOTH,
Denmark_49,,,,,,n/a,MISSING_BOTH,
Denmark_5,,,20100.000000,150000.000000,DKK,"150,000 DKK",AI_MISSING,20100.000000
Denmark_50,,,,,,n/a,MISSING_BOTH,
Denmark_51,,,,,,n/a,MISSING_BOTH,
Denmark_52,,,,,,None,MISSING_BOTH,
Denmark_53,,,,,,n/a,MISSING_BOTH,
Denmark_54,,,,,,None,MISSING_BOTH,
Denmark_55,,,,,,None,MISSING_BOTH,
Denmark_56,,,,,,None,MISSING_BOTH,
Denmark_57,,,,,,None,MISSING_BOTH,
Denmark_58,,,,,,None,MISSING_BOTH,
Denmark_59,,,,,,n/a,MISSING_BOTH,
Denmark_6,,,,,,None,MISSING_BOTH,
Denmark_60,,,,,,None,MISSING_BOTH,
Denmark_61,,,,,,None,MISSING_BOTH,
Denmark_62,,,,,,n/a,MISSING_BOTH,
Denmark_63,,,,,,None,MISSING_BOTH,
Denmark_64,,,,,,None,MISSING_BOTH,
Denmark_65,,,,,,None,MISSING_BOTH,
Denmark_66,,,,,,None,MISSING_BOTH,
Denmark_67,,,,,,n/a,MISSING_BOTH,
Denmark_68,,,,,,n/a,MISSING_BOTH,
Denmark_69,,,,,,n/a,MISSING_BOTH,
Denmark_7,,,,,,None,MISSING_BOTH,
Denmark_70,,,,,,None,MISSING_BOTH,
Denmark_71,,,,,,n/a,MISSING_BOTH,
Denmark_72,,,,,,n/a,MISSING_BOTH,
Denmark_73,,,,,,n/a,MISSING_BOTH,
Denmark_74,,,,,,n/a,MISSING_BOTH,
Denmark_75,,,,,,n/a,MISSING_BOTH,
Denmark_76,,,,,,n/a,MISSING_BOTH,
Denmark_77,,,,,,None,MISSING_BOTH,
Denmark_78,,,,,,None,MISSING_BOTH,
Denmark_79,,,,,,None,MISSING_BOTH,
Denmark_8,,,,,,None,MISSING_BOTH,
Denmark_80,,,,,,None,MISSING_BOTH,
Denmark_81,,,,,,n/a,MISSING_BOTH,
Denmark_82,,,,,,n/a,MISSING_BOTH,
Denmark_83,,,,,,None,MISSING_BOTH,
Denmark_84,,,,,,n/a,MISSING_BOTH,
Denmark_85,,,,,,None,MISSING_BOTH,
Denmark_86,,,,,,n/a,MISSING_BOTH,
Denmark_87,,,,,,None,MISSING_BOTH,
Denmark_88,,,,,,n/a,MISSING_BOTH,
Denmark_89,,,,,,None,MISSING_BOTH,
Denmark_9,,,,,,None,MISSING_BOTH,
Denmark_90,,,,,,None,MISSING_BOTH,
Denmark_91,,,,,,n/a,MISSING_BOTH,
Denmark_92,,,,,,None,MISSING_BOTH,
Denmark_93,,,,,,n/a,MISSING_BOTH,
Denmark_94,,,,,,n/a,MISSING_BOTH,
Denmark_95,,,,,,n/a,MISSING_BOTH,
Denmark_96,,,,,,n/a,MISSING_BOTH,
Denmark_97,,,,,,n/a,MISSING_BOTH,
Denmark_98,,,,,,n/a,MISSING_BOTH,
Denmark_99,,,,,,n/a,MISSING_BOTH,
Estonia_1,,,,,,None,MISSING_BOTH,
Estonia_10,,,,,,None,MISSING_BOTH,
Estonia_11,,,,,,None,MISSING_BOTH,
Estonia_12,,,,,,None,MISSING_BOTH,
Estonia_13,,,,,,n/a,MISSING_BOTH,
Estonia_14,,,,,,n/a,MISSING_BOTH,
Estonia_15,,,,,,n/a,MISSING_BOTH,
Estonia_16,,,500.000000,500.000000,EUR,500 EUR,AI_MISSING,500.000000
Estonia_17,,,,,,n/a,MISSING_BOTH,
Estonia_18,,,,,,n/a,MISSING_BOTH,
Estonia_19,,,48.000000,48.000000,EUR,48 EUR,AI_MISSING,48.000000
Estonia_2,,,,,,None,MISSING_BOTH,
Estonia_20,,,,,,n/a,MISSING_BOTH,
Estonia_21,,,,,,n/a,MISSING_BOTH,
Estonia_22,,,,,,n/a,MISSING_BOTH,
Estonia_3,,,,,,None,MISSING_BOTH,
Estonia_4,,,,,,None,MISSING_BOTH,
Estonia_5,,,,,,n/a,MISSING_BOTH,
Estonia_6,,,,,,None,MISSING_BOTH,
Estonia_7,,,,,,n/a,MISSING_BOTH,
Estonia_8,,,2500.000000,2500.000000,EUR,2500 EUR,AI_MISSING,2500.000000
Estonia_9,,,,,,n/a,MISSING_BOTH,
European Union_1,,,,,,None,MISSING_BOTH,
European Union_10,,,,,,None,MISSING_BOTH,
European Union_11,,,,,,n/a,MISSING_BOTH,
European Union_2,,,,,,None,MISSING_BOTH,
European Union_3,,,405000000.000000,405000000.000000,EUR,"405,000,000 EUR",AI_MISSING,405000000.000000
European Union_4,,,,,,n/a,MISSING_BOTH,
European Union_5,,,,,,n/a,MISSING_BOTH,
European Union_6,,,,,,n/a,MISSING_BOTH,
European Union_7,,,,,,None,MISSING_BOTH,
European Union_8,,,,,,n/a,MISSING_BOTH,
European Union_9,,,,,,None,MISSING_BOTH,
Finland_1,,,,,,None,MISSING_BOTH,
Finland_10,608000.000000,608000,608.000000,608.000000,EUR,608.000 EUR,CONFLICT,607392.000000
Finland_11,122000.000000,122000,122000.000000,122000.000000,EUR,122000 EUR,MATCH,0.000000
Finland_12,0.000000,0,,,,n/a,HUMAN_MISSING,
Finland_13,0.000000,0,,,,n/a,HUMAN_MISSING,
Finland_14,,TYPE:NUMBER,,,,None,MISSING_BOTH,
Finland_15,0.000000,0,,,,n/a,HUMAN_MISSING,
Finland_16,0.000000,0,,,,None,HUMAN_MISSING,
Finland_17,0.000000,0,,,,None,HUMAN_MISSING,
Finland_18,0.000000,0,,,,None,HUMAN_MISSING,
Finland_19,0.000000,0,,,,None,HUMAN_MISSING,
Finland_2,0.000000,0,,,,n/a,HUMAN_MISSING,
Finland_20,0.000000,0,,,,None,HUMAN_MISSING,
Finland_21,0.000000,0,,,,n/a,HUMAN_MISSING,
Finland_22,0.000000,0,,,,None,HUMAN_MISSING,
Finland_23,0.000000,0,,,,n/a,HUMAN_MISSING,
Finland_24,0.000000,0,,,,n/a,HUMAN_MISSING,
Finland_25,0.000000,0,,,,n/a,HUMAN_MISSING,
Finland_26,0.000000,0,,,,None,HUMAN_MISSING,
Finland_27,0.000000,0,,,,None,HUMAN_MISSING,
Finland_28,0.000000,0,100000.000000,100000.000000,EUR,100000 EUR,CONFLICT,100000.000000
Finland_29,0.000000,0,,,,n/a,HUMAN_MISSING,
Finland_3,,NOT_DISCUSSED,12500.000000,12500.000000,EUR,12500 EUR,AI_MISSING,12500.000000
Finland_30,25000.000000,TYPE:NUMBER 25000,25000.000000,25000.000000,EUR,25000 EUR,MATCH,0.000000
Finland_31,,TYPE:NUMBER,,,,None,MISSING_BOTH,
Finland_32,0.000000,0,,,,n/a,HUMAN_MISSING,
Finland_33,0.000000,0,,,,n/a,HUMAN_MISSING,
Finland_34,6500.000000,6500,6500.000000,6500.000000,EUR,6500 EUR,MATCH,0.000000
Finland_35,0.000000,0,,,,n/a,HUMAN_MISSING,
Finland_36,0.000000,0,,,,None,HUMAN_MISSING,
Finland_37,,TYPE:NUMBER,,,,None,MISSING_BOTH,
Finland_38,52000.000000,TYPE:NUMBER 52000,52000.000000,52000.000000,EUR,52000 EUR,MATCH,0.000000
Finland_39,0.000000,0,,,,n/a,HUMAN_MISSING,
Finland_4,440000.000000,440000,440000.000000,440000.000000,EUR,"440,000 EUR",MATCH,0.000000
Finland_40,,TYPE:NUMBER,,,,n/a,MISSING_BOTH,
Finland_41,0.000000,0,,,,n/a,HUMAN_MISSING,
Finland_42,0.000000,0,,,,n/a,HUMAN_MISSING,
Finland_43,0.000000,0,,,,n/a,HUMAN_MISSING,
Finland_44,85000.000000,85000,85000.000000,85000.000000,EUR,"85,000 EUR",MATCH,0.000000
Finland_45,,,,,,None,MISSING_BOTH,
Finland_46,,,,,,None,MISSING_BOTH,
Finland_47,,,,,,n/a,MISSING_BOTH,
Finland_48,,,,,,None,MISSING_BOTH,
Finland_49,,,,,,n/a,MISSING_BOTH,
Finland_5,,TYPE:NUMBER,16000.000000,16000.000000,EUR,16000 EUR,AI_MISSING,16000.000000
Finland_50,,,750000.000000,750000.000000,EUR,750000 EUR,AI_MISSING,750000.000000
Finland_51,,,,,,n/a,MISSING_BOTH,
Finland_52,,,,,,None,MISSING_BOTH,
Finland_53,,,,,,None,MISSING_BOTH,
Finland_54,,,,,,None,MISSING_BOTH,
Finland_55,,,,,,n/a,MISSING_BOTH,
Finland_56,,,,,,n/a,MISSING_BOTH,
Finland_57,,,,,,n/a,MISSING_BOTH,
Finland_58,,,,,,n/a,MISSING_BOTH,
Finland_59,,,,,,None,MISSING_BOTH,
Finland_6,0.000000,0,,,,None,HUMAN_MISSING,
Finland_60,,,,,,n/a,MISSING_BOTH,
Finland_61,,,,,,n/a,MISSING_BOTH,
Finland_62,,,,,,n/a,MISSING_BOTH,
Finland_63,,,,,,None,MISSING_BOTH,
Finland_64,,,,,,n/a,MISSING_BOTH,
Finland_65,,,,,,None,MISSING_BOTH,
Finland_66,,,,,,None,MISSING_BOTH,
Finland_67,,,,,,None,MISSING_BOTH,
Finland_68,,,,,,None,MISSING_BOTH,
Finland_69,,,72000.000000,72000.000000,EUR,72000 EUR,AI_MISSING,72000.000000
Finland_7,0.000000,0,,,,n/a,HUMAN_MISSING,
Finland_70,,,23000.000000,23000.000000,EUR,"23,000",AI_MISSING,23000.000000
Finland_71,,,230000.000000,230000.000000,EUR,"230,000 EUR",AI_MISSING,230000.000000
Finland_72,,,5000.000000,5000.000000,EUR,5000 EUR,AI_MISSING,5000.000000
Finland_73,,,,,,n/a,MISSING_BOTH,
Finland_74,,,,,,n/a,MISSING_BOTH,
Finland_75,,,,,,None,MISSING_BOTH,
Finland_76,,,,,,None,MISSING_BOTH,
Finland_77,,,,,,None,MISSING_BOTH,
Finland_78,,,,,,n/a,MISSING_BOTH,
Finland_79,,,1600.000000,1600.000000,EUR,1600 EUR,AI_MISSING,1600.000000
Finland_8,0.000000,0,,,,n/a,HUMAN_MISSING,
Finland_80,,,,,,n/a,MISSING_BOTH,
Finland_81,,,,,,None,MISSING_BOTH,
Finland_82,,,,,,n/a,MISSING_BOTH,
Finland_83,,,8300.000000,8300.000000,EUR,8300 EUR,AI_MISSING,8300.000000
Finland_84,,,,,,n/a,MISSING_BOTH,
Finland_85,,,2400000.000000,2400000.000000,EUR,"2,400,000 EUR",AI_MISSING,2400000.000000
Finland_86,,,,,,n/a,MISSING_BOTH,
Finland_87,,,856000.000000,856000.000000,EUR,856000 EUR,AI_MISSING,856000.000000
Finland_88,,,,,,n/a,MISSING_BOTH,
Finland_89,,,,,,n/a,MISSING_BOTH,
Finland_9,608000.000000,608000,608.000000,608.000000,EUR,608.000 EUR,CONFLICT,607392.000000
Finland_90,,,,,,n/a,MISSING_BOTH,
Finland_91,,,,,,n/a,MISSING_BOTH,
Finland_92,,,1100000.000000,1100000.000000,EUR,"1,100,000 EUR",AI_MISSING,1100000.000000
Finland_93,,,950000.000000,950000.000000,EUR,"950,000 EUR",AI_MISSING,950000.000000
Finland_94,,,,,,n/a,MISSING_BOTH,
Finland_95,,,,,,n/a,MISSING_BOTH,
Finland_96,,,,,,n/a,MISSING_BOTH,
Finland_97,,,,,,n/a,MISSING_BOTH,
France_1,0.000000,0,,,,n/a,HUMAN_MISSING,
France_10,0.000000,0,,,,None,HUMAN_MISSING,
France_11,0.000000,0,,,,None,HUMAN_MISSING,
France_12,0.000000,0,,,,None,HUMAN_MISSING,
France_13,50000000.000000,TYPE:NUMBER 50000000,50000000.000000,50000000.000000,EUR,"50,000,000 EUR",MATCH,0.000000
France_14,400000.000000,400000,400000.000000,400000.000000,EUR,"400,000 EUR",MATCH,0.000000
France_15,,,500000.000000,500000.000000,EUR,"500,000 EUR",AI_MISSING,500000.000000
France_16,,,250.000000,250.000000,EUR,250.000 EUR,AI_MISSING,250.000000
France_17,,,2250000.000000,2250000.000000,EUR,2250000 EUR,AI_MISSING,2250000.000000
France_18,800000.000000,800000,800000.000000,800000.000000,EUR,800000 EUR,MATCH,0.000000
France_19,,TYPE:NUMBER,100000000.000000,100000000.000000,EUR,100000000 EUR,AI_MISSING,100000000.000000
France_2,0.000000,TYPE:NUMBER 0,,,,n/a,HUMAN_MISSING,
France_20,35000000.000000,35000000,35000000.000000,35000000.000000,EUR,35000000 EUR,MATCH,0.000000
France_21,3000.000000,3000,3000.000000,3000.000000,EUR,3000 EUR,MATCH,0.000000
France_22,6000.000000,TYPE:NUMBER 6000,6000.000000,6000.000000,EUR,"6,000 EUR",MATCH,0.000000
France_23,0.000000,0,7300.000000,7300.000000,EUR,7300 EUR,CONFLICT,7300.000000
France_24,20000.000000,20000,20000.000000,20000.000000,EUR,20000 EUR,MATCH,0.000000
France_25,0.000000,0,,,,None,HUMAN_MISSING,
France_26,0.000000,TYPE:0,,,,None,HUMAN_MISSING,
France_27,,TYPE:NUMBER,,,,None,MISSING_BOTH,
France_28,,TYPE:NUMBER,500000.000000,500000.000000,EUR,500000 EUR,AI_MISSING,500000.000000
France_29,1750000.000000,1750000,1750000.000000,1750000.000000,EUR,1750000 EUR,MATCH,0.000000
France_3,0.000000,0,,,,n/a,HUMAN_MISSING,
France_30,400000.000000,TYPE:NUMBER 400000,400000.000000,400000.000000,EUR,400000 EUR,MATCH,0.000000
France_31,3000.000000,TYPE:NUMBER 3000,3000.000000,3000.000000,EUR,3000 EUR,MATCH,0.000000
France_32,400000.000000,400000,400000.000000,400000.000000,EUR,400000 EUR,MATCH,0.000000
France_33,180000.000000,180000,180000.000000,180000.000000,EUR,180000 EUR,MATCH,0.000000
France_34,300000.000000,300000,300000.000000,300000.000000,EUR,"300,000 EUR",MATCH,0.000000
France_35,120000.000000,120000,120000.000000,120000.000000,EUR,120000 EUR,MATCH,0.000000
France_36,150000000.000000,TYPE:150000000,150000000.000000,150000000.000000,EUR,"150,000,000 EUR",MATCH,0.000000
France_37,1500000.000000,1500000,1500000.000000,1500000.000000,EUR,1500000 EUR,MATCH,0.000000
France_38,1000000.000000,1000000,1000000.000000,1000000.000000,EUR,"1,000,000 EUR",MATCH,0.000000
France_39,600000.000000,600000,600000.000000,600000.000000,EUR,"600,000 EUR",MATCH,0.000000
France_4,,TYPE:NUMBER,,,,n/a,MISSING_BOTH,
France_40,250000.000000,TYPE:250000,250000.000000,250000.000000,EUR,250000 EUR,MATCH,0.000000
France_41,,TYPE:NUMBER,20000000.000000,20000000.000000,EUR,"20,000,000 EUR",AI_MISSING,20000000.000000
France_42,800000.000000,TYPE:800000,800000.000000,800000.000000,EUR,"800,000 EUR",MATCH,0.000000
France_43,300000.000000,300000,300000.000000,300000.000000,EUR,"300,000",MATCH,0.000000
France_44,0.000000,0,,,,n/a,HUMAN_MISSING,
France_45,8000000.000000,8000000,8000000.000000,8000000.000000,EUR,"8,000,000 EUR",MATCH,0.000000
France_46,,TYPE:NUMBER,380000.000000,380000.000000,EUR,"380,000 EUR",AI_MISSING,380000.000000
France_47,,TYPE:NUMBER,150000.000000,150000.000000,EUR,150000 EUR,AI_MISSING,150000.000000
France_48,40000000.000000,TYPE:NUMBER 40000000,40000000.000000,40000000.000000,EUR,"40,000,000 EUR",MATCH,0.000000
France_49,0.000000,TYPE:NUMBER:0,,,,n/a,HUMAN_MISSING,
France_5,0.000000,0,,,,n/a,HUMAN_MISSING,
France_50,600000.000000,600000,600000.000000,600000.000000,EUR,"600,000 EUR",MATCH,0.000000
France_51,0.000000,0,,,,n/a,HUMAN_MISSING,
France_52,5000.000000,5000,5000.000000,5000.000000,EUR,"5,000 EUR",MATCH,0.000000
France_53,32000000.000000,32000000,32000000.000000,32000000.000000,EUR,"32,000,000 EUR",MATCH,0.000000
France_54,105000.000000,105000,105000.000000,105000.000000,EUR,105000 EUR,MATCH,0.000000
France_55,10000000.000000,10000000,10000000.000000,10000000.000000,EUR,10000000 EUR,MATCH,0.000000
France_56,75000.000000,75000,75000.000000,75000.000000,EUR,"75,000 EUR",MATCH,0.000000
France_57,0.000000,0,,,,n/a,HUMAN_MISSING,
France_58,0.000000,TYPE:NUMBER 0,,,,n/a,HUMAN_MISSING,
France_59,0.000000,0,,,,n/a,HUMAN_MISSING,
France_6,600000.000000,600000,600000.000000,600000.000000,EUR,"600,000 EUR",MATCH,0.000000
France_60,100000.000000,100000,100000.000000,100000.000000,EUR,100000 EUR,MATCH,0.000000
France_61,310000.000000,310000,310000.000000,310000.000000,EUR,"310,000 EUR",MATCH,0.000000
France_62,525000.000000,525000,525000.000000,525000.000000,EUR,"525,000 EUR",MATCH,0.000000
France_63,800000.000000,800000,800000.000000,800000.000000,EUR,"800,000 EUR",MATCH,0.000000
France_64,0.000000,0,250000.000000,250000.000000,EUR,"250,000 EUR",CONFLICT,250000.000000
France_65,,TYPE:NUMBER,150000.000000,150000.000000,EUR,"150,000 EUR",AI_MISSING,150000.000000
France_66,240000.000000,240000,240000.000000,240000.000000,EUR,"240,000 EUR",MATCH,0.000000
France_67,0.000000,0,40000.000000,40000.000000,EUR,"40,000 EUR",CONFLICT,40000.000000
France_68,80000.000000,80000,80000.000000,80000.000000,EUR,"80,000 EUR",MATCH,0.000000
France_69,225000.000000,225000,150000.000000,150000.000000,EUR,150000 EUR,CONFLICT,75000.000000
France_7,60000000.000000,60000000,60000000.000000,60000000.000000,EUR,"60,000,000 EUR",MATCH,0.000000
France_70,,NOT_DISCUSSED,,,,n/a,MISSING_BOTH,
France_8,0.000000,0,,,,None,HUMAN_MISSING,
France_9,0.000000,0,,,,None,HUMAN_MISSING,
Germany_1,0.000000,0,,,,n/a,HUMAN_MISSING,
Germany_10,525000.000000,TYPE:NUMBER 525000,525000.000000,525000.000000,EUR,"525,000 EUR",MATCH,0.000000
Germany_11,300000.000000,300000,300000.000000,300000.000000,EUR,"300,000 EUR",MATCH,0.000000
Germany_12,,TYPE:NUMBER,,,,n/a,MISSING_BOTH,
Germany_13,0.000000,TYPE:NUMBER:0,,,,None,HUMAN_MISSING,
Germany_14,0.000000,0,,,,n/a,HUMAN_MISSING,
Germany_15,0.000000,0,,,,n/a,HUMAN_MISSING,
Germany_16,0.000000,TYPE:NUMBER 0,,,,n/a,HUMAN_MISSING,
Germany_17,,TYPE:NUMBER,1000.000000,1000.000000,EUR,1000 EUR,AI_MISSING,1000.000000
Germany_18,0.000000,0,,,,None,HUMAN_MISSING,
Germany_19,0.000000,0,,,,None,HUMAN_MISSING,
Germany_2,0.000000,TYPE:NUMBER 0,,,,n/a,HUMAN_MISSING,
Germany_20,0.000000,0,,,,n/a,HUMAN_MISSING,
Germany_21,0.000000,0,5000.000000,5000.000000,EUR,"5,000",CONFLICT,5000.000000
Germany_22,0.000000,0,,,,n/a,HUMAN_MISSING,
Germany_23,75000.000000,75000,75000.000000,75000.000000,EUR,75000 EUR,MATCH,0.000000
Germany_24,,TYPE:NUMBER,,,,n/a,MISSING_BOTH,
Germany_25,,NOT_DISCUSSED,,,,n/a,MISSING_BOTH,
Germany_26,1000.000000,1000,2700.000000,2700.000000,EUR,"2,700 EUR",CONFLICT,1700.000000
Germany_27,0.000000,0,,,,n/a,HUMAN_MISSING,
Germany_28,0.000000,TYPE:NUMBER 0,,,,None,HUMAN_MISSING,
Germany_29,,TYPE:NUMBER,,,,n/a,MISSING_BOTH,
Germany_3,0.000000,0,,,,None,HUMAN_MISSING,
Germany_30,35258707.950000,35258707.95,35258708.000000,35258708.000000,EUR,35258708 EUR,MATCH,0.050000
Germany_31,0.000000,0,,,,n/a,HUMAN_MISSING,
Germany_32,900000.000000,900000,900000.000000,900000.000000,EUR,"900,000.00 EUR",MATCH,0.000000
Germany_33,901388.840000,901388.84,901389.000000,901389.000000,EUR,901389 EUR,MATCH,0.160000
Germany_34,0.000000,0,,,,None,HUMAN_MISSING,
Germany_35,0.000000,0,,,,n/a,HUMAN_MISSING,
Germany_36,900000.000000,900000,900.000000,900.000000,EUR,900.000 EUR,CONFLICT,899100.000000
Germany_37,10400000.000000,10400000,10400000.000000,10400000.000000,EUR,10400000 EUR,MATCH,0.000000
Germany_38,,TYPE:NUMBER,,,,n/a,MISSING_BOTH,
Germany_39,55000.000000,55000,55000.000000,55000.000000,EUR,55000 EUR,MATCH,0.000000
Germany_4,,TYPE:NUMBER,250000.000000,250000.000000,EUR,250000 EUR,AI_MISSING,250000.000000
Germany_40,300000.000000,300000,300000.000000,300000.000000,EUR,"300,000 EUR",MATCH,0.000000
Germany_41,20000.000000,20000,20000.000000,20000.000000,EUR,20000 EUR,MATCH,0.000000
Germany_42,1900000.000000,TYPE:1900000,1900000.000000,1900000.000000,EUR,"1,900,000 EUR",MATCH,0.000000
Germany_43,0.000000,0,,,,n/a,HUMAN_MISSING,
Germany_44,1100000.000000,1100000,1100000.000000,1100000.000000,EUR,"1,100,000 EUR",MATCH,0.000000
Germany_5,,TYPE:NUMBER,,,,n/a,MISSING_BOTH,
Germany_6,,TYPE:NUMBER,260000.000000,260000.000000,EUR,260000 EUR,AI_MISSING,260000.000000
Germany_7,0.000000,0,,,,None,HUMAN_MISSING,
Germany_8,45000000.000000,45000000,45000000.000000,45000000.000000,EUR,"45,000,000 EUR",MATCH,0.000000
Germany_9,215000.000000,215000,215000.000000,215000.000000,EUR,"215,000 EUR",MATCH,0.000000
Greece_1,1000.000000,TYPE:NUMBER 1000,1000.000000,1000.000000,EUR,1000 EUR,MATCH,0.000000
Greece_10,0.000000,TYPE:NUMBER 0,,,,n/a,HUMAN_MISSING,
Greece_100,150000.000000,150000,150000.000000,150000.000000,EUR,"150,000 EUR",MATCH,0.000000
Greece_101,0.000000,0,,,,None,HUMAN_MISSING,
Greece_102,,TYPE:NUMBER,5000.000000,5000.000000,EUR,"5,000 EUR",AI_MISSING,5000.000000
Greece_103,0.000000,0,,,,n/a,HUMAN_MISSING,
Greece_104,20000.000000,TYPE:NUMBER 20000,20000.000000,20000.000000,EUR,20000 EUR,MATCH,0.000000
Greece_105,1000.000000,TYPE:NUMBER 1000,1000.000000,1000.000000,EUR,1000 EUR,MATCH,0.000000
Greece_106,,NOT_DISCUSSED,,,,n/a,MISSING_BOTH,
Greece_107,,TYPE:NUMBER,,,,None,MISSING_BOTH,
Greece_108,15000.000000,15000,15.000000,15.000000,EUR,15.000 EUR,CONFLICT,14985.000000
Greece_109,,TYPE:NUMBER,,,,n/a,MISSING_BOTH,
Greece_11,,TYPE:NUMBER,,,,n/a,MISSING_BOTH,
Greece_110,,TYPE:NUMBER,,,,None,MISSING_BOTH,
Greece_111,3000.000000,3000,3000.000000,3000.000000,EUR,"3,000 EUR",MATCH,0.000000
Greece_112,,,30000.000000,30000.000000,EUR,"30,000 EUR",AI_MISSING,30000.000000
Greece_113,10000.000000,10000,10000.000000,10000.000000,EUR,"10,000 EUR",MATCH,0.000000
Greece_114,20000.000000,TYPE:NUMBER 20000,20.000000,20.000000,EUR,20.000 EUR,CONFLICT,19980.000000
Greece_115,0.000000,0,,,,n/a,HUMAN_MISSING,
Greece_116,75000.000000,75000,75000.000000,75000.000000,EUR,"75,000 EUR",MATCH,0.000000
Greece_117,30000.000000,TYPE:30000,30.000000,30.000000,EUR,30.000 EUR,CONFLICT,29970.000000
Greece_118,25000.000000,TYPE:25000,25000.000000,25000.000000,EUR,"25,000 EUR",MATCH,0.000000
Greece_119,,TYPE:NUMBER,,,,n/a,MISSING_BOTH,
Greece_12,,TYPE:NUMBER,,,,n/a,MISSING_BOTH,
Greece_120,,TYPE:NUMBER,,,,n/a,MISSING_BOTH,
Greece_121,0.000000,TYPE:NUMBER 0,,,,n/a,HUMAN_MISSING,
Greece_122,15000.000000,15000,20000.000000,20000.000000,EUR,"20,000 EUR",CONFLICT,5000.000000
Greece_123,150000.000000,TYPE:NUMBER 150000,150000.000000,150000.000000,EUR,150000 EUR,MATCH,0.000000
Greece_124,0.000000,0,,,,None,HUMAN_MISSING,
Greece_13,8000.000000,8000,5000.000000,5000.000000,EUR,5000 EUR,CONFLICT,3000.000000
Greece_14,6000000.000000,TYPE:NUMBER 6000000,9100000.000000,9100000.000000,EUR,"9,100,000 EUR",CONFLICT,3100000.000000
Greece_15,,TYPE:NUMBER,30.000000,30.000000,EUR,30.000 EUR,AI_MISSING,30.000000
Greece_16,10000.000000,10000,10.000000,10.000000,EUR,10.000 EUR,CONFLICT,9990.000000
Greece_17,0.000000,0,,,,None,HUMAN_MISSING,
Greece_18,,TYPE:NUMBER,10000.000000,10000.000000,EUR,"10,000 EUR",AI_MISSING,10000.000000
Greece_19,2000.000000,2000,2.000000,2.000000,EUR,2.000 EUR,CONFLICT,1998.000000
Greece_2,,TYPE:NUMBER,,,,n/a,MISSING_BOTH,
Greece_20,0.000000,TYPE:NUMBER 0,,,,None,HUMAN_MISSING,
Greece_21,,TYPE:NUMBER,40.000000,40.000000,EUR,40.000 EUR,AI_MISSING,40.000000
Greece_22,0.000000,0,,,,n/a,HUMAN_MISSING,
Greece_23,3000.000000,3000,3000.000000,3000.000000,EUR,"3,000 EUR",MATCH,0.000000
Greece_24,,NOT_DISCUSSED,2000.000000,2000.000000,EUR,2000,AI_MISSING,2000.000000
Greece_25,45000.000000,45000,45000.000000,45000.000000,EUR,"45,000 EUR",MATCH,0.000000
Greece_26,127709.000000,127709,168709.000000,168709.000000,EUR,"168,709 EUR",CONFLICT,41000.000000
Greece_27,1000.000000,TYPE:NUMBER 1000,1000.000000,1000.000000,EUR,1000 EUR,MATCH,0.000000
Greece_28,2995140.000000,2995140,2955140.000000,2955140.000000,EUR,"2,955,140 EUR",CONFLICT,40000.000000
Greece_29,0.000000,0,,,,n/a,HUMAN_MISSING,
Greece_3,5000.000000,5000,5000.000000,5000.000000,EUR,"5,000 EUR",MATCH,0.000000
Greece_30,0.000000,TYPE:NUMBER 0,,,,n/a,HUMAN_MISSING,
Greece_31,,,5000.000000,5000.000000,EUR,"5,000 EUR",AI_MISSING,5000.000000
Greece_32,2000.000000,2000,2000.000000,2000.000000,EUR,2000 EUR,MATCH,0.000000
Greece_33,2000.000000,2000,2000.000000,2000.000000,EUR,2000 EUR,MATCH,0.000000
Greece_34,0.000000,TYPE:NUMBER 0,,,,n/a,HUMAN_MISSING,
Greece_35,20000.000000,TYPE:NUMBER 20000,20000.000000,20000.000000,EUR,20000 EUR,MATCH,0.000000
Greece_36,0.000000,0,175000.000000,175000.000000,EUR,"175,000 EUR",CONFLICT,175000.000000
Greece_37,0.000000,TYPE:NUMBER 0,,,,n/a,HUMAN_MISSING,
Greece_38,0.000000,TYPE:NUMBER 0,,,,n/a,HUMAN_MISSING,
Greece_39,5000.000000,5000,5000.000000,5000.000000,EUR,"5,000 EUR",MATCH,0.000000
Greece_4,,TYPE:NUMBER,200000.000000,200000.000000,EUR,"200,000 EUR",AI_MISSING,200000.000000
Greece_40,40000.000000,TYPE:NUMBER 40000,440.000000,440.000000,EUR,440.000 EUR,CONFLICT,39560.000000
Greece_41,5000.000000,5000,5000.000000,5000.000000,EUR,5000 EUR,MATCH,0.000000
Greece_42,15000.000000,15000,15000.000000,15000.000000,EUR,"15,000 EUR",MATCH,0.000000
Greece_43,,TYPE:NUMBER,,,,n/a,MISSING_BOTH,
Greece_44,0.000000,0,2500.000000,2500.000000,EUR,2500 EUR,CONFLICT,2500.000000
Greece_45,0.000000,TYPE:0,,,,None,HUMAN_MISSING,
Greece_46,5000.000000,5000,5000.000000,5000.000000,EUR,5000 EUR,MATCH,0.000000
Greece_47,5000.000000,TYPE:5000,5.000000,5.000000,EUR,5.000 EUR,CONFLICT,4995.000000
Greece_48,,TYPE:NUMBER,150.000000,150.000000,EUR,150.000 EUR,AI_MISSING,150.000000
Greece_49,,TYPE:NUMBER,,,,n/a,MISSING_BOTH,
Greece_5,,,5000.000000,5000.000000,EUR,"5,000 EUR",AI_MISSING,5000.000000
Greece_50,,TYPE:NUMBER,,,,None,MISSING_BOTH,
Greece_51,15000.000000,TYPE:NUMBER 15000,15000.000000,15000.000000,EUR,"€15,000 EUR",MATCH,0.000000
Greece_52,,TYPE:NUMBER,3000.000000,3000.000000,EUR,3000 EUR,AI_MISSING,3000.000000
Greece_53,0.000000,0,35.000000,35.000000,EUR,35.000 EUR,CONFLICT,35.000000
Greece_54,0.000000,0,35.000000,35.000000,EUR,35.000 EUR,CONFLICT,35.000000
Greece_55,,NOT_DISCUSSED,,,,n/a,MISSING_BOTH,
Greece_56,20000.000000,20000,20000.000000,20000.000000,EUR,"20,000 EUR",MATCH,0.000000
Greece_57,,TYPE:NUMBER,210.000000,210.000000,EUR,210.000 EUR,AI_MISSING,210.000000
Greece_58,,NOT_DISCUSSED,5.000000,5.000000,EUR,5.000 EUR,AI_MISSING,5.000000
Greece_59,0.000000,0,,,,n/a,HUMAN_MISSING,
Greece_6,0.000000,0,,,,None,HUMAN_MISSING,
Greece_60,25000.000000,TYPE:NUMBER 25000,28000.000000,28000.000000,EUR,"28,000 EUR",CONFLICT,3000.000000
Greece_61,,NOT_DISCUSSED,,,,None,MISSING_BOTH,
Greece_62,,,,,,n/a,MISSING_BOTH,
Greece_63,0.000000,0,,,,n/a,HUMAN_MISSING,
Greece_64,,TYPE:NUMBER,3.000000,3.000000,EUR,3.000 EUR,AI_MISSING,3.000000
Greece_65,,,,,,n/a,MISSING_BOTH,
Greece_66,,,,,,n/a,MISSING_BOTH,
Greece_67,0.000000,0,8000.000000,8000.000000,EUR,8000 EUR,CONFLICT,8000.000000
Greece_68,,,50000.000000,50000.000000,EUR,50000 EUR,AI_MISSING,50000.000000
Greece_69,1400.000000,1400,1400.000000,1400.000000,EUR,"1,400 EUR",MATCH,0.000000
Greece_7,0.000000,TYPE:NUMBER 0,,,,n/a,HUMAN_MISSING,
Greece_70,0.000000,0,,,,None,HUMAN_MISSING,
Greece_71,1000.000000,TYPE:NUMBER 1000,1000.000000,1000.000000,EUR,1000 EUR,MATCH,0.000000
Greece_72,0.000000,TYPE:NUMBER 0,,,,n/a,HUMAN_MISSING,
Greece_73,10000.000000,TYPE:10000,10000.000000,10000.000000,EUR,"10,000 EUR",MATCH,0.000000
Greece_74,0.000000,0,,,,None,HUMAN_MISSING,
Greece_75,0.000000,0,2000.000000,2000.000000,EUR,2000 EUR,CONFLICT,2000.000000
Greece_76,,TYPE:NUMBER,5000.000000,5000.000000,EUR,5000 EUR,AI_MISSING,5000.000000
Greece_77,20000.000000,TYPE:NUMBER 20000,20000.000000,20000.000000,EUR,20000 EUR,MATCH,0.000000
Greece_78,60000.000000,60000,60.000000,60.000000,EUR,60.0000 EUR,CONFLICT,59940.000000
Greece_79,0.000000,0,40.000000,40.000000,EUR,40.000 EUR,CONFLICT,40.000000
Greece_8,25000.000000,25000,25000.000000,25000.000000,EUR,25000 EUR,MATCH,0.000000
Greece_80,,TYPE:NUMBER,30000.000000,30000.000000,EUR,"30,000 EUR",AI_MISSING,30000.000000
Greece_81,1000.000000,TYPE:NUMBER 1000,1000.000000,1000.000000,EUR,1000 EUR,MATCH,0.000000
Greece_82,15000.000000,15000,15000.000000,15000.000000,EUR,"15,000 EUR",MATCH,0.000000
Greece_83,,TYPE:NUMBER,20000.000000,20000.000000,EUR,"20,000 EUR",AI_MISSING,20000.000000
Greece_84,2000.000000,TYPE:2000,2000.000000,2000.000000,EUR,2000 EUR,MATCH,0.000000
Greece_85,0.000000,0,150.000000,150.000000,EUR,150.000 EUR,CONFLICT,150.000000
Greece_86,0.000000,TYPE:NUMBER 0,,,,n/a,HUMAN_MISSING,
Greece_87,,TYPE:NUMBER,,,,None,MISSING_BOTH,
Greece_88,,NOT_MENTIONED,2000.000000,2000.000000,EUR,2000 EUR,AI_MISSING,2000.000000
Greece_89,8000.000000,TYPE:8000,,,,None,HUMAN_MISSING,
Greece_9,5000.000000,TYPE:5000,5000.000000,5000.000000,EUR,"5,000 EUR",MATCH,0.000000
Greece_90,150000.000000,TYPE:NUMBER 150000,150.000000,150.000000,EUR,150.000 EUR,CONFLICT,149850.000000
Greece_91,5000.000000,5000,5000.000000,5000.000000,EUR,"5,000 EUR",MATCH,0.000000
Greece_92,10000.000000,TYPE:NUMBER 10000,10000.000000,10000.000000,EUR,10000 EUR,MATCH,0.000000
Greece_93,,TYPE:NUMBER,,,,None,MISSING_BOTH,
Greece_94,,TYPE:NUMBER,,,,None,MISSING_BOTH,
Greece_95,,TYPE:NUMBER,5000.000000,5000.000000,EUR,5000 EUR,AI_MISSING,5000.000000
Greece_96,3000.000000,3000,3000.000000,3000.000000,EUR,3000 EUR,MATCH,0.000000
Greece_97,,TYPE:NUMBER,,,,None,MISSING_BOTH,
Greece_98,,TYPE:NUMBER,15000.000000,15000.000000,EUR,"15,000 EUR",AI_MISSING,15000.000000
Greece_99,50000.000000,TYPE:NUMBER 50000,50000.000000,50000.000000,EUR,"50,000 EUR",MATCH,0.000000
Hungary_1,0.000000,0,,,,n/a,HUMAN_MISSING,
Hungary_10,0.000000,TYPE:NUMBER 0,,,,None,HUMAN_MISSING,
Hungary_11,300000.000000,300000,78.000000,30000.000000,HUF,30000 HUF,CONFLICT,299922.000000
Hungary_12,,TYPE:NUMBER,1820.000000,700000.000000,HUF,700000 HUF,AI_MISSING,1820.000000
Hungary_13,0.000000,0,28.000000,28.000000,EUR,28 EUR,CONFLICT,28.000000
Hungary_14,0.000000,TYPE:NUMBER 0,,,,n/a,HUMAN_MISSING,
Hungary_15,0.000000,0,,,,None,HUMAN_MISSING,
Hungary_16,0.000000,0,,,,None,HUMAN_MISSING,
Hungary_17,0.000000,0,130.000000,50000.000000,HUF,50000 HUF,CONFLICT,130.000000
Hungary_18,80000000.000000,80000000,208000.000000,80000000.000000,HUF,"80,000,000 HUF",CONFLICT,79792000.000000
Hungary_19,,TYPE:NUMBER,13000.000000,5000000.000000,HUF,"5,000,000 HUF",AI_MISSING,13000.000000
Hungary_2,,TYPE:NUMBER,1500.000000,1500.000000,EUR,"1,500 EUR",AI_MISSING,1500.000000
Hungary_20,0.000000,0,,,,n/a,HUMAN_MISSING,
Hungary_21,1000000.000000,1000000,650000.000000,250000000.000000,HUF,"250,000,000 HUF",CONFLICT,350000.000000
Hungary_22,6000000.000000,6000000,15600.000000,6000000.000000,HUF,"6,000,000 HUF",CONFLICT,5984400.000000
Hungary_23,5000000.000000,5000000,13000.000000,5000000.000000,HUF,5000000 HUF,CONFLICT,4987000.000000
Hungary_24,,TYPE:NUMBER,1300.000000,500000.000000,HUF,500000 HUF,AI_MISSING,1300.000000
Hungary_25,3000000.000000,3000000,7800.000000,3000000.000000,HUF,3000000 HUF,CONFLICT,2992200.000000
Hungary_26,10000000.000000,10000000,26000.000000,10000000.000000,HUF,"10,000,000 HUF",CONFLICT,9974000.000000
Hungary_27,500000.000000,500000,1300.000000,500000.000000,HUF,"500,000 HUF",CONFLICT,498700.000000
Hungary_28,500000.000000,500000,1.300000,500.000000,HUF,500.000 HUF,CONFLICT,499998.700000
Hungary_29,0.000000,0,,,,n/a,HUMAN_MISSING,
Hungary_3,0.000000,0,,,,None,HUMAN_MISSING,
Hungary_30,0.000000,0,,,,None,HUMAN_MISSING,
Hungary_31,0.000000,0,,,,n/a,HUMAN_MISSING,
Hungary_32,3000000.000000,3000000,7800.000000,3000000.000000,HUF,3000000 HUF,CONFLICT,2992200.000000
Hungary_33,20000000.000000,TYPE:NUMBER 20000000,52000.000000,20000000.000000,HUF,20000000 HUF,CONFLICT,19948000.000000
Hungary_34,35000000.000000,35000000,91000.000000,35000000.000000,HUF,35000000 HUF,CONFLICT,34909000.000000
Hungary_35,30000000.000000,30000000,73500.000000,73500.000000,EUR,73500 EUR,CONFLICT,29926500.000000
Hungary_36,10000000.000000,10000000,26000.000000,10000000.000000,HUF,10000000 HUF,CONFLICT,9974000.000000
Hungary_37,,TYPE:NUMBER,78000.000000,30000000.000000,HUF,30000000 HUF,AI_MISSING,78000.000000
Hungary_38,,,780.000000,300000.000000,HUF,300000 HUF,AI_MISSING,780.000000
Hungary_39,5000000.000000,5000000,13000.000000,5000000.000000,HUF,5000000 HUF,CONFLICT,4987000.000000
Hungary_4,,TYPE:NUMBER,13136.000000,13136.000000,EUR,"13,136 EUR",AI_MISSING,13136.000000
Hungary_40,0.000000,0,26000.000000,10000000.000000,HUF,10000000 HUF,CONFLICT,26000.000000
Hungary_41,0.000000,0,,,,n/a,HUMAN_MISSING,
Hungary_42,10000000.000000,TYPE:NUMBER 10000000,26000.000000,10000000.000000,HUF,"10,000,000 HUF",CONFLICT,9974000.000000
Hungary_43,0.000000,0,,,,n/a,HUMAN_MISSING,
Hungary_44,,TYPE:NUMBER,1300.000000,500000.000000,HUF,500000 HUF,AI_MISSING,1300.000000
Hungary_45,80000000.000000,80000000,208000.000000,80000000.000000,HUF,"80,000,000 HUF",CONFLICT,79792000.000000
Hungary_46,10000000.000000,10000000,26000.000000,10000000.000000,HUF,"10,000,000 HUF",CONFLICT,9974000.000000
Hungary_47,600000.000000,600000,1400.000000,1400.000000,EUR,"1,400 EUR",CONFLICT,598600.000000
Hungary_48,,TYPE:NUMBER,,,,None,MISSING_BOTH,
Hungary_49,0.000000,0,,,,None,HUMAN_MISSING,
Hungary_5,200000.000000,TYPE:NUMBER 200000,520.000000,200000.000000,HUF,200000 HUF,CONFLICT,199480.000000
Hungary_50,0.000000,0,1.820000,700.000000,HUF,700.000 HUF,CONFLICT,1.820000
Hungary_51,,,,,,n/a,MISSING_BOTH,
Hungary_52,,TYPE:NUMBER,7800.000000,3000000.000000,HUF,3000000 HUF,AI_MISSING,7800.000000
Hungary_53,0.000000,0,,,,n/a,HUMAN_MISSING,
Hungary_54,0.000000,0,,,,n/a,HUMAN_MISSING,
Hungary_55,0.000000,0,,,,n/a,HUMAN_MISSING,
Hungary_56,80000000.000000,80000000,200000.000000,200000.000000,EUR,200000 EUR,CONFLICT,79800000.000000
Hungary_57,500000.000000,500000,1200.000000,1200.000000,EUR,1200 EUR,CONFLICT,498800.000000
Hungary_58,,TYPE:NUMBER,,,,n/a,MISSING_BOTH,
Hungary_59,2000000.000000,TYPE:NUMBER 2000000,5200.000000,2000000.000000,HUF,2000000 HUF,CONFLICT,1994800.000000
Hungary_6,20000000.000000,20000000,53300.000000,20500000.000000,HUF,20500000 HUF,CONFLICT,19946700.000000
Hungary_60,0.000000,0,,,,n/a,HUMAN_MISSING,
Hungary_7,600000.000000,600000,,,,None,HUMAN_MISSING,
Hungary_8,1000000.000000,1000000,2600.000000,1000000.000000,HUF,1000000 HUF,CONFLICT,997400.000000
Hungary_9,2000000.000000,2000000,5200.000000,2000000.000000,HUF,2000000 HUF,CONFLICT,1994800.000000
Iceland_1,0.000000,0,,,,None,HUMAN_MISSING,
Iceland_10,0.000000,0,,,,None,HUMAN_MISSING,
Iceland_100,0.000000,TYPE:NUMBER 0,,,,n/a,HUMAN_MISSING,
Iceland_101,0.000000,0,,,,n/a,HUMAN_MISSING,
Iceland_102,,TYPE:NUMBER,,,,n/a,MISSING_BOTH,
Iceland_103,0.000000,TYPE:NUMBER 0,,,,None,HUMAN_MISSING,
Iceland_104,0.000000,0,,,,None,HUMAN_MISSING,
Iceland_11,0.000000,TYPE:0,,,,None,HUMAN_MISSING,
Iceland_12,0.000000,0,,,,None,HUMAN_MISSING,
Iceland_13,0.000000,0,,,,None,HUMAN_MISSING,
Iceland_14,0.000000,0,,,,None,HUMAN_MISSING,
Iceland_15,,TYPE:NUMBER,,,,None,MISSING_BOTH,
Iceland_16,0.000000,0,,,,None,HUMAN_MISSING,
Iceland_17,,,,,,None,MISSING_BOTH,
Iceland_18,,,,,,None,MISSING_BOTH,
Iceland_19,,TYPE:NUMBER,,,,None,MISSING_BOTH,
Iceland_2,0.000000,0,,,,None,HUMAN_MISSING,
Iceland_20,0.000000,0,,,,None,HUMAN_MISSING,
Iceland_21,0.000000,0,,,,None,HUMAN_MISSING,
Iceland_22,,,,,,None,MISSING_BOTH,
Iceland_23,0.000000,0,,,,None,HUMAN_MISSING,
Iceland_24,0.000000,TYPE:0,,,,None,HUMAN_MISSING,
Iceland_25,0.000000,TYPE:NUMBER 0,,,,None,HUMAN_MISSING,
Iceland_26,0.000000,0,,,,None,HUMAN_MISSING,
Iceland_27,,,,,,None,MISSING_BOTH,
Iceland_28,0.000000,TYPE:NUMBER 0,,,,None,HUMAN_MISSING,
Iceland_29,0.000000,0,,,,None,HUMAN_MISSING,
Iceland_3,8500.000000,8500,8840.000000,1300000.000000,ISK,1300000 ISK,CONFLICT,340.000000
Iceland_30,0.000000,TYPE:NUMBER 0,,,,None,HUMAN_MISSING,
Iceland_31,0.000000,0,,,,None,HUMAN_MISSING,
Iceland_32,0.000000,TYPE:NUMBER 0,,,,None,HUMAN_MISSING,
Iceland_33,0.000000,TYPE:0,,,,None,HUMAN_MISSING,
Iceland_34,0.000000,0,,,,None,HUMAN_MISSING,
Iceland_35,0.000000,TYPE:NUMBER 0,,,,None,HUMAN_MISSING,
Iceland_36,0.000000,0,,,,None,HUMAN_MISSING,
Iceland_37,0.000000,0,,,,None,HUMAN_MISSING,
Iceland_38,0.000000,TYPE:NUMBER 0,,,,None,HUMAN_MISSING,
Iceland_39,0.000000,TYPE:NUMBER 0,,,,None,HUMAN_MISSING,
Iceland_4,0.000000,TYPE:0,,,,None,HUMAN_MISSING,
Iceland_40,0.000000,TYPE:0,,,,n/a n/a,HUMAN_MISSING,
Iceland_41,0.000000,0,,,,None,HUMAN_MISSING,
Iceland_42,3500000.000000,3500000,23585.000000,23585.000000,EUR,23585 EUR,CONFLICT,3476415.000000
Iceland_43,0.000000,0,,,,None,HUMAN_MISSING,
Iceland_44,0.000000,0,,,,None,HUMAN_MISSING,
Iceland_45,1000000.000000,1000000,6800.000000,1000000.000000,ISK,"1,000,000 ISK",CONFLICT,993200.000000
Iceland_46,0.000000,0,,,,None,HUMAN_MISSING,
Iceland_47,0.000000,TYPE:NUMBER 0,,,,None,HUMAN_MISSING,
Iceland_48,0.000000,0,,,,None,HUMAN_MISSING,
Iceland_49,0.000000,0,,,,None,HUMAN_MISSING,
Iceland_5,3000000.000000,3000000,20400.000000,3000000.000000,ISK,"3,000,000 ISK",CONFLICT,2979600.000000
Iceland_50,0.000000,0,,,,None,HUMAN_MISSING,
Iceland_51,0.000000,0,,,,None,HUMAN_MISSING,
Iceland_52,0.000000,0,,,,n/a,HUMAN_MISSING,
Iceland_53,0.000000,0,,,,n/a,HUMAN_MISSING,
Iceland_54,7500000.000000,7500000,78200.000000,11500000.000000,ISK,11500000 ISK,CONFLICT,7421800.000000
Iceland_55,0.000000,TYPE:NUMBER 0,,,,None,HUMAN_MISSING,
Iceland_56,0.000000,TYPE:NUMBER 0,,,,n/a,HUMAN_MISSING,
Iceland_57,0.000000,TYPE:NUMBER 0,,,,None,HUMAN_MISSING,
Iceland_58,0.000000,TYPE:NUMBER 0,,,,None,HUMAN_MISSING,
Iceland_59,0.000000,TYPE:NUMBER 0,,,,n/a,HUMAN_MISSING,
Iceland_6,0.000000,TYPE:0,,,,None,HUMAN_MISSING,
Iceland_60,,TYPE:NUMBER,,,,n/a,MISSING_BOTH,
Iceland_61,0.000000,TYPE:0,,,,n/a,HUMAN_MISSING,
Iceland_62,0.000000,0,,,,n/a,HUMAN_MISSING,
Iceland_63,0.000000,0,,,,n/a,HUMAN_MISSING,
Iceland_64,0.000000,TYPE:NUMBER 0,,,,n/a,HUMAN_MISSING,
Iceland_65,0.000000,TYPE:0,,,,n/a,HUMAN_MISSING,
Iceland_66,0.000000,TYPE:0,,,,n/a,HUMAN_MISSING,
Iceland_67,0.000000,0,,,,n/a,HUMAN_MISSING,
Iceland_68,0.000000,0,,,,n/a,HUMAN_MISSING,
Iceland_69,0.000000,0,,,,n/a,HUMAN_MISSING,
Iceland_7,0.000000,0,,,,None,HUMAN_MISSING,
Iceland_70,0.000000,TYPE:0,,,,n/a,HUMAN_MISSING,
Iceland_71,0.000000,0,,,,n/a,HUMAN_MISSING,
Iceland_72,0.000000,TYPE:0,,,,n/a,HUMAN_MISSING,
Iceland_73,0.000000,TYPE:0,,,,n/a,HUMAN_MISSING,
Iceland_74,0.000000,0,,,,n/a,HUMAN_MISSING,
Iceland_75,0.000000,TYPE:NUMBER 0,,,,n/a,HUMAN_MISSING,
Iceland_76,0.000000,0,,,,None,HUMAN_MISSING,
Iceland_77,0.000000,TYPE:NUMBER 0,,,,None,HUMAN_MISSING,
Iceland_78,0.000000,0,,,,None,HUMAN_MISSING,
Iceland_79,0.000000,TYPE:NUMBER 0,,,,None,HUMAN_MISSING,
Iceland_8,0.000000,TYPE:NUMBER 0,,,,None,HUMAN_MISSING,
Iceland_80,0.000000,TYPE:NUMBER 0,,,,None,HUMAN_MISSING,
Iceland_81,12000000.000000,TYPE:NUMBER 12000000,81600.000000,12000000.000000,ISK,12000000 ISK,CONFLICT,11918400.000000
Iceland_82,37856900.000000,37856900,257426.920000,37856900.000000,ISK,"37,856,900 ISK",CONFLICT,37599473.080000
Iceland_83,0.000000,0,,,,n/a,HUMAN_MISSING,
Iceland_84,0.000000,TYPE:NUMBER 0,,,,n/a,HUMAN_MISSING,
Iceland_85,0.000000,0,1020.000000,150000.000000,ISK,"1,500,00 ISK",CONFLICT,1020.000000
Iceland_86,0.000000,TYPE:NUMBER 0,,,,n/a,HUMAN_MISSING,
Iceland_87,0.000000,TYPE:NUMBER 0,,,,n/a,HUMAN_MISSING,
Iceland_88,0.000000,TYPE:NUMBER 0,,,,n/a,HUMAN_MISSING,
Iceland_89,0.000000,TYPE:NUMBER 0,,,,n/a,HUMAN_MISSING,
Iceland_9,0.000000,TYPE:NUMBER 0,,,,None,HUMAN_MISSING,
Iceland_90,0.000000,TYPE:0,,,,n/a,HUMAN_MISSING,
Iceland_91,2000000.000000,2000000,13600.000000,2000000.000000,ISK,"2,000,000 ISK",CONFLICT,1986400.000000
Iceland_92,0.000000,TYPE:NUMBER 0,,,,n/a,HUMAN_MISSING,
Iceland_93,0.000000,TYPE:NUMBER 0,,,,n/a,HUMAN_MISSING,
Iceland_94,,TYPE:NUMBER,,,,n/a,MISSING_BOTH,
Iceland_95,7500000.000000,7500000,51000.000000,7500000.000000,ISK,7500000 ISK,CONFLICT,7449000.000000
Iceland_96,0.000000,0,,,,n/a,HUMAN_MISSING,
Iceland_97,0.000000,0,,,,n/a,HUMAN_MISSING,
Iceland_98,5000000.000000,5000000,34000.000000,5000000.000000,ISK,"5,000,000 ISK",CONFLICT,4966000.000000
Iceland_99,,,,,,n/a,MISSING_BOTH,
Ireland_1,0.000000,TYPE:0,,,,None,HUMAN_MISSING,
Ireland_10,0.000000,TYPE:NUMBER 0,,,,n/a,HUMAN_MISSING,
Ireland_11,,TYPE:NUMBER,29500.000000,29500.000000,EUR,"29,500 EUR",AI_MISSING,29500.000000
Ireland_12,,TYPE:NUMBER,,,,n/a,MISSING_BOTH,
Ireland_13,125000.000000,125000,125.000000,125.000000,EUR,125.000 EUR,CONFLICT,124875.000000
Ireland_14,550000.000000,TYPE:550000,500000.000000,500000.000000,EUR,"500,000 EUR",CONFLICT,50000.000000
Ireland_15,,TYPE:NUMBER,110000.000000,110000.000000,EUR,"€110,000",AI_MISSING,110000.000000
Ireland_16,0.000000,0,463000.000000,463000.000000,EUR,"463,000 EUR",CONFLICT,463000.000000
Ireland_17,22500.000000,TYPE:22500,22500.000000,22500.000000,EUR,"22,500 EUR",MATCH,0.000000
Ireland_18,,NOT_DISCUSSED,60000.000000,60000.000000,EUR,"60,000 EUR",AI_MISSING,60000.000000
Ireland_19,0.000000,0,,,,n/a,HUMAN_MISSING,
Ireland_2,,TYPE:NUMBER,,,,None,MISSING_BOTH,
Ireland_20,0.000000,0,90000.000000,90000.000000,EUR,90000 EUR,CONFLICT,90000.000000
Ireland_21,0.000000,0,,,,n/a,HUMAN_MISSING,
Ireland_22,0.000000,0,40000.000000,40000.000000,EUR,40000 EUR,CONFLICT,40000.000000
Ireland_23,,TYPE:NUMBER,,,,n/a,MISSING_BOTH,
Ireland_24,0.000000,TYPE:NUMBER 0,,,,None,HUMAN_MISSING,
Ireland_25,,TYPE:NUMBER,1500.000000,1500.000000,EUR,1500 EUR,AI_MISSING,1500.000000
Ireland_26,,NOT_DISCUSSED,750000.000000,750000.000000,EUR,"750,000 EUR",AI_MISSING,750000.000000
Ireland_27,,TYPE:NUMBER,1200000000.000000,1200000000.000000,EUR,1200000000 EUR,AI_MISSING,1200000000.000000
Ireland_28,0.000000,0,100000.000000,100000.000000,EUR,"100,000 EUR",CONFLICT,100000.000000
Ireland_29,,TYPE:NUMBER,,,,n/a,MISSING_BOTH,
Ireland_3,,,65000.000000,65000.000000,EUR,65000 EUR,AI_MISSING,65000.000000
Ireland_30,,,15000.000000,15000.000000,EUR,15000 EUR,AI_MISSING,15000.000000
Ireland_31,,TYPE:NUMBER,345000000.000000,345000000.000000,EUR,"345,000,000 EUR",AI_MISSING,345000000.000000
Ireland_32,0.000000,TYPE:0,,,,n/a,HUMAN_MISSING,
Ireland_33,,NOT_DISCUSSED,,,,n/a,MISSING_BOTH,
Ireland_34,0.000000,TYPE:NUMBER 0,,,,n/a,HUMAN_MISSING,
Ireland_35,0.000000,0,,,,n/a,HUMAN_MISSING,
Ireland_36,,NOT_DISCUSSED,,,,n/a,MISSING_BOTH,
Ireland_37,,TYPE:NUMBER,310000000.000000,310000000.000000,EUR,"310,000,000 EUR",AI_MISSING,310000000.000000
Ireland_38,251000000.000000,251000000,251000000.000000,251000000.000000,EUR,"251,000,000 EUR",MATCH,0.000000
Ireland_39,,TYPE:NUMBER,91000000.000000,91000000.000000,EUR,"91,000,000 EUR",AI_MISSING,91000000.000000
Ireland_4,,TYPE:NUMBER,,,,None,MISSING_BOTH,
Ireland_40,0.000000,0,210000000.000000,210000000.000000,EUR,"210,000,000 EUR",CONFLICT,210000000.000000
Ireland_41,0.000000,0,180000000.000000,180000000.000000,EUR,"180,000,000 EUR",CONFLICT,180000000.000000
Ireland_42,17000000.000000,17000000,17000000.000000,17000000.000000,EUR,"17,000,000 EUR",MATCH,0.000000
Ireland_43,,NOT_DISCUSSED,,,,n/a,MISSING_BOTH,
Ireland_44,530000000.000000,530000000,530000000.000000,530000000.000000,EUR,"530,000,000 EUR",MATCH,0.000000
Ireland_45,,,5500000.000000,5500000.000000,EUR,"5,500,000 EUR",AI_MISSING,5500000.000000
Ireland_46,225000000.000000,Total fine amount imposed?: 225000000,225000000.000000,225000000.000000,EUR,"225,000,000 EUR",MATCH,0.000000
Ireland_5,0.000000,0,450000.000000,450000.000000,EUR,"€450,000",CONFLICT,450000.000000
Ireland_6,70000.000000,TYPE:70000,70000.000000,70000.000000,EUR,70000 EUR,MATCH,0.000000
Ireland_7,75000.000000,75000,40000.000000,40000.000000,EUR,40000 EUR,CONFLICT,35000.000000
Ireland_8,,,50000.000000,50000.000000,EUR,50000 EUR,AI_MISSING,50000.000000
Ireland_9,,,50000.000000,50000.000000,EUR,50000 EUR,AI_MISSING,50000.000000
Italy_1,90000.000000,90000,90000.000000,90000.000000,EUR,"90,000 EUR",MATCH,0.000000
Italy_10,,,,,,None,MISSING_BOTH,
Italy_100,3000.000000,3000,3000.000000,3000.000000,EUR,"3,000 EUR",MATCH,0.000000
Italy_101,2000.000000,2000,2000.000000,2000.000000,EUR,"2,000 EUR",MATCH,0.000000
Italy_102,2000.000000,2000,2000.000000,2000.000000,EUR,"2,000 EUR",MATCH,0.000000
Italy_103,10000.000000,10000,10000.000000,10000.000000,EUR,"10,000 EUR",MATCH,0.000000
Italy_104,15000.000000,TYPE:15000,15000.000000,15000.000000,EUR,"15,000 EUR",MATCH,0.000000
Italy_105,1000.000000,1000,1000.000000,1000.000000,EUR,"1,000 EUR",MATCH,0.000000
Italy_106,0.000000,0,,,,n/a,HUMAN_MISSING,
Italy_107,40000.000000,TYPE:40000,40000.000000,40000.000000,EUR,40000 EUR,MATCH,0.000000
Italy_108,1400000.000000,1400000,,,EUR,1.400.000 EUR,HUMAN_MISSING,
Italy_109,500000.000000,500000,500000.000000,500000.000000,EUR,"500,000",MATCH,0.000000
Italy_11,,,,,,None,MISSING_BOTH,
Italy_110,40000.000000,TYPE:40000,40000.000000,40000.000000,EUR,"40,000 EUR",MATCH,0.000000
Italy_111,10000.000000,10000,10000.000000,10000.000000,EUR,"10,000 EUR",MATCH,0.000000
Italy_112,30000.000000,30000,30000.000000,30000.000000,EUR,"30,000 EUR",MATCH,0.000000
Italy_113,900.000000,900,900.000000,900.000000,EUR,900 EUR,MATCH,0.000000
Italy_114,2000000.000000,2000000,2000000.000000,2000000.000000,EUR,"2,000,000.00 EUR",MATCH,0.000000
Italy_115,5000.000000,TYPE:NUMBER 5000,5000.000000,5000.000000,EUR,"5,000 EUR",MATCH,0.000000
Italy_116,100000.000000,100000,100000.000000,100000.000000,EUR,"100,000 EUR",MATCH,0.000000
Italy_117,20000.000000,TYPE:20000,20000.000000,20000.000000,EUR,"20,000 EUR",MATCH,0.000000
Italy_118,1000000.000000,1000000,1000000.000000,1000000.000000,EUR,"1,000,000 EUR",MATCH,0.000000
Italy_119,10000.000000,10000,10000.000000,10000.000000,EUR,10000 EUR,MATCH,0.000000
Italy_12,0.000000,TYPE:0,,,,None,HUMAN_MISSING,
Italy_120,6000.000000,6000,6000.000000,6000.000000,EUR,"6,000 EUR",MATCH,0.000000
Italy_121,6000.000000,6000,6000.000000,6000.000000,EUR,"6,000 EUR",MATCH,0.000000
Italy_122,20000.000000,20000,20000.000000,20000.000000,EUR,20000 EUR,MATCH,0.000000
Italy_123,55000.000000,TYPE:55000,55000.000000,55000.000000,EUR,55000 EUR,MATCH,0.000000
Italy_124,0.000000,TYPE:NUMBER 0,,,,n/a,HUMAN_MISSING,
Italy_125,0.000000,0,,,,n/a,HUMAN_MISSING,
Italy_126,2500.000000,TYPE:2500,2500.000000,2500.000000,EUR,2500,MATCH,0.000000
Italy_127,0.000000,0,,,,n/a,HUMAN_MISSING,
Italy_128,4900000.000000,4900000,4900000.000000,4900000.000000,EUR,"4,900,000 EUR",MATCH,0.000000
Italy_129,30000.000000,30000,30.000000,30.000000,EUR,30.000 EUR,CONFLICT,29970.000000
Italy_13,3000.000000,3000,3000.000000,3000.000000,EUR,3000 EUR,MATCH,0.000000
Italy_130,0.000000,TYPE:0,,,,n/a,HUMAN_MISSING,
Italy_131,0.000000,0,,,,n/a,HUMAN_MISSING,
Italy_132,0.000000,TYPE:0,,,,n/a,HUMAN_MISSING,
Italy_133,0.000000,TYPE:NUMBER 0,,,,n/a,HUMAN_MISSING,
Italy_134,120000.000000,120000,120000.000000,120000.000000,EUR,120000 EUR,MATCH,0.000000
Italy_135,50000.000000,50000,50000.000000,50000.000000,EUR,"50,000 EUR",MATCH,0.000000
Italy_136,0.000000,TYPE:0,5.000000,5.000000,EUR,5.000 EUR,CONFLICT,5.000000
Italy_137,5000.000000,TYPE:5000,5000.000000,5000.000000,EUR,5000 EUR,MATCH,0.000000
Italy_138,5000.000000,TYPE:NUMBER 5000,5000.000000,5000.000000,EUR,"5,000 EUR",MATCH,0.000000
Italy_139,0.000000,0,7000.000000,7000.000000,EUR,7000 EUR,CONFLICT,7000.000000
Italy_14,600000.000000,600000,600000.000000,600000.000000,EUR,600000 EUR,MATCH,0.000000
Italy_140,80000.000000,TYPE:NUMBER 80000,80000.000000,80000.000000,EUR,"80,000 EUR",MATCH,0.000000
Italy_141,0.000000,TYPE:0,,,,n/a,HUMAN_MISSING,
Italy_142,0.000000,0,,,,n/a,HUMAN_MISSING,
Italy_143,5000.000000,5000,5000.000000,5000.000000,EUR,"5,000 EUR",MATCH,0.000000
Italy_144,0.000000,0,,,,n/a,HUMAN_MISSING,
Italy_145,300000.000000,300000,300.000000,300.000000,EUR,300.000 EUR,CONFLICT,299700.000000
Italy_146,0.000000,TYPE:NUMBER 0,,,,n/a,HUMAN_MISSING,
Italy_147,,TYPE:NUMBER,5460962.000000,5460962.000000,EUR,"54,609,62 EUR",AI_MISSING,5460962.000000
Italy_148,3000.000000,TYPE:3000,3000.000000,3000.000000,EUR,"3,000 EUR",MATCH,0.000000
Italy_149,0.000000,0,,,,n/a,HUMAN_MISSING,
Italy_15,16729600.000000,16729600,16729600.000000,16729600.000000,EUR,16729600 EUR,MATCH,0.000000
Italy_150,1000.000000,1000,1000.000000,1000.000000,EUR,1000 EUR,MATCH,0.000000
Italy_151,0.000000,0,,,,n/a,HUMAN_MISSING,
Italy_152,0.000000,TYPE:0,,,,n/a,HUMAN_MISSING,
Italy_153,5000.000000,TYPE:5000,5000.000000,5000.000000,EUR,"5,000 EUR",MATCH,0.000000
Italy_154,3000.000000,TYPE:NUMBER 3000,3000.000000,3000.000000,EUR,"3,000.00 EUR",MATCH,0.000000
Italy_155,50000.000000,50000,50000.000000,50000.000000,EUR,"50,000 EUR",MATCH,0.000000
Italy_156,0.000000,0,,,,n/a,HUMAN_MISSING,
Italy_157,2000.000000,2000,2000.000000,2000.000000,EUR,2000 EUR,MATCH,0.000000
Italy_158,0.000000,0,,,,n/a,HUMAN_MISSING,
Italy_159,20000.000000,TYPE:NUMBER 20000,20000.000000,20000.000000,EUR,"20,000 EUR",MATCH,0.000000
Italy_16,800000.000000,800000,800000.000000,800000.000000,EUR,800000 EUR,MATCH,0.000000
Italy_160,15000.000000,TYPE:NUMBER 15000,15000.000000,15000.000000,EUR,"15,000 EUR",MATCH,0.000000
Italy_161,500000.000000,500000,,,EUR,1.800.000 EUR,HUMAN_MISSING,
Italy_162,7631175.000000,TYPE:NUMBER 7631175,7631175.000000,7631175.000000,EUR,"7,631,175.00 EUR",MATCH,0.000000
Italy_163,0.000000,TYPE:0,,,,n/a,HUMAN_MISSING,
Italy_164,15000.000000,TYPE:NUMBER 15000,15000.000000,15000.000000,EUR,"15,000.00 EUR",MATCH,0.000000
Italy_165,40000.000000,TYPE:NUMBER 40000,40000.000000,40000.000000,EUR,"40,000 EUR",MATCH,0.000000
Italy_166,239000.000000,TYPE:239000,239000.000000,239000.000000,EUR,"239,000.00 EUR",MATCH,0.000000
Italy_167,240000.000000,240000,240000.000000,240000.000000,EUR,"240,000 EUR",MATCH,0.000000
Italy_168,40660.000000,40660,40660.000000,40660.000000,EUR,"40,660 EUR",MATCH,0.000000
Italy_169,,,40000.000000,40000.000000,EUR,40000 EUR,AI_MISSING,40000.000000
Italy_17,2000.000000,TYPE:2000,2000.000000,2000.000000,EUR,2000 €,MATCH,0.000000
Italy_170,1000000.000000,1000000,1000000.000000,1000000.000000,EUR,"1,000,000 EUR",MATCH,0.000000
Italy_171,300000.000000,300000,300000.000000,300000.000000,EUR,"300,000 EUR",MATCH,0.000000
Italy_172,20000.000000,20000,25000.000000,25000.000000,EUR,"25,000 EUR",CONFLICT,5000.000000
Italy_173,,,20000.000000,20000.000000,EUR,"20,000 EUR",AI_MISSING,20000.000000
Italy_174,,,30000.000000,30000.000000,EUR,"30,000 EUR",AI_MISSING,30000.000000
Italy_175,,,,,,n/a,MISSING_BOTH,
Italy_176,45000.000000,TYPE:45000,45000.000000,45000.000000,EUR,"45,000 EUR",MATCH,0.000000
Italy_177,10000.000000,10000,10000.000000,10000.000000,EUR,10000 EUR,MATCH,0.000000
Italy_178,100000.000000,100000,100000.000000,100000.000000,EUR,"100,000 EUR",MATCH,0.000000
Italy_179,0.000000,0,,,,n/a,HUMAN_MISSING,
Italy_18,4000.000000,TYPE:NUMBER 4000,4000.000000,4000.000000,EUR,4000 EUR,MATCH,0.000000
Italy_180,40000.000000,40000,40000.000000,40000.000000,EUR,"40,000 EUR",MATCH,0.000000
Italy_181,,,,,,n/a,MISSING_BOTH,
Italy_182,5000.000000,TYPE:NUMBER 5000,5000.000000,5000.000000,EUR,"5,000 EUR",MATCH,0.000000
Italy_183,1000.000000,1000,1000.000000,1000.000000,EUR,"1,000 EUR",MATCH,0.000000
Italy_184,10000.000000,10000,10000.000000,10000.000000,EUR,"10,000 EUR",MATCH,0.000000
Italy_185,,,,,,n/a,MISSING_BOTH,
Italy_186,90000.000000,90000,90000.000000,90000.000000,EUR,"90,000 EUR",MATCH,0.000000
Italy_187,,,,,,n/a,MISSING_BOTH,
Italy_188,,,20000.000000,20000.000000,EUR,"20,000 EUR",AI_MISSING,20000.000000
Italy_189,10000.000000,TYPE:10000,10000.000000,10000.000000,EUR,"10,000 EUR",MATCH,0.000000
Italy_19,,,15000.000000,15000.000000,EUR,15000 EUR,AI_MISSING,15000.000000
Italy_190,70000.000000,70000,70000.000000,70000.000000,EUR,"70,000 EUR",MATCH,0.000000
Italy_191,0.000000,TYPE:0,,,,n/a,HUMAN_MISSING,
Italy_192,,,40000.000000,40000.000000,EUR,"40,000 EUR",AI_MISSING,40000.000000
Italy_193,0.000000,TYPE:0,,,,n/a,HUMAN_MISSING,
Italy_194,20000.000000,TYPE:NUMBER 20000,20000.000000,20000.000000,EUR,"20,000 EUR",MATCH,0.000000
Italy_195,20000.000000,20000,20000.000000,20000.000000,EUR,"20,000 EUR",MATCH,0.000000
Italy_196,40000.000000,40000,40000.000000,40000.000000,EUR,"40,000 EUR",MATCH,0.000000
Italy_197,1000.000000,1000,1000.000000,1000.000000,EUR,1000 EUR,MATCH,0.000000
Italy_198,0.000000,0,,,,n/a,HUMAN_MISSING,
Italy_199,10000.000000,10000,10000.000000,10000.000000,EUR,"10,000 EUR",MATCH,0.000000
Italy_2,27802946.000000,27802946,27802946.000000,27802946.000000,EUR,"27,802,946 EUR",MATCH,0.000000
Italy_20,2000.000000,2000,2000.000000,2000.000000,EUR,2000 EUR,MATCH,0.000000
Italy_200,0.000000,0,,,,n/a,HUMAN_MISSING,
Italy_201,0.000000,0,,,,n/a,HUMAN_MISSING,
Italy_202,60000.000000,60000,60000.000000,60000.000000,EUR,"60,000 EUR",MATCH,0.000000
Italy_203,1000.000000,1000,1000.000000,1000.000000,EUR,1000 EUR,MATCH,0.000000
Italy_204,500.000000,TYPE:NUMBER 500,500.000000,500.000000,EUR,500.00 EUR,MATCH,0.000000
Italy_205,0.000000,0,,,,n/a,HUMAN_MISSING,
Italy_206,50000.000000,TYPE:50000,50000.000000,50000.000000,EUR,"50,000 EUR",MATCH,0.000000
Italy_207,5000.000000,TYPE:5000,5000.000000,5000.000000,EUR,5000 EUR,MATCH,0.000000
Italy_208,18000.000000,TYPE:18000,18000.000000,18000.000000,EUR,"18,000 EUR",MATCH,0.000000
Italy_209,8000.000000,TYPE:8000,8000.000000,8000.000000,EUR,8000 EUR,MATCH,0.000000
Italy_21,5000.000000,5000,5000.000000,5000.000000,EUR,5000 EUR,MATCH,0.000000
Italy_210,20000.000000,20000,20000.000000,20000.000000,EUR,"20,000 EUR",MATCH,0.000000
Italy_211,2000.000000,TYPE:NUMBER 2000,2000.000000,2000.000000,EUR,2000 EUR,MATCH,0.000000
Italy_212,0.000000,TYPE:0,,,,n/a,HUMAN_MISSING,
Italy_213,79107101.000000,TYPE:79107101,79107101.000000,79107101.000000,EUR,"79,107,101 EUR",MATCH,0.000000
Italy_214,8000.000000,8000,8000.000000,8000.000000,EUR,8000 EUR,MATCH,0.000000
Italy_215,2800000.000000,2800000,2800000.000000,2800000.000000,EUR,"2,800,000 EUR",MATCH,0.000000
Italy_216,800000.000000,800000,800000.000000,800000.000000,EUR,"800,000 EUR",MATCH,0.000000
Italy_217,300000.000000,300000,300000.000000,300000.000000,EUR,"300,000 EUR",MATCH,0.000000
Italy_218,15000.000000,15000,15000.000000,15000.000000,EUR,"15,000 EUR",MATCH,0.000000
Italy_219,2000.000000,2000,2000.000000,2000.000000,EUR,"2,000 EUR",MATCH,0.000000
Italy_22,1000.000000,1000,1000.000000,1000.000000,EUR,1000 EUR,MATCH,0.000000
Italy_220,5000.000000,5000,5000.000000,5000.000000,EUR,"5,000 EUR",MATCH,0.000000
Italy_221,6000.000000,TYPE:6000,6000.000000,6000.000000,EUR,"6,000 EUR",MATCH,0.000000
Italy_222,18000.000000,TYPE:18000,18000.000000,18000.000000,EUR,"18,000 EUR",MATCH,0.000000
Italy_223,70000.000000,70000,70000.000000,70000.000000,EUR,"70,000 EUR",MATCH,0.000000
Italy_224,50000.000000,50000,50000.000000,50000.000000,EUR,"50,000 EUR",MATCH,0.000000
Italy_225,5000.000000,TYPE:5000,5000.000000,5000.000000,EUR,"5,000. EUR",MATCH,0.000000
Italy_226,0.000000,0,,,,n/a,HUMAN_MISSING,
Italy_227,0.000000,TYPE:NUMBER 0,,,,n/a,HUMAN_MISSING,
Italy_228,75000.000000,TYPE:75000,75000.000000,75000.000000,EUR,"75,000 EUR",MATCH,0.000000
Italy_229,271000.000000,271000,271000.000000,271000.000000,EUR,"271,000 EUR",MATCH,0.000000
Italy_23,,,3.000000,3.000000,EUR,3.000 EUR,AI_MISSING,3.000000
Italy_230,20000.000000,20000,20000.000000,20000.000000,EUR,"20,000 EUR",MATCH,0.000000
Italy_231,150000.000000,TYPE:NUMBER 150000,150000.000000,150000.000000,EUR,"150,000 EUR",MATCH,0.000000
Italy_232,100000.000000,100000,100000.000000,100000.000000,EUR,100000 EUR,MATCH,0.000000
Italy_233,10000.000000,10000,10000.000000,10000.000000,EUR,"10,000 EUR",MATCH,0.000000
Italy_234,25000.000000,25000,25000.000000,25000.000000,EUR,"25,000 EUR",MATCH,0.000000
Italy_235,3000.000000,3000,3000.000000,3000.000000,EUR,"3,000 EUR",MATCH,0.000000
Italy_236,6000.000000,6000,6000.000000,6000.000000,EUR,"6,000 EUR",MATCH,0.000000
Italy_237,30000.000000,TYPE:NUMBER: 30000,30000.000000,30000.000000,EUR,"30,000 EUR",MATCH,0.000000
Italy_238,20000.000000,20000,20000.000000,20000.000000,EUR,"20,000 EUR",MATCH,0.000000
Italy_239,10000.000000,TYPE:10000,10000.000000,10000.000000,EUR,"10,000 EUR",MATCH,0.000000
Italy_24,0.000000,0,,,,None,HUMAN_MISSING,
Italy_240,0.000000,0,,,,n/a,HUMAN_MISSING,
Italy_241,30000.000000,TYPE:NUMBER 30000,30000.000000,30000.000000,EUR,"30,000 EUR",MATCH,0.000000
Italy_242,0.000000,0,,,,n/a,HUMAN_MISSING,
Italy_243,75000.000000,75000,75000.000000,75000.000000,EUR,"75,000 EUR",MATCH,0.000000
Italy_244,15000.000000,TYPE:15000,15000.000000,15000.000000,EUR,"15,000 EUR",MATCH,0.000000
Italy_245,6419631.000000,TYPE:6419631,6419631.000000,6419631.000000,EUR,"6,419,631 EUR",MATCH,0.000000
Italy_246,120000.000000,TYPE:NUMBER 120000,120000.000000,120000.000000,EUR,"120,000 EUR",MATCH,0.000000
Italy_247,4500.000000,4500,4500.000000,4500.000000,EUR,"4,500 EUR",MATCH,0.000000
Italy_248,8400.000000,TYPE:8400,8400.000000,8400.000000,EUR,"8,400",MATCH,0.000000
Italy_249,0.000000,TYPE:0,,,,n/a,HUMAN_MISSING,
Italy_25,2000.000000,2000,2000.000000,2000.000000,EUR,2000 EUR,MATCH,0.000000
Italy_250,0.000000,TYPE:0,,,,n/a,HUMAN_MISSING,
Italy_251,24000.000000,TYPE:24000,24000.000000,24000.000000,EUR,"24,000 EUR",MATCH,0.000000
Italy_252,20000.000000,TYPE:20000,20000.000000,20000.000000,EUR,"20,000 EUR",MATCH,0.000000
Italy_253,0.000000,TYPE:0,,,,n/a,HUMAN_MISSING,
Italy_254,,TYPE:NUMBER,,,,n/a,MISSING_BOTH,
Italy_255,1000000.000000,1000000,1000000.000000,1000000.000000,EUR,"1,000,000 EUR",MATCH,0.000000
Italy_256,250000.000000,TYPE:NUMBER 250000,1000000.000000,1000000.000000,EUR,"1,000,000 EUR",CONFLICT,750000.000000
Italy_257,10000.000000,TYPE:NUMBER 10000,10000.000000,10000.000000,EUR,"10,000 EUR",MATCH,0.000000
Italy_258,4000.000000,4000,4000.000000,4000.000000,EUR,"4,000 EUR",MATCH,0.000000
Italy_259,7000.000000,TYPE:7000,7000.000000,7000.000000,EUR,"7,000 EUR",MATCH,0.000000
Italy_26,10000.000000,10000,,,,None,HUMAN_MISSING,
Italy_260,,,10000.000000,10000.000000,EUR,"10,000 EUR",AI_MISSING,10000.000000
Italy_261,5000000.000000,5000000,5000000.000000,5000000.000000,EUR,"5,000,000 EUR",MATCH,0.000000
Italy_262,80000.000000,80000,80000.000000,80000.000000,EUR,"80,000 EUR",MATCH,0.000000
Italy_263,,NOT_DISCUSSED,,,,n/a,MISSING_BOTH,
Italy_264,10000.000000,TYPE:10000,10000.000000,10000.000000,EUR,"10,000 EUR",MATCH,0.000000
Italy_265,0.000000,TYPE:NUMBER 0,,,,n/a,HUMAN_MISSING,
Italy_266,22000.000000,22000,22000.000000,22000.000000,EUR,"22,000 EUR",MATCH,0.000000
Italy_267,900000.000000,900000,900000.000000,900000.000000,EUR,"900,000 EUR",MATCH,0.000000
Italy_268,8000.000000,8000,8000.000000,8000.000000,EUR,"8,000 EUR",MATCH,0.000000
Italy_269,400.000000,TYPE:400,400.000000,400.000000,EUR,400 EUR,MATCH,0.000000
Italy_27,2000.000000,2000,2000.000000,2000.000000,EUR,2000 EUR,MATCH,0.000000
Italy_270,0.000000,0,,,,n/a,HUMAN_MISSING,
Italy_271,4000.000000,4000,4000.000000,4000.000000,EUR,"4,000 EUR",MATCH,0.000000
Italy_272,10000.000000,TYPE:NUMBER 10000,10000.000000,10000.000000,EUR,"10,000 EUR",MATCH,0.000000
Italy_273,0.000000,0,,,,n/a,HUMAN_MISSING,
Italy_274,4000.000000,TYPE:NUMBER 4000,4000.000000,4000.000000,EUR,"4,000 EUR",MATCH,0.000000
Italy_275,,,5000.000000,5000.000000,EUR,"5,000 EUR",AI_MISSING,5000.000000
Italy_276,0.000000,TYPE:0,,,,n/a,HUMAN_MISSING,
Italy_277,0.000000,TYPE:0,,,,n/a,HUMAN_MISSING,
Italy_278,0.000000,TYPE:0,,,,n/a,HUMAN_MISSING,
Italy_279,20000.000000,TYPE:20000,8000.000000,8000.000000,EUR,"8,000 EUR",CONFLICT,12000.000000
Italy_28,80000.000000,TYPE:NUMBER 80000,80000.000000,80000.000000,EUR,80000 EUR,MATCH,0.000000
Italy_280,5000000.000000,5000000,5000000.000000,5000000.000000,EUR,"5,000,000 EUR",MATCH,0.000000
Italy_281,0.000000,0,,,,n/a,HUMAN_MISSING,
Italy_282,0.000000,TYPE:0,,,,n/a,HUMAN_MISSING,
Italy_283,17000.000000,17000,17000.000000,17000.000000,EUR,"17,000 EUR",MATCH,0.000000
Italy_284,5000.000000,5000,5000.000000,5000.000000,EUR,"5,000 EUR",MATCH,0.000000
Italy_285,60000.000000,60000,60000.000000,60000.000000,EUR,"60,000 EUR",MATCH,0.000000
Italy_286,8000.000000,TYPE:8000,5000.000000,5000.000000,EUR,"5,000 EUR",CONFLICT,3000.000000
Italy_287,15000000.000000,15000000,15000000.000000,15000000.000000,EUR,15000000 EUR,MATCH,0.000000
Italy_288,25000.000000,25000,25000.000000,25000.000000,EUR,"25,000 EUR",MATCH,0.000000
Italy_289,678897.000000,678897,678897.000000,678897.000000,EUR,"678,897 EUR",MATCH,0.000000
Italy_29,2000.000000,2000,2000.000000,2000.000000,EUR,2000 EUR,MATCH,0.000000
Italy_290,0.000000,0,,,,n/a,HUMAN_MISSING,
Italy_291,0.000000,TYPE:NUMBER 0,,,,n/a,HUMAN_MISSING,
Italy_292,0.000000,TYPE:NUMBER 0,,,,n/a,HUMAN_MISSING,
Italy_293,10000.000000,10000,10000.000000,10000.000000,EUR,10000 EUR,MATCH,0.000000
Italy_294,20000.000000,20000,20000.000000,20000.000000,EUR,20000 EUR,MATCH,0.000000
Italy_295,20000.000000,TYPE:20000,20000.000000,20000.000000,EUR,"20,000 EUR",MATCH,0.000000
Italy_296,892738.000000,892738,892.738000,892.738000,EUR,"892.738,00 EUR",CONFLICT,891845.262000
Italy_297,6000.000000,6000,6000.000000,6000.000000,EUR,6000 EUR,MATCH,0.000000
Italy_298,6000.000000,6000,6000.000000,6000.000000,EUR,"6,000 EUR",MATCH,0.000000
Italy_299,5000.000000,5000,5000.000000,5000.000000,EUR,"5,000 EUR",MATCH,0.000000
Italy_3,30000.000000,30000,30.000000,30.000000,EUR,30 000 EUR,CONFLICT,29970.000000
Italy_30,,,12250601.000000,12250601.000000,EUR,12250601.00 EUR,AI_MISSING,12250601.000000
Italy_300,10000.000000,10000,10000.000000,10000.000000,EUR,"10,000 EUR",MATCH,0.000000
Italy_301,20000.000000,20000,20000.000000,20000.000000,EUR,"20,000 EUR",MATCH,0.000000
Italy_302,40000.000000,TYPE:40000,40000.000000,40000.000000,EUR,"40,000 EUR",MATCH,0.000000
Italy_303,10000.000000,TYPE:NUMBER 10000,10000.000000,10000.000000,EUR,"10,000 EUR",MATCH,0.000000
Italy_304,70000.000000,TYPE:NUMBER 70000,70000.000000,70000.000000,EUR,"70,000 EUR",MATCH,0.000000
Italy_305,100000.000000,100000,100000.000000,100000.000000,EUR,"100,000 EUR",MATCH,0.000000
Italy_306,8000.000000,8000,8000.000000,8000.000000,EUR,8000 EUR,MATCH,0.000000
Italy_307,50000.000000,50000,50000.000000,50000.000000,EUR,"50,000 EUR",MATCH,0.000000
Italy_308,6000.000000,TYPE:NUMBER 6000,6000.000000,6000.000000,EUR,6000 EUR,MATCH,0.000000
Italy_309,3000.000000,TYPE:3000,3000.000000,3000.000000,EUR,"3,000 EUR",MATCH,0.000000
Italy_31,20000.000000,20000,20000.000000,20000.000000,EUR,20000 EUR,MATCH,0.000000
Italy_310,0.000000,TYPE:NUMBER 0,,,,n/a,HUMAN_MISSING,
Italy_311,,,100000.000000,100000.000000,EUR,"100,000 EUR",AI_MISSING,100000.000000
Italy_312,0.000000,TYPE:0,,,,n/a,HUMAN_MISSING,
Italy_313,,,21000.000000,21000.000000,EUR,"21,000 EUR",AI_MISSING,21000.000000
Italy_314,,TYPE:NUMBER,,,,n/a,MISSING_BOTH,
Italy_315,80000.000000,80000,80000.000000,80000.000000,EUR,80000 EUR,MATCH,0.000000
Italy_316,0.000000,TYPE:NUMBER 0,,,,n/a,HUMAN_MISSING,
Italy_32,10000.000000,10000,10000.000000,10000.000000,EUR,10000 EUR,MATCH,0.000000
Italy_33,,,20.000000,20.000000,EUR,20.000 EUR,AI_MISSING,20.000000
Italy_34,0.000000,0,,,,None,HUMAN_MISSING,
Italy_35,,,40000.000000,40000.000000,EUR,40000 EUR,AI_MISSING,40000.000000
Italy_36,100000.000000,100000,100000.000000,100000.000000,EUR,100000 EUR,MATCH,0.000000
Italy_37,8000.000000,8000,8000.000000,8000.000000,EUR,8000 EUR,MATCH,0.000000
Italy_38,0.000000,0,30000.000000,30000.000000,EUR,30000 EUR,CONFLICT,30000.000000
Italy_39,,,2000.000000,2000.000000,EUR,2000 EUR,AI_MISSING,2000.000000
Italy_4,30000.000000,30000,30.000000,30.000000,EUR,30 000 EUR,CONFLICT,29970.000000
Italy_40,18000.000000,TYPE:18000,18000.000000,18000.000000,EUR,18000 EUR,MATCH,0.000000
Italy_41,,,50000.000000,50000.000000,EUR,50000 EUR,AI_MISSING,50000.000000
Italy_42,0.000000,TYPE:0,,,,None,HUMAN_MISSING,
Italy_43,75000.000000,75000,75000.000000,75000.000000,EUR,"75,000 EUR",MATCH,0.000000
Italy_44,,,300000.000000,300000.000000,EUR,300000 EUR,AI_MISSING,300000.000000
Italy_45,4501868.000000,4501868,4501868.000000,4501868.000000,EUR,4501868 EUR,MATCH,0.000000
Italy_46,0.000000,0,,,,None,HUMAN_MISSING,
Italy_47,,TYPE:NUMBER,,,,None,MISSING_BOTH,
Italy_48,0.000000,0,,,,None,HUMAN_MISSING,
Italy_49,0.000000,TYPE:NUMBER 0,,,,None,HUMAN_MISSING,
Italy_5,,,4.000000,4.000000,EUR,4 000 EUR,AI_MISSING,4.000000
Italy_50,0.000000,0,,,,None,HUMAN_MISSING,
Italy_51,,TYPE:NUMBER,,,,None,MISSING_BOTH,
Italy_52,,,84.000000,84.000000,EUR,84.000 EUR,AI_MISSING,84.000000
Italy_53,50000.000000,TYPE:NUMBER 50000,49999.000000,49999.000000,EUR,49999 EUR,MATCH,1.000000
Italy_54,2600000.000000,TYPE:NUMBER 2600000,2600000.000000,2600000.000000,EUR,"€2,600,000",MATCH,0.000000
Italy_55,20000.000000,TYPE:20000,20000.000000,20000.000000,EUR,20000 EUR,MATCH,0.000000
Italy_56,120000.000000,120000,120000.000000,120000.000000,EUR,120000 EUR,MATCH,0.000000
Italy_57,150000.000000,TYPE:150000,150.000000,150.000000,EUR,150.000 EUR,CONFLICT,149850.000000
Italy_58,40000.000000,TYPE:40000,40000.000000,40000.000000,EUR,"40,000 EUR",MATCH,0.000000
Italy_59,20000.000000,20000,20.000000,20.000000,EUR,20.000 EUR,CONFLICT,19980.000000
Italy_6,,,4.000000,4.000000,EUR,4.000 EUR,AI_MISSING,4.000000
Italy_60,2500000.000000,2500000,,,,None,HUMAN_MISSING,
Italy_61,200000.000000,TYPE:200000,200000.000000,200000.000000,EUR,"200,000 EUR",MATCH,0.000000
Italy_62,800000.000000,800000,800000.000000,800000.000000,EUR,"800,000 EUR",MATCH,0.000000
Italy_63,200000.000000,200000,200000.000000,200000.000000,EUR,200000 EUR,MATCH,0.000000
Italy_64,5000.000000,TYPE:NUMBER 5000,5000.000000,5000.000000,EUR,5000 EUR,MATCH,0.000000
Italy_65,3296326.000000,3296326,3000000.000000,3000000.000000,EUR,"3,000,000",CONFLICT,296326.000000
Italy_66,26513977.000000,TYPE:26513977,,,EUR,26.513.877 EUR,HUMAN_MISSING,
Italy_67,400000.000000,TYPE:NUMBER 400000,400000.000000,400000.000000,EUR,400000 EUR,MATCH,0.000000
Italy_68,4000.000000,4000,4000.000000,4000.000000,EUR,4000 EUR,MATCH,0.000000
Italy_69,2000.000000,2000,2000.000000,2000.000000,EUR,2000 EUR,MATCH,0.000000
Italy_7,,,20.000000,20.000000,EUR,20 000 EUR,AI_MISSING,20.000000
Italy_70,40000.000000,40000,40000.000000,40000.000000,EUR,"40,000 EUR",MATCH,0.000000
Italy_71,0.000000,0,,,,None,HUMAN_MISSING,
Italy_72,10000.000000,TYPE:NUMBER 10000,10000.000000,10000.000000,EUR,"10,000 EUR",MATCH,0.000000
Italy_73,20000000.000000,TYPE:20000000,20000000.000000,20000000.000000,EUR,"20,000,000 EUR",MATCH,0.000000
Italy_74,10000.000000,TYPE:10000,10000.000000,10000.000000,EUR,"10,000 EUR",MATCH,0.000000
Italy_75,3500.000000,3500,3500.000000,3500.000000,EUR,3500 EUR,MATCH,0.000000
Italy_76,5000.000000,5000,5000.000000,5000.000000,EUR,5000 EUR,MATCH,0.000000
Italy_77,5000.000000,5000,5000.000000,5000.000000,EUR,5000 EUR,MATCH,0.000000
Italy_78,0.000000,TYPE:0,,,,None,HUMAN_MISSING,
Italy_79,8000.000000,8000,8000.000000,8000.000000,EUR,8000 EUR,MATCH,0.000000
Italy_8,,,4.000000,4.000000,EUR,4.000 EUR,AI_MISSING,4.000000
Italy_80,10000.000000,TYPE:10000,10000.000000,10000.000000,EUR,"10,000 EUR",MATCH,0.000000
Italy_81,40000.000000,40000,40000.000000,40000.000000,EUR,"40,000 EUR",MATCH,0.000000
Italy_82,50000.000000,TYPE:NUMBER 50000,50000.000000,50000.000000,EUR,"50,000 EUR",MATCH,0.000000
Italy_83,,,50000.000000,50000.000000,EUR,50000 EUR,AI_MISSING,50000.000000
Italy_84,1000.000000,1000,1000.000000,1000.000000,EUR,1000 EUR,MATCH,0.000000
Italy_85,,,200.000000,200.000000,EUR,200.000 EUR,AI_MISSING,200.000000
Italy_86,,TYPE:NUMBER,,,,n/a,MISSING_BOTH,
Italy_87,70000.000000,70000,70000.000000,70000.000000,EUR,"70,000 EUR",MATCH,0.000000
Italy_88,40000.000000,TYPE:40000,40000.000000,40000.000000,EUR,"40,000 EUR",MATCH,0.000000
Italy_89,50000.000000,50000,50000.000000,50000.000000,EUR,"50,000 EUR",MATCH,0.000000
Italy_9,0.000000,0,,,,None,HUMAN_MISSING,
Italy_90,0.000000,0,,,,n/a,HUMAN_MISSING,
Italy_91,100000.000000,TYPE:100000,100.000000,100.000000,EUR,100.000 EUR,CONFLICT,99900.000000
Italy_92,0.000000,0,,,,n/a,HUMAN_MISSING,
Italy_93,0.000000,TYPE:0,,,,n/a,HUMAN_MISSING,
Italy_94,0.000000,0,,,,n/a,HUMAN_MISSING,
Italy_95,26000.000000,26000,26000.000000,26000.000000,EUR,"26,000 EUR",MATCH,0.000000
Italy_96,20000.000000,20000,20000.000000,20000.000000,EUR,20000 EUR,MATCH,0.000000
Italy_97,5000.000000,5000,5000.000000,5000.000000,EUR,"5,000 EUR",MATCH,0.000000
Italy_98,20000.000000,20000,20.000000,20.000000,EUR,20.000 EUR,CONFLICT,19980.000000
Italy_99,4000.000000,TYPE:NUMBER 4000,4000.000000,4000.000000,EUR,4000 EUR,MATCH,0.000000
Latvia_1,1000.000000,1000,1000.000000,1000.000000,EUR,"1,000 EUR",MATCH,0.000000
Latvia_10,17495.000000,17495,17495.000000,17495.000000,EUR,"17,495 EUR",MATCH,0.000000
Latvia_11,0.000000,0,,,,n/a,HUMAN_MISSING,
Latvia_12,15000.000000,15000,15000.000000,15000.000000,EUR,15000 EUR,MATCH,0.000000
Latvia_13,1000.000000,TYPE:NUMBER 1000,1000.000000,1000.000000,EUR,"1,000 EUR",MATCH,0.000000
Latvia_14,65000.000000,65000,65000.000000,65000.000000,EUR,65000 EUR,MATCH,0.000000
Latvia_2,,,,,,n/a,MISSING_BOTH,
Latvia_3,6250.000000,6250,,,,None,HUMAN_MISSING,
Latvia_4,0.000000,0,,,,n/a,HUMAN_MISSING,
Latvia_5,,,,,,n/a,MISSING_BOTH,
Latvia_6,1000.000000,TYPE:NUMBER 1000,1000.000000,1000.000000,EUR,"1,000 EUR",MATCH,0.000000
Latvia_7,,,,,,n/a,MISSING_BOTH,
Latvia_8,,,800.000000,800.000000,EUR,800 EUR,AI_MISSING,800.000000
Latvia_9,1200000.000000,TYPE:NUMBER 1200000,1200000.000000,1200000.000000,EUR,"1,200,000 EUR",MATCH,0.000000
Lithuania_1,,,,,,n/a,MISSING_BOTH,
Lithuania_10,20000.000000,20000,20000.000000,20000.000000,EUR,"20,000",MATCH,0.000000
Lithuania_11,110000.000000,TYPE:110000,110.000000,110.000000,EUR,110 EUR,CONFLICT,109890.000000
Lithuania_12,2385276.000000,TYPE:NUMBER 2385276,2385276.000000,2385276.000000,EUR,"2,385,276 EUR",MATCH,0.000000
Lithuania_2,15000.000000,15000,15000.000000,15000.000000,EUR,15000 EUR,MATCH,0.000000
Lithuania_3,12000.000000,12000,15000.000000,15000.000000,EUR,15000 EUR,CONFLICT,3000.000000
Lithuania_4,15000.000000,15000,15000.000000,15000.000000,EUR,15000 EUR,MATCH,0.000000
Lithuania_5,,,,,,n/a,MISSING_BOTH,
Lithuania_6,,,,,,n/a,MISSING_BOTH,
Lithuania_7,2000.000000,TYPE:NUMBER 2000,2000.000000,2000.000000,EUR,"2,000 EUR",MATCH,0.000000
Lithuania_8,0.000000,TYPE:NUMBER 0,,,,n/a,HUMAN_MISSING,
Lithuania_9,0.000000,TYPE:NUMBER 0,,,,n/a,HUMAN_MISSING,
Luxembourg_1,0.000000,TYPE:NUMBER 0,,,,n/a,HUMAN_MISSING,
Luxembourg_10,7600.000000,TYPE:NUMBER 7600,7600.000000,7600.000000,EUR,7600 EUR,MATCH,0.000000
Luxembourg_11,2100.000000,2100,3700.000000,3700.000000,EUR,"3,700 EUR",CONFLICT,1600.000000
Luxembourg_12,5300.000000,TYPE:NUMBER 5300,5300.000000,5300.000000,EUR,5300 EUR,MATCH,0.000000
Luxembourg_13,,TYPE:NUMBER,13200.000000,13200.000000,EUR,13200 EUR,AI_MISSING,13200.000000
Luxembourg_14,18000.000000,18000,18.000000,18.000000,EUR,18.000 EUR,CONFLICT,17982.000000
Luxembourg_15,18700.000000,TYPE:18700,18700.000000,18700.000000,EUR,18700 EUR,MATCH,0.000000
Luxembourg_16,,TYPE:NUMBER,,,,None,MISSING_BOTH,
Luxembourg_17,,TYPE:NUMBER,1500.000000,1500.000000,EUR,1500 EUR,AI_MISSING,1500.000000
Luxembourg_18,6800.000000,6800,6800.000000,6800.000000,EUR,6800 EUR,MATCH,0.000000
Luxembourg_19,,,,,,None,MISSING_BOTH,
Luxembourg_2,,,,,,n/a,MISSING_BOTH,
Luxembourg_20,0.000000,TYPE:NUMBER 0,,,,None,HUMAN_MISSING,
Luxembourg_21,1000.000000,TYPE:NUMBER 1000,1000.000000,1000.000000,EUR,1000 EUR,MATCH,0.000000
Luxembourg_22,18000.000000,18000,18000.000000,18000.000000,EUR,18000,MATCH,0.000000
Luxembourg_23,12500.000000,12500,12500.000000,12500.000000,EUR,12500 EUR,MATCH,0.000000
Luxembourg_24,0.000000,TYPE:0,,,,None,HUMAN_MISSING,
Luxembourg_25,0.000000,TYPE:NUMBER 0,,,,None,HUMAN_MISSING,
Luxembourg_3,2500.000000,TYPE:NUMBER 2500,5330.000000,5330.000000,EUR,"5,330 EUR",CONFLICT,2830.000000
Luxembourg_4,2800.000000,TYPE:NUMBER 2800,2800.000000,2800.000000,EUR,2800 EUR,MATCH,0.000000
Luxembourg_5,2500.000000,2500,2500.000000,2500.000000,EUR,2500 EUR,MATCH,0.000000
Luxembourg_6,,,10000.000000,10000.000000,EUR,"10,000",AI_MISSING,10000.000000
Luxembourg_7,1900.000000,TYPE:1900,1900.000000,1900.000000,EUR,1900 EUR,MATCH,0.000000
Luxembourg_8,1500.000000,TYPE:1500,1500.000000,1500.000000,EUR,"1,500 EUR",MATCH,0.000000
Luxembourg_9,15000.000000,TYPE:15000,15.000000,15.000000,EUR,15.000 EUR,CONFLICT,14985.000000
Malta_1,0.000000,0,,,,n/a,HUMAN_MISSING,
Malta_10,,TYPE:NUMBER,,,,n/a,MISSING_BOTH,
Malta_11,0.000000,0,,,,n/a,HUMAN_MISSING,
Malta_12,20000.000000,20000,20000.000000,20000.000000,EUR,"20,000 EUR",MATCH,0.000000
Malta_13,8000.000000,TYPE:NUMBER 8000,8000.000000,8000.000000,EUR,8000 EUR,MATCH,0.000000
Malta_14,,,,,,n/a,MISSING_BOTH,
Malta_2,,,,,,n/a,MISSING_BOTH,
Malta_3,,,,,,n/a,MISSING_BOTH,
Malta_4,,,2500.000000,2500.000000,EUR,2500 EUR,AI_MISSING,2500.000000
Malta_5,0.000000,TYPE:NUMBER 0,,,,n/a,HUMAN_MISSING,
Malta_6,,,,,,n/a,MISSING_BOTH,
Malta_7,65000.000000,65000,65000.000000,65000.000000,EUR,65000 EUR,MATCH,0.000000
Malta_8,,,,,,n/a,MISSING_BOTH,
Malta_9,0.000000,TYPE:NUMBER 0,,,,n/a,HUMAN_MISSING,
Netherlands_1,12000.000000,12000,12000.000000,12000.000000,EUR,12000,MATCH,0.000000
Netherlands_10,400000.000000,400000,400000.000000,400000.000000,EUR,"€400,000",MATCH,0.000000
Netherlands_11,565000.000000,TYPE:NUMBER 565000,565000.000000,565000.000000,EUR,"565,000 EUR",MATCH,0.000000
Netherlands_12,15000.000000,15000,15000.000000,15000.000000,EUR,"€15,000",MATCH,0.000000
Netherlands_13,2750000.000000,2750000,2750000.000000,2750000.000000,EUR,"2,750,000 EUR",MATCH,0.000000
Netherlands_14,440000.000000,TYPE:NUMBER 440000,440000.000000,440000.000000,EUR,440000 EUR,MATCH,0.000000
Netherlands_15,725000.000000,TYPE:NUMBER 725000,725000.000000,725000.000000,EUR,"725,000 EUR",MATCH,0.000000
Netherlands_16,450000.000000,450000,,,,n/a,HUMAN_MISSING,
Netherlands_17,12000.000000,TYPE:12000,12000.000000,12000.000000,EUR,"12,000 EUR",MATCH,0.000000
Netherlands_18,,,830000.000000,830000.000000,EUR,830000 EUR,AI_MISSING,830000.000000
Netherlands_19,0.000000,0,560.500000,560.500000,EUR,560.5 EUR,CONFLICT,560.500000
Netherlands_2,3700000.000000,TYPE:NUMBER 3700000,3700000.000000,3700000.000000,EUR,"3,700,000 EUR",MATCH,0.000000
Netherlands_20,15000.000000,TYPE:NUMBER 15000,15000.000000,15000.000000,EUR,"15,000 EUR",MATCH,0.000000
Netherlands_21,7500.000000,7500,7500.000000,7500.000000,EUR,"7,500 EUR",MATCH,0.000000
Netherlands_22,460000.000000,460000,460000.000000,460000.000000,EUR,"460,000 EUR",MATCH,0.000000
Netherlands_23,150000.000000,150000,150000.000000,150000.000000,EUR,150000 EUR,MATCH,0.000000
Netherlands_24,725000.000000,725000,725000.000000,725000.000000,EUR,725000 EUR,MATCH,0.000000
Netherlands_25,30000.000000,TYPE:30000,30000.000000,30000.000000,EUR,30000 EUR,MATCH,0.000000
Netherlands_26,525000.000000,525000,525000.000000,525000.000000,EUR,525000 EUR,MATCH,0.000000
Netherlands_27,600000.000000,600000,600000.000000,600000.000000,EUR,"600,000 EUR",MATCH,0.000000
Netherlands_28,0.000000,0,40000.000000,40000.000000,EUR,"40,000 EUR",CONFLICT,40000.000000
Netherlands_29,10000000.000000,10000000,10000000.000000,10000000.000000,EUR,"10,000,000 EUR",MATCH,0.000000
Netherlands_3,750000.000000,750000,750000.000000,750000.000000,EUR,750000 EUR,MATCH,0.000000
Netherlands_30,150000.000000,150000,150000.000000,150000.000000,EUR,"150,000 EUR",MATCH,0.000000
Netherlands_31,4750000.000000,4750000,4750000.000000,4750000.000000,EUR,"4,750,000 EUR",MATCH,0.000000
Netherlands_32,0.000000,0,,,,n/a,HUMAN_MISSING,
Netherlands_33,290000000.000000,TYPE:290000000,290000000.000000,290000000.000000,EUR,"290,000,000 EUR",MATCH,0.000000
Netherlands_34,600000.000000,600000,600000.000000,600000.000000,EUR,"600,000 EUR",MATCH,0.000000
Netherlands_35,0.000000,0,,,,n/a,HUMAN_MISSING,
Netherlands_36,0.000000,0,6000.000000,6000.000000,EUR,"6,000 EUR",CONFLICT,6000.000000
Netherlands_37,0.000000,TYPE:0,,,,n/a,HUMAN_MISSING,
Netherlands_38,0.000000,0,,,,n/a,HUMAN_MISSING,
Netherlands_39,30000.000000,30000,30000.000000,30000.000000,EUR,"30,000 EUR",MATCH,0.000000
Netherlands_4,475000.000000,475000,475000.000000,475000.000000,EUR,475000 EUR,MATCH,0.000000
Netherlands_5,525000.000000,TYPE:NUMBER 525000,525000.000000,525000.000000,EUR,525000 EUR,MATCH,0.000000
Netherlands_6,,NOT_DISCUSSED,600000.000000,600000.000000,EUR,600000 EUR,AI_MISSING,600000.000000
Netherlands_7,525000.000000,525000,525000.000000,525000.000000,EUR,"525,000 EUR",MATCH,0.000000
Netherlands_8,7500.000000,7500,7500.000000,7500.000000,EUR,7500 EUR,MATCH,0.000000
Netherlands_9,150000.000000,TYPE:NUMBER 150000,150000.000000,150000.000000,EUR,"150,000 EUR",MATCH,0.000000
Norway_1,10000000.000000,10000000,890000.000000,10000000.000000,NOK,10000000 NOK,CONFLICT,9110000.000000
Norway_10,250000.000000,250000,111250.000000,1250000.000000,NOK,1250000 NOK,CONFLICT,138750.000000
Norway_11,150000.000000,150000,13350.000000,150000.000000,NOK,150000 NOK,CONFLICT,136650.000000
Norway_12,,,8900.000000,100000.000000,NOK,100000 NOK,AI_MISSING,8900.000000
Norway_13,5000000.000000,5000000,445000.000000,5000000.000000,NOK,5000000 NOK,CONFLICT,4555000.000000
Norway_14,0.000000,TYPE:NUMBER 0,,,,n/a,HUMAN_MISSING,
Norway_15,0.000000,0,,,,n/a,HUMAN_MISSING,
Norway_16,3500.000000,3500,3115.000000,35000.000000,NOK,35000 NOK,CONFLICT,385.000000
Norway_17,400000.000000,400000,35.600000,400.000000,NOK,400 000 NOK,CONFLICT,399964.400000
Norway_18,0.000000,0,,,,n/a,HUMAN_MISSING,
Norway_19,,,2225000.000000,25000000.000000,NOK,25000000 NOK,AI_MISSING,2225000.000000
Norway_2,,,,,,None,MISSING_BOTH,
Norway_20,750000.000000,750000,66750.000000,750000.000000,NOK,750000 NOK,CONFLICT,683250.000000
Norway_21,0.000000,0,,,,None,HUMAN_MISSING,
Norway_22,0.000000,TYPE:NUMBER 0,,,,None,HUMAN_MISSING,
Norway_23,0.000000,TYPE:0,,,,None,HUMAN_MISSING,
Norway_24,400000.000000,400000,35600.000000,400000.000000,NOK,400000 NOK,CONFLICT,364400.000000
Norway_25,1000000.000000,1000000,89000.000000,1000000.000000,NOK,1000000 NOK,CONFLICT,911000.000000
Norway_26,75000.000000,75000,6675.000000,75000.000000,NOK,75000 NOK,CONFLICT,68325.000000
Norway_27,250000.000000,250000,22250.000000,250000.000000,NOK,250000 NOK,CONFLICT,227750.000000
Norway_28,0.000000,TYPE:NUMBER 0,,,,None,HUMAN_MISSING,
Norway_29,200000.000000,200000,17800.000000,200000.000000,NOK,200000 NOK,CONFLICT,182200.000000
Norway_3,0.000000,0,,,,None,HUMAN_MISSING,
Norway_30,1000000.000000,TYPE:1000000,89000.000000,1000000.000000,NOK,1000000 NOK,CONFLICT,911000.000000
Norway_31,,,,,,None,MISSING_BOTH,
Norway_32,,,,,,None,MISSING_BOTH,
Norway_33,300000.000000,TYPE:NUMBER 300000,26700.000000,300000.000000,NOK,300000 NOK,CONFLICT,273300.000000
Norway_34,100000000.000000,100000000,8900000.000000,100000000.000000,NOK,100000000 NOK,CONFLICT,91100000.000000
Norway_35,,,5785000.000000,65000000.000000,NOK,65000000 NOK,AI_MISSING,5785000.000000
Norway_36,0.000000,0,,,,None,HUMAN_MISSING,
Norway_37,0.000000,0,,,,n/a,HUMAN_MISSING,
Norway_38,50000.000000,50000,4450.000000,50000.000000,NOK,50000 NOK,CONFLICT,45550.000000
Norway_39,200000.000000,200000,17800.000000,200000.000000,NOK,200000 NOK,CONFLICT,182200.000000
Norway_4,1600000.000000,1600000,142400.000000,1600000.000000,NOK,"1,600,000 NOK",CONFLICT,1457600.000000
Norway_40,500000.000000,TYPE:NUMBER 500000,44500.000000,500000.000000,NOK,"500,000 NOK",CONFLICT,455500.000000
Norway_41,400000.000000,400000,22250.000000,250000.000000,NOK,"250,000 NOK",CONFLICT,377750.000000
Norway_42,500000.000000,TYPE:NUMBER 500000,44500.000000,500000.000000,NOK,"500,000 NOK",CONFLICT,455500.000000
Norway_43,300000.000000,TYPE:300000,13350.000000,150000.000000,NOK,150000 NOK,CONFLICT,286650.000000
Norway_44,100000.000000,100000,8900.000000,100000.000000,NOK,100000 NOK,CONFLICT,91100.000000
Norway_45,150000.000000,150000,13350.000000,150000.000000,NOK,"150,000 NOK",CONFLICT,136650.000000
Norway_46,750000.000000,750000,66750.000000,750000.000000,NOK,750000 NOK,CONFLICT,683250.000000
Norway_47,,TYPE:NUMBER,8900.000000,100000.000000,NOK,100000 NOK,AI_MISSING,8900.000000
Norway_48,125000.000000,125000,11125.000000,125000.000000,NOK,125000 NOK,CONFLICT,113875.000000
Norway_49,40000.000000,40000,35600.000000,400000.000000,NOK,"400,000 NOK",CONFLICT,4400.000000
Norway_5,1200000.000000,1200000,106800.000000,1200000.000000,NOK,"1,200,000 NOK",CONFLICT,1093200.000000
Norway_50,0.000000,TYPE:NUMBER 0,,,,None,HUMAN_MISSING,
Norway_51,150000.000000,150000,13350.000000,150000.000000,NOK,150000 NOK,CONFLICT,136650.000000
Norway_52,5000000.000000,TYPE:NUMBER 5000000,445000.000000,5000000.000000,NOK,5000000 NOK,CONFLICT,4555000.000000
Norway_53,0.000000,0,,,,None,HUMAN_MISSING,
Norway_54,200000.000000,200000,178000.000000,2000000.000000,NOK,"2,000,000 NOK",CONFLICT,22000.000000
Norway_55,0.000000,TYPE:0,,,,n/a,HUMAN_MISSING,
Norway_56,0.000000,0,,,,n/a,HUMAN_MISSING,
Norway_57,200000.000000,200000,17.800000,200.000000,NOK,200.000 NOK,CONFLICT,199982.200000
Norway_58,0.000000,0,,,,None,HUMAN_MISSING,
Norway_59,400000.000000,TYPE:NUMBER 400000,356000.000000,4000000.000000,NOK,4000000 NOK,CONFLICT,44000.000000
Norway_6,1000000.000000,1000000,89000.000000,1000000.000000,NOK,"1,000,000 NOK",CONFLICT,911000.000000
Norway_60,5000000.000000,TYPE:NUMBER 5000000,445000.000000,5000000.000000,NOK,5000000 NOK,CONFLICT,4555000.000000
Norway_61,,TYPE:NUMBER,,,,n/a,MISSING_BOTH,
Norway_62,,TYPE:NUMBER,26700.000000,300000.000000,NOK,300000 NOK,AI_MISSING,26700.000000
Norway_63,200000.000000,200000,17800.000000,200000.000000,NOK,200000 NOK,CONFLICT,182200.000000
Norway_64,0.000000,0,,,,n/a,HUMAN_MISSING,
Norway_65,50000.000000,50000,4450.000000,50000.000000,NOK,50000 NOK,CONFLICT,45550.000000
Norway_66,0.000000,TYPE:NUMBER 0,,,,n/a,HUMAN_MISSING,
Norway_67,2500000.000000,2500000,222500.000000,2500000.000000,NOK,2500000 NOK,CONFLICT,2277500.000000
Norway_68,300000.000000,TYPE:300000,26700.000000,300000.000000,NOK,300000 NOK,CONFLICT,273300.000000
Norway_69,0.000000,0,,,,n/a,HUMAN_MISSING,
Norway_7,0.000000,0,,,,None,HUMAN_MISSING,
Norway_70,0.000000,TYPE:0,,,,None,HUMAN_MISSING,
Norway_71,4000000.000000,4000000,356000.000000,4000000.000000,NOK,"4,000,000 NOK",CONFLICT,3644000.000000
Norway_72,0.000000,0,,,,n/a,HUMAN_MISSING,
Norway_73,,NOT_DISCUSSED,1780000.000000,20000000.000000,NOK,"20,000,000 NOK",AI_MISSING,1780000.000000
Norway_74,20000000.000000,20000000,1780000.000000,20000000.000000,NOK,20000000 NOK,CONFLICT,18220000.000000
Norway_75,0.000000,0,,,,n/a,HUMAN_MISSING,
Norway_76,0.000000,0,,,,n/a,HUMAN_MISSING,
Norway_77,0.000000,0,,,,n/a,HUMAN_MISSING,
Norway_78,150000.000000,TYPE:NUMBER 150000,13350.000000,150000.000000,NOK,"150,000 NOK",CONFLICT,136650.000000
Norway_79,0.000000,TYPE:NUMBER 0,,,,n/a,HUMAN_MISSING,
Norway_8,,NOT_DISCUSSED,267000.000000,3000000.000000,NOK,3000000 NOK,AI_MISSING,267000.000000
Norway_80,0.000000,0,,,,n/a,HUMAN_MISSING,
Norway_81,0.000000,0,,,,None,HUMAN_MISSING,
Norway_82,250000.000000,250000,22250.000000,250000.000000,NOK,"NOK 250,000 NOK",CONFLICT,227750.000000
Norway_83,0.000000,TYPE:NUMBER 0,,,,n/a,HUMAN_MISSING,
Norway_9,100000.000000,100000,89000.000000,1000000.000000,NOK,1000000 NOK,CONFLICT,11000.000000
Poland_1,460000.000000,460000,452760.520000,1968524.000000,PLN,1968524 PLN,CONFLICT,7239.480000
Poland_10,0.000000,0,,,,None,HUMAN_MISSING,
Poland_11,,,,,,n/a,MISSING_BOTH,
Poland_12,5000.000000,5000,5229.970000,22739.000000,PLN,22739 PLN,CONFLICT,229.970000
Poland_13,5000.000000,5000,5229.970000,22739.000000,PLN,22739 PLN,CONFLICT,229.970000
Poland_14,60000.000000,60000,13800.000000,60000.000000,PLN,"60,000 PLN",CONFLICT,46200.000000
Poland_15,0.000000,0,,,,None,HUMAN_MISSING,
Poland_16,15994.000000,15994,3680.000000,16000.000000,PLN,"16,000 PLN",CONFLICT,12314.000000
Poland_17,1599395.000000,TYPE:1599395,452760.520000,1968524.000000,PLN,"1,968,524 PLN",CONFLICT,1146634.480000
Poland_18,45697.000000,45697,9738.000000,9738.000000,EUR,"9,738 EUR",CONFLICT,35959.000000
Poland_19,0.000000,0,,,,None,HUMAN_MISSING,
Poland_2,0.000000,TYPE:0,,,,None,HUMAN_MISSING,
Poland_20,100000.000000,100000,23000.000000,100000.000000,PLN,100000 PLN,CONFLICT,77000.000000
Poland_21,576220.000000,576220,132530.600000,576220.000000,PLN,576220 PLN,CONFLICT,443689.400000
Poland_22,1440549.000000,1440549,331326.270000,1440549.000000,PLN,"1,440,549 PLN",CONFLICT,1109222.730000
Poland_23,,,246065.500000,1069850.000000,PLN,1069850 PLN,AI_MISSING,246065.500000
Poland_24,100000.000000,100000,22000.000000,22000.000000,EUR,22000 EUR,CONFLICT,78000.000000
Poland_25,4911732.000000,4911732,1129698.360000,4911732.000000,PLN,4911732 PLN,CONFLICT,3782033.640000
Poland_26,1527855.000000,1527855,351.406650,1527.855000,PLN,1.527.855 PLN,CONFLICT,1527503.593350
Poland_27,45000.000000,45000,10350.000000,45000.000000,PLN,"45,000 PLN",CONFLICT,34650.000000
Poland_28,0.000000,0,,,,None,HUMAN_MISSING,
Poland_29,1136975.000000,1136975,261504.250000,1136975.000000,PLN,1136975.00 PLN,CONFLICT,875470.750000
Poland_3,3505.160000,3505.16,3500.000000,3500.000000,EUR,3500 EUR,CONFLICT,5.160000
Poland_30,16932657.000000,16932657,3894511.110000,16932657.000000,PLN,"16,932,657 PLN",CONFLICT,13038145.890000
Poland_31,353589.000000,353589,81325.470000,353589.000000,PLN,"353,589 PLN",CONFLICT,272263.530000
Poland_32,4053173.000000,4053173,932229.790000,4053173.000000,PLN,"4,053,173 PLN",CONFLICT,3120943.210000
Poland_33,100000.000000,TYPE:NUMBER 100000,6238707.680000,27124816.000000,PLN,"27,124,816 PLN",CONFLICT,6138707.680000
Poland_34,159176.000000,159176,36800.000000,160000.000000,PLN,160000 PLN,CONFLICT,122376.000000
Poland_35,1145891.000000,TYPE:NUMBER 1145891,263554.930000,1145891.000000,PLN,1145891 PLN,CONFLICT,882336.070000
Poland_36,20000.000000,20000,19685.240000,85588.000000,PLN,85588 PLN,CONFLICT,314.760000
Poland_37,25000.000000,25000,5750.000000,25000.000000,PLN,25000 PLN,CONFLICT,19250.000000
Poland_38,29684.040000,29684.04,6827.320000,29684.000000,PLN,"29,684 PLN",CONFLICT,22856.720000
Poland_39,136437.000000,136437,30000.000000,30000.000000,EUR,30000 EUR,CONFLICT,106437.000000
Poland_4,1168.000000,1168,1170.000000,1170.000000,EUR,1170 EUR,CONFLICT,2.000000
Poland_40,8000.000000,8000,1700.000000,1700.000000,EUR,"1,700 EUR",CONFLICT,6300.000000
Poland_41,13644.000000,13644,3138.120000,13644.000000,PLN,13644 PLN,CONFLICT,10505.880000
Poland_42,30000.000000,30000,6900.000000,30000.000000,PLN,"30,000 PLN",CONFLICT,23100.000000
Poland_43,80000.000000,80000,83681.360000,363832.000000,PLN,363832 PLN,CONFLICT,3681.360000
Poland_44,10000.000000,"TYPE:NUMBER,10000",2300.000000,10000.000000,PLN,10000 PLN,CONFLICT,7700.000000
Poland_45,18000.000000,TYPE:18000,18000.000000,18000.000000,EUR,18000 EUR,MATCH,0.000000
Poland_46,2500.000000,2500,529.000000,529.000000,EUR,529 EUR,CONFLICT,1971.000000
Poland_47,238345.000000,238345,54819.350000,238345.000000,PLN,"238,345 PLN",CONFLICT,183525.650000
Poland_48,1556.000000,1556,357.880000,1556.000000,PLN,"1,556 PLN",CONFLICT,1198.120000
Poland_49,23580.000000,23580,5400.000000,5400.000000,EUR,"5,400 EUR",CONFLICT,18180.000000
Poland_5,23256.000000,23256,,,,None,HUMAN_MISSING,
Poland_50,545748.000000,545748,125.522040,545.748000,PLN,545.748 PLN,CONFLICT,545622.477960
Poland_51,85000.000000,85000,19550.000000,85000.000000,PLN,"85,000 PLN",CONFLICT,65450.000000
Poland_52,10000.000000,10000,2300.000000,10000.000000,PLN,"10,000 PLN",CONFLICT,7700.000000
Poland_53,10000.000000,10000,2324.000000,2324.000000,EUR,"2,324 EUR",CONFLICT,7676.000000
Poland_54,11790.000000,11790,2711.700000,11790.000000,PLN,"11,790 PLN",CONFLICT,9078.300000
Poland_55,51876.000000,51876,11931.480000,51876.000000,PLN,"51,876 PLN",CONFLICT,39944.520000
Poland_56,1440549.000000,1440549,330000.000000,330000.000000,EUR,"330,000 EUR",CONFLICT,1110549.000000
Poland_57,33012.000000,33012,7592.760000,33012.000000,PLN,33012 PLN,CONFLICT,25419.240000
Poland_58,0.000000,TYPE:0,,,,n/a,HUMAN_MISSING,
Poland_59,0.000000,0,,,,n/a,HUMAN_MISSING,
Poland_6,85588.000000,85588,19685.240000,85588.000000,PLN,85588 PLN,CONFLICT,65902.760000
Poland_60,50000.000000,50000,11500.000000,50000.000000,PLN,50000 PLN,CONFLICT,38500.000000
Poland_61,660000.000000,660000,650994.300000,2830410.000000,PLN,2830410 PLN,CONFLICT,9005.700000
Poland_62,47000.000000,47000,47120.000000,47120.000000,EUR,"47,120 EUR",CONFLICT,120.000000
Poland_63,0.000000,TYPE:NUMBER 0,,,,None,HUMAN_MISSING,
Poland_64,40000.000000,40000,9200.000000,40000.000000,PLN,"40,000 PLN",CONFLICT,30800.000000
Poland_65,20000.000000,20000,4.600000,20.000000,PLN,20.000 PLN,CONFLICT,19995.400000
Poland_7,3000.000000,3000,2952.740000,12838.000000,PLN,12838 PLN,CONFLICT,47.260000
Poland_8,5000.000000,5000,4921.310000,21397.000000,PLN,21397 PLN,CONFLICT,78.690000
Poland_9,18192.000000,18192,4184.160000,18192.000000,PLN,18192 PLN,CONFLICT,14007.840000
Portugal_1,400000.000000,400000,400000.000000,400000.000000,EUR,400000 EUR,MATCH,0.000000
Portugal_10,170000.000000,170000,170000.000000,170000.000000,EUR,170000 EUR,MATCH,0.000000
Portugal_11,4300000.000000,TYPE:4300000,,,,n/a,HUMAN_MISSING,
Portugal_12,0.000000,0,,,,n/a,HUMAN_MISSING,
Portugal_13,0.000000,0,,,,n/a,HUMAN_MISSING,
Portugal_2,,,20.000000,20.000000,EUR,20.000 EUR,AI_MISSING,20.000000
Portugal_3,2000.000000,TYPE:NUMBER 2000,2000.000000,2000.000000,EUR,2000 EUR,MATCH,0.000000
Portugal_4,2000.000000,TYPE:NUMBER 2000,2000.000000,2000.000000,EUR,2000 EUR,MATCH,0.000000
Portugal_5,107000.000000,107000,107.000000,107.000000,EUR,107.000 EUR,CONFLICT,106893.000000
Portugal_6,,,,,,n/a,MISSING_BOTH,
Portugal_7,,,2500.000000,2500.000000,EUR,2500 EUR,AI_MISSING,2500.000000
Portugal_8,,,,,,None,MISSING_BOTH,
Portugal_9,,,125000000.000000,125000000.000000,EUR,"1250000,00 EUR",AI_MISSING,125000000.000000
Romania_1,500.000000,500,492.500000,2462.500000,RON,"2,462.5 RON",CONFLICT,7.500000
Romania_10,17000.000000,17000,17000.000000,17000.000000,EUR,17000 EUR,MATCH,0.000000
Romania_100,2000.000000,2000,2000.000000,2000.000000,EUR,2000 EUR,MATCH,0.000000
Romania_101,3000.000000,TYPE:3000,3043.800000,15219.000000,RON,"15,219 RON",CONFLICT,43.800000
Romania_102,1000.000000,1000,1000.000000,1000.000000,EUR,1000 EUR,MATCH,0.000000
Romania_103,1000.000000,1000,1000.000000,1000.000000,EUR,1000 EUR,MATCH,0.000000
Romania_104,,,2000.000000,2000.000000,EUR,2000 EUR,AI_MISSING,2000.000000
Romania_105,,,2000.000000,2000.000000,EUR,2000 EUR,AI_MISSING,2000.000000
Romania_106,,,1000.000000,1000.000000,EUR,1000 EUR,AI_MISSING,1000.000000
Romania_107,2000.000000,TYPE:NUMBER 2000,1970.280000,9851.400000,RON,9851.40 RON,CONFLICT,29.720000
Romania_108,6000.000000,6000,6000.000000,6000.000000,EUR,6000 EUR,MATCH,0.000000
Romania_109,3000.000000,TYPE:3000,3000.000000,3000.000000,EUR,3000 EUR,MATCH,0.000000
Romania_11,2000.000000,2000,2000.000000,2000.000000,EUR,"2,000 EUR",MATCH,0.000000
Romania_110,10000.000000,10000,12749.600000,63748.000000,RON,63748 RON,CONFLICT,2749.600000
Romania_111,,,14922.300000,74611.500000,RON,"74,611.50 RON",AI_MISSING,14922.300000
Romania_112,2000.000000,TYPE:2000,,,,n/a,HUMAN_MISSING,
Romania_113,1500.000000,1500,2900.000000,2900.000000,EUR,2900 EUR,CONFLICT,1400.000000
Romania_114,,TYPE:NUMBER,2986.000000,14930.000000,RON,"14,930 RON",AI_MISSING,2986.000000
Romania_115,,,4045.200000,20226.000000,RON,"20,226 RON",AI_MISSING,4045.200000
Romania_116,2000.000000,2000,1970.200000,9851.000000,RON,9851 RON,CONFLICT,29.800000
Romania_117,3000.000000,TYPE:NUMBER 3000,2.985840,14.929200,RON,"14.929,20 RON",CONFLICT,2997.014160
Romania_118,,,2000.000000,2000.000000,EUR,2000 EUR,AI_MISSING,2000.000000
Romania_119,2000.000000,TYPE:2000,2000.000000,2000.000000,EUR,2000 EUR,MATCH,0.000000
Romania_12,110000.000000,TYPE:110000,100000.000000,100000.000000,EUR,"100,000 EUR",CONFLICT,10000.000000
Romania_120,0.000000,TYPE:NUMBER 0,,,,n/a,HUMAN_MISSING,
Romania_121,5000.000000,5000,5.000000,5.000000,EUR,5.000 EUR,CONFLICT,4995.000000
Romania_122,3000.000000,TYPE:3000,3.000000,3.000000,EUR,3.000 EUR,CONFLICT,2997.000000
Romania_123,3000.000000,3000,3.000000,3.000000,EUR,3.000 EUR,CONFLICT,2997.000000
Romania_124,2500.000000,2500,2500.000000,2500.000000,EUR,"2,500 EUR",MATCH,0.000000
Romania_125,1000.000000,TYPE:NUMBER 1000,1000.000000,1000.000000,EUR,1000 EUR,MATCH,0.000000
Romania_126,3000.000000,TYPE:3000,3000.000000,3000.000000,EUR,3000 EUR,MATCH,0.000000
Romania_127,3000.000000,3000,3000.000000,3000.000000,EUR,3000 EUR,MATCH,0.000000
Romania_128,,TYPE:NUMBER,20000.000000,20000.000000,EUR,"20,000 EUR",AI_MISSING,20000.000000
Romania_129,5000.000000,5000,5000.000000,5000.000000,EUR,5000 EUR,MATCH,0.000000
Romania_13,4000.000000,TYPE:4000,,,,n/a,HUMAN_MISSING,
Romania_130,,TYPE:NUMBER,2000.000000,2000.000000,EUR,2000 EUR,AI_MISSING,2000.000000
Romania_131,2000.000000,2000,1989.240000,9946.200000,RON,"9,946.2 RON",CONFLICT,10.760000
Romania_132,2000.000000,2000,1989.800000,9949.000000,RON,"9,949 RON",CONFLICT,10.200000
Romania_133,0.000000,TYPE:0,,,,n/a,HUMAN_MISSING,
Romania_134,150.000000,150,150.000000,150.000000,EUR,150 EUR,MATCH,0.000000
Romania_135,1000.000000,TYPE:1000,995.460000,4977.300000,RON,"4,977.3 RON",CONFLICT,4.540000
Romania_136,25000.000000,25000,24886.500000,124432.500000,RON,"124,432.50 RON",CONFLICT,113.500000
Romania_137,1000.000000,TYPE:NUMBER 1000,995.400000,4977.000000,RON,"4,977 RON",CONFLICT,4.600000
Romania_138,,TYPE:NUMBER,2986.200000,14931.000000,RON,"14,931 RON",AI_MISSING,2986.200000
Romania_139,2000.000000,TYPE:2000,1998.800000,9994.000000,RON,"9,994 RON",CONFLICT,1.200000
Romania_14,10000.000000,TYPE:NUMBER 10000,3929.200000,19646.000000,RON,"19,646 RON",CONFLICT,6070.800000
Romania_140,40000.000000,40000,39804.000000,199020.000000,RON,"199,020 RON",CONFLICT,196.000000
Romania_141,3000.000000,TYPE:NUMBER 3000,2985.000000,14925.000000,RON,"14,925 RON",CONFLICT,15.000000
Romania_142,,TYPE:NUMBER,2985.000000,14925.000000,RON,"14,925 RON",AI_MISSING,2985.000000
Romania_143,300.000000,TYPE:NUMBER 300,296.196000,1480.980000,RON,"1,480.98 RON",CONFLICT,3.804000
Romania_144,5000.000000,TYPE:5000,5000.000000,5000.000000,EUR,"5,000 EUR",MATCH,0.000000
Romania_145,1000.000000,TYPE:NUMBER 1000,1000.000000,1000.000000,EUR,1000 EUR,MATCH,0.000000
Romania_146,28000.000000,TYPE:28000,28000.000000,28000.000000,EUR,"28,000 EUR",MATCH,0.000000
Romania_147,,,8000.000000,8000.000000,EUR,"8,000 EUR",AI_MISSING,8000.000000
Romania_148,5000.000000,5000,4970.900000,24854.500000,RON,24854.50 RON,CONFLICT,29.100000
Romania_149,,,3000.000000,3000.000000,EUR,3000 EUR,AI_MISSING,3000.000000
Romania_15,1000.000000,TYPE:NUMBER 1000,983.720000,4918.600000,RON,"4,918.60 RON",CONFLICT,16.280000
Romania_150,5000.000000,5000,5000.000000,5000.000000,EUR,5000 EUR,MATCH,0.000000
Romania_151,2000.000000,2000,1936.000000,9680.000000,RON,9680 RON,CONFLICT,64.000000
Romania_152,15000.000000,TYPE:15000,14912.400000,74562.000000,RON,"74,562 RON",CONFLICT,87.600000
Romania_153,2000.000000,2000,2000.000000,2000.000000,EUR,2000 EUR,MATCH,0.000000
Romania_154,1000.000000,TYPE:1000,1000.000000,1000.000000,EUR,"1,000 EUR",MATCH,0.000000
Romania_155,12000.000000,12000,11945.200000,59726.000000,RON,"59,726 RON",CONFLICT,54.800000
Romania_156,5000.000000,5000,4836.500000,24182.500000,RON,24182.50 RON,CONFLICT,163.500000
Romania_157,,TYPE:NUMBER,2000.000000,2000.000000,EUR,2000 EUR,AI_MISSING,2000.000000
Romania_158,2000.000000,TYPE:2000,2000.000000,2000.000000,EUR,2000 EUR,MATCH,0.000000
Romania_159,,TYPE:NUMBER,5977.200000,29886.000000,RON,"29,886 RON",AI_MISSING,5977.200000
Romania_16,,TYPE:NUMBER,3000.000000,3000.000000,EUR,3000 EUR,AI_MISSING,3000.000000
Romania_160,,,1989.960000,9949.800000,RON,"9,949.8 RON",AI_MISSING,1989.960000
Romania_161,5000.000000,TYPE:NUMBER 5000,4973.200000,24866.000000,RON,"24,866 RON",CONFLICT,26.800000
Romania_162,10000.000000,TYPE:10000,10000.000000,10000.000000,EUR,"10,000 EUR",MATCH,0.000000
Romania_163,2000.000000,TYPE:NUMBER 2000,2000.000000,10000.000000,RON,"10,000 RON",MATCH,0.000000
Romania_164,15000.000000,15000,14932.200000,74661.000000,RON,"74,661 RON",CONFLICT,67.800000
Romania_165,5000.000000,TYPE:NUMBER 5000,,,,n/a,HUMAN_MISSING,
Romania_166,15000.000000,15000,14930.400000,74652.000000,RON,"74,652 RON",CONFLICT,69.600000
Romania_167,,TYPE:NUMBER,1990.600000,9953.000000,RON,"9,953 RON",AI_MISSING,1990.600000
Romania_168,,,1979.600000,9898.000000,RON,9898 RON,AI_MISSING,1979.600000
Romania_169,,,1.990800,9.954000,RON,9.954 RON,AI_MISSING,1.990800
Romania_17,70000.000000,70000,70000.000000,70000.000000,EUR,"70,000 EUR",MATCH,0.000000
Romania_170,4000.000000,TYPE:NUMBER 4000,4000.000000,4000.000000,EUR,4000 EUR,MATCH,0.000000
Romania_171,15000.000000,15000,14905.200000,74526.000000,RON,"74,526 RON",CONFLICT,94.800000
Romania_172,3000.000000,TYPE:3000,3000.000000,3000.000000,EUR,3000 EUR,MATCH,0.000000
Romania_173,,,2000.000000,2000.000000,EUR,"2,000 EUR",AI_MISSING,2000.000000
Romania_174,0.000000,0,,,,None,HUMAN_MISSING,
Romania_175,0.000000,0,,,,None,HUMAN_MISSING,
Romania_176,20000.000000,20000,19903.600000,99518.000000,RON,"99,518 RON",CONFLICT,96.400000
Romania_177,10000.000000,10000,9953.200000,49766.000000,RON,"49,766 RON",CONFLICT,46.800000
Romania_18,5000.000000,TYPE:5000,5000.000000,5000.000000,EUR,5000 EUR,MATCH,0.000000
Romania_19,10000.000000,10000,2000.000000,10000.000000,RON,"10,000 RON",CONFLICT,8000.000000
Romania_2,2000.000000,TYPE:2000,2000.000000,2000.000000,EUR,"2,000 EUR",MATCH,0.000000
Romania_20,1000.000000,TYPE:NUMBER 1000,1000.000000,1000.000000,EUR,1000 EUR,MATCH,0.000000
Romania_21,,TYPE:NUMBER,3000.000000,3000.000000,EUR,3000 EUR,AI_MISSING,3000.000000
Romania_22,,,2000.000000,2000.000000,EUR,2000 EUR,AI_MISSING,2000.000000
Romania_23,,,33000.000000,33000.000000,EUR,33000 EUR,AI_MISSING,33000.000000
Romania_24,3000.000000,TYPE:NUMBER 3000,2955.960000,14779.800000,RON,"14,779.80 RON",CONFLICT,44.040000
Romania_25,,TYPE:NUMBER,200.000000,1000.000000,RON,"1,000 RON",AI_MISSING,200.000000
Romania_26,2000.000000,2000,2000.000000,10000.000000,RON,"10,000 RON",MATCH,0.000000
Romania_27,,TYPE:NUMBER,10106.600000,50533.000000,RON,"50,533 RON",AI_MISSING,10106.600000
Romania_28,3000.000000,3000,3000.000000,3000.000000,EUR,3000 EUR,MATCH,0.000000
Romania_29,1000.000000,1000,1000.000000,1000.000000,EUR,"1,000 EUR",MATCH,0.000000
Romania_3,3000.000000,3000,3000.000000,3000.000000,EUR,3000 EUR,MATCH,0.000000
Romania_30,10000.000000,10000,2000.000000,10000.000000,RON,10000 RON,CONFLICT,8000.000000
Romania_31,7000.000000,TYPE:7000,7000.000000,7000.000000,EUR,7000 EUR,MATCH,0.000000
Romania_32,500.000000,TYPE:NUMBER 500,500.000000,500.000000,EUR,500 EUR,MATCH,0.000000
Romania_33,2000.000000,TYPE:NUMBER 2000,2.000000,2.000000,EUR,2.000 EUR,CONFLICT,1998.000000
Romania_34,25000.000000,25000,25000.000000,25000.000000,EUR,25000 EUR,MATCH,0.000000
Romania_35,,,4977.000000,24885.000000,RON,"24,885 RON",AI_MISSING,4977.000000
Romania_36,5000.000000,5000,5000.000000,5000.000000,EUR,"5,000 EUR",MATCH,0.000000
Romania_37,2000.000000,TYPE:2000,2000.000000,2000.000000,EUR,"2,000 EUR",MATCH,0.000000
Romania_38,5000.000000,5000,4976.600000,24883.000000,RON,"24,883 RON",CONFLICT,23.400000
Romania_39,,,9544.400000,47722.000000,RON,"47,722 RON",AI_MISSING,9544.400000
Romania_4,3000.000000,TYPE:NUMBER 3000,2951.520000,14757.600000,RON,"14,757.60 RON",CONFLICT,48.480000
Romania_40,,TYPE:NUMBER,2000.000000,2000.000000,EUR,2000 EUR,AI_MISSING,2000.000000
Romania_41,4000.000000,TYPE:4000,3980.400000,19902.000000,RON,"19,902 RON",CONFLICT,19.600000
Romania_42,2000.000000,TYPE:2000,2000.000000,2000.000000,EUR,"2,000 EUR",MATCH,0.000000
Romania_43,2000.000000,TYPE:NUMBER 2000,1937.320000,9686.600000,RON,"9,686.60 RON",CONFLICT,62.680000
Romania_44,,,1976.600000,9883.000000,RON,"9,883 RON",AI_MISSING,1976.600000
Romania_45,1000.000000,1000,1000.000000,1000.000000,EUR,"1,000 EUR",MATCH,0.000000
Romania_46,12000.000000,12000,12000.000000,12000.000000,EUR,12000 EUR,MATCH,0.000000
Romania_47,2000.000000,2000,400.000000,2000.000000,RON,"2,000 RON",CONFLICT,1600.000000
Romania_48,1500.000000,1500,2500.000000,2500.000000,EUR,"2,500 EUR",CONFLICT,1000.000000
Romania_49,3000.000000,3000,3028.320000,15141.600000,RON,"15,141.60 RON",CONFLICT,28.320000
Romania_5,500.000000,TYPE:500,500.000000,500.000000,EUR,500 EUR,MATCH,0.000000
Romania_50,200.000000,200,200.000000,200.000000,EUR,200 EUR,MATCH,0.000000
Romania_51,500.000000,TYPE:NUMBER 500,500.000000,500.000000,EUR,500 EUR,MATCH,0.000000
Romania_52,4000.000000,4000,10057.360000,50286.800000,RON,"50,286.80 RON",CONFLICT,6057.360000
Romania_53,5000.000000,5000,4977.400000,24887.000000,RON,"24,887 RON",CONFLICT,22.600000
Romania_54,5000.000000,TYPE:NUMBER 5000,25226.500000,25226.500000,EUR,"25,226.50 EUR",CONFLICT,20226.500000
Romania_55,,,20000.000000,20000.000000,EUR,"20,000 EUR",AI_MISSING,20000.000000
Romania_56,7000.000000,7000,7000.000000,7000.000000,EUR,7000 EUR,MATCH,0.000000
Romania_57,18000.000000,18000,,,,n/a,HUMAN_MISSING,
Romania_58,2000.000000,2000,2000.000000,2000.000000,EUR,2000 EUR,MATCH,0.000000
Romania_59,100000.000000,100000,100.000000,100.000000,EUR,100.0000 EUR,CONFLICT,99900.000000
Romania_6,,TYPE:NUMBER,3000.000000,3000.000000,EUR,"3,000 EUR",AI_MISSING,3000.000000
Romania_60,1000.000000,TYPE:NUMBER 1000,995.420000,4977.100000,RON,"4,977.10 RON",CONFLICT,4.580000
Romania_61,2000.000000,TYPE:NUMBER 2000,2000.000000,2000.000000,EUR,2000 EUR,MATCH,0.000000
Romania_62,1000.000000,TYPE:NUMBER 1000,995.180000,4975.900000,RON,"4,975.90 RON",CONFLICT,4.820000
Romania_63,7000.000000,TYPE:NUMBER 7000,7000.000000,7000.000000,EUR,7000 EUR,MATCH,0.000000
Romania_64,,,4000.000000,4000.000000,EUR,4000 EUR,AI_MISSING,4000.000000
Romania_65,2000.000000,TYPE:NUMBER 2000,2000.000000,2000.000000,EUR,2000 EUR,MATCH,0.000000
Romania_66,,,2985.900000,14929.500000,RON,"14,929.50 RON",AI_MISSING,2985.900000
Romania_67,2000.000000,2000,2000.000000,2000.000000,EUR,2000 EUR,MATCH,0.000000
Romania_68,5000.000000,TYPE:5000,5000.000000,5000.000000,EUR,5000 EUR,MATCH,0.000000
Romania_69,40000.000000,TYPE:40000,40000.000000,40000.000000,EUR,40000 EUR,MATCH,0.000000
Romania_7,3000.000000,TYPE:3000,3000.000000,3000.000000,EUR,3000 EUR,MATCH,0.000000
Romania_70,2500.000000,TYPE:2500,2500.000000,2500.000000,EUR,2500 EUR,MATCH,0.000000
Romania_71,4000.000000,4000,4000.000000,4000.000000,EUR,4000 EUR,MATCH,0.000000
Romania_72,10000.000000,10000,10000.000000,10000.000000,EUR,"10,000",MATCH,0.000000
Romania_73,4000.000000,TYPE:NUMBER 4000,4000.000000,4000.000000,EUR,4000 EUR,MATCH,0.000000
Romania_74,3000.000000,3000,3000.000000,3000.000000,EUR,3000 EUR,MATCH,0.000000
Romania_75,1000.000000,TYPE:1000,995.340000,4976.700000,RON,"4,976.70 RON",CONFLICT,4.660000
Romania_76,2000.000000,2000,1989.520000,9947.600000,RON,"9,947.60 RON",CONFLICT,10.480000
Romania_77,5000.000000,5000,4949.000000,24745.000000,RON,"24,745 RON",CONFLICT,51.000000
Romania_78,2000.000000,2000,1990.280000,9951.400000,RON,"9,951.40 RON",CONFLICT,9.720000
Romania_79,3000.000000,TYPE:3000,3000.000000,3000.000000,EUR,3000 EUR,MATCH,0.000000
Romania_8,,,24000.000000,24000.000000,EUR,24000 EUR,AI_MISSING,24000.000000
Romania_80,1000.000000,TYPE:1000,1000.000000,1000.000000,EUR,1000 EUR,MATCH,0.000000
Romania_81,1000.000000,1000,1000.000000,1000.000000,EUR,1000 EUR,MATCH,0.000000
Romania_82,3000.000000,TYPE:3000,3000.000000,3000.000000,EUR,3000 EUR,MATCH,0.000000
Romania_83,,,2000.000000,2000.000000,EUR,2000 EUR,AI_MISSING,2000.000000
Romania_84,2000.000000,TYPE:NUMBER 2000,1.967880,9.839400,RON,"9.839,4 RON",CONFLICT,1998.032120
Romania_85,11000.000000,TYPE:11000,11.000000,11.000000,EUR,11.000 EUR,CONFLICT,10989.000000
Romania_86,1000.000000,TYPE:1000,1000.000000,1000.000000,EUR,1000 EUR,MATCH,0.000000
Romania_87,1500.000000,1500,1500.000000,1500.000000,EUR,1500 EUR,MATCH,0.000000
Romania_88,,,4000.000000,4000.000000,EUR,4000 EUR,AI_MISSING,4000.000000
Romania_89,,,500.000000,500.000000,EUR,500 EUR,AI_MISSING,500.000000
Romania_9,2000.000000,TYPE:2000,1965.600000,9828.000000,RON,"9,828 RON",CONFLICT,34.400000
Romania_90,,,1989.520000,9947.600000,RON,"9,947.60 RON",AI_MISSING,1989.520000
Romania_91,10000.000000,TYPE:10000,9948.800000,49744.000000,RON,"49,744 RON",CONFLICT,51.200000
Romania_92,15000.000000,TYPE:15000,15000.000000,15000.000000,EUR,15000 EUR,MATCH,0.000000
Romania_93,20000.000000,20000,19893.200000,99466.000000,RON,"99,466 RON",CONFLICT,106.800000
Romania_94,4000.000000,4000,3980.800000,19904.000000,RON,"19,904 RON",CONFLICT,19.200000
Romania_95,3000.000000,TYPE:3000,3000.000000,3000.000000,EUR,3000 EUR,MATCH,0.000000
Romania_96,,TYPE:NUMBER,1.970440,9.852200,RON,"9.852,2 RON",AI_MISSING,1.970440
Romania_97,,,5000.000000,5000.000000,EUR,5000 EUR,AI_MISSING,5000.000000
Romania_98,1000.000000,TYPE:1000,1000.000000,1000.000000,EUR,1000 EUR,MATCH,0.000000
Romania_99,1000.000000,TYPE:NUMBER 1000,1000.000000,1000.000000,EUR,1000 EUR,MATCH,0.000000
Slovakia_1,0.000000,0,,,,n/a,HUMAN_MISSING,
Slovenia_1,0.000000,TYPE:0,,,,None,HUMAN_MISSING,
Slovenia_10,0.000000,TYPE:NUMBER 0,,,,None,HUMAN_MISSING,
Slovenia_11,0.000000,TYPE:NUMBER 0,,,,None,HUMAN_MISSING,
Slovenia_12,0.000000,0,,,,None,HUMAN_MISSING,
Slovenia_13,0.000000,TYPE:0,,,,None,HUMAN_MISSING,
Slovenia_14,0.000000,0,,,,None,HUMAN_MISSING,
Slovenia_15,0.000000,0,,,,None,HUMAN_MISSING,
Slovenia_16,0.000000,0,,,,None,HUMAN_MISSING,
Slovenia_17,0.000000,0,,,,None,HUMAN_MISSING,
Slovenia_18,0.000000,0,,,,n/a,HUMAN_MISSING,
Slovenia_19,0.000000,TYPE:NUMBER 0,,,,n/a,HUMAN_MISSING,
Slovenia_2,,,,,,None,MISSING_BOTH,
Slovenia_20,0.000000,0,,,,None,HUMAN_MISSING,
Slovenia_21,0.000000,0,,,,n/a,HUMAN_MISSING,
Slovenia_22,,TYPE:NUMBER,,,,None,MISSING_BOTH,
Slovenia_23,,TYPE:NUMBER,,,,None,MISSING_BOTH,
Slovenia_24,0.000000,0,,,,None,HUMAN_MISSING,
Slovenia_25,0.000000,0,,,,None,HUMAN_MISSING,
Slovenia_26,0.000000,TYPE:NUMBER 0,,,,None,HUMAN_MISSING,
Slovenia_27,,TYPE:NUMBER,,,,None,MISSING_BOTH,
Slovenia_28,0.000000,0,,,,None,HUMAN_MISSING,
Slovenia_29,0.000000,0,,,,None,HUMAN_MISSING,
Slovenia_3,0.000000,0,,,,None,HUMAN_MISSING,
Slovenia_30,0.000000,0,,,,None,HUMAN_MISSING,
Slovenia_31,0.000000,0,,,,None,HUMAN_MISSING,
Slovenia_32,,TYPE:NUMBER,,,,None,MISSING_BOTH,
Slovenia_33,0.000000,0,,,,None,HUMAN_MISSING,
Slovenia_34,0.000000,0,,,,None,HUMAN_MISSING,
Slovenia_35,0.000000,0,,,,None,HUMAN_MISSING,
Slovenia_36,0.000000,TYPE:NUMBER 0,,,,None,HUMAN_MISSING,
Slovenia_37,0.000000,0,,,,None,HUMAN_MISSING,
Slovenia_38,0.000000,0,,,,None,HUMAN_MISSING,
Slovenia_39,,TYPE:NUMBER,,,,None,MISSING_BOTH,
Slovenia_4,0.000000,TYPE:NUMBER 0,,,,None,HUMAN_MISSING,
Slovenia_40,,,,,,None,MISSING_BOTH,
Slovenia_41,0.000000,0,,,,None,HUMAN_MISSING,
Slovenia_42,0.000000,0,,,,None,HUMAN_MISSING,
Slovenia_43,0.000000,0,,,,None,HUMAN_MISSING,
Slovenia_44,0.000000,0,,,,None,HUMAN_MISSING,
Slovenia_45,0.000000,0,,,,None,HUMAN_MISSING,
Slovenia_46,0.000000,0,,,,None,HUMAN_MISSING,
Slovenia_47,0.000000,0,,,,None,HUMAN_MISSING,
Slovenia_48,,TYPE:NUMBER,,,,None,MISSING_BOTH,
Slovenia_49,,,,,,None,MISSING_BOTH,
Slovenia_5,0.000000,0,,,,None,HUMAN_MISSING,
Slovenia_50,0.000000,0,,,,None,HUMAN_MISSING,
Slovenia_51,0.000000,TYPE:0,,,,n/a,HUMAN_MISSING,
Slovenia_52,,,,,,n/a,MISSING_BOTH,
Slovenia_53,0.000000,TYPE:NUMBER 0,,,,n/a,HUMAN_MISSING,
Slovenia_54,0.000000,TYPE:NUMBER 0,,,,n/a,HUMAN_MISSING,
Slovenia_55,0.000000,TYPE:NUMBER 0,,,,n/a,HUMAN_MISSING,
Slovenia_56,,NOT_DISCUSSED,25000.000000,25000.000000,EUR,"25,000 EUR",AI_MISSING,25000.000000
Slovenia_57,,TYPE:NUMBER,,,,n/a,MISSING_BOTH,
Slovenia_58,500.000000,TYPE:NUMBER 500,500.000000,500.000000,EUR,500 EUR,MATCH,0.000000
Slovenia_59,,TYPE:NUMBER,,,,n/a,MISSING_BOTH,
Slovenia_6,,TYPE:NUMBER,,,,None,MISSING_BOTH,
Slovenia_60,,,,,,n/a,MISSING_BOTH,
Slovenia_61,6255.000000,TYPE:NUMBER 6255,,,,n/a,HUMAN_MISSING,
Slovenia_62,0.000000,TYPE:NUMBER 0,,,,n/a,HUMAN_MISSING,
Slovenia_63,0.000000,TYPE:0,,,,None,HUMAN_MISSING,
Slovenia_64,0.000000,0,,,,None,HUMAN_MISSING,
Slovenia_65,0.000000,0,,,,None,HUMAN_MISSING,
Slovenia_66,0.000000,TYPE:NUMBER 0,,,,n/a,HUMAN_MISSING,
Slovenia_67,0.000000,TYPE:0,,,,n/a,HUMAN_MISSING,
Slovenia_68,0.000000,TYPE:NUMBER 0,,,,n/a,HUMAN_MISSING,
Slovenia_69,0.000000,TYPE:0,,,,n/a,HUMAN_MISSING,
Slovenia_7,0.000000,0,,,,None,HUMAN_MISSING,
Slovenia_70,,,,,,n/a,MISSING_BOTH,
Slovenia_71,,,,,,n/a,MISSING_BOTH,
Slovenia_72,0.000000,TYPE:NUMBER 0,,,,n/a,HUMAN_MISSING,
Slovenia_73,0.000000,TYPE:NUMBER 0,,,,n/a,HUMAN_MISSING,
Slovenia_74,0.000000,TYPE:NUMBER 0,,,,n/a,HUMAN_MISSING,
Slovenia_75,0.000000,0,,,,None,HUMAN_MISSING,
Slovenia_76,,NOT_DISCUSSED,,,,n/a,MISSING_BOTH,
Slovenia_77,0.000000,TYPE:0,,,,n/a,HUMAN_MISSING,
Slovenia_78,0.000000,TYPE:0,,,,n/a,HUMAN_MISSING,
Slovenia_8,0.000000,0,,,,None,HUMAN_MISSING,
Slovenia_9,0.000000,TYPE:NUMBER 0,,,,None,HUMAN_MISSING,
Spain_1,0.000000,0,,,,n/a,HUMAN_MISSING,
Spain_10,0.000000,0,,,,None,HUMAN_MISSING,
Spain_100,6000.000000,6000,6000.000000,6000.000000,EUR,6000 EUR,MATCH,0.000000
Spain_101,56000.000000,56000,70000.000000,70000.000000,EUR,"70,000 EUR",CONFLICT,14000.000000
Spain_102,0.000000,0,,,,n/a,HUMAN_MISSING,
Spain_103,24000.000000,24000,24000.000000,24000.000000,EUR,"24,000 EUR",MATCH,0.000000
Spain_104,56000.000000,TYPE:NUMBER 56000,70000.000000,70000.000000,EUR,"70,000 EUR",CONFLICT,14000.000000
Spain_105,0.000000,0,,,,n/a,HUMAN_MISSING,
Spain_106,2000.000000,TYPE:NUMBER 2000,2000.000000,2000.000000,EUR,2000 EUR,MATCH,0.000000
Spain_107,30000.000000,30000,30000.000000,30000.000000,EUR,30000 EUR,MATCH,0.000000
Spain_108,0.000000,0,,,,n/a,HUMAN_MISSING,
Spain_109,3000.000000,3000,5000.000000,5000.000000,EUR,5000 EUR,CONFLICT,2000.000000
Spain_11,0.000000,0,,,,None,HUMAN_MISSING,
Spain_110,10000.000000,10000,10000.000000,10000.000000,EUR,"10,000 EUR",MATCH,0.000000
Spain_111,0.000000,TYPE:NUMBER 0,,,,n/a,HUMAN_MISSING,
Spain_112,8000.000000,8000,8000.000000,8000.000000,EUR,8000 EUR,MATCH,0.000000
Spain_113,70000.000000,TYPE:NUMBER 70000,70000.000000,70000.000000,EUR,70000 EUR,MATCH,0.000000
Spain_114,50000.000000,50000,50000.000000,50000.000000,EUR,"50,000 EUR",MATCH,0.000000
Spain_115,3500000.000000,3500000,3500000.000000,3500000.000000,EUR,"3,500,000 EUR",MATCH,0.000000
Spain_116,3000.000000,3000,3000.000000,3000.000000,EUR,"3,000 EUR",MATCH,0.000000
Spain_117,0.000000,0,,,,n/a,HUMAN_MISSING,
Spain_118,5000.000000,5000,5000.000000,5000.000000,EUR,"5,000 EUR",MATCH,0.000000
Spain_119,0.000000,TYPE:NUMBER 0,,,,n/a,HUMAN_MISSING,
Spain_12,0.000000,0,,,,None,HUMAN_MISSING,
Spain_120,70000.000000,70000,70000.000000,70000.000000,EUR,"70,000 EUR",MATCH,0.000000
Spain_121,10000.000000,10000,10000.000000,10000.000000,EUR,"10,000 EUR",MATCH,0.000000
Spain_122,7000.000000,7000,7000.000000,7000.000000,EUR,"7,000 EUR",MATCH,0.000000
Spain_123,2000.000000,TYPE:NUMBER 2000,2000.000000,2000.000000,EUR,2000 EUR,MATCH,0.000000
Spain_124,300.000000,300,300.000000,300.000000,EUR,300 EUR,MATCH,0.000000
Spain_125,50000.000000,50000,50000.000000,50000.000000,EUR,"50,000 EUR",MATCH,0.000000
Spain_126,80000.000000,80000,100000.000000,100000.000000,EUR,"100,000 EUR",CONFLICT,20000.000000
Spain_127,5000.000000,5000,1500.000000,1500.000000,EUR,"1,500 EUR",CONFLICT,3500.000000
Spain_128,0.000000,0,,,,n/a,HUMAN_MISSING,
Spain_129,4000.000000,4000,4000.000000,4000.000000,EUR,"4,000 EUR",MATCH,0.000000
Spain_13,0.000000,TYPE:NUMBER 0,,,,None,HUMAN_MISSING,
Spain_130,0.000000,0,,,,n/a,HUMAN_MISSING,
Spain_131,3000.000000,3000,5000.000000,5000.000000,EUR,5000 EUR,CONFLICT,2000.000000
Spain_132,20000.000000,20000,20000.000000,20000.000000,EUR,"20,000 EUR",MATCH,0.000000
Spain_133,0.000000,TYPE:NUMBER 0,,,,n/a,HUMAN_MISSING,
Spain_134,72000.000000,72000,96000.000000,96000.000000,EUR,96000 EUR,CONFLICT,24000.000000
Spain_135,600.000000,600,600.000000,600.000000,EUR,600 EUR,MATCH,0.000000
Spain_136,8000.000000,TYPE:NUMBER 8000,3000.000000,3000.000000,EUR,3000 EUR,CONFLICT,5000.000000
Spain_137,300.000000,300,300.000000,300.000000,EUR,300 EUR,MATCH,0.000000
Spain_138,1500.000000,1500,1500.000000,1500.000000,EUR,"1,500 EUR",MATCH,0.000000
Spain_139,1200.000000,1200,2000.000000,2000.000000,EUR,2000 EUR,CONFLICT,800.000000
Spain_14,0.000000,0,,,,None,HUMAN_MISSING,
Spain_140,250000.000000,250000,250000.000000,250000.000000,EUR,"250,000 EUR",MATCH,0.000000
Spain_141,0.000000,0,200000.000000,200000.000000,EUR,"200,000 EUR",CONFLICT,200000.000000
Spain_142,200000.000000,200000,200000.000000,200000.000000,EUR,"200,000 EUR",MATCH,0.000000
Spain_143,300.000000,TYPE:NUMBER 300,300.000000,300.000000,EUR,300 EUR,MATCH,0.000000
Spain_144,0.000000,0,,,,n/a,HUMAN_MISSING,
Spain_145,,,1300000.000000,1300000.000000,EUR,"1,300,000 EUR",AI_MISSING,1300000.000000
Spain_146,10000.000000,10000,10000.000000,10000.000000,EUR,"10,000 EUR",MATCH,0.000000
Spain_147,10000.000000,10000,10000.000000,10000.000000,EUR,10000 EUR,MATCH,0.000000
Spain_148,,,300.000000,300.000000,EUR,300 EUR,AI_MISSING,300.000000
Spain_149,12000.000000,12000,5000.000000,5000.000000,EUR,5000 EUR,CONFLICT,7000.000000
Spain_15,0.000000,0,,,,None,HUMAN_MISSING,
Spain_150,220000.000000,220000,220000.000000,220000.000000,EUR,"220,000 EUR",MATCH,0.000000
Spain_151,200000.000000,200000,200000.000000,200000.000000,EUR,"200,000 EUR",MATCH,0.000000
Spain_152,1200000.000000,1200000,1200000.000000,1200000.000000,EUR,"1,200,000 EUR",MATCH,0.000000
Spain_153,120000.000000,120000,72000.000000,72000.000000,EUR,"72,000 EUR",CONFLICT,48000.000000
Spain_154,3500000.000000,3500000,3500000.000000,3500000.000000,EUR,3500000 EUR,MATCH,0.000000
Spain_155,1600000.000000,1600000,1600000.000000,1600000.000000,EUR,"1,600,000 EUR",MATCH,0.000000
Spain_156,4000000.000000,TYPE:NUMBER 4000000,4000000.000000,4000000.000000,EUR,"4,000,000 EUR",MATCH,0.000000
Spain_157,120000.000000,120000,120000.000000,120000.000000,EUR,"120,000 EUR",MATCH,0.000000
Spain_158,10000.000000,TYPE:NUMBER 10000,10000.000000,10000.000000,EUR,"10,000 EUR",MATCH,0.000000
Spain_159,42000.000000,42000,42000.000000,42000.000000,EUR,"42,000 EUR",MATCH,0.000000
Spain_16,0.000000,0,,,,None,HUMAN_MISSING,
Spain_160,1200000.000000,1200000,2000000.000000,2000000.000000,EUR,"2,000,000",CONFLICT,800000.000000
Spain_161,200000.000000,200000,200000.000000,200000.000000,EUR,"200,000 EUR",MATCH,0.000000
Spain_162,0.000000,0,,,,n/a,HUMAN_MISSING,
Spain_163,70000.000000,70000,70000.000000,70000.000000,EUR,"70,000 EUR",MATCH,0.000000
Spain_164,0.000000,0,,,,n/a,HUMAN_MISSING,
Spain_165,200000.000000,200000,200000.000000,200000.000000,EUR,"200,000 EUR",MATCH,0.000000
Spain_166,180000.000000,180000,180000.000000,180000.000000,EUR,"180,000 EUR",MATCH,0.000000
Spain_167,,,50000.000000,50000.000000,EUR,"50,000 EUR",AI_MISSING,50000.000000
Spain_168,0.000000,0,,,,n/a,HUMAN_MISSING,
Spain_169,3000.000000,TYPE:NUMBER 3000,3000.000000,3000.000000,EUR,"3,000 EUR",MATCH,0.000000
Spain_17,0.000000,TYPE:NUMBER 0,,,,None,HUMAN_MISSING,
Spain_170,,,200000.000000,200000.000000,EUR,"200,000 EUR",AI_MISSING,200000.000000
Spain_171,120000.000000,TYPE:NUMBER 120000,120000.000000,120000.000000,EUR,"120,000 EUR",MATCH,0.000000
Spain_172,180000.000000,180000,180000.000000,180000.000000,EUR,"180,000 EUR",MATCH,0.000000
Spain_173,48000.000000,48000,48000.000000,48000.000000,EUR,48000 EUR,MATCH,0.000000
Spain_174,70000.000000,70000,70000.000000,70000.000000,EUR,70000 EUR,MATCH,0.000000
Spain_175,72000.000000,72000,72000.000000,72000.000000,EUR,"72,000 EUR",MATCH,0.000000
Spain_176,360000.000000,TYPE:NUMBER 360000,360000.000000,360000.000000,EUR,"360,000",MATCH,0.000000
Spain_177,270000.000000,270000,270000.000000,270000.000000,EUR,"270,000 EUR",MATCH,0.000000
Spain_178,100000.000000,100000,100000.000000,100000.000000,EUR,"100,000 EUR",MATCH,0.000000
Spain_179,20000.000000,20000,20000.000000,20000.000000,EUR,"20,000 EUR",MATCH,0.000000
Spain_18,0.000000,0,,,,None,HUMAN_MISSING,
Spain_180,42000.000000,42000,42000.000000,42000.000000,EUR,"42,000 EUR",MATCH,0.000000
Spain_181,120000.000000,120000,120000.000000,120000.000000,EUR,"120,000 EUR",MATCH,0.000000
Spain_182,3000000.000000,3000000,3000000.000000,3000000.000000,EUR,"3,000,000",MATCH,0.000000
Spain_183,,TYPE:NUMBER,,,,n/a,MISSING_BOTH,
Spain_184,,,6500000.000000,6500000.000000,EUR,"6,500,000 EUR",AI_MISSING,6500000.000000
Spain_185,60000.000000,60000,60000.000000,60000.000000,EUR,"60,000 EUR",MATCH,0.000000
Spain_186,0.000000,0,,,,n/a,HUMAN_MISSING,
Spain_187,0.000000,0,50000.000000,50000.000000,EUR,"50,000 EUR",CONFLICT,50000.000000
Spain_188,500000.000000,500000,500000.000000,500000.000000,EUR,"500,000 EUR",MATCH,0.000000
Spain_189,7500.000000,7500,7500.000000,7500.000000,EUR,"7,500 EUR",MATCH,0.000000
Spain_19,0.000000,0,,,,None,HUMAN_MISSING,
Spain_190,500.000000,500,,,,n/a,HUMAN_MISSING,
Spain_191,12000.000000,12000,40000.000000,40000.000000,EUR,"40,000 EUR",CONFLICT,28000.000000
Spain_192,200000.000000,200000,200000.000000,200000.000000,EUR,"200,000 EUR",MATCH,0.000000
Spain_193,100000.000000,100000,100000.000000,100000.000000,EUR,100000 EUR,MATCH,0.000000
Spain_194,2000.000000,2000,2000.000000,2000.000000,EUR,"2,000 EUR",MATCH,0.000000
Spain_195,10000.000000,10000,10000.000000,10000.000000,EUR,"10,000 EUR",MATCH,0.000000
Spain_196,0.000000,0,,,,n/a,HUMAN_MISSING,
Spain_197,,TYPE:NUMBER,36000.000000,36000.000000,EUR,36000 EUR,AI_MISSING,36000.000000
Spain_198,15000.000000,TYPE:NUMBER 15000,15000.000000,15000.000000,EUR,"15,000 EUR",MATCH,0.000000
Spain_199,600.000000,600,600.000000,600.000000,EUR,600 EUR,MATCH,0.000000
Spain_2,0.000000,0,,,,n/a,HUMAN_MISSING,
Spain_20,0.000000,TYPE:NUMBER 0,,,,None,HUMAN_MISSING,
Spain_200,2000.000000,2000,2000.000000,2000.000000,EUR,"2,000 EUR",MATCH,0.000000
Spain_201,3000.000000,3000,3000.000000,3000.000000,EUR,"3,000 EUR",MATCH,0.000000
Spain_202,0.000000,0,42000.000000,42000.000000,EUR,"42,000",CONFLICT,42000.000000
Spain_203,4000.000000,4000,4000.000000,4000.000000,EUR,"4,000 EUR",MATCH,0.000000
Spain_204,12000.000000,12000,20000.000000,20000.000000,EUR,"20,000 EUR",CONFLICT,8000.000000
Spain_205,60000.000000,60000,60000.000000,60000.000000,EUR,"60,000 EUR",MATCH,0.000000
Spain_206,5000.000000,5000,5000.000000,5000.000000,EUR,"5,000 EUR",MATCH,0.000000
Spain_207,96000.000000,TYPE:NUMBER 96000,96000.000000,96000.000000,EUR,"96,000 EUR",MATCH,0.000000
Spain_208,56000.000000,56000,56000.000000,56000.000000,EUR,"56,000 EUR",MATCH,0.000000
Spain_209,1200.000000,1200,1200.000000,1200.000000,EUR,1200 EUR,MATCH,0.000000
Spain_21,0.000000,0,,,,None,HUMAN_MISSING,
Spain_210,200000.000000,200000,200000.000000,200000.000000,EUR,"200,000 EUR",MATCH,0.000000
Spain_211,24000.000000,TYPE:NUMBER 24000,24000.000000,24000.000000,EUR,"24,000",MATCH,0.000000
Spain_212,30000.000000,30000,50000.000000,50000.000000,EUR,"50,000 EUR",CONFLICT,20000.000000
Spain_213,,,1000000.000000,1000000.000000,EUR,1000000 EUR,AI_MISSING,1000000.000000
Spain_214,0.000000,0,,,,n/a,HUMAN_MISSING,
Spain_215,180000.000000,180000,180000.000000,180000.000000,EUR,"180,000 EUR",MATCH,0.000000
Spain_216,1200.000000,1200,1200.000000,1200.000000,EUR,1200 EUR,MATCH,0.000000
Spain_217,150000.000000,150000,150000.000000,150000.000000,EUR,"150,000 EUR",MATCH,0.000000
Spain_218,200000.000000,200000,200000.000000,200000.000000,EUR,"200,000 EUR",MATCH,0.000000
Spain_219,,NOT_DISCUSSED,500000.000000,500000.000000,EUR,"500,000 EUR",AI_MISSING,500000.000000
Spain_22,0.000000,0,,,,None,HUMAN_MISSING,
Spain_220,500.000000,500,500.000000,500.000000,EUR,500,MATCH,0.000000
Spain_221,4000.000000,TYPE:NUMBER 4000,4000.000000,4000.000000,EUR,"4,000 EUR",MATCH,0.000000
Spain_222,120000.000000,120000,120000.000000,120000.000000,EUR,"120,000 EUR",MATCH,0.000000
Spain_223,,,10000.000000,10000.000000,EUR,10000 EUR,AI_MISSING,10000.000000
Spain_224,10000.000000,TYPE:NUMBER 10000,10000.000000,10000.000000,EUR,"10,000 EUR",MATCH,0.000000
Spain_225,100000.000000,100000,100000.000000,100000.000000,EUR,"100,000 EUR",MATCH,0.000000
Spain_226,96000.000000,96000,96000.000000,96000.000000,EUR,"96,000 EUR",MATCH,0.000000
Spain_227,30000.000000,30000,30000.000000,30000.000000,EUR,"30,000 EUR",MATCH,0.000000
Spain_228,1000.000000,1000,1000.000000,1000.000000,EUR,1000 EUR,MATCH,0.000000
Spain_229,,,12000.000000,12000.000000,EUR,"12,000 EUR",AI_MISSING,12000.000000
Spain_23,,TYPE:NUMBER,,,,None,MISSING_BOTH,
Spain_230,600.000000,600,600.000000,600.000000,EUR,600 EUR,MATCH,0.000000
Spain_231,18000.000000,18000,18000.000000,18000.000000,EUR,"18,000 EUR",MATCH,0.000000
Spain_232,10000.000000,10000,10000.000000,10000.000000,EUR,"10,000 EUR",MATCH,0.000000
Spain_233,120000.000000,TYPE:NUMBER 120000,120000.000000,120000.000000,EUR,"120,000 EUR",MATCH,0.000000
Spain_234,,,1000000.000000,1000000.000000,EUR,"1,000,000 EUR",AI_MISSING,1000000.000000
Spain_235,600.000000,600,1000.000000,1000.000000,EUR,1000 EUR,CONFLICT,400.000000
Spain_236,180000.000000,180000,180000.000000,180000.000000,EUR,"180,000",MATCH,0.000000
Spain_237,42000.000000,42000,42000.000000,42000.000000,EUR,"42,000 EUR",MATCH,0.000000
Spain_238,0.000000,0,,,,n/a,HUMAN_MISSING,
Spain_239,12000.000000,12000,12000.000000,12000.000000,EUR,"12,000 EUR",MATCH,0.000000
Spain_24,0.000000,0,,,,None,HUMAN_MISSING,
Spain_240,0.000000,0,,,,n/a,HUMAN_MISSING,
Spain_241,4000.000000,TYPE:NUMBER 4000,5000.000000,5000.000000,EUR,5000 EUR,CONFLICT,1000.000000
Spain_242,240000.000000,TYPE:NUMBER 240000,300000.000000,300000.000000,EUR,300000 EUR,CONFLICT,60000.000000
Spain_243,900.000000,900,900.000000,900.000000,EUR,900 EUR,MATCH,0.000000
Spain_244,0.000000,0,,,,n/a,HUMAN_MISSING,
Spain_245,0.000000,0,,,,None,HUMAN_MISSING,
Spain_246,0.000000,0,,,,n/a,HUMAN_MISSING,
Spain_247,6000.000000,6000,6000.000000,6000.000000,EUR,"6,000 EUR",MATCH,0.000000
Spain_248,48000.000000,48000,48.000000,48.000000,EUR,48.000 EUR,CONFLICT,47952.000000
Spain_249,70000.000000,TYPE:NUMBER 70000,70000.000000,70000.000000,EUR,70000 EUR,MATCH,0.000000
Spain_25,0.000000,0,,,,None,HUMAN_MISSING,
Spain_250,0.000000,0,,,,None,HUMAN_MISSING,
Spain_251,75000.000000,TYPE:NUMBER 75000,75.000000,75.000000,EUR,75.000 EUR,CONFLICT,74925.000000
Spain_252,0.000000,0,,,,n/a,HUMAN_MISSING,
Spain_253,0.000000,TYPE:NUMBER 0,,,,None,HUMAN_MISSING,
Spain_254,0.000000,0,,,,None,HUMAN_MISSING,
Spain_255,75000.000000,75000,75000.000000,75000.000000,EUR,75000 EUR,MATCH,0.000000
Spain_256,24000.000000,24000,24000.000000,24000.000000,EUR,24000 EUR,MATCH,0.000000
Spain_257,,,,,,None,MISSING_BOTH,
Spain_258,0.000000,TYPE:NUMBER 0,,,,n/a,HUMAN_MISSING,
Spain_259,4000.000000,4000,4000.000000,4000.000000,EUR,4000 EUR,MATCH,0.000000
Spain_26,0.000000,0,,,,None,HUMAN_MISSING,
Spain_260,,TYPE:NUMBER,,,,None,MISSING_BOTH,
Spain_261,24000.000000,TYPE:NUMBER 24000,,,,n/a,HUMAN_MISSING,
Spain_262,0.000000,0,,,,None,HUMAN_MISSING,
Spain_263,1000.000000,TYPE:NUMBER 1000,1000.000000,1000.000000,EUR,1000 EUR,MATCH,0.000000
Spain_264,100000.000000,100000,100000.000000,100000.000000,EUR,100000 EUR,MATCH,0.000000
Spain_265,1200.000000,1200,1200.000000,1200.000000,EUR,1200 EUR,MATCH,0.000000
Spain_266,10000.000000,10000,10000.000000,10000.000000,EUR,10000 EUR,MATCH,0.000000
Spain_267,3000.000000,3000,,,,None,HUMAN_MISSING,
Spain_268,1500000.000000,TYPE:NUMBER 1500000,1500000.000000,1500000.000000,EUR,1500000 EUR,MATCH,0.000000
Spain_269,0.000000,TYPE:NUMBER 0,,,,None,HUMAN_MISSING,
Spain_27,0.000000,0,,,,None,HUMAN_MISSING,
Spain_270,0.000000,TYPE:0,,,,None,HUMAN_MISSING,
Spain_271,500.000000,TYPE:NUMBER 500,500.000000,500.000000,EUR,500 EUR,MATCH,0.000000
Spain_272,0.000000,0,,,,n/a,HUMAN_MISSING,
Spain_273,0.000000,0,,,,None,HUMAN_MISSING,
Spain_274,0.000000,TYPE:NUMBER 0,,,,None,HUMAN_MISSING,
Spain_275,16000.000000,16000,20000.000000,20000.000000,EUR,20000 EUR,CONFLICT,4000.000000
Spain_276,1500.000000,1500,1500.000000,1500.000000,EUR,1500 EUR,MATCH,0.000000
Spain_277,0.000000,TYPE:NUMBER 0,,,,None,HUMAN_MISSING,
Spain_278,,TYPE:NUMBER,,,,None,MISSING_BOTH,
Spain_279,3000.000000,3000,3000.000000,3000.000000,EUR,3000 EUR,MATCH,0.000000
Spain_28,0.000000,0,,,,n/a,HUMAN_MISSING,
Spain_280,0.000000,TYPE:NUMBER 0,,,,None,HUMAN_MISSING,
Spain_281,6000.000000,TYPE:NUMBER 6000,6.000000,6.000000,EUR,6.000 EUR,CONFLICT,5994.000000
Spain_282,5000.000000,5000,5000.000000,5000.000000,EUR,5000 EUR,MATCH,0.000000
Spain_283,8150000.000000,8150000,8125000.000000,8125000.000000,EUR,8125000 EUR,CONFLICT,25000.000000
Spain_284,,,40000.000000,40000.000000,EUR,40000 EUR,AI_MISSING,40000.000000
Spain_285,1000.000000,TYPE:NUMBER 1000,1000.000000,1000.000000,EUR,1000 EUR,MATCH,0.000000
Spain_286,,,5000.000000,5000.000000,EUR,5000 EUR,AI_MISSING,5000.000000
Spain_287,0.000000,0,,,,None,HUMAN_MISSING,
Spain_288,0.000000,0,,,,n/a,HUMAN_MISSING,
Spain_289,0.000000,0,,,,None,HUMAN_MISSING,
Spain_29,0.000000,0,,,,None,HUMAN_MISSING,
Spain_290,18000.000000,18000,18.000000,18.000000,EUR,18.000,CONFLICT,17982.000000
Spain_291,0.000000,0,,,,None,HUMAN_MISSING,
Spain_292,60000.000000,60000,60000.000000,60000.000000,EUR,60000 EUR,MATCH,0.000000
Spain_293,5000000.000000,5000000,5000000.000000,5000000.000000,EUR,5000000 EUR,MATCH,0.000000
Spain_294,0.000000,0,,,,None,HUMAN_MISSING,
Spain_295,0.000000,TYPE:NUMBER 0,,,,None,HUMAN_MISSING,
Spain_296,3000.000000,3000,3000.000000,3000.000000,EUR,3000 EUR,MATCH,0.000000
Spain_297,0.000000,0,40000.000000,40000.000000,EUR,40000 EUR,CONFLICT,40000.000000
Spain_298,0.000000,0,,,,None,HUMAN_MISSING,
Spain_299,30000.000000,30000,30000.000000,30000.000000,EUR,"30,000 EUR",MATCH,0.000000
Spain_3,0.000000,0,,,,n/a,HUMAN_MISSING,
Spain_30,0.000000,0,,,,None,HUMAN_MISSING,
Spain_300,60000.000000,60000,60000.000000,60000.000000,EUR,60000 EUR,MATCH,0.000000
Spain_301,132000.000000,TYPE:NUMBER 132000,132000.000000,132000.000000,EUR,132000 EUR,MATCH,0.000000
Spain_302,0.000000,0,,,,n/a,HUMAN_MISSING,
Spain_303,90000.000000,90000,150000.000000,150000.000000,EUR,150000 EUR,CONFLICT,60000.000000
Spain_304,0.000000,0,,,,None,HUMAN_MISSING,
Spain_305,0.000000,0,150000.000000,150000.000000,EUR,150000,CONFLICT,150000.000000
Spain_306,3000.000000,3000,3000.000000,3000.000000,EUR,3000 EUR,MATCH,0.000000
Spain_307,3000.000000,3000,,,,None,HUMAN_MISSING,
Spain_308,44000.000000,TYPE:NUMBER 44000,44000.000000,44000.000000,EUR,"44,000 EUR",MATCH,0.000000
Spain_309,0.000000,0,,,,None,HUMAN_MISSING,
Spain_31,0.000000,0,,,,None,HUMAN_MISSING,
Spain_310,,TYPE:NUMBER,,,,none,MISSING_BOTH,
Spain_311,35000.000000,TYPE:NUMBER 35000,35.000000,35.000000,EUR,35.000 EUR,CONFLICT,34965.000000
Spain_312,1800.000000,1800,3000.000000,3000.000000,EUR,3000 EUR,CONFLICT,1200.000000
Spain_313,0.000000,0,,,,n/a,HUMAN_MISSING,
Spain_314,24000.000000,24000,24.000000,24.000000,EUR,24.000 EUR,CONFLICT,23976.000000
Spain_315,4000.000000,4000,5000.000000,5000.000000,EUR,5000 EUR,CONFLICT,1000.000000
Spain_316,33000.000000,TYPE:NUMBER 33000,55.000000,55.000000,EUR,55.000 EUR,CONFLICT,32945.000000
Spain_317,0.000000,0,,,,n/a,HUMAN_MISSING,
Spain_318,40000.000000,40000,40000.000000,40000.000000,EUR,40000,MATCH,0.000000
Spain_319,0.000000,0,,,,n/a,HUMAN_MISSING,
Spain_32,0.000000,0,,,,None,HUMAN_MISSING,
Spain_320,0.000000,0,,,,None,HUMAN_MISSING,
Spain_321,55000.000000,55000,55.000000,55.000000,EUR,55.000 EUR,CONFLICT,54945.000000
Spain_322,3000.000000,TYPE:NUMBER 3000,3000.000000,3000.000000,EUR,3000 EUR,MATCH,0.000000
Spain_323,2000.000000,2000,2000.000000,2000.000000,EUR,2000 EUR,MATCH,0.000000
Spain_324,9000.000000,9000,9000.000000,9000.000000,EUR,9000 EUR,MATCH,0.000000
Spain_325,0.000000,0,,,,None,HUMAN_MISSING,
Spain_326,2520000.000000,2520000,3150000.000000,3150000.000000,EUR,3150000 EUR,CONFLICT,630000.000000
Spain_327,0.000000,TYPE:NUMBER 0,,,,None,HUMAN_MISSING,
Spain_328,6000.000000,6000,6000.000000,6000.000000,EUR,6000 EUR,MATCH,0.000000
Spain_329,0.000000,TYPE:NUMBER 0,,,,None,HUMAN_MISSING,
Spain_33,0.000000,0,,,,n/a,HUMAN_MISSING,
Spain_330,0.000000,TYPE:NUMBER 0,,,,None,HUMAN_MISSING,
Spain_331,0.000000,0,,,,None,HUMAN_MISSING,
Spain_332,0.000000,0,,,,n/a,HUMAN_MISSING,
Spain_333,0.000000,TYPE:NUMBER 0,,,,None,HUMAN_MISSING,
Spain_334,50000.000000,TYPE:NUMBER 50000,50000.000000,50000.000000,EUR,50000 EUR,MATCH,0.000000
Spain_335,1800.000000,1800,1800.000000,1800.000000,EUR,"1,800 EUR",MATCH,0.000000
Spain_336,0.000000,0,,,,n/a,HUMAN_MISSING,
Spain_337,3000.000000,3000,3000.000000,3000.000000,EUR,3000 EUR,MATCH,0.000000
Spain_338,45000.000000,45000,75000.000000,75000.000000,EUR,75000 EUR,CONFLICT,30000.000000
Spain_339,,,8000.000000,8000.000000,EUR,8000 EUR,AI_MISSING,8000.000000
Spain_34,0.000000,TYPE:NUMBER 0,,,,n/a,HUMAN_MISSING,
Spain_340,9000.000000,9000,9000.000000,9000.000000,EUR,9000 EUR,MATCH,0.000000
Spain_341,20000.000000,TYPE:NUMBER 20000,25000.000000,25000.000000,EUR,25000 EUR,CONFLICT,5000.000000
Spain_342,25000.000000,25000,25000.000000,25000.000000,EUR,"25,000 EUR",MATCH,0.000000
Spain_343,5000.000000,5000,8000.000000,8000.000000,EUR,8000 EUR,CONFLICT,3000.000000
Spain_344,0.000000,0,,,,None,HUMAN_MISSING,
Spain_345,,TYPE:NUMBER,,,,None,MISSING_BOTH,
Spain_346,600.000000,TYPE:NUMBER 600,600.000000,600.000000,EUR,600 EUR,MATCH,0.000000
Spain_347,3000.000000,TYPE:NUMBER 3000,3000.000000,3000.000000,EUR,3000 EUR,MATCH,0.000000
Spain_348,4200.000000,TYPE:NUMBER 4200,7000.000000,7000.000000,EUR,7000 EUR,CONFLICT,2800.000000
Spain_349,0.000000,0,,,,None,HUMAN_MISSING,
Spain_35,0.000000,0,,,,None,HUMAN_MISSING,
Spain_350,3000.000000,3000,5000.000000,5000.000000,EUR,5000 EUR,CONFLICT,2000.000000
Spain_351,15000.000000,15000,15000.000000,15000.000000,EUR,"15,000 €",MATCH,0.000000
Spain_352,45000.000000,45000,75.000000,75.000000,EUR,75.000 EUR,CONFLICT,44925.000000
Spain_353,0.000000,0,,,,None,HUMAN_MISSING,
Spain_354,3000.000000,3000,3000.000000,3000.000000,EUR,3000 EUR,MATCH,0.000000
Spain_355,3000.000000,TYPE:NUMBER 3000,,,,None,HUMAN_MISSING,
Spain_356,1200.000000,1200,2000.000000,2000.000000,EUR,2000 EUR,CONFLICT,800.000000
Spain_357,2000.000000,TYPE:NUMBER 2000,2000.000000,2000.000000,EUR,2000 EUR,MATCH,0.000000
Spain_358,20000.000000,TYPE:NUMBER 20000,20000.000000,20000.000000,EUR,"20,000 EUR",MATCH,0.000000
Spain_359,600000.000000,600000,600000.000000,600000.000000,EUR,600000 EUR,MATCH,0.000000
Spain_36,24000.000000,24000,40000.000000,40000.000000,EUR,40000 EUR,CONFLICT,16000.000000
Spain_360,1600.000000,1600,1600.000000,1600.000000,EUR,1600 EUR,MATCH,0.000000
Spain_361,45000.000000,45000,75000.000000,75000.000000,EUR,75000 EUR,CONFLICT,30000.000000
Spain_362,75000.000000,75000,75000.000000,75000.000000,EUR,75000 EUR,MATCH,0.000000
Spain_363,25000.000000,TYPE:NUMBER 25000,25.000000,25.000000,EUR,25.000 EUR,CONFLICT,24975.000000
Spain_364,3000.000000,3000,3000.000000,3000.000000,EUR,3000 EUR,MATCH,0.000000
Spain_365,,TYPE:NUMBER,48.000000,48.000000,EUR,48.000 €,AI_MISSING,48.000000
Spain_366,0.000000,0,,,,None,HUMAN_MISSING,
Spain_367,12000.000000,12000,,,,None,HUMAN_MISSING,
Spain_368,1800.000000,TYPE:NUMBER 1800,1800.000000,1800.000000,EUR,1800 EUR,MATCH,0.000000
Spain_369,96000.000000,TYPE:NUMBER 96000,120000.000000,120000.000000,EUR,120000 EUR,CONFLICT,24000.000000
Spain_37,0.000000,TYPE:NUMBER 0,,,,None,HUMAN_MISSING,
Spain_370,2000.000000,2000,2000.000000,2000.000000,EUR,2000 EUR,MATCH,0.000000
Spain_371,56000.000000,56000,56.000000,56.000000,EUR,56.000 EUR,CONFLICT,55944.000000
Spain_372,0.000000,0,,,,None,HUMAN_MISSING,
Spain_373,1600.000000,1600,1600.000000,1600.000000,EUR,1600 EUR,MATCH,0.000000
Spain_374,0.000000,0,50.000000,50.000000,EUR,50.000 EUR,CONFLICT,50.000000
Spain_375,30000.000000,30000,30000.000000,30000.000000,EUR,"30,000",MATCH,0.000000
Spain_376,40000.000000,40000,50000.000000,50000.000000,EUR,50000 EUR,CONFLICT,10000.000000
Spain_377,1600.000000,1600,2000.000000,2000.000000,EUR,2000 EUR,CONFLICT,400.000000
Spain_378,200000.000000,200000,200000.000000,200000.000000,EUR,200000 EUR,MATCH,0.000000
Spain_379,0.000000,0,,,,n/a n/a,HUMAN_MISSING,
Spain_38,,TYPE:NUMBER,145000.000000,145000.000000,EUR,"145,000 EUR",AI_MISSING,145000.000000
Spain_380,45000.000000,45000,45.000000,45.000000,EUR,45.000 EUR,CONFLICT,44955.000000
Spain_381,0.000000,0,,,,n/a,HUMAN_MISSING,
Spain_382,3000.000000,3000,3000.000000,3000.000000,EUR,3000 EUR,MATCH,0.000000
Spain_383,2000.000000,2000,2000.000000,2000.000000,EUR,2000 EUR,MATCH,0.000000
Spain_384,0.000000,0,,,,None,HUMAN_MISSING,
Spain_385,6000.000000,TYPE:NUMBER 6000,10000.000000,10000.000000,EUR,10000 EUR,CONFLICT,4000.000000
Spain_386,50000.000000,TYPE:NUMBER 50000,50000.000000,50000.000000,EUR,50000 EUR,MATCH,0.000000
Spain_387,20000.000000,20000,20000.000000,20000.000000,EUR,"20,000 EUR",MATCH,0.000000
Spain_388,5000.000000,5000,5000.000000,5000.000000,EUR,5000 EUR,MATCH,0.000000
Spain_389,48000.000000,48000,48000.000000,48000.000000,EUR,"48,000 EUR",MATCH,0.000000
Spain_39,,,200000.000000,200000.000000,EUR,"200,000 EUR",AI_MISSING,200000.000000
Spain_390,40000.000000,40000,40000.000000,40000.000000,EUR,"40,000 EUR",MATCH,0.000000
Spain_391,1200.000000,1200,2000.000000,2000.000000,EUR,2000 EUR,CONFLICT,800.000000
Spain_392,36000.000000,36000,36000.000000,36000.000000,EUR,36000 EUR,MATCH,0.000000
Spain_393,100000.000000,100000,100000.000000,100000.000000,EUR,100000 EUR,MATCH,0.000000
Spain_394,0.000000,0,,,,n/a,HUMAN_MISSING,
Spain_395,80000.000000,TYPE:NUMBER 80000,100000.000000,100000.000000,EUR,100000 EUR,CONFLICT,20000.000000
Spain_396,1500.000000,1500,1500.000000,1500.000000,EUR,1500 EUR,MATCH,0.000000
Spain_397,2100000.000000,2100000,2000000.000000,2000000.000000,EUR,"2,000,000 EUR",CONFLICT,100000.000000
Spain_398,60000.000000,60000,60000.000000,60000.000000,EUR,"60,000 EUR",MATCH,0.000000
Spain_399,12000.000000,TYPE:NUMBER 12000,12000.000000,12000.000000,EUR,12000 EUR,MATCH,0.000000
Spain_4,21000.000000,21000,21000.000000,21000.000000,EUR,"21,000 EUR",MATCH,0.000000
Spain_40,1500.000000,1500,1500.000000,1500.000000,EUR,1500 EUR,MATCH,0.000000
Spain_400,50000.000000,TYPE:NUMBER 50000,50000.000000,50000.000000,EUR,50000 EUR,MATCH,0.000000
Spain_401,7800.000000,7800,7800.000000,7800.000000,EUR,7800 EUR,MATCH,0.000000
Spain_402,120000.000000,120000,120000.000000,120000.000000,EUR,"120,000 EUR",MATCH,0.000000
Spain_403,75000.000000,TYPE:NUMBER 75000,75.000000,75.000000,EUR,75.000 EUR,CONFLICT,74925.000000
Spain_404,1500000.000000,1500000,1500000.000000,1500000.000000,EUR,1500000 EUR,MATCH,0.000000
Spain_405,15000.000000,15000,15000.000000,15000.000000,EUR,"15,000 EUR",MATCH,0.000000
Spain_406,,NO,1000000.000000,1000000.000000,EUR,1000000 EUR,AI_MISSING,1000000.000000
Spain_407,,,100.000000,100.000000,EUR,100.000 EUR,AI_MISSING,100.000000
Spain_408,5000.000000,5000,5.000000,5.000000,EUR,5.000 EUR,CONFLICT,4995.000000
Spain_409,,TYPE:NUMBER,,,,None,MISSING_BOTH,
Spain_41,1500.000000,1500,1500.000000,1500.000000,EUR,"1,500 EUR",MATCH,0.000000
Spain_410,3000.000000,3000,5000.000000,5000.000000,EUR,5000 EUR,CONFLICT,2000.000000
Spain_411,4000.000000,4000,4000.000000,4000.000000,EUR,4000 EUR,MATCH,0.000000
Spain_412,1800.000000,1800,1800.000000,1800.000000,EUR,1800 EUR,MATCH,0.000000
Spain_413,,,80000.000000,80000.000000,EUR,80000 EUR,AI_MISSING,80000.000000
Spain_414,0.000000,TYPE:NUMBER 0,,,,None,HUMAN_MISSING,
Spain_415,50000.000000,50000,50000.000000,50000.000000,EUR,50000 EUR,MATCH,0.000000
Spain_416,5000.000000,TYPE:NUMBER 5000,5000.000000,5000.000000,EUR,5000 EUR,MATCH,0.000000
Spain_417,0.000000,0,,,,None,HUMAN_MISSING,
Spain_418,0.000000,0,,,,None,HUMAN_MISSING,
Spain_419,12000.000000,TYPE:NUMBER 12000,12000.000000,12000.000000,EUR,12000 EUR,MATCH,0.000000
Spain_42,12000.000000,12000,12.000000,12.000000,EUR,12.000 EUR,CONFLICT,11988.000000
Spain_420,50000.000000,50000,50000.000000,50000.000000,EUR,50000 EUR,MATCH,0.000000
Spain_421,20000.000000,TYPE:NUMBER 20000,26000.000000,26000.000000,EUR,26000 EUR,CONFLICT,6000.000000
Spain_422,15000.000000,15000,15000.000000,15000.000000,EUR,"15,000 EUR",MATCH,0.000000
Spain_423,40000.000000,40000,40000.000000,40000.000000,EUR,40000 EUR,MATCH,0.000000
Spain_424,900.000000,900,1500.000000,1500.000000,EUR,"1,500 EUR",CONFLICT,600.000000
Spain_425,2000000.000000,2000000,2000000.000000,2000000.000000,EUR,2000000 EUR,MATCH,0.000000
Spain_426,170000.000000,170000,170000.000000,170000.000000,EUR,170000 EUR,MATCH,0.000000
Spain_427,900.000000,TYPE:NUMBER 900,900.000000,900.000000,EUR,900 EUR,MATCH,0.000000
Spain_428,2000.000000,2000,2000.000000,2000.000000,EUR,2000 EUR,MATCH,0.000000
Spain_429,0.000000,0,0.000000,0.000000,EUR,0 EUR,MATCH,0.000000
Spain_43,0.000000,TYPE:NUMBER 0,,,,None,HUMAN_MISSING,
Spain_430,0.000000,0,,,,None,HUMAN_MISSING,
Spain_431,2000.000000,2000,3.000000,3.000000,EUR,-3 EUR,CONFLICT,1997.000000
Spain_432,2000.000000,2000,2000.000000,2000.000000,EUR,2000 EUR,MATCH,0.000000
Spain_433,1000.000000,1000,1000.000000,1000.000000,EUR,1000 EUR,MATCH,0.000000
Spain_434,3000.000000,3000,3000.000000,3000.000000,EUR,3000 EUR,MATCH,0.000000
Spain_435,1500.000000,TYPE:NUMBER 1500,1500.000000,1500.000000,EUR,1500 EUR,MATCH,0.000000
Spain_436,50000.000000,50000,50000.000000,50000.000000,EUR,"50,000 EUR",MATCH,0.000000
Spain_437,0.000000,0,,,,None,HUMAN_MISSING,
Spain_438,75000.000000,75000,75000.000000,75000.000000,EUR,"75,000 EUR",MATCH,0.000000
Spain_439,1200.000000,1200,1200.000000,1200.000000,EUR,1200 EUR,MATCH,0.000000
Spain_44,,,,,,n/a,MISSING_BOTH,
Spain_440,9000.000000,9000,9000.000000,9000.000000,EUR,9000 EUR,MATCH,0.000000
Spain_441,70000.000000,70000,70000.000000,70000.000000,EUR,70000 EUR,MATCH,0.000000
Spain_442,50000.000000,TYPE:NUMBER 50000,50000.000000,50000.000000,EUR,50000 EUR,MATCH,0.000000
Spain_443,0.000000,0,,,,None,HUMAN_MISSING,
Spain_444,3000.000000,3000,3000.000000,3000.000000,EUR,3000 EUR,MATCH,0.000000
Spain_445,6000.000000,6000,6000.000000,6000.000000,EUR,"6,000 EUR",MATCH,0.000000
Spain_446,0.000000,0,,,,None,HUMAN_MISSING,
Spain_447,,TYPE:NUMBER,1.000000,1.000000,EUR,1.000 €,AI_MISSING,1.000000
Spain_448,,TYPE:NUMBER,4.000000,4.000000,EUR,4.000 EUR,AI_MISSING,4.000000
Spain_449,30000.000000,30000,30.000000,30.000000,EUR,30.000 EUR,CONFLICT,29970.000000
Spain_45,3000.000000,3000,3000.000000,3000.000000,EUR,3000 EUR,MATCH,0.000000
Spain_450,10000.000000,TYPE:10000,10000.000000,10000.000000,EUR,10000 EUR,MATCH,0.000000
Spain_451,36000.000000,TYPE:NUMBER 36000,36000.000000,36000.000000,EUR,36000 EUR,MATCH,0.000000
Spain_452,2000.000000,2000,2000.000000,2000.000000,EUR,2000 EUR,MATCH,0.000000
Spain_453,36000.000000,36000,36000.000000,36000.000000,EUR,36000,MATCH,0.000000
Spain_454,30000.000000,30000,50000.000000,50000.000000,EUR,50000 EUR,CONFLICT,20000.000000
Spain_455,30000.000000,30000,30000.000000,30000.000000,EUR,"30,000 EUR",MATCH,0.000000
Spain_456,0.000000,TYPE:0,,,,None,HUMAN_MISSING,
Spain_457,0.000000,0,,,,None,HUMAN_MISSING,
Spain_458,100000.000000,TYPE:NUMBER 100000,100000.000000,100000.000000,EUR,"100,000 EUR",MATCH,0.000000
Spain_459,2400.000000,2400,2400.000000,2400.000000,EUR,2400,MATCH,0.000000
Spain_46,0.000000,TYPE:NUMBER 0,,,,n/a,HUMAN_MISSING,
Spain_460,6000.000000,TYPE:NUMBER 6000,6000.000000,6000.000000,EUR,6000 EUR,MATCH,0.000000
Spain_461,6000.000000,6000,10000.000000,10000.000000,EUR,10000 EUR,CONFLICT,4000.000000
Spain_462,300000.000000,300000,300000.000000,300000.000000,EUR,"300,000 EUR",MATCH,0.000000
Spain_463,0.000000,0,,,,None,HUMAN_MISSING,
Spain_464,10000.000000,10000,10000.000000,10000.000000,EUR,10000 EUR,MATCH,0.000000
Spain_465,50000.000000,TYPE:NUMBER 50000,50000.000000,50000.000000,EUR,50000 EUR,MATCH,0.000000
Spain_466,0.000000,0,,,,None,HUMAN_MISSING,
Spain_467,0.000000,0,,,,None,HUMAN_MISSING,
Spain_468,,TYPE:NUMBER,1275000.000000,2500000.000000,BGN,"2,500,000 BGN",AI_MISSING,1275000.000000
Spain_469,0.000000,0,,,,None,HUMAN_MISSING,
Spain_47,5000.000000,5000,3.000000,3.000000,EUR,3.000 EUR,CONFLICT,4997.000000
Spain_470,4800.000000,4800,8000.000000,8000.000000,EUR,8000 EUR,CONFLICT,3200.000000
Spain_471,0.000000,0,,,,None,HUMAN_MISSING,
Spain_472,0.000000,0,,,,None,HUMAN_MISSING,
Spain_473,4000.000000,4000,4000.000000,4000.000000,EUR,"4,000 EUR",MATCH,0.000000
Spain_474,3000.000000,3000,5.000000,5.000000,EUR,5.000 EUR,CONFLICT,2995.000000
Spain_475,,TYPE:NUMBER,,,,n/a,MISSING_BOTH,
Spain_476,0.000000,0,,,,None,HUMAN_MISSING,
Spain_477,,,,,,None,MISSING_BOTH,
Spain_478,0.000000,0,,,,None,HUMAN_MISSING,
Spain_479,30000.000000,30000,30000.000000,30000.000000,EUR,30000 EUR,MATCH,0.000000
Spain_48,0.000000,0,,,,n/a,HUMAN_MISSING,
Spain_480,0.000000,TYPE:NUMBER 0,,,,None,HUMAN_MISSING,
Spain_481,42000.000000,42000,70000.000000,70000.000000,EUR,70000 EUR,CONFLICT,28000.000000
Spain_482,30000.000000,30000,30000.000000,30000.000000,EUR,"30,000 EUR",MATCH,0.000000
Spain_483,42000.000000,TYPE:NUMBER 42000,42000.000000,42000.000000,EUR,42000 EUR,MATCH,0.000000
Spain_484,1500.000000,TYPE:NUMBER 1500,1500.000000,1500.000000,EUR,"1,500 EUR",MATCH,0.000000
Spain_485,0.000000,0,,,,None,HUMAN_MISSING,
Spain_486,120000.000000,120000,120000.000000,120000.000000,EUR,"120,000 EUR",MATCH,0.000000
Spain_487,20000.000000,TYPE:NUMBER 20000,20000.000000,20000.000000,EUR,20000 EUR,MATCH,0.000000
Spain_488,0.000000,TYPE:NUMBER 0,,,,None,HUMAN_MISSING,
Spain_489,,TYPE:NUMBER,2.500000,2.500000,EUR,2.500 €,AI_MISSING,2.500000
Spain_49,24000.000000,24000,24000.000000,24000.000000,EUR,"24,000 EUR",MATCH,0.000000
Spain_490,6000.000000,6000,6000.000000,6000.000000,EUR,6000 EUR,MATCH,0.000000
Spain_491,200000.000000,200000,200000.000000,200000.000000,EUR,200000 EUR,MATCH,0.000000
Spain_492,6000.000000,6000,6500.000000,6500.000000,EUR,"6,500 EUR",CONFLICT,500.000000
Spain_493,0.000000,0,,,,n/a,HUMAN_MISSING,
Spain_494,20000.000000,20000,,,,None,HUMAN_MISSING,
Spain_495,70000.000000,70000,70000.000000,70000.000000,EUR,"70,000 EUR",MATCH,0.000000
Spain_496,0.000000,0,,,,None,HUMAN_MISSING,
Spain_497,3600.000000,3600,6000.000000,6000.000000,EUR,6000 EUR,CONFLICT,2400.000000
Spain_498,0.000000,0,,,,None,HUMAN_MISSING,
Spain_499,0.000000,0,,,,None,HUMAN_MISSING,
Spain_5,0.000000,TYPE:NUMBER 0,,,,None,HUMAN_MISSING,
Spain_50,5000.000000,5000,5000.000000,5000.000000,EUR,"5,000 EUR",MATCH,0.000000
Spain_500,8000.000000,8000,8000.000000,8000.000000,EUR,8000 EUR,MATCH,0.000000
Spain_501,3000.000000,3000,3000.000000,3000.000000,EUR,3000 EUR,MATCH,0.000000
Spain_502,3000.000000,TYPE:NUMBER 3000,3000.000000,3000.000000,EUR,3000 EUR,MATCH,0.000000
Spain_503,25000.000000,25000,25000.000000,25000.000000,EUR,"25,000 EUR",MATCH,0.000000
Spain_504,0.000000,0,,,,None,HUMAN_MISSING,
Spain_505,1500.000000,TYPE:NUMBER 1500,1500.000000,1500.000000,EUR,1500 EUR,MATCH,0.000000
Spain_506,2000.000000,2000,2000.000000,2000.000000,EUR,2000 EUR,MATCH,0.000000
Spain_507,3000.000000,3000,3000.000000,3000.000000,EUR,3000 EUR,MATCH,0.000000
Spain_508,6000.000000,6000,3600.000000,3600.000000,EUR,"3,600 EUR",CONFLICT,2400.000000
Spain_509,20000.000000,20000,20000.000000,20000.000000,EUR,"20,000 EUR",MATCH,0.000000
Spain_51,0.000000,0,,,,n/a,HUMAN_MISSING,
Spain_510,60000.000000,TYPE:NUMBER 60000,100000.000000,100000.000000,EUR,"100,000 EUR",CONFLICT,40000.000000
Spain_511,3000.000000,TYPE:NUMBER 3000,3000.000000,3000.000000,EUR,3000 EUR,MATCH,0.000000
Spain_512,,TYPE:NUMBER,2.500000,2.500000,EUR,2.500 €,AI_MISSING,2.500000
Spain_513,50000.000000,TYPE:NUMBER 50000,50.000000,50.000000,EUR,50.000 EUR,CONFLICT,49950.000000
Spain_514,0.000000,TYPE:NUMBER 0,,,,n/a,HUMAN_MISSING,
Spain_515,0.000000,0,,,,None,HUMAN_MISSING,
Spain_516,3000.000000,3000,3000.000000,3000.000000,EUR,3000 EUR,MATCH,0.000000
Spain_517,1500.000000,TYPE:NUMBER 1500,1500.000000,1500.000000,EUR,1500 EUR,MATCH,0.000000
Spain_518,100000.000000,100000,100.000000,100.000000,EUR,100.000 EUR,CONFLICT,99900.000000
Spain_519,75000.000000,TYPE:NUMBER 75000,75000.000000,75000.000000,EUR,75000 EUR,MATCH,0.000000
Spain_52,0.000000,0,,,,n/a,HUMAN_MISSING,
Spain_520,54000.000000,54000,90000.000000,90000.000000,EUR,90000 EUR,CONFLICT,36000.000000
Spain_521,40000.000000,40000,40.000000,40.000000,EUR,40.000 EUR,CONFLICT,39960.000000
Spain_522,25000.000000,25000,25.000000,25.000000,EUR,25.000 EUR,CONFLICT,24975.000000
Spain_523,48000.000000,TYPE:NUMBER 48000,48000.000000,48000.000000,EUR,"48,000 EUR",MATCH,0.000000
Spain_524,0.000000,0,,,,None,HUMAN_MISSING,
Spain_525,0.000000,0,,,,None,HUMAN_MISSING,
Spain_526,1500.000000,1500,1.500000,1.500000,EUR,1.500 €,CONFLICT,1498.500000
Spain_527,5000.000000,5000,5.000000,5.000000,EUR,5.000 EUR,CONFLICT,4995.000000
Spain_528,,TYPE:NUMBER,1.500000,1.500000,EUR,1.500 €,AI_MISSING,1.500000
Spain_529,0.000000,TYPE:NUMBER 0,,,,None,HUMAN_MISSING,
Spain_53,300.000000,300,300.000000,300.000000,EUR,300 EUR,MATCH,0.000000
Spain_530,60000.000000,60000,60000.000000,60000.000000,EUR,"60,000 EUR",MATCH,0.000000
Spain_531,0.000000,TYPE:0,60.000000,60.000000,EUR,60.000 EUR,CONFLICT,60.000000
Spain_532,,TYPE:NUMBER,,,,n/a n/a,MISSING_BOTH,
Spain_533,120000.000000,120000,120000.000000,120000.000000,EUR,120000 EUR,MATCH,0.000000
Spain_534,24000.000000,24000,24.000000,24.000000,EUR,24.000 EUR,CONFLICT,23976.000000
Spain_535,2000.000000,2000,2000.000000,2000.000000,EUR,2000 EUR,MATCH,0.000000
Spain_536,5000.000000,5000,5.000000,5.000000,EUR,5.000 EUR,CONFLICT,4995.000000
Spain_537,0.000000,TYPE:NUMBER 0,,,,n/a,HUMAN_MISSING,
Spain_538,,,10000.000000,10000.000000,EUR,10000 EUR,AI_MISSING,10000.000000
Spain_539,0.000000,0,,,,n/a,HUMAN_MISSING,
Spain_54,56000.000000,56000,56000.000000,56000.000000,EUR,"56,000 EUR",MATCH,0.000000
Spain_540,0.000000,TYPE:0,,,,n/a,HUMAN_MISSING,
Spain_541,0.000000,TYPE:NUMBER 0,,,,n/a,HUMAN_MISSING,
Spain_542,90000.000000,90000,150000.000000,150000.000000,EUR,150000 EUR,CONFLICT,60000.000000
Spain_543,3000.000000,TYPE:NUMBER 3000,3000.000000,3000.000000,EUR,3000 EUR,MATCH,0.000000
Spain_544,5000.000000,5000,5000.000000,5000.000000,EUR,5000 EUR,MATCH,0.000000
Spain_545,70000.000000,TYPE:NUMBER 70000,70.000000,70.000000,EUR,70.000 EUR,CONFLICT,69930.000000
Spain_546,75000.000000,TYPE:NUMBER 75000,75000.000000,75000.000000,EUR,75000 EUR,MATCH,0.000000
Spain_547,80000.000000,80000,80000.000000,80000.000000,EUR,80000 EUR,MATCH,0.000000
Spain_548,,,0.000000,0.000000,EUR,0,AI_MISSING,0.000000
Spain_549,4000.000000,TYPE:4000,4000.000000,4000.000000,EUR,4000 EUR,MATCH,0.000000
Spain_55,2000.000000,2000,2000.000000,2000.000000,EUR,2000 EUR,MATCH,0.000000
Spain_550,3000.000000,TYPE:NUMBER 3000,3000.000000,3000.000000,EUR,3000 EUR,MATCH,0.000000
Spain_551,3000.000000,TYPE:NUMBER 3000,3000.000000,3000.000000,EUR,3000 EUR,MATCH,0.000000
Spain_552,60000.000000,60000,60000.000000,60000.000000,EUR,60000 EUR,MATCH,0.000000
Spain_553,1500.000000,1500,1500.000000,1500.000000,EUR,1500 EUR,MATCH,0.000000
Spain_554,50000.000000,TYPE:NUMBER 50000,50000.000000,50000.000000,EUR,50000 EUR,MATCH,0.000000
Spain_555,4000.000000,TYPE:NUMBER 4000,4000.000000,4000.000000,EUR,4000,MATCH,0.000000
Spain_556,16000.000000,16000,20000.000000,20000.000000,EUR,20000 EUR,CONFLICT,4000.000000
Spain_557,150000.000000,150000,150000.000000,150000.000000,EUR,"150,000 EUR",MATCH,0.000000
Spain_558,6000000.000000,TYPE:6000000,6000000.000000,6000000.000000,EUR,6000000 EUR,MATCH,0.000000
Spain_559,3000.000000,3000,3000.000000,3000.000000,EUR,3000 EUR,MATCH,0.000000
Spain_56,0.000000,0,,,,n/a,HUMAN_MISSING,
Spain_560,0.000000,TYPE:0,,,,None,HUMAN_MISSING,
Spain_561,3000.000000,TYPE:NUMBER 3000,3000.000000,3000.000000,EUR,"3,000 EUR",MATCH,0.000000
Spain_562,8000.000000,TYPE:NUMBER 8000,8000.000000,8000.000000,EUR,8000 EUR,MATCH,0.000000
Spain_563,60000.000000,60000,100000.000000,100000.000000,EUR,100000 EUR,CONFLICT,40000.000000
Spain_564,8000.000000,8000,8000.000000,8000.000000,EUR,8000 EUR,MATCH,0.000000
Spain_565,6000.000000,TYPE:NUMBER 6000,6000.000000,6000.000000,EUR,6000 EUR,MATCH,0.000000
Spain_566,75000.000000,75000,75000.000000,75000.000000,EUR,"75,000 EUR",MATCH,0.000000
Spain_567,3000000.000000,TYPE:NUMBER 3000000,3000000.000000,3000000.000000,EUR,3000000 EUR,MATCH,0.000000
Spain_568,56000.000000,56000,56000.000000,56000.000000,EUR,"56,000 EUR",MATCH,0.000000
Spain_569,12000.000000,TYPE:NUMBER 12000,12000.000000,12000.000000,EUR,12000 EUR,MATCH,0.000000
Spain_57,200000.000000,200000,5000.000000,5000.000000,EUR,"5,000 EUR",CONFLICT,195000.000000
Spain_570,2000.000000,2000,2000.000000,2000.000000,EUR,2000 EUR,MATCH,0.000000
Spain_571,0.000000,0,0.000000,0.000000,EUR,0 EUR,MATCH,0.000000
Spain_572,0.000000,0,75.000000,75.000000,EUR,75.000 EUR,CONFLICT,75.000000
Spain_573,0.000000,0,,,,n/a,HUMAN_MISSING,
Spain_574,1800.000000,TYPE:NUMBER 1800,1800.000000,1800.000000,EUR,1800 EUR,MATCH,0.000000
Spain_575,55000.000000,55000,55000.000000,55000.000000,EUR,55000,MATCH,0.000000
Spain_576,480.000000,TYPE:NUMBER 480,,,,n/a,HUMAN_MISSING,
Spain_577,80000.000000,80000,100000.000000,100000.000000,EUR,100000 EUR,CONFLICT,20000.000000
Spain_578,0.000000,0,,,,n/a,HUMAN_MISSING,
Spain_579,70000.000000,TYPE:70000,70000.000000,70000.000000,EUR,"70,000 EUR",MATCH,0.000000
Spain_58,5000.000000,5000,5000.000000,5000.000000,EUR,5000 EUR,MATCH,0.000000
Spain_580,0.000000,TYPE:NUMBER 0,,,,n/a,HUMAN_MISSING,
Spain_581,10000.000000,10000,10000.000000,10000.000000,EUR,"10,000 EUR",MATCH,0.000000
Spain_582,1200.000000,1200,,,,n/a,HUMAN_MISSING,
Spain_583,70000.000000,70000,70000.000000,70000.000000,EUR,"70,000 EUR",MATCH,0.000000
Spain_584,0.000000,0,2000.000000,2000.000000,EUR,"2,000 EUR",CONFLICT,2000.000000
Spain_585,,TYPE:NUMBER,,,,n/a,MISSING_BOTH,
Spain_586,,TYPE:NUMBER,,,,n/a,MISSING_BOTH,
Spain_587,0.000000,0,,,,None,HUMAN_MISSING,
Spain_588,0.000000,TYPE:NUMBER 0,,,,None,HUMAN_MISSING,
Spain_589,0.000000,TYPE:NUMBER 0,,,,None,HUMAN_MISSING,
Spain_59,80000.000000,80000,80000.000000,80000.000000,EUR,"80,000 EUR",MATCH,0.000000
Spain_590,0.000000,0,,,,None,HUMAN_MISSING,
Spain_591,0.000000,TYPE:NUMBER 0,,,,None,HUMAN_MISSING,
Spain_592,0.000000,0,,,,None,HUMAN_MISSING,
Spain_593,0.000000,0,,,,None,HUMAN_MISSING,
Spain_594,0.000000,TYPE:NUMBER 0,,,,None,HUMAN_MISSING,
Spain_595,0.000000,0,,,,n/a,HUMAN_MISSING,
Spain_596,0.000000,0,,,,None,HUMAN_MISSING,
Spain_597,0.000000,0,,,,None,HUMAN_MISSING,
Spain_598,0.000000,0,,,,None,HUMAN_MISSING,
Spain_599,0.000000,TYPE:NUMBER 0,,,,None,HUMAN_MISSING,
Spain_6,0.000000,0,,,,None,HUMAN_MISSING,
Spain_60,10000.000000,TYPE:NUMBER 10000,10.000000,10.000000,EUR,10.000 EUR,CONFLICT,9990.000000
Spain_600,0.000000,0,,,,None,HUMAN_MISSING,
Spain_601,0.000000,TYPE:0,,,,None,HUMAN_MISSING,
Spain_602,0.000000,0,,,,None,HUMAN_MISSING,
Spain_603,0.000000,0,,,,None,HUMAN_MISSING,
Spain_604,0.000000,0,,,,None,HUMAN_MISSING,
Spain_605,0.000000,0,,,,None,HUMAN_MISSING,
Spain_606,0.000000,0,,,,None,HUMAN_MISSING,
Spain_607,0.000000,0,,,,None,HUMAN_MISSING,
Spain_608,,,,,,None,MISSING_BOTH,
Spain_609,,,,,,None,MISSING_BOTH,
Spain_61,10000.000000,TYPE:NUMBER 10000,10000.000000,10000.000000,EUR,"10,000 EUR",MATCH,0.000000
Spain_610,0.000000,TYPE:NUMBER 0,,,,None,HUMAN_MISSING,
Spain_611,0.000000,0,,,,n/a,HUMAN_MISSING,
Spain_612,0.000000,0,,,,None,HUMAN_MISSING,
Spain_613,0.000000,TYPE:NUMBER 0,,,,n/a,HUMAN_MISSING,
Spain_614,0.000000,0,,,,None,HUMAN_MISSING,
Spain_615,0.000000,0,,,,n/a,HUMAN_MISSING,
Spain_616,600.000000,600,600.000000,600.000000,EUR,600 EUR,MATCH,0.000000
Spain_617,0.000000,0,,,,n/a,HUMAN_MISSING,
Spain_618,,TYPE:NUMBER,,,,n/a,MISSING_BOTH,
Spain_619,0.000000,0,,,,None,HUMAN_MISSING,
Spain_62,70000.000000,70000,70000.000000,70000.000000,EUR,"70,000 EUR",MATCH,0.000000
Spain_620,0.000000,0,,,,None,HUMAN_MISSING,
Spain_621,0.000000,0,,,,n/a,HUMAN_MISSING,
Spain_622,,,20.000000,20.000000,EUR,20.000 EUR,AI_MISSING,20.000000
Spain_623,,TYPE:NUMBER,31000.000000,31000.000000,EUR,"31,000 EUR",AI_MISSING,31000.000000
Spain_624,0.000000,0,,,,None,HUMAN_MISSING,
Spain_625,0.000000,0,,,,None,HUMAN_MISSING,
Spain_626,3000.000000,3000,3000.000000,3000.000000,EUR,3000,MATCH,0.000000
Spain_627,0.000000,0,,,,n/a,HUMAN_MISSING,
Spain_628,0.000000,0,,,,n/a,HUMAN_MISSING,
Spain_629,0.000000,0,,,,n/a,HUMAN_MISSING,
Spain_63,10000.000000,10000,10000.000000,10000.000000,EUR,10000 EUR,MATCH,0.000000
Spain_630,0.000000,0,,,,n/a,HUMAN_MISSING,
Spain_631,0.000000,TYPE:0,,,,n/a,HUMAN_MISSING,
Spain_64,70000.000000,70000,70000.000000,70000.000000,EUR,"70,000",MATCH,0.000000
Spain_65,48000.000000,TYPE:NUMBER 48000,80000.000000,80000.000000,EUR,"80,000 EUR",CONFLICT,32000.000000
Spain_66,0.000000,TYPE:NUMBER 0,,,,n/a,HUMAN_MISSING,
Spain_67,17000.000000,17000,17000.000000,17000.000000,EUR,"17,000 EUR",MATCH,0.000000
Spain_68,24000.000000,24000,24.000000,24.000000,EUR,24.000 EUR,CONFLICT,23976.000000
Spain_69,60000.000000,60000,60000.000000,60000.000000,EUR,"60,000 EUR",MATCH,0.000000
Spain_7,0.000000,0,,,,None,HUMAN_MISSING,
Spain_70,0.000000,0,,,,n/a,HUMAN_MISSING,
Spain_71,0.000000,0,31200.000000,31200.000000,EUR,31200,CONFLICT,31200.000000
Spain_72,0.000000,TYPE:NUMBER 0,,,,n/a,HUMAN_MISSING,
Spain_73,0.000000,0,3000.000000,3000.000000,EUR,3000 EUR,CONFLICT,3000.000000
Spain_74,48000.000000,48000,64.000000,64.000000,EUR,64.000 EUR,CONFLICT,47936.000000
Spain_75,48000.000000,48000,80.000000,80.000000,EUR,80.000 EUR,CONFLICT,47920.000000
Spain_76,16000.000000,16000,20.000000,20.000000,EUR,20.000 EUR,CONFLICT,15980.000000
Spain_77,0.000000,0,,,,n/a,HUMAN_MISSING,
Spain_78,600000.000000,600000,600000.000000,600000.000000,EUR,"600,000 EUR",MATCH,0.000000
Spain_79,,,,,,n/a,MISSING_BOTH,
Spain_8,0.000000,0,,,,None,HUMAN_MISSING,
Spain_80,14000.000000,14000,14000.000000,14000.000000,EUR,"14,000 EUR",MATCH,0.000000
Spain_81,0.000000,0,,,,n/a,HUMAN_MISSING,
Spain_82,70000.000000,70000,70000.000000,70000.000000,EUR,"70,000 EUR",MATCH,0.000000
Spain_83,0.000000,0,,,,n/a,HUMAN_MISSING,
Spain_84,0.000000,TYPE:NUMBER 0,,,,n/a,HUMAN_MISSING,
Spain_85,1000.000000,1000,1000.000000,1000.000000,EUR,1000 EUR,MATCH,0.000000
Spain_86,1200.000000,1200,1200.000000,1200.000000,EUR,1200 EUR,MATCH,0.000000
Spain_87,0.000000,0,,,,n/a,HUMAN_MISSING,
Spain_88,30000.000000,30000,,,,n/a,HUMAN_MISSING,
Spain_89,15000.000000,15000,15000.000000,15000.000000,EUR,"15,000 EUR",MATCH,0.000000
Spain_9,0.000000,TYPE:NUMBER 0,,,,None,HUMAN_MISSING,
Spain_90,300000.000000,300000,,,,n/a,HUMAN_MISSING,
Spain_91,5000.000000,5000,5.000000,5.000000,EUR,5.000 EUR,CONFLICT,4995.000000
Spain_92,0.000000,0,,,,n/a,HUMAN_MISSING,
Spain_93,24000.000000,24000,24000.000000,24000.000000,EUR,"24,000 EUR",MATCH,0.000000
Spain_94,0.000000,0,,,,n/a,HUMAN_MISSING,
Spain_95,0.000000,0,,,,n/a,HUMAN_MISSING,
Spain_96,0.000000,0,,,,n/a,HUMAN_MISSING,
Spain_97,365000.000000,365000,360000.000000,360000.000000,EUR,"360,000 EUR",CONFLICT,5000.000000
Spain_98,0.000000,0,,,,n/a,HUMAN_MISSING,
Spain_99,0.000000,0,,,,n/a,HUMAN_MISSING,
Sweden_1,75000000.000000,75000000,6525000.000000,75000000.000000,SEK,75000000 SEK,CONFLICT,68475000.000000
Sweden_10,120000.000000,120000,10440.000000,120000.000000,SEK,120000 SEK,CONFLICT,109560.000000
Sweden_11,300000.000000,TYPE:NUMBER 300000,26100.000000,300000.000000,SEK,300000 SEK,CONFLICT,273900.000000
Sweden_12,0.000000,0,,,,n/a,HUMAN_MISSING,
Sweden_13,0.000000,"TYPE:NUMBER,0",,,,n/a,HUMAN_MISSING,
Sweden_14,200000.000000,200000,17400.000000,200000.000000,SEK,"200,000 SEK",CONFLICT,182600.000000
Sweden_15,0.000000,0,,,,n/a,HUMAN_MISSING,
Sweden_16,0.000000,0,,,,n/a,HUMAN_MISSING,
Sweden_17,,,1392000.000000,16000000.000000,SEK,16000000 SEK,AI_MISSING,1392000.000000
Sweden_18,350000.000000,350000,30450.000000,350000.000000,SEK,350000 SEK,CONFLICT,319550.000000
Sweden_19,,,1044000.000000,12000000.000000,SEK,12000000 SEK,AI_MISSING,1044000.000000
Sweden_2,4000000.000000,4000000,348000.000000,4000000.000000,SEK,4000000 SEK,CONFLICT,3652000.000000
Sweden_20,7500000.000000,7500000,652500.000000,7500000.000000,SEK,7500000 SEK,CONFLICT,6847500.000000
Sweden_21,0.000000,TYPE:NUMBER:0,,,,n/a,HUMAN_MISSING,
Sweden_22,58000000.000000,58000000,5046000.000000,58000000.000000,SEK,58000000 SEK,CONFLICT,52954000.000000
Sweden_23,300000.000000,300000,26100.000000,300000.000000,SEK,300000 SEK,CONFLICT,273900.000000
Sweden_24,13000000.000000,13000000,1131000.000000,13000000.000000,SEK,13000000 SEK,CONFLICT,11869000.000000
Sweden_25,,,,,,None,MISSING_BOTH,
Sweden_26,0.000000,0,,,,None,HUMAN_MISSING,
Sweden_27,0.000000,0,,,,None,HUMAN_MISSING,
Sweden_28,,,,,,n/a,MISSING_BOTH,
Sweden_29,0.000000,TYPE:NUMBER 0,,,,n/a,HUMAN_MISSING,
Sweden_3,3500000.000000,3500000,304500.000000,3500000.000000,SEK,3500000 SEK,CONFLICT,3195500.000000
Sweden_30,0.000000,0,,,,n/a,HUMAN_MISSING,
Sweden_31,0.000000,0,,,,None,HUMAN_MISSING,
Sweden_32,0.000000,TYPE:0,,,,n/a,HUMAN_MISSING,
Sweden_33,0.000000,0,,,,n/a,HUMAN_MISSING,
Sweden_34,0.000000,0,,,,n/a,HUMAN_MISSING,
Sweden_35,12000000.000000,12000000,1044000.000000,12000000.000000,SEK,"12,000,000 SEK",CONFLICT,10956000.000000
Sweden_36,300000.000000,300000,26100.000000,300000.000000,SEK,300000 SEK,CONFLICT,273900.000000
Sweden_37,35000000.000000,35000000,3045000.000000,35000000.000000,SEK,"35,000,000 SEK",CONFLICT,31955000.000000
Sweden_38,0.000000,0,,,,n/a,HUMAN_MISSING,
Sweden_39,500000.000000,500000,43500.000000,500000.000000,SEK,"500,000 SEK",CONFLICT,456500.000000
Sweden_4,2500000.000000,2500000,217500.000000,2500000.000000,SEK,2500000 SEK,CONFLICT,2282500.000000
Sweden_40,0.000000,TYPE:NUMBER 0,,,,n/a,HUMAN_MISSING,
Sweden_41,0.000000,0,,,,n/a,HUMAN_MISSING,
Sweden_42,15000000.000000,TYPE:NUMBER:15000000,1305000.000000,15000000.000000,SEK,15000000 SEK,CONFLICT,13695000.000000
Sweden_43,1600000.000000,TYPE:1600000,139200.000000,1600000.000000,SEK,"1,600,000 SEK",CONFLICT,1460800.000000
Sweden_44,0.000000,TYPE:NUMBER 0,,,,n/a,HUMAN_MISSING,
Sweden_45,,TYPE:NUMBER,,,,n/a,MISSING_BOTH,
Sweden_46,,TYPE:NUMBER,,,,n/a,MISSING_BOTH,
Sweden_47,0.000000,0,,,,n/a,HUMAN_MISSING,
Sweden_48,0.000000,0,,,,n/a,HUMAN_MISSING,
Sweden_49,200000.000000,TYPE:200000,17400.000000,200000.000000,SEK,200000 SEK,CONFLICT,182600.000000
Sweden_5,15000000.000000,TYPE:15000000,1305000.000000,15000000.000000,SEK,15000000 SEK,CONFLICT,13695000.000000
Sweden_50,0.000000,TYPE:0,,,,n/a,HUMAN_MISSING,
Sweden_51,0.000000,TYPE:0,,,,n/a,HUMAN_MISSING,
Sweden_52,0.000000,0,,,,n/a,HUMAN_MISSING,
Sweden_53,37000000.000000,TYPE:37000000,3219000.000000,37000000.000000,SEK,37000000 SEK,CONFLICT,33781000.000000
Sweden_54,0.000000,TYPE:NUMBER 0,,,,n/a,HUMAN_MISSING,
Sweden_55,,,,,,n/a,MISSING_BOTH,
Sweden_56,,,26100.000000,300000.000000,SEK,"300,000 SEK",AI_MISSING,26100.000000
Sweden_57,0.000000,0,,,,n/a,HUMAN_MISSING,
Sweden_6,0.000000,TYPE:0,,,,None,HUMAN_MISSING,
Sweden_7,4000000.000000,4000000,348000.000000,4000000.000000,SEK,4000000 SEK,CONFLICT,3652000.000000
Sweden_8,,,17400.000000,200000.000000,SEK,200000 SEK,AI_MISSING,17400.000000
Sweden_9,550000.000000,550000,47850.000000,550000.000000,SEK,550000 SEK,CONFLICT,502150.000000
United Kingdom_1,,,23400000.000000,20000000.000000,GBP,20000000 GBP,AI_MISSING,23400000.000000
United Kingdom_10,,TYPE:NUMBER,,,,None,MISSING_BOTH,
United Kingdom_11,,,,,,None,MISSING_BOTH,
United Kingdom_12,,,,,,None,MISSING_BOTH,
United Kingdom_13,,,,,,None,MISSING_BOTH,
United Kingdom_14,,,,,,None,MISSING_BOTH,
United Kingdom_15,,,292500.000000,250000.000000,GBP,250000 GBP,AI_MISSING,292500.000000
United Kingdom_16,18400000.000000,18400000,21528000.000000,18400000.000000,GBP,18400000 GBP,CONFLICT,3128000.000000
United Kingdom_17,1250000.000000,1250000,1462500.000000,1250000.000000,GBP,1250000 GBP,CONFLICT,212500.000000
United Kingdom_18,2310000.000000,2310000,2702.700000,2310.000000,GBP,2.310.000 GBP,CONFLICT,2307297.300000
United Kingdom_19,90000.000000,90000,105300.000000,90000.000000,GBP,90000 GBP,CONFLICT,15300.000000
United Kingdom_2,,,,,,None,MISSING_BOTH,
United Kingdom_20,0.000000,0,,,,n/a,HUMAN_MISSING,
United Kingdom_21,18000.000000,18000,21060.000000,18000.000000,GBP,18000 GBP,CONFLICT,3060.000000
United Kingdom_22,200000.000000,TYPE:NUMBER 200000,234000.000000,200000.000000,GBP,200000 GBP,CONFLICT,34000.000000
United Kingdom_23,500000.000000,500000,585000.000000,500000.000000,GBP,500000 GBP,CONFLICT,85000.000000
United Kingdom_24,0.000000,0,,,,n/a,HUMAN_MISSING,
United Kingdom_25,0.000000,0,,,,n/a,HUMAN_MISSING,
United Kingdom_26,0.000000,0,198900.000000,170000.000000,GBP,170000 GBP,CONFLICT,198900.000000
United Kingdom_27,150000.000000,TYPE:150000,175500.000000,150000.000000,GBP,"150,000 GBP",CONFLICT,25500.000000
United Kingdom_28,60000.000000,60000,70200.000000,60000.000000,GBP,60000 GBP,CONFLICT,10200.000000
United Kingdom_29,130000.000000,130000,130000.000000,130000.000000,EUR,"130,000 EUR",MATCH,0.000000
United Kingdom_3,,,,,,None,MISSING_BOTH,
United Kingdom_30,0.000000,TYPE:NUMBER 0,,,,None,HUMAN_MISSING,
United Kingdom_31,0.000000,TYPE:NUMBER 0,,,,n/a,HUMAN_MISSING,
United Kingdom_32,0.000000,0,,,,n/a,HUMAN_MISSING,
United Kingdom_33,0.000000,TYPE:0,,,,None,HUMAN_MISSING,
United Kingdom_34,10000.000000,10000,11700.000000,10000.000000,GBP,10000 GBP,CONFLICT,1700.000000
United Kingdom_35,0.000000,0,,,,n/a,HUMAN_MISSING,
United Kingdom_36,,NOT_DISCUSSED,9.360000,8.000000,GBP,8.000 GBP,AI_MISSING,9.360000
United Kingdom_37,0.000000,0,,,,n/a,HUMAN_MISSING,
United Kingdom_38,,,5148000.000000,4400000.000000,GBP,"4,400,000 GBP",AI_MISSING,5148000.000000
United Kingdom_39,0.000000,0,,,,n/a,HUMAN_MISSING,
United Kingdom_4,,,,,,None,MISSING_BOTH,
United Kingdom_40,145000.000000,145000,169650.000000,145000.000000,GBP,145000 GBP,CONFLICT,24650.000000
United Kingdom_41,25000.000000,25000,29250.000000,25000.000000,GBP,25000 GBP,CONFLICT,4250.000000
United Kingdom_42,,,409500.000000,350000.000000,GBP,"350,000 GBP",AI_MISSING,409500.000000
United Kingdom_43,0.000000,TYPE:NUMBER 0,,,,n/a,HUMAN_MISSING,
United Kingdom_44,1350000.000000,1350000,1579500.000000,1350000.000000,GBP,"1,350,000 GBP",CONFLICT,229500.000000
United Kingdom_45,0.000000,0,,,,n/a,HUMAN_MISSING,
United Kingdom_46,0.000000,TYPE:NUMBER 0,,,,n/a,HUMAN_MISSING,
United Kingdom_47,50000.000000,TYPE:50000,58500.000000,50000.000000,GBP,"50,000 GBP",CONFLICT,8500.000000
United Kingdom_48,0.000000,0,,,,n/a,HUMAN_MISSING,
United Kingdom_49,0.000000,0,,,,n/a,HUMAN_MISSING,
United Kingdom_5,,,,,,n/a,MISSING_BOTH,
United Kingdom_50,0.000000,0,,,,n/a,HUMAN_MISSING,
United Kingdom_51,20000.000000,TYPE:20000,23400.000000,20000.000000,GBP,"20,000 GBP",CONFLICT,3400.000000
United Kingdom_52,75000.000000,"TYPE:NUMBER,75000",87750.000000,75000.000000,GBP,"75,000 GBP",CONFLICT,12750.000000
United Kingdom_53,,TYPE:NUMBER,175500.000000,150000.000000,GBP,"150,000 GBP",AI_MISSING,175500.000000
United Kingdom_54,0.000000,0,117000.000000,100000.000000,GBP,"100,000 GBP",CONFLICT,117000.000000
United Kingdom_55,0.000000,0,,,,n/a,HUMAN_MISSING,
United Kingdom_56,85000.000000,TYPE:NUMBER 85000,99450.000000,85000.000000,GBP,"85,000 GBP",CONFLICT,14450.000000
United Kingdom_57,7500.000000,7500,8775.000000,7500.000000,GBP,"7,500 GBP",CONFLICT,1275.000000
United Kingdom_58,,,,,,None,MISSING_BOTH,
United Kingdom_59,50000.000000,50000,58500.000000,50000.000000,GBP,"50,000 GBP",CONFLICT,8500.000000
United Kingdom_6,,,,,,None,MISSING_BOTH,
United Kingdom_60,98000.000000,98000,114660.000000,98000.000000,GBP,"98,000 GBP",CONFLICT,16660.000000
United Kingdom_61,,TYPE:NUMBER,42120.000000,36000.000000,GBP,36000 GBP,AI_MISSING,42120.000000
United Kingdom_62,200000.000000,200000,234000.000000,200000.000000,GBP,"200,000 GBP",CONFLICT,34000.000000
United Kingdom_63,,NOT_DISCUSSED,170000.000000,170000.000000,EUR,170000 EUR,AI_MISSING,170000.000000
United Kingdom_7,,TYPE:NUMBER,,,,None,MISSING_BOTH,
United Kingdom_8,,,,,,None,MISSING_BOTH,
United Kingdom_9,,,,,,None,MISSING_BOTH,
